/*
Navicat MySQL Data Transfer

Source Server         : localhost
Source Server Version : 50624
Source Host           : localhost:3306
Source Database       : shopping

Target Server Type    : MYSQL
Target Server Version : 50624
File Encoding         : 65001

Date: 2016-04-07 22:06:36
说明：包含演示数据的数据库sql脚本
*/

SET FOREIGN_KEY_CHECKS=0;

-- ----------------------------
-- Table structure for wemall_accessory
-- ----------------------------
DROP TABLE IF EXISTS `wemall_accessory`;
CREATE TABLE `wemall_accessory` (
  `id` bigint(20) NOT NULL AUTO_INCREMENT,
  `addTime` datetime DEFAULT NULL,
  `deleteStatus` bit(1) NOT NULL,
  `ext` varchar(255) DEFAULT NULL,
  `height` int(11) NOT NULL,
  `info` varchar(255) DEFAULT NULL,
  `name` varchar(255) DEFAULT NULL,
  `path` varchar(255) DEFAULT NULL,
  `size` float NOT NULL,
  `width` int(11) NOT NULL,
  `album_id` bigint(20) DEFAULT NULL,
  `user_id` bigint(20) DEFAULT NULL,
  `config_id` bigint(20) DEFAULT NULL,
  PRIMARY KEY (`id`),
  KEY `FK9BF2D721537B6C51` (`user_id`),
  KEY `FK9BF2D7218603E3C3` (`album_id`),
  KEY `FK9BF2D721707C8F90` (`config_id`),
  CONSTRAINT `FK9BF2D721537B6C51` FOREIGN KEY (`user_id`) REFERENCES `wemall_user` (`id`),
  CONSTRAINT `FK9BF2D721707C8F90` FOREIGN KEY (`config_id`) REFERENCES `wemall_sysconfig` (`id`),
  CONSTRAINT `FK9BF2D7218603E3C3` FOREIGN KEY (`album_id`) REFERENCES `wemall_album` (`id`)
) ENGINE=InnoDB AUTO_INCREMENT=426498 DEFAULT CHARSET=utf8;

-- ----------------------------
-- Records of wemall_accessory
-- ----------------------------
INSERT INTO `wemall_accessory` VALUES ('1', null, '\0', 'jpg', '300', null, 'good.jpg', 'resources/style/common/images', '30236', '430', null, null, null);
INSERT INTO `wemall_accessory` VALUES ('2', null, '\0', null, '0', null, 'member.jpg', 'resources/style/common/images', '0', '0', null, null, null);
INSERT INTO `wemall_accessory` VALUES ('3', null, '\0', null, '0', null, 'store.jpg', 'resources/style/common/images', '0', '0', null, null, null);
INSERT INTO `wemall_accessory` VALUES ('4', '2016-04-02 18:29:19', '\0', 'jpg', '490', null, '4a8f8680-66ba-4276-8507-3c838a229558.jpg', 'upload/advert', '173737', '1200', null, null, null);
INSERT INTO `wemall_accessory` VALUES ('5', '2013-12-23 21:10:04', '\0', 'jpg', '133', null, 'a4c98822-aab4-42ba-af94-ab653ffba7ba.jpg', 'upload/advert', '27954', '107', null, null, null);
INSERT INTO `wemall_accessory` VALUES ('6', '2013-12-23 21:10:44', '\0', 'jpg', '96', null, '0e706092-9910-4522-9613-6331e170933e.jpg', 'upload/advert', '42649', '960', null, null, null);
INSERT INTO `wemall_accessory` VALUES ('7', '2013-12-23 21:11:06', '\0', 'jpg', '210', null, 'd7425957-e056-413c-bec1-afff1c81a79a.jpg', 'upload/advert', '43086', '210', null, null, null);
INSERT INTO `wemall_accessory` VALUES ('8', '2013-12-23 21:11:20', '\0', 'jpg', '96', null, '4d5fd7d9-b672-45b2-94cb-1e9f1e5d5d25.jpg', 'upload/advert', '42649', '960', null, null, null);
INSERT INTO `wemall_accessory` VALUES ('9', '2013-12-23 21:14:09', '\0', 'jpg', '249', null, '492d7eaa-0a72-4f4f-b3e7-2d46d3378d23.jpg', 'upload/advert', '89553', '729', null, null, null);
INSERT INTO `wemall_accessory` VALUES ('10', '2016-04-02 18:34:15', '\0', 'jpg', '490', null, 'e76dc3a6-b8fa-4395-8906-e13d8ab43198.jpg', 'upload/advert', '173737', '1200', null, null, null);
INSERT INTO `wemall_accessory` VALUES ('11', '2016-04-02 18:34:30', '\0', 'jpg', '490', null, '404791b4-23bb-497e-9582-582d1f98bd0d.jpg', 'upload/advert', '194674', '1200', null, null, null);
INSERT INTO `wemall_accessory` VALUES ('12', '2016-04-02 18:30:43', '\0', 'jpg', '490', null, 'c3511da7-6cb7-42c9-ae16-213c20b04d0d.jpg', 'upload/advert', '135844', '1200', null, null, null);
INSERT INTO `wemall_accessory` VALUES ('13', '2016-04-02 18:31:05', '\0', 'jpg', '490', null, '7233d29a-2ee4-4ecd-ade3-3a64146e344c.jpg', 'upload/advert', '143227', '1200', null, null, null);
INSERT INTO `wemall_accessory` VALUES ('14', '2016-04-02 18:35:01', '\0', 'jpg', '490', null, 'cc561a28-6272-4775-96aa-4fdf74e843f8.jpg', 'upload/advert', '118595', '1200', null, null, null);
INSERT INTO `wemall_accessory` VALUES ('15', '2013-12-23 21:17:51', '\0', 'jpg', '280', null, 'f51b6258-fbea-4811-8aaf-581b5f4c7ae7.jpg', 'upload/advert', '129387', '740', null, null, null);
INSERT INTO `wemall_accessory` VALUES ('16', '2013-12-23 21:18:01', '\0', 'jpg', '249', null, 'a84b012a-ccb0-4dd4-9e1e-e6d9778a9548.jpg', 'upload/advert', '117321', '729', null, null, null);
INSERT INTO `wemall_accessory` VALUES ('17', '2013-12-23 21:18:14', '\0', 'jpg', '280', null, '743763fe-6762-471b-b875-b7f63e29485a.jpg', 'upload/advert', '212430', '740', null, null, null);
INSERT INTO `wemall_accessory` VALUES ('18', '2013-12-23 21:18:26', '\0', 'jpg', '249', null, '21069651-a11f-482b-b17c-e124beb663ef.jpg', 'upload/advert', '89553', '729', null, null, null);
INSERT INTO `wemall_accessory` VALUES ('19', '2013-12-23 21:19:01', '\0', 'jpg', '133', null, '6849abf4-4dc1-4f68-85b8-28cf4023219c.jpg', 'upload/advert', '27898', '107', null, null, null);
INSERT INTO `wemall_accessory` VALUES ('20', '2013-12-23 21:19:16', '\0', 'jpg', '133', null, '3f77f2b5-2dee-436a-a87b-24c021594015.jpg', 'upload/advert', '30221', '107', null, null, null);
INSERT INTO `wemall_accessory` VALUES ('21', '2013-12-23 21:19:33', '\0', 'jpg', '133', null, '54da8cb3-eb3d-4738-8cc1-1caae3d91d85.jpg', 'upload/advert', '27310', '107', null, null, null);
INSERT INTO `wemall_accessory` VALUES ('22', '2013-12-23 21:19:51', '\0', 'jpg', '133', null, 'c75ac72a-4a2b-428c-bed4-5907a183197e.jpg', 'upload/advert', '27059', '107', null, null, null);
INSERT INTO `wemall_accessory` VALUES ('23', '2013-12-23 21:20:49', '\0', 'jpg', '133', null, 'df179898-3ab8-4292-ad1a-e9a73a1342bf.jpg', 'upload/advert', '29776', '107', null, null, null);
INSERT INTO `wemall_accessory` VALUES ('32768', '2013-12-24 09:41:36', '\0', 'jpg', '16', null, '150ea9d4-fea4-4115-b640-ca6f37eed8c3.jpg', 'upload/spec', '692', '16', null, null, null);
INSERT INTO `wemall_accessory` VALUES ('32769', '2013-12-24 09:43:19', '\0', 'jpg', '16', null, '80ab0b28-1347-496b-a477-2b971b1182a0.jpg', 'upload/spec', '692', '16', null, null, null);
INSERT INTO `wemall_accessory` VALUES ('32770', '2013-12-24 09:43:19', '\0', 'jpg', '16', null, '0f6ca520-33d5-4653-b863-5db6d57189e0.jpg', 'upload/spec', '695', '16', null, null, null);
INSERT INTO `wemall_accessory` VALUES ('32771', '2013-12-24 09:43:19', '\0', 'jpg', '16', null, '972ffcce-3737-45e2-be64-3ab811c20b6f.jpg', 'upload/spec', '695', '16', null, null, null);
INSERT INTO `wemall_accessory` VALUES ('32772', '2013-12-24 09:43:19', '\0', 'jpg', '16', null, '515cd81d-6bd6-414e-ac01-54645a994ca5.jpg', 'upload/spec', '695', '16', null, null, null);
INSERT INTO `wemall_accessory` VALUES ('32773', '2013-12-24 09:43:19', '\0', 'jpg', '16', null, '05b5d41c-2808-4cfe-9153-32117d2f4ff7.jpg', 'upload/spec', '695', '16', null, null, null);
INSERT INTO `wemall_accessory` VALUES ('32774', '2013-12-24 09:43:19', '\0', 'jpg', '16', null, 'f582b11e-0422-4852-85d2-6a5b1247a971.jpg', 'upload/spec', '815', '16', null, null, null);
INSERT INTO `wemall_accessory` VALUES ('32775', '2013-12-24 09:50:45', '\0', 'jpg', '45', null, 'd3bb39fa-bc75-4ab4-b22e-a9bd1f1b5699.jpg', 'upload/brand', '2544', '90', null, null, null);
INSERT INTO `wemall_accessory` VALUES ('32776', '2013-12-24 09:51:42', '\0', 'jpg', '45', null, '1d661523-9320-4e5d-9b92-50eaafa4bd7e.jpg', 'upload/brand', '3358', '90', null, null, null);
INSERT INTO `wemall_accessory` VALUES ('32777', '2013-12-24 09:51:57', '\0', 'jpg', '45', null, 'efde8ef1-e6e8-437c-b3ad-c49de684d3bc.jpg', 'upload/brand', '1817', '90', null, null, null);
INSERT INTO `wemall_accessory` VALUES ('32778', '2013-12-24 09:59:10', '\0', 'jpg', '45', null, '350d05d9-0f6a-4ad7-bdb0-edfd50ba58ca.jpg', 'upload/brand', '4298', '90', null, null, null);
INSERT INTO `wemall_accessory` VALUES ('32779', '2013-12-24 10:02:21', '\0', 'jpg', '45', null, '29e5c0ee-9abe-47ae-8a1e-fbafff421471.jpg', 'upload/brand', '2821', '90', null, null, null);
INSERT INTO `wemall_accessory` VALUES ('32780', '2013-12-24 10:02:45', '\0', 'jpg', '45', null, '08733b5a-124a-4691-94ca-f4ff51c95375.jpg', 'upload/brand', '1736', '90', null, null, null);
INSERT INTO `wemall_accessory` VALUES ('32781', '2013-12-24 10:03:16', '\0', 'jpg', '45', null, 'a7da11fb-7d22-42e3-978a-69b833803219.jpg', 'upload/brand', '636', '90', null, null, null);
INSERT INTO `wemall_accessory` VALUES ('32782', '2013-12-24 10:04:10', '\0', 'jpg', '45', null, '257b0bbc-d07c-4d49-bcf0-5393a34d1299.jpg', 'upload/brand', '2930', '90', null, null, null);
INSERT INTO `wemall_accessory` VALUES ('32783', '2013-12-24 10:07:10', '\0', 'jpg', '45', null, '0ffed031-864a-4e89-b7dc-05853ddfd599.jpg', 'upload/brand', '2812', '90', null, null, null);
INSERT INTO `wemall_accessory` VALUES ('32784', '2013-12-24 10:07:30', '\0', 'jpg', '45', null, 'adb5dacd-def9-4b4e-a670-63265ee9129e.jpg', 'upload/brand', '2000', '90', null, null, null);
INSERT INTO `wemall_accessory` VALUES ('32785', '2013-12-24 10:09:05', '\0', 'jpg', '45', null, '057ae5aa-4b79-4c99-9974-fc80ac1e4889.jpg', 'upload/brand', '929', '90', null, null, null);
INSERT INTO `wemall_accessory` VALUES ('32786', '2013-12-24 10:09:36', '\0', 'jpg', '45', null, '60098b9f-b7d4-406d-95ee-8904d6b95ff5.jpg', 'upload/brand', '2649', '90', null, null, null);
INSERT INTO `wemall_accessory` VALUES ('32787', '2013-12-24 10:10:22', '\0', 'jpg', '45', null, 'b805bc9e-f799-4499-a934-a91ec15efd25.jpg', 'upload/brand', '3158', '90', null, null, null);
INSERT INTO `wemall_accessory` VALUES ('32788', '2013-12-24 10:15:17', '\0', 'jpg', '33', null, '2df181a9-df2f-429d-96f2-d3f9e81dfd5d.jpg', 'upload/brand', '15745', '93', null, null, null);
INSERT INTO `wemall_accessory` VALUES ('229376', '2016-04-04 13:37:33', '\0', 'jpg', '508', null, 'c5ddc21a-cdcf-4947-a16f-9a9096c56337.jpg', 'upload/activity', '80093', '1900', null, null, null);
INSERT INTO `wemall_accessory` VALUES ('262144', '2014-02-25 14:56:45', '\0', 'jpg', '156', null, 'fe5b32ed-8ff0-43c1-8535-943fec1a3428.jpg', 'upload/advert', '56095', '156', null, null, null);
INSERT INTO `wemall_accessory` VALUES ('262145', '2014-02-25 14:57:46', '\0', 'jpg', '156', null, '6c8f5b22-a745-4144-bfe0-13eb3e54a5cb.jpg', 'upload/advert', '56095', '156', null, null, null);
INSERT INTO `wemall_accessory` VALUES ('294912', '2014-02-25 15:04:41', '\0', 'jpg', '156', null, '15824fef-0bb2-49ec-9dfe-ecfde59add7f.jpg', 'upload/advert', '39206', '156', null, null, null);
INSERT INTO `wemall_accessory` VALUES ('294913', '2014-02-25 15:05:10', '\0', 'jpg', '156', null, 'bad6731e-e167-4e6f-a5f4-ea1876b37572.jpg', 'upload/advert', '39206', '156', null, null, null);
INSERT INTO `wemall_accessory` VALUES ('294914', '2014-02-25 15:05:42', '\0', 'jpg', '156', null, 'be8dc85b-72fc-4257-a09e-fb12f90372cb.jpg', 'upload/advert', '58981', '156', null, null, null);
INSERT INTO `wemall_accessory` VALUES ('327682', '2014-02-25 16:09:59', '\0', 'jpg', '205', null, '7d2b1285-ab87-490c-85b1-98d68f4234f9.jpg', 'upload/advert', '71907', '205', null, null, null);
INSERT INTO `wemall_accessory` VALUES ('360448', '2014-02-25 18:01:00', '\0', 'jpg', '205', null, 'c7c252b8-3cd1-40f3-8b18-a3e047866bbd.jpg', 'upload/advert', '71907', '205', null, null, null);
INSERT INTO `wemall_accessory` VALUES ('360449', '2014-02-25 18:05:14', '\0', 'jpg', '205', null, 'ce5eec37-56ce-4c98-b2e6-1098642edc08.jpg', 'upload/advert', '71907', '205', null, null, null);
INSERT INTO `wemall_accessory` VALUES ('360450', '2014-02-25 18:09:54', '\0', 'jpg', '205', null, '07fcbca9-5b13-4f33-90a0-05b9b9a5e65e.jpg', 'upload/advert', '71907', '205', null, null, null);
INSERT INTO `wemall_accessory` VALUES ('393216', '2014-02-26 11:51:24', '\0', 'jpg', '600', null, '6cce21dd-3dc3-42b9-a0e3-73f17de367af.jpg', 'upload/group', '188631', '600', null, null, null);
INSERT INTO `wemall_accessory` VALUES ('425984', '2014-02-26 17:16:25', '\0', 'jpg', '600', null, '8cf57386-fe3e-4c53-bc57-d25872cf3a9b.jpg', 'upload/group', '146332', '600', null, null, null);
INSERT INTO `wemall_accessory` VALUES ('425985', '2014-02-26 17:17:20', '\0', 'jpg', '600', null, 'f2992c37-fd16-4c66-947f-e4c5ce72153e.jpg', 'upload/group', '173672', '600', null, null, null);
INSERT INTO `wemall_accessory` VALUES ('425986', '2014-02-26 17:18:13', '\0', 'jpg', '600', null, '176ff210-d85b-4764-98a9-cc20550aa543.jpg', 'upload/group', '191080', '600', null, null, null);
INSERT INTO `wemall_accessory` VALUES ('425987', '2014-02-26 17:19:14', '\0', 'jpg', '600', null, '1e52fa44-cb27-415c-b17f-f8dc9ed32ed8.jpg', 'upload/group', '149109', '600', null, null, null);
INSERT INTO `wemall_accessory` VALUES ('425992', '2015-02-28 09:43:00', '\0', 'jpg', '600', null, 'f552f412-8dda-44da-a745-c4b0bfb470df.jpg', 'upload/integral_goods', '118174', '600', null, null, null);
INSERT INTO `wemall_accessory` VALUES ('425993', '2014-09-23 16:42:45', '\0', 'jpg', '0', null, 'fe3c2f12-9251-4827-81c5-0df90a380e3f.jpg', 'upload/coupon', '0', '0', null, null, null);
INSERT INTO `wemall_accessory` VALUES ('425994', '2014-09-23 19:54:23', '\0', 'jpg', '0', null, '25d56c67-b9a1-4436-a8dd-fa123e58e4ed.jpg', 'upload/coupon', '0', '0', null, null, null);
INSERT INTO `wemall_accessory` VALUES ('425995', '2014-09-24 10:39:08', '\0', 'jpg', '0', null, '35f8c1d5-f38b-4b6d-9897-58a5f665543e.jpg', 'upload/coupon', '0', '0', null, null, null);
INSERT INTO `wemall_accessory` VALUES ('426000', '2014-09-25 13:56:09', '\0', 'jpg', '618', null, 'd10b3307-8687-4898-a152-0677799a8e58.jpg', 'upload/store/32769/2014/09/25', '0', '487', '2', '32769', null);
INSERT INTO `wemall_accessory` VALUES ('426001', '2014-09-25 13:56:11', '\0', 'jpg', '603', null, '647e3b79-4817-49b1-b831-48d48791fadd.jpg', 'upload/store/32769/2014/09/25', '0', '551', '2', '32769', null);
INSERT INTO `wemall_accessory` VALUES ('426002', '2014-09-25 13:56:12', '\0', 'jpg', '593', null, '66049433-8a3c-4ee6-9a38-7a0f4a5159ce.jpg', 'upload/store/32769/2014/09/25', '0', '462', '2', '32769', null);
INSERT INTO `wemall_accessory` VALUES ('426003', '2014-09-25 13:56:13', '\0', 'jpg', '597', null, 'fe9f1746-e6ac-4d9e-9dad-ca51da63c0f5.jpg', 'upload/store/32769/2014/09/25', '0', '454', '2', '32769', null);
INSERT INTO `wemall_accessory` VALUES ('426004', '2014-09-25 14:14:52', '\0', 'jpg', '610', null, 'b66c68a1-ca78-4031-bf08-a18789ebb136.jpg', 'upload/store/32769/2014/09/25', '0', '445', '2', '32769', null);
INSERT INTO `wemall_accessory` VALUES ('426005', '2014-09-25 15:30:27', '\0', 'jpg', '600', null, 'ee665e1f-d179-47a3-99a5-f439ce7bbf2a.jpg', 'upload/group', '173426', '600', null, null, null);
INSERT INTO `wemall_accessory` VALUES ('426006', '2014-09-25 19:22:43', '\0', 'jpg', '102', null, 'd41c1e29-a3e3-4a3e-9b94-4f845ee1c4d8.jpg', 'upload/advert', '141386', '1002', null, null, null);
INSERT INTO `wemall_accessory` VALUES ('426007', '2014-10-09 14:58:18', '\0', 'jpg', '264', null, 'f46d14db-e21c-4297-8262-4a4652ec53dd.jpg', 'upload/advert', '88846', '580', null, null, null);
INSERT INTO `wemall_accessory` VALUES ('426008', '2014-10-09 14:58:45', '\0', 'jpg', '264', null, '0550f692-3886-4b4b-a98e-a51281d4acd1.jpg', 'upload/advert', '80097', '580', null, null, null);
INSERT INTO `wemall_accessory` VALUES ('426009', '2014-10-09 14:59:12', '\0', 'jpg', '264', null, 'cb3cc3d1-ae3d-4772-8cb1-19e792c7bcc7.jpg', 'upload/advert', '158374', '580', null, null, null);
INSERT INTO `wemall_accessory` VALUES ('426010', '2014-10-09 15:17:15', '\0', 'jpg', '130', null, 'f8203edf-e6f7-4947-8fa2-a30f6775165e.jpg', 'upload/advert', '48590', '180', null, null, null);
INSERT INTO `wemall_accessory` VALUES ('426014', '2014-10-10 10:07:55', '\0', 'jpg', '402', null, '71f52513-5452-4457-a4d6-69b332c1a8af.jpg', 'upload/spare_goods', '77204', '636', null, null, null);
INSERT INTO `wemall_accessory` VALUES ('426016', '2014-10-10 10:07:56', '\0', 'jpg', '480', null, 'd5a668c6-b7d1-43a3-a416-08a1a03f9152.jpg', 'upload/spare_goods', '58315', '667', null, null, null);
INSERT INTO `wemall_accessory` VALUES ('426017', '2014-10-10 10:08:26', '\0', 'jpg', '381', null, 'e8f02b7d-4cea-4b66-8409-ce067d2a7895.jpg', 'upload/spare_goods', '63998', '634', null, null, null);
INSERT INTO `wemall_accessory` VALUES ('426018', '2014-10-10 10:43:32', '\0', 'jpg', '719', null, '59bddbe4-3ac0-47aa-8fd2-ffbbae912cc9.jpg', 'upload/spare_goods', '114288', '598', null, null, null);
INSERT INTO `wemall_accessory` VALUES ('426019', '2014-10-10 10:57:53', '\0', 'jpg', '361', null, '7b4760d8-45e4-4802-abdb-48a8a04cab1a.jpg', 'upload/spare_goods', '58293', '640', null, null, null);
INSERT INTO `wemall_accessory` VALUES ('426020', '2014-10-10 11:01:03', '\0', 'jpg', '444', null, 'c6bc031c-7198-4df2-92ae-92f9874741f3.jpg', 'upload/spare_goods', '60457', '614', null, null, null);
INSERT INTO `wemall_accessory` VALUES ('426021', '2014-10-10 11:01:03', '\0', 'jpg', '445', null, '786387a7-789d-4f6a-a14a-3afa25f89f98.jpg', 'upload/spare_goods', '65602', '611', null, null, null);
INSERT INTO `wemall_accessory` VALUES ('426022', '2014-10-14 11:11:22', '\0', 'jpg', '250', null, '1e7ae7d9-f1f2-4bd3-b69b-8bc1ee0e410f.jpg', 'upload/advert', '60970', '200', null, null, null);
INSERT INTO `wemall_accessory` VALUES ('426023', '2014-10-14 12:17:37', '\0', 'jpg', '728', null, '485d97a7-a80f-492b-a727-44da8d6f5812.jpg', 'upload/spare_goods', '130954', '543', null, null, null);
INSERT INTO `wemall_accessory` VALUES ('426024', '2014-10-14 12:17:39', '\0', 'jpg', '728', null, 'dee0c786-bb8d-43c3-bf90-39da93977d52.jpg', 'upload/spare_goods', '124818', '543', null, null, null);
INSERT INTO `wemall_accessory` VALUES ('426025', '2014-10-14 12:17:39', '\0', 'jpg', '728', null, 'bb01aeea-39c2-4360-9f00-b52c53e3cf5f.jpg', 'upload/spare_goods', '122312', '543', null, null, null);
INSERT INTO `wemall_accessory` VALUES ('426026', '2014-10-14 12:17:40', '\0', 'jpg', '728', null, 'c459ad87-e918-477b-bcc6-ea4ab874138d.jpg', 'upload/spare_goods', '125874', '543', null, null, null);
INSERT INTO `wemall_accessory` VALUES ('426027', '2014-10-14 12:30:24', '\0', 'jpg', '250', null, 'bf28c893-474a-4255-8bcd-1f785a61dbc2.jpg', 'upload/advert', '58683', '200', null, null, null);
INSERT INTO `wemall_accessory` VALUES ('426028', '2014-10-14 16:40:40', '\0', 'jpg', '546', null, '505fcc8f-90eb-4043-8056-31c07b77a9f6.jpg', 'upload/spare_goods', '29257', '728', null, null, null);
INSERT INTO `wemall_accessory` VALUES ('426029', '2014-10-14 16:40:41', '\0', 'jpg', '546', null, '42baa1fa-5b85-4e27-9e73-1d602621c17a.jpg', 'upload/spare_goods', '41891', '728', null, null, null);
INSERT INTO `wemall_accessory` VALUES ('426030', '2014-10-14 16:40:42', '\0', 'jpg', '546', null, '0f29a9bf-dabe-4041-a5e2-3719297edbb6.jpg', 'upload/spare_goods', '31641', '728', null, null, null);
INSERT INTO `wemall_accessory` VALUES ('426031', '2014-10-14 16:40:42', '\0', 'jpg', '546', null, 'df42449c-9225-4c3d-adc4-4d2595a65de2.jpg', 'upload/spare_goods', '26663', '728', null, null, null);
INSERT INTO `wemall_accessory` VALUES ('426032', '2014-10-14 16:43:08', '\0', 'jpg', '368', null, 'a550db2b-9f31-45d2-949a-94259543433e.jpg', 'upload/spare_goods', '102133', '653', null, null, null);
INSERT INTO `wemall_accessory` VALUES ('426033', '2014-10-14 16:43:08', '\0', 'jpg', '368', null, 'e209f065-398a-4871-b592-7bfca9051c32.jpg', 'upload/spare_goods', '97678', '653', null, null, null);
INSERT INTO `wemall_accessory` VALUES ('426034', '2014-10-14 16:43:09', '\0', 'jpg', '368', null, '9a8d3897-1170-4a88-8c57-f4af6b39f116.jpg', 'upload/spare_goods', '101752', '653', null, null, null);
INSERT INTO `wemall_accessory` VALUES ('426035', '2014-10-14 16:43:09', '\0', 'jpg', '368', null, 'bdafdb4f-74ad-479c-ab5c-6445c5fe7c51.jpg', 'upload/spare_goods', '60201', '653', null, null, null);
INSERT INTO `wemall_accessory` VALUES ('426036', '2014-10-14 16:53:52', '\0', 'jpg', '546', null, '36bc6e9d-7c50-4da0-96f5-ada77316ea99.jpg', 'upload/spare_goods', '54502', '728', null, null, null);
INSERT INTO `wemall_accessory` VALUES ('426037', '2014-10-14 16:55:28', '\0', 'jpg', '430', null, '0f400b92-50e1-4794-9d5a-e0f0ff5de6a0.jpg', 'upload/spare_goods', '496555', '651', null, null, null);
INSERT INTO `wemall_accessory` VALUES ('426038', '2014-10-14 17:00:19', '\0', 'jpg', '728', null, 'd22bd545-2e61-4cfd-a2fb-4d7f89e2f21a.jpg', 'upload/spare_goods', '141240', '728', null, null, null);
INSERT INTO `wemall_accessory` VALUES ('426039', '2014-10-14 17:02:47', '\0', 'jpg', '321', null, '325d1dc7-40e0-4ed4-8236-66bc12a7525c.jpg', 'upload/spare_goods', '63887', '263', null, null, null);
INSERT INTO `wemall_accessory` VALUES ('426040', '2014-10-14 17:11:43', '\0', 'jpg', '310', null, '30c5cd5c-56c6-4227-b15b-ce6a0f98b227.jpg', 'upload/spare_goods', '18393', '310', null, null, null);
INSERT INTO `wemall_accessory` VALUES ('426041', '2014-10-14 17:13:11', '\0', 'jpg', '546', null, 'bb31f1fe-5bea-42de-9a6e-729f40fdcc99.jpg', 'upload/spare_goods', '57731', '728', null, null, null);
INSERT INTO `wemall_accessory` VALUES ('426042', '2014-10-14 17:13:11', '\0', 'jpg', '546', null, '7e80ddcf-5670-4bf8-a34c-8307c74b9df7.jpg', 'upload/spare_goods', '44255', '728', null, null, null);
INSERT INTO `wemall_accessory` VALUES ('426043', '2014-10-14 17:16:07', '\0', 'jpg', '728', null, 'f4cd958b-37b3-43ef-bbb2-351cf95c6301.jpg', 'upload/spare_goods', '63889', '546', null, null, null);
INSERT INTO `wemall_accessory` VALUES ('426044', '2014-10-14 17:16:07', '\0', 'jpg', '728', null, '2d3e54c6-048b-4b04-b9d1-00d7bc726251.jpg', 'upload/spare_goods', '60002', '546', null, null, null);
INSERT INTO `wemall_accessory` VALUES ('426045', '2014-10-14 17:16:08', '\0', 'jpg', '728', null, '6c3a662c-c098-40df-86c8-8f6ff660b43e.jpg', 'upload/spare_goods', '66946', '546', null, null, null);
INSERT INTO `wemall_accessory` VALUES ('426046', '2014-10-14 17:20:08', '\0', 'jpg', '728', null, '37c4c573-6cc3-456e-a1a6-0c8e9e5d869f.jpg', 'upload/spare_goods', '114335', '546', null, null, null);
INSERT INTO `wemall_accessory` VALUES ('426047', '2014-10-14 17:20:08', '\0', 'jpg', '728', null, 'c2bdbe41-d969-4fd0-854a-1805144830d1.jpg', 'upload/spare_goods', '114335', '546', null, null, null);
INSERT INTO `wemall_accessory` VALUES ('426048', '2014-10-14 17:20:08', '\0', 'jpg', '728', null, 'd369c6a0-1cfc-45e6-a2b3-0d92848fd4e6.jpg', 'upload/spare_goods', '104489', '546', null, null, null);
INSERT INTO `wemall_accessory` VALUES ('426049', '2014-10-14 17:23:10', '\0', 'jpg', '298', null, 'f2d770a3-d5d6-41e8-a6da-d31a37860ec5.jpg', 'upload/spare_goods', '12584', '208', null, null, null);
INSERT INTO `wemall_accessory` VALUES ('426050', '2014-10-14 17:25:05', '\0', 'jpg', '728', null, 'e1e65b7e-9910-4ea8-a0db-f9025165602a.jpg', 'upload/spare_goods', '65524', '546', null, null, null);
INSERT INTO `wemall_accessory` VALUES ('426051', '2014-10-14 17:25:05', '\0', 'jpg', '546', null, '7a9639f7-96ce-46e6-b3a1-d78024388863.jpg', 'upload/spare_goods', '50043', '728', null, null, null);
INSERT INTO `wemall_accessory` VALUES ('426052', '2014-10-14 17:25:06', '\0', 'jpg', '728', null, '710804f3-6941-48c9-bab2-520aeeb5a6a4.jpg', 'upload/spare_goods', '43502', '546', null, null, null);
INSERT INTO `wemall_accessory` VALUES ('426053', '2014-10-14 17:26:44', '\0', 'jpg', '728', null, '8667e34e-d9a6-4b8b-adc7-b32799cd11db.jpg', 'upload/spare_goods', '103073', '701', null, null, null);
INSERT INTO `wemall_accessory` VALUES ('426054', '2014-10-14 17:28:22', '\0', 'jpg', '300', null, '708e4f57-af88-4070-a054-143f7f09c217.jpg', 'upload/spare_goods', '75915', '265', null, null, null);
INSERT INTO `wemall_accessory` VALUES ('426055', '2014-10-14 17:30:23', '\0', 'jpg', '728', null, '960dcbd0-8744-4665-8eee-21fe84a5e30e.jpg', 'upload/spare_goods', '41800', '543', null, null, null);
INSERT INTO `wemall_accessory` VALUES ('426056', '2014-10-14 17:30:23', '\0', 'jpg', '728', null, 'b3f2ec3e-b638-4a5b-ae1c-d6c16d95303b.jpg', 'upload/spare_goods', '62223', '543', null, null, null);
INSERT INTO `wemall_accessory` VALUES ('426057', '2014-10-14 17:30:24', '\0', 'jpg', '543', null, 'a1a3860c-e3cf-4050-9ea2-91c7eabbe5bf.jpg', 'upload/spare_goods', '51239', '728', null, null, null);
INSERT INTO `wemall_accessory` VALUES ('426058', '2014-10-14 17:32:15', '\0', 'jpg', '546', null, 'b6df984d-6562-4a62-9a98-5c2e8324e082.jpg', 'upload/spare_goods', '46420', '728', null, null, null);
INSERT INTO `wemall_accessory` VALUES ('426059', '2014-10-14 17:32:15', '\0', 'jpg', '728', null, '2bac6584-aeb9-4d6d-a1e8-bc191146a853.jpg', 'upload/spare_goods', '54142', '546', null, null, null);
INSERT INTO `wemall_accessory` VALUES ('426060', '2014-10-14 17:32:15', '\0', 'jpg', '546', null, 'e0812b5e-4f01-4d98-b3f9-ff08c64f8927.jpg', 'upload/spare_goods', '38376', '728', null, null, null);
INSERT INTO `wemall_accessory` VALUES ('426061', '2014-11-14 11:32:09', '\0', 'jpg', '430', null, 'b871f7a5-9e02-4d60-a40d-07465d31b3a2.jpg', 'upload/weixin_qr', '30236', '430', null, null, null);
INSERT INTO `wemall_accessory` VALUES ('426062', '2015-01-18 16:23:38', '\0', 'jpg', '0', null, '239a7304-838e-4887-84c1-b893343eb121.jpg', 'upload', '13400', '159', null, null, null);
INSERT INTO `wemall_accessory` VALUES ('426063', '2015-01-18 16:41:49', '\0', 'jpg', '430', null, 'df580a0d-8cea-43e1-9162-2464defd4774.jpg', 'upload/system', '30236', '430', null, null, null);
INSERT INTO `wemall_accessory` VALUES ('426064', '2015-02-08 18:08:37', '\0', 'jpg', '266', null, '2ba5fdb2-08d7-4a49-ac4f-b95864543887.jpg', 'upload/advert', '71959', '200', null, null, null);
INSERT INTO `wemall_accessory` VALUES ('426065', '2015-02-08 18:12:28', '\0', 'jpg', '266', null, '669bf986-26dd-4626-bb5c-b323aebb109b.jpg', 'upload/advert', '51009', '200', null, null, null);
INSERT INTO `wemall_accessory` VALUES ('426066', '2016-04-06 12:37:23', '\0', 'jpg', '135', null, '24191b8d-68a0-4f67-b496-a9109c426965.jpg', 'upload/advert', '34933', '288', null, null, null);
INSERT INTO `wemall_accessory` VALUES ('426067', '2015-02-17 11:44:04', '\0', 'jpg', '131', null, 'f64c43d0-fbd1-4daf-81e4-7841310500b4.jpg', 'upload/advert', '14108', '259', null, null, null);
INSERT INTO `wemall_accessory` VALUES ('426068', '2015-02-17 11:44:32', '\0', 'jpg', '131', null, '6eb5e3a5-8137-42ae-af5e-0e01f89d8c14.jpg', 'upload/advert', '13976', '259', null, null, null);
INSERT INTO `wemall_accessory` VALUES ('426069', '2015-02-17 11:50:52', '\0', 'jpg', '131', null, '83e67ae1-096d-4b6e-a9af-442efd31f045.jpg', 'upload/advert', '12048', '259', null, null, null);
INSERT INTO `wemall_accessory` VALUES ('426070', '2015-02-17 11:51:15', '\0', 'jpg', '131', null, 'de7f25b9-f562-454c-a3e4-9bd580f072f7.jpg', 'upload/advert', '11389', '259', null, null, null);
INSERT INTO `wemall_accessory` VALUES ('426071', '2015-02-17 11:51:55', '\0', 'jpg', '131', null, '4a49836f-6d32-475e-9c0b-4159c9d1f198.jpg', 'upload/advert', '11069', '259', null, null, null);
INSERT INTO `wemall_accessory` VALUES ('426072', '2015-02-17 11:52:13', '\0', 'jpg', '131', null, 'a58cad3f-64f6-40f3-9a15-d7d13472b818.jpg', 'upload/advert', '10753', '259', null, null, null);
INSERT INTO `wemall_accessory` VALUES ('426073', '2015-02-26 09:29:57', '\0', 'jpg', '342', null, '08c96139-9757-4b20-adc6-819e3e406868.jpg', 'upload/advert', '14325', '200', null, null, null);
INSERT INTO `wemall_accessory` VALUES ('426074', '2015-02-26 10:02:58', '\0', 'jpg', '130', null, 'f068b18e-ff4b-4120-ad5d-621f7d77a7bb.jpg', 'upload/advert', '27219', '180', null, null, null);
INSERT INTO `wemall_accessory` VALUES ('426075', '2015-02-26 10:07:50', '\0', 'jpg', '130', null, '1c8131d2-6d94-423b-95e1-bd7fe95660ce.jpg', 'upload/advert', '39121', '180', null, null, null);
INSERT INTO `wemall_accessory` VALUES ('426076', '2015-02-26 10:12:38', '\0', 'jpg', '300', null, '0b6dba7d-eb49-4723-89cf-bc8359176712.jpg', 'upload/advert', '109553', '220', null, null, null);
INSERT INTO `wemall_accessory` VALUES ('426077', '2015-02-28 09:53:52', '\0', 'jpg', '248', null, '022a57de-dbc6-49eb-a972-23cf529d61b8.jpg', 'upload/advert', '52487', '197', null, null, null);
INSERT INTO `wemall_accessory` VALUES ('426078', '2015-02-28 10:01:27', '\0', 'jpg', '280', null, 'febb6d44-5206-444f-9346-14185618affe.jpg', 'upload/advert', '66797', '262', null, null, null);
INSERT INTO `wemall_accessory` VALUES ('426079', '2015-02-28 10:04:41', '\0', 'jpg', '600', null, 'b31e351c-59f2-4e04-ab0d-aed404c88755.jpg', 'upload/integral_goods', '96789', '600', null, null, null);
INSERT INTO `wemall_accessory` VALUES ('426080', '2015-02-28 10:05:34', '\0', 'jpg', '600', null, '289452b2-f4e5-46e4-94c7-9f36605cfdd3.jpg', 'upload/integral_goods', '109941', '600', null, null, null);
INSERT INTO `wemall_accessory` VALUES ('426081', '2015-02-28 10:06:59', '\0', 'jpg', '600', null, 'c680900c-bfab-435e-8c5e-e8a5cce84549.jpg', 'upload/integral_goods', '94147', '600', null, null, null);
INSERT INTO `wemall_accessory` VALUES ('426082', '2015-02-28 10:07:24', '\0', 'jpg', '600', null, 'f5b85570-c544-44ac-8159-7e1851de7311.jpg', 'upload/integral_goods', '160017', '600', null, null, null);
INSERT INTO `wemall_accessory` VALUES ('426083', '2015-02-28 10:08:02', '\0', 'jpg', '600', null, '7f1e3be9-3ed6-428e-9d34-8aec6cfe89f1.jpg', 'upload/integral_goods', '65755', '600', null, null, null);
INSERT INTO `wemall_accessory` VALUES ('426084', '2015-02-28 10:08:43', '\0', 'jpg', '662', null, '24e8d84a-66b5-4e0f-b6ef-93fdb983fd9e.jpg', 'upload/integral_goods', '99463', '662', null, null, null);
INSERT INTO `wemall_accessory` VALUES ('426085', '2015-02-28 10:12:57', '\0', 'jpg', '600', null, '7ed183bd-1d1a-4adc-83b8-6478418529ef.jpg', 'upload/integral_goods', '160889', '600', null, null, null);
INSERT INTO `wemall_accessory` VALUES ('426086', '2015-02-28 10:15:37', '\0', 'jpg', '600', null, 'ff34530c-7f25-4658-aa51-93f1f349f62f.jpg', 'upload/integral_goods', '188802', '600', null, null, null);
INSERT INTO `wemall_accessory` VALUES ('426087', '2015-02-28 10:16:12', '\0', 'jpg', '600', null, 'e9e9fed2-0e4c-488b-87ba-cb35dedda8c7.jpg', 'upload/integral_goods', '256520', '600', null, null, null);
INSERT INTO `wemall_accessory` VALUES ('426088', '2015-02-28 10:21:44', '\0', 'jpg', '600', null, 'ac1a63f4-1668-467c-8c8c-f6b93276446d.jpg', 'upload/integral_goods', '140456', '600', null, null, null);
INSERT INTO `wemall_accessory` VALUES ('426089', '2015-02-28 10:22:25', '\0', 'jpg', '600', null, '63c40d0b-8ad4-4768-b844-c99e07727768.jpg', 'upload/integral_goods', '126407', '600', null, null, null);
INSERT INTO `wemall_accessory` VALUES ('426090', '2015-02-28 10:28:36', '\0', 'jpg', '713', null, '62a80799-9edb-49cc-9a15-5778e8d6280c.jpg', 'upload/integral_goods', '102808', '713', null, null, null);
INSERT INTO `wemall_accessory` VALUES ('426091', '2015-02-28 10:29:16', '\0', 'jpg', '600', null, 'd2fdf240-ce7a-4c09-b79a-b61d81c8e960.jpg', 'upload/integral_goods', '153089', '600', null, null, null);
INSERT INTO `wemall_accessory` VALUES ('426092', '2015-02-28 10:30:01', '\0', 'jpg', '600', null, 'f8cf2b21-06f9-433b-affe-e8541c77d519.jpg', 'upload/integral_goods', '193247', '600', null, null, null);
INSERT INTO `wemall_accessory` VALUES ('426093', '2015-02-28 10:31:06', '\0', 'jpg', '600', null, '0f775908-597e-4635-aaf4-d454bf188a68.jpg', 'upload/integral_goods', '160378', '600', null, null, null);
INSERT INTO `wemall_accessory` VALUES ('426094', '2015-02-28 10:31:45', '\0', 'jpg', '740', null, '606a0abf-e59f-4e96-87e9-6e79557d822b.jpg', 'upload/integral_goods', '206232', '740', null, null, null);
INSERT INTO `wemall_accessory` VALUES ('426095', '2015-02-28 10:32:20', '\0', 'jpg', '600', null, '5baf44ba-b967-44fa-959d-eff01242058d.jpg', 'upload/integral_goods', '139024', '600', null, null, null);
INSERT INTO `wemall_accessory` VALUES ('426096', '2015-02-28 10:32:43', '\0', 'jpg', '600', null, '69712c21-9ca3-43b9-87d6-09747eab65ea.jpg', 'upload/integral_goods', '138583', '600', null, null, null);
INSERT INTO `wemall_accessory` VALUES ('426097', '2015-02-28 10:35:40', '\0', 'jpg', '600', null, '059cc0ce-3172-425d-9d84-991748c00188.jpg', 'upload/integral_goods', '190037', '600', null, null, null);
INSERT INTO `wemall_accessory` VALUES ('426098', '2015-02-28 10:36:40', '\0', 'jpg', '600', null, '48f47b4c-f438-42d8-be17-3aed211d6d8b.jpg', 'upload/integral_goods', '262214', '600', null, null, null);
INSERT INTO `wemall_accessory` VALUES ('426099', '2015-02-28 10:45:23', '\0', 'jpg', '600', null, '09d55b23-d66a-4258-bb00-d6ae29e0599f.jpg', 'upload/group', '280821', '600', null, null, null);
INSERT INTO `wemall_accessory` VALUES ('426100', '2015-02-28 10:46:41', '\0', 'jpg', '600', null, 'c6d4e558-2985-4af7-9880-2eae4060a0d6.jpg', 'upload/group', '212620', '600', null, null, null);
INSERT INTO `wemall_accessory` VALUES ('426101', '2015-02-28 10:48:00', '\0', 'jpg', '600', null, 'f8a9b5a3-21c9-4a45-bde4-37fcff03178e.jpg', 'upload/group', '165920', '600', null, null, null);
INSERT INTO `wemall_accessory` VALUES ('426102', '2015-02-28 10:58:03', '\0', 'jpg', '600', null, 'ad05f0d8-fa25-45c2-b9a8-0d84945d12d3.jpg', 'upload/group', '153955', '600', null, null, null);
INSERT INTO `wemall_accessory` VALUES ('426103', '2015-02-28 10:59:22', '\0', 'jpg', '600', null, '214c2884-e05c-4063-aa0e-bb2b8d49706e.jpg', 'upload/group', '175490', '600', null, null, null);
INSERT INTO `wemall_accessory` VALUES ('426104', '2015-02-28 11:00:22', '\0', 'jpg', '600', null, 'a3d9a16a-306d-4db3-aa8b-5dc188d76ff6.jpg', 'upload/group', '179306', '600', null, null, null);
INSERT INTO `wemall_accessory` VALUES ('426105', '2015-02-28 11:01:57', '\0', 'jpg', '730', null, '6e63d8d6-1330-4615-bbe8-907727752ff2.jpg', 'upload/group', '267944', '730', null, null, null);
INSERT INTO `wemall_accessory` VALUES ('426106', '2015-02-28 16:13:05', '\0', '.jpg', '132', null, '32778_big.jpg', 'upload/avatar', '0', '132', null, null, null);
INSERT INTO `wemall_accessory` VALUES ('426112', '2016-03-09 14:58:39', '\0', 'jpg', '401', null, '5e861c91-95fa-434a-84bd-addb3ae2fa87.jpg', 'upload/store/1/2016/03/09', '0', '396', '1', '32768', null);
INSERT INTO `wemall_accessory` VALUES ('426113', '2016-03-09 14:58:55', '\0', 'jpg', '284', null, '357c406d-7cc5-42ab-80ea-a54c9d936f06.jpg', 'upload/store/1/2016/03/09', '0', '402', '1', '32768', null);
INSERT INTO `wemall_accessory` VALUES ('426114', '2016-03-09 14:59:19', '\0', 'jpg', '387', null, '083f4b11-803a-4640-8eb5-0d00e1fbc574.jpg', 'upload/store/1/2016/03/09', '0', '417', '1', '32768', null);
INSERT INTO `wemall_accessory` VALUES ('426115', '2016-03-09 14:59:32', '\0', 'jpg', '284', null, 'da9d58ec-a569-435b-b5ea-381568410d70.jpg', 'upload/store/1/2016/03/09', '0', '402', '1', '32768', null);
INSERT INTO `wemall_accessory` VALUES ('426116', '2016-03-09 15:00:19', '\0', 'jpg', '310', null, '1ce520f1-993e-43fb-8559-18c4b66109b8.jpg', 'upload/store/1/2016/03/09', '0', '307', '1', '32768', null);
INSERT INTO `wemall_accessory` VALUES ('426117', '2016-03-09 15:00:43', '\0', 'jpg', '228', null, '587dfbdb-9bdd-4778-b6fb-4956ad2b367b.jpg', 'upload/store/1/2016/03/09', '0', '333', '1', '32768', null);
INSERT INTO `wemall_accessory` VALUES ('426118', '2016-03-09 15:25:22', '\0', 'jpg', '300', null, 'b5e2c24c-a437-4347-8c43-31d5fb2bfbba.jpg', 'upload/store/1/2016/03/09', '0', '300', '1', '32768', null);
INSERT INTO `wemall_accessory` VALUES ('426119', '2016-03-09 15:26:35', '\0', 'jpg', '800', null, 'ee1b5c5b-c5b2-4df2-b643-4f25d4917211.jpg', 'upload/store/1/2016/03/09', '0', '800', '1', '32768', null);
INSERT INTO `wemall_accessory` VALUES ('426120', '2016-03-09 15:27:24', '\0', 'jpg', '169', null, '38ad6fee-ac6c-4907-816c-8604affe107d.jpg', 'upload/store/1/2016/03/09', '0', '310', '1', '32768', null);
INSERT INTO `wemall_accessory` VALUES ('426121', '2016-03-09 15:27:51', '\0', 'png', '220', null, '18c93855-1401-4dea-b092-476efbd32945.png', 'upload/store/1/2016/03/09', '0', '308', '1', '32768', null);
INSERT INTO `wemall_accessory` VALUES ('426122', '2016-03-09 15:29:46', '\0', 'jpg', '750', null, '281cf76f-6ff9-4eb8-b7c1-351c64f30b32.jpg', 'upload/store/1/2016/03/09', '0', '750', '1', '32768', null);
INSERT INTO `wemall_accessory` VALUES ('426123', '2016-03-09 15:33:54', '\0', 'jpg', '240', null, '246d5f8a-2ce2-4064-b836-2bd84823531e.jpg', 'upload/store/1/2016/03/09', '0', '320', '1', '32768', null);
INSERT INTO `wemall_accessory` VALUES ('426124', '2016-03-09 15:47:10', '\0', 'jpg', '450', null, '876fc8f5-c80e-4de7-935b-6e14e1db9114.jpg', 'upload/store/1/2016/03/09', '0', '450', '1', '32768', null);
INSERT INTO `wemall_accessory` VALUES ('426125', '2016-03-09 15:48:26', '\0', 'jpg', '450', null, '86692949-636d-4245-86d8-56d2aa08914c.jpg', 'upload/store/1/2016/03/09', '0', '450', '1', '32768', null);
INSERT INTO `wemall_accessory` VALUES ('426127', '2016-03-09 15:49:55', '\0', 'jpg', '300', null, 'fb087c71-9959-4d52-9a75-59d8d06814c0.jpg', 'upload/store/1/2016/03/09', '0', '300', '1', '32768', null);
INSERT INTO `wemall_accessory` VALUES ('426128', '2016-03-09 15:51:50', '\0', 'jpg', '360', null, '31801436-2cfd-4a81-b25c-2c65628629e6.jpg', 'upload/store/1/2016/03/09', '0', '360', '1', '32768', null);
INSERT INTO `wemall_accessory` VALUES ('426129', '2016-03-09 15:52:42', '\0', 'jpg', '351', null, '25bd7dd4-f9dc-459c-8626-a942af9e238a.jpg', 'upload/store/1/2016/03/09', '0', '349', '1', '32768', null);
INSERT INTO `wemall_accessory` VALUES ('426130', '2016-03-09 15:53:24', '\0', 'jpg', '700', null, '7dbcaf77-f60f-4e10-8f65-3b628559f7db.jpg', 'upload/store/1/2016/03/09', '0', '700', '1', '32768', null);
INSERT INTO `wemall_accessory` VALUES ('426131', '2016-03-09 15:55:48', '\0', 'jpg', '430', null, 'e361d814-0d95-4932-9f22-5e329bea921f.jpg', 'upload/store/1/2016/03/09', '0', '430', '1', '32768', null);
INSERT INTO `wemall_accessory` VALUES ('426132', '2016-03-09 15:56:19', '\0', 'jpg', '430', null, 'c5e7f83e-a023-4309-b7b9-3eb0ef755510.jpg', 'upload/store/1/2016/03/09', '0', '430', '1', '32768', null);
INSERT INTO `wemall_accessory` VALUES ('426133', '2016-03-09 15:57:17', '\0', 'jpg', '487', null, '2186310b-e0aa-4e09-9f37-c27d9b5358ea.jpg', 'upload/store/1/2016/03/09', '0', '727', '1', '32768', null);
INSERT INTO `wemall_accessory` VALUES ('426135', '2016-03-09 15:58:25', '\0', 'jpg', '430', null, 'cab7cc21-dc34-4a7a-b87e-7afd0b295081.jpg', 'upload/store/1/2016/03/09', '0', '430', '1', '32768', null);
INSERT INTO `wemall_accessory` VALUES ('426136', '2016-03-09 15:58:55', '\0', 'jpg', '342', null, 'd53b9b6a-f29f-401e-bc1d-c443ded603de.jpg', 'upload/store/1/2016/03/09', '0', '430', '1', '32768', null);
INSERT INTO `wemall_accessory` VALUES ('426137', '2016-03-09 15:59:27', '\0', 'jpg', '600', null, '5dbdcff7-c525-4a03-8117-67e27ae97e72.jpg', 'upload/store/1/2016/03/09', '0', '600', '1', '32768', null);
INSERT INTO `wemall_accessory` VALUES ('426138', '2016-03-09 16:00:10', '\0', 'jpg', '600', null, '72d7a807-beb0-439b-86e7-584bedc8f257.jpg', 'upload/store/1/2016/03/09', '0', '600', '1', '32768', null);
INSERT INTO `wemall_accessory` VALUES ('426139', '2016-03-09 16:09:00', '\0', 'jpg', '800', null, '46bf6e9c-6058-46df-8f67-0e497ccecf58.jpg', 'upload/store/1/2016/03/09', '0', '800', '1', '32768', null);
INSERT INTO `wemall_accessory` VALUES ('426140', '2016-03-09 17:39:07', '\0', 'jpg', '525', null, '30d1b02a-d808-4d5c-b608-a95f20249f30.jpg', 'upload/store/1/2016/03/09', '0', '800', '1', '32768', null);
INSERT INTO `wemall_accessory` VALUES ('426141', '2016-03-09 17:44:49', '\0', 'jpg', '800', null, '2a5947cd-ea8c-4417-bc3d-df0e0c74e75d.jpg', 'upload/store/1/2016/03/09', '0', '800', '1', '32768', null);
INSERT INTO `wemall_accessory` VALUES ('426142', '2016-03-09 17:45:21', '\0', 'png', '525', null, 'f566afdc-213d-4bcf-be46-078c5b3a339e.png', 'upload/store/1/2016/03/09', '0', '705', '1', '32768', null);
INSERT INTO `wemall_accessory` VALUES ('426143', '2016-03-09 17:45:58', '\0', 'jpg', '400', null, 'c3dc55f6-05a9-4555-80c0-1f9aeb014675.jpg', 'upload/store/1/2016/03/09', '0', '400', '1', '32768', null);
INSERT INTO `wemall_accessory` VALUES ('426144', '2016-03-09 17:46:34', '\0', 'jpg', '429', null, '25638022-b3b2-4677-9497-36683f0bbb81.jpg', 'upload/store/1/2016/03/09', '0', '682', '1', '32768', null);
INSERT INTO `wemall_accessory` VALUES ('426145', '2016-03-09 17:47:12', '\0', 'jpg', '339', null, '174174e6-1c92-410d-9be6-0e2e196360a0.jpg', 'upload/store/1/2016/03/09', '0', '440', '1', '32768', null);
INSERT INTO `wemall_accessory` VALUES ('426146', '2016-03-09 17:47:53', '\0', 'jpg', '575', null, '45275356-3f0c-416c-846e-dc83cc87893d.jpg', 'upload/store/1/2016/03/09', '0', '781', '1', '32768', null);
INSERT INTO `wemall_accessory` VALUES ('426147', '2016-03-09 17:48:49', '\0', 'jpg', '240', null, '1e17c526-b4ca-4378-86ce-03802f727181.jpg', 'upload/store/1/2016/03/09', '0', '300', '1', '32768', null);
INSERT INTO `wemall_accessory` VALUES ('426148', '2016-03-09 17:50:10', '\0', 'jpg', '310', null, '317442e5-625a-45e9-abd2-20d2eaea5b7d.jpg', 'upload/store/1/2016/03/09', '0', '310', '1', '32768', null);
INSERT INTO `wemall_accessory` VALUES ('426149', '2016-03-09 17:50:51', '\0', 'jpg', '460', null, '017d897e-cc7f-4b47-a702-f9063ed26f3f.jpg', 'upload/store/1/2016/03/09', '0', '460', '1', '32768', null);
INSERT INTO `wemall_accessory` VALUES ('426150', '2016-03-09 17:54:59', '\0', 'jpg', '375', null, 'c2f17315-6ebf-474a-9545-2dec3a8db7e3.jpg', 'upload/store/1/2016/03/09', '0', '415', '1', '32768', null);
INSERT INTO `wemall_accessory` VALUES ('426151', '2016-03-09 17:55:45', '\0', 'jpg', '600', null, 'ec1f5312-8184-4d17-b618-0d78033b85aa.jpg', 'upload/store/1/2016/03/09', '0', '600', '1', '32768', null);
INSERT INTO `wemall_accessory` VALUES ('426152', '2016-03-09 17:56:09', '\0', 'jpg', '300', null, '4d19bca7-c471-4343-ba89-8a346356a9cf.jpg', 'upload/store/1/2016/03/09', '0', '310', '1', '32768', null);
INSERT INTO `wemall_accessory` VALUES ('426155', '2016-03-09 18:12:13', '\0', 'jpg', '245', null, '03fae35d-0455-4053-abcf-7c3abb5e749e.jpg', 'upload/store/1/2016/03/09', '0', '421', '1', '32768', null);
INSERT INTO `wemall_accessory` VALUES ('426156', '2016-03-09 18:12:51', '\0', 'jpg', '295', null, 'e4a62740-3342-4439-bcbc-16d845b140b4.jpg', 'upload/store/1/2016/03/09', '0', '300', '1', '32768', null);
INSERT INTO `wemall_accessory` VALUES ('426159', '2016-03-09 18:15:57', '\0', 'jpg', '800', null, '768eb6aa-57a7-415a-8a62-d497598154af.jpg', 'upload/store/1/2016/03/09', '0', '800', '1', '32768', null);
INSERT INTO `wemall_accessory` VALUES ('426162', '2016-03-09 18:22:38', '\0', 'jpg', '508', null, '12ba2bc5-3308-4c06-a0a8-932b4d0004a0.jpg', 'upload/store/1/2016/03/09', '0', '500', '1', '32768', null);
INSERT INTO `wemall_accessory` VALUES ('426164', '2016-03-09 18:23:29', '\0', 'jpg', '800', null, '4baebb60-3c3e-4134-86a3-0ac5230f2e7f.jpg', 'upload/store/1/2016/03/09', '0', '800', '1', '32768', null);
INSERT INTO `wemall_accessory` VALUES ('426166', '2016-03-09 18:24:34', '\0', 'jpg', '600', null, '57894c4f-0d46-4946-a628-7ebfee4b21af.jpg', 'upload/store/1/2016/03/09', '0', '800', '1', '32768', null);
INSERT INTO `wemall_accessory` VALUES ('426167', '2016-03-09 18:27:18', '\0', 'jpg', '372', null, 'a2f2cc33-c43b-442e-bffd-51bf1ad1e266.jpg', 'upload/store/1/2016/03/09', '0', '390', '1', '32768', null);
INSERT INTO `wemall_accessory` VALUES ('426168', '2016-03-09 18:28:17', '\0', 'jpg', '550', null, 'bd17818c-3fd5-44ca-b608-ef1133b86f5c.jpg', 'upload/store/1/2016/03/09', '0', '550', '1', '32768', null);
INSERT INTO `wemall_accessory` VALUES ('426169', '2016-03-09 18:29:58', '\0', 'jpg', '383', null, '4c40573c-8e3a-41bc-b8b9-e15fa7a989e0.jpg', 'upload/store/1/2016/03/09', '0', '400', '1', '32768', null);
INSERT INTO `wemall_accessory` VALUES ('426170', '2016-03-09 18:31:30', '\0', 'jpg', '421', null, 'e749591e-0538-4622-a1f8-804b703c7cf0.jpg', 'upload/store/1/2016/03/09', '0', '392', '1', '32768', null);
INSERT INTO `wemall_accessory` VALUES ('426171', '2016-03-09 18:31:55', '\0', 'jpg', '800', null, '2ce99e66-968c-442f-b5f9-b814805a6ba4.jpg', 'upload/store/1/2016/03/09', '0', '800', '1', '32768', null);
INSERT INTO `wemall_accessory` VALUES ('426172', '2016-03-09 18:32:13', '\0', 'jpg', '275', null, 'bf859a15-af99-48b7-8cf8-7ef44e91cf85.jpg', 'upload/store/1/2016/03/09', '0', '425', '1', '32768', null);
INSERT INTO `wemall_accessory` VALUES ('426173', '2016-03-09 18:33:02', '\0', 'jpg', '800', null, '15cee948-17d8-4054-93a7-29eb619f0cb1.jpg', 'upload/store/1/2016/03/09', '0', '800', '1', '32768', null);
INSERT INTO `wemall_accessory` VALUES ('426174', '2016-03-09 18:35:53', '\0', 'jpg', '393', null, '9c01a528-dc15-4ba0-8c81-6b3f590a9f05.jpg', 'upload/store/1/2016/03/09', '0', '410', '1', '32768', null);
INSERT INTO `wemall_accessory` VALUES ('426175', '2016-03-09 18:36:13', '\0', 'jpg', '305', null, 'bb1aa166-a15f-4ecc-9414-5f0d1507417d.jpg', 'upload/store/1/2016/03/09', '0', '300', '1', '32768', null);
INSERT INTO `wemall_accessory` VALUES ('426176', '2016-03-09 18:39:06', '\0', 'jpg', '415', null, '021a0e1c-9f1d-41b8-b03b-91d1533c7607.jpg', 'upload/store/1/2016/03/09', '0', '388', '1', '32768', null);
INSERT INTO `wemall_accessory` VALUES ('426178', '2016-03-09 18:39:59', '\0', 'jpg', '400', null, '8d0dec0b-2a17-4151-90d4-ed0016056cf0.jpg', 'upload/store/1/2016/03/09', '0', '400', '1', '32768', null);
INSERT INTO `wemall_accessory` VALUES ('426179', '2016-03-09 18:40:16', '\0', 'jpg', '740', null, '31322545-4422-43aa-8350-0dbd59c7f63d.jpg', 'upload/store/1/2016/03/09', '0', '740', '1', '32768', null);
INSERT INTO `wemall_accessory` VALUES ('426180', '2016-03-09 18:40:52', '\0', 'jpg', '493', null, '28121023-2bb1-41d3-8b63-68724d449782.jpg', 'upload/store/1/2016/03/09', '0', '497', '1', '32768', null);
INSERT INTO `wemall_accessory` VALUES ('426182', '2016-03-09 18:42:06', '\0', 'jpg', '400', null, '8e5bf720-4f92-46ed-b1fe-34c683336918.jpg', 'upload/store/1/2016/03/09', '0', '400', '1', '32768', null);
INSERT INTO `wemall_accessory` VALUES ('426184', '2016-03-09 18:43:05', '\0', 'png', '300', null, '7d4aa773-0aac-4fe3-9f0b-dd0a2894896c.png', 'upload/store/1/2016/03/09', '0', '208', '1', '32768', null);
INSERT INTO `wemall_accessory` VALUES ('426185', '2016-03-09 18:43:21', '\0', 'jpg', '792', null, '3adcc661-34b9-4e2a-a4fd-3b5538ac683a.jpg', 'upload/store/1/2016/03/09', '0', '647', '1', '32768', null);
INSERT INTO `wemall_accessory` VALUES ('426186', '2016-03-09 18:43:41', '\0', 'jpg', '800', null, '94d9c717-1a37-457e-aba7-93bba9fa6e08.jpg', 'upload/store/1/2016/03/09', '0', '800', '1', '32768', null);
INSERT INTO `wemall_accessory` VALUES ('426189', '2016-03-09 18:45:35', '\0', 'jpg', '290', null, 'ed832a7f-58ef-4c54-b830-db2f9e43ea98.jpg', 'upload/store/1/2016/03/09', '0', '302', '1', '32768', null);
INSERT INTO `wemall_accessory` VALUES ('426190', '2016-03-09 18:46:14', '\0', 'jpg', '500', null, '0314c749-c7ea-48bc-a95b-c9b949ecb81b.jpg', 'upload/store/1/2016/03/09', '0', '500', '1', '32768', null);
INSERT INTO `wemall_accessory` VALUES ('426191', '2016-03-09 18:47:04', '\0', 'png', '367', null, '0d179751-9d01-4344-9d8a-99dba7b997c0.png', 'upload/store/1/2016/03/09', '0', '334', '1', '32768', null);
INSERT INTO `wemall_accessory` VALUES ('426192', '2016-03-09 18:47:45', '\0', 'jpg', '401', null, '4c250695-4908-4153-adf4-31015182ea27.jpg', 'upload/store/1/2016/03/09', '0', '401', '1', '32768', null);
INSERT INTO `wemall_accessory` VALUES ('426193', '2016-03-09 18:48:48', '\0', 'jpg', '772', null, '11493d1a-b497-4e16-ad4f-eae69649ea4c.jpg', 'upload/store/1/2016/03/09', '0', '790', '1', '32768', null);
INSERT INTO `wemall_accessory` VALUES ('426194', '2016-03-09 18:49:05', '\0', 'jpg', '308', null, 'dedf7bbd-c4a7-4435-94d2-e01c42119b6a.jpg', 'upload/store/1/2016/03/09', '0', '308', '1', '32768', null);
INSERT INTO `wemall_accessory` VALUES ('426195', '2016-03-09 18:49:20', '\0', 'jpg', '400', null, 'a37e2cdc-8705-4e24-9fed-deab364bbfef.jpg', 'upload/store/1/2016/03/09', '0', '400', '1', '32768', null);
INSERT INTO `wemall_accessory` VALUES ('426196', '2016-03-09 18:51:41', '\0', 'jpg', '400', null, 'fcc7a0fa-abfc-4093-9eaa-4db470c3b58c.jpg', 'upload/store/1/2016/03/09', '0', '400', '1', '32768', null);
INSERT INTO `wemall_accessory` VALUES ('426197', '2016-03-09 18:52:27', '\0', 'jpg', '700', null, 'cebbfba6-9fab-449b-bed2-8bb01ff2f957.jpg', 'upload/store/1/2016/03/09', '0', '500', '1', '32768', null);
INSERT INTO `wemall_accessory` VALUES ('426198', '2016-03-09 18:53:07', '\0', 'jpg', '500', null, '2271a41b-5209-495c-81b1-4fa0a2ae906a.jpg', 'upload/store/1/2016/03/09', '0', '500', '1', '32768', null);
INSERT INTO `wemall_accessory` VALUES ('426199', '2016-03-09 18:53:43', '\0', 'jpg', '475', null, 'b9225406-e3e7-4335-ad93-4dcc44b2d8d1.jpg', 'upload/store/1/2016/03/09', '0', '474', '1', '32768', null);
INSERT INTO `wemall_accessory` VALUES ('426200', '2016-03-09 18:57:08', '\0', 'jpg', '417', null, '5708132d-c44a-41c3-843c-61d363642bac.jpg', 'upload/store/1/2016/03/09', '0', '446', '1', '32768', null);
INSERT INTO `wemall_accessory` VALUES ('426201', '2016-03-09 18:57:43', '\0', 'jpg', '700', null, 'c6103a7d-aadd-4fec-ac92-9808d500c3b8.jpg', 'upload/store/1/2016/03/09', '0', '700', '1', '32768', null);
INSERT INTO `wemall_accessory` VALUES ('426202', '2016-03-09 18:58:07', '\0', 'jpg', '480', null, '19915265-fac4-4d5b-aa55-b49cfce3d93f.jpg', 'upload/store/1/2016/03/09', '0', '480', '1', '32768', null);
INSERT INTO `wemall_accessory` VALUES ('426203', '2016-03-09 18:58:29', '\0', 'jpg', '310', null, 'b2bc8d6a-ee7e-41a2-b45f-b2bbe5fe1567.jpg', 'upload/store/1/2016/03/09', '0', '281', '1', '32768', null);
INSERT INTO `wemall_accessory` VALUES ('426204', '2016-03-09 18:58:57', '\0', 'jpg', '400', null, 'c9876b4b-678e-4f09-85c8-81f1fe3e5468.jpg', 'upload/store/1/2016/03/09', '0', '400', '1', '32768', null);
INSERT INTO `wemall_accessory` VALUES ('426205', '2016-03-09 19:03:13', '\0', 'jpg', '389', null, '2ad74b8f-dbe0-43eb-bee6-4cd1daf78edb.jpg', 'upload/store/1/2016/03/09', '0', '427', '1', '32768', null);
INSERT INTO `wemall_accessory` VALUES ('426206', '2016-03-09 19:03:55', '\0', 'jpg', '800', null, '20c0f66b-104b-4622-a741-5194da919e46.jpg', 'upload/store/1/2016/03/09', '0', '800', '1', '32768', null);
INSERT INTO `wemall_accessory` VALUES ('426207', '2016-03-09 19:04:20', '\0', 'jpg', '388', null, 'be385d5d-301a-4d4d-becf-7e646923ab9d.jpg', 'upload/store/1/2016/03/09', '0', '396', '1', '32768', null);
INSERT INTO `wemall_accessory` VALUES ('426208', '2016-03-09 19:11:36', '\0', 'jpg', '480', null, '2f055440-9779-4085-989a-feb0c1853836.jpg', 'upload/store/1/2016/03/09', '0', '480', '1', '32768', null);
INSERT INTO `wemall_accessory` VALUES ('426209', '2016-03-09 19:12:05', '\0', 'jpg', '550', null, '2cd22a7e-e725-4a3b-b419-41aecd64c6a2.jpg', 'upload/store/1/2016/03/09', '0', '554', '1', '32768', null);
INSERT INTO `wemall_accessory` VALUES ('426210', '2016-03-09 19:12:43', '\0', 'jpg', '600', null, 'fdd1ecf2-3112-4ebd-84b3-36bad90072cb.jpg', 'upload/store/1/2016/03/09', '0', '600', '1', '32768', null);
INSERT INTO `wemall_accessory` VALUES ('426211', '2016-03-09 19:13:01', '\0', 'jpg', '350', null, '7b3e3b21-ce62-492b-8e2f-18dc7098d6b8.jpg', 'upload/store/1/2016/03/09', '0', '350', '1', '32768', null);
INSERT INTO `wemall_accessory` VALUES ('426212', '2016-03-09 19:17:40', '\0', 'jpg', '800', null, '334b69c0-cafa-48ca-a15c-73ea660574ad.jpg', 'upload/store/1/2016/03/09', '0', '800', '1', '32768', null);
INSERT INTO `wemall_accessory` VALUES ('426213', '2016-03-09 19:18:22', '\0', 'jpg', '420', null, '642cfcba-a973-420c-a5e8-ba733b3e6557.jpg', 'upload/store/1/2016/03/09', '0', '640', '1', '32768', null);
INSERT INTO `wemall_accessory` VALUES ('426214', '2016-03-09 19:54:01', '\0', 'jpg', '563', null, '75ddb0c0-f60f-4848-8cf4-71fbcdc6d649.jpg', 'upload/store/1/2016/03/09', '0', '750', '1', '32768', null);
INSERT INTO `wemall_accessory` VALUES ('426215', '2016-03-09 19:55:17', '\0', 'jpg', '563', null, 'f7ecff28-224f-4fbe-9077-837ba32c499b.jpg', 'upload/store/1/2016/03/09', '0', '750', '1', '32768', null);
INSERT INTO `wemall_accessory` VALUES ('426216', '2016-03-09 19:55:54', '\0', 'jpg', '800', null, '0f9c9ba2-95cf-4dce-bae1-d72679a1d56f.jpg', 'upload/store/1/2016/03/09', '0', '800', '1', '32768', null);
INSERT INTO `wemall_accessory` VALUES ('426217', '2016-03-09 19:56:40', '\0', 'jpg', '640', null, '3a860437-4784-4e8a-8738-ad3d6592559e.jpg', 'upload/store/1/2016/03/09', '0', '640', '1', '32768', null);
INSERT INTO `wemall_accessory` VALUES ('426218', '2016-03-09 19:57:04', '\0', 'jpg', '640', null, '89fda20b-ad64-41dd-896a-2426f6cf1b81.jpg', 'upload/store/1/2016/03/09', '0', '640', '1', '32768', null);
INSERT INTO `wemall_accessory` VALUES ('426220', '2016-03-09 19:58:24', '\0', 'png', '505', null, '2886a176-25cf-440d-98c6-0e1e88b18b02.png', 'upload/store/1/2016/03/09', '0', '556', '1', '32768', null);
INSERT INTO `wemall_accessory` VALUES ('426221', '2016-03-09 19:58:51', '\0', 'jpg', '480', null, '599a49ac-3f9d-40d3-8b66-f3e5d942c9c1.jpg', 'upload/store/1/2016/03/09', '0', '480', '1', '32768', null);
INSERT INTO `wemall_accessory` VALUES ('426223', '2016-03-09 19:59:30', '\0', 'jpg', '640', null, '64d65f56-0bdc-4caa-9dc8-62d824c99de9.jpg', 'upload/store/1/2016/03/09', '0', '640', '1', '32768', null);
INSERT INTO `wemall_accessory` VALUES ('426224', '2016-03-09 19:59:51', '\0', 'jpg', '429', null, '49983be9-a0cd-4eca-881e-43a38a440612.jpg', 'upload/store/1/2016/03/09', '0', '450', '1', '32768', null);
INSERT INTO `wemall_accessory` VALUES ('426225', '2016-03-09 20:00:17', '\0', 'jpg', '620', null, 'c196a3f3-d1c7-477f-b703-8548185885a7.jpg', 'upload/store/1/2016/03/09', '0', '687', '1', '32768', null);
INSERT INTO `wemall_accessory` VALUES ('426227', '2016-03-09 20:01:04', '\0', 'jpg', '400', null, '4315bc5e-d7e4-4c75-89e1-bf9e0177ccec.jpg', 'upload/store/1/2016/03/09', '0', '400', '1', '32768', null);
INSERT INTO `wemall_accessory` VALUES ('426228', '2016-03-09 20:01:38', '\0', 'jpg', '430', null, '23a9cbad-b73b-4e07-88dd-87bb48071447.jpg', 'upload/store/1/2016/03/09', '0', '430', '1', '32768', null);
INSERT INTO `wemall_accessory` VALUES ('426229', '2016-03-09 20:02:23', '\0', 'jpg', '430', null, 'b54e3d6b-5f97-4fa5-9d3a-2c18a4cac20f.jpg', 'upload/store/1/2016/03/09', '0', '430', '1', '32768', null);
INSERT INTO `wemall_accessory` VALUES ('426234', '2016-03-09 20:04:33', '\0', 'jpg', '460', null, '84ab13d3-42d1-44cc-bd7c-9f284a83ea9f.jpg', 'upload/store/1/2016/03/09', '0', '460', '1', '32768', null);
INSERT INTO `wemall_accessory` VALUES ('426236', '2016-03-09 20:05:40', '\0', 'jpg', '800', null, 'da504c07-8b39-4b94-8bb7-5efe07445852.jpg', 'upload/store/1/2016/03/09', '0', '800', '1', '32768', null);
INSERT INTO `wemall_accessory` VALUES ('426237', '2016-03-09 20:06:07', '\0', 'jpg', '520', null, '980ac438-1f1a-4d0d-b243-ce76344983d3.jpg', 'upload/store/1/2016/03/09', '0', '734', '1', '32768', null);
INSERT INTO `wemall_accessory` VALUES ('426238', '2016-03-09 20:06:25', '\0', 'jpg', '827', null, '88e97f9a-d7b3-4a99-be2f-5fe34aabffb1.jpg', 'upload/store/1/2016/03/09', '0', '839', '1', '32768', null);
INSERT INTO `wemall_accessory` VALUES ('426240', '2016-03-09 20:07:53', '\0', 'png', '400', null, '295a3d6a-bc76-40a3-9771-f2c35ddc5279.png', 'upload/store/1/2016/03/09', '0', '400', '1', '32768', null);
INSERT INTO `wemall_accessory` VALUES ('426242', '2016-03-09 20:08:58', '\0', 'jpg', '671', null, '7dcf4d1e-78e3-440e-af7c-8c3926f8dde2.jpg', 'upload/store/1/2016/03/09', '0', '606', '1', '32768', null);
INSERT INTO `wemall_accessory` VALUES ('426243', '2016-03-09 20:09:42', '\0', 'jpg', '600', null, '206f924c-29fe-47d1-be98-2e6fe91a42c0.jpg', 'upload/store/1/2016/03/09', '0', '600', '1', '32768', null);
INSERT INTO `wemall_accessory` VALUES ('426244', '2016-03-09 20:10:05', '\0', 'jpg', '400', null, '4735ad18-cbfc-4303-9cba-d39d681593b8.jpg', 'upload/store/1/2016/03/09', '0', '400', '1', '32768', null);
INSERT INTO `wemall_accessory` VALUES ('426246', '2016-03-09 20:11:07', '\0', 'jpg', '310', null, 'bee754be-63a1-4803-b6c3-d9f0e2570558.jpg', 'upload/store/1/2016/03/09', '0', '310', '1', '32768', null);
INSERT INTO `wemall_accessory` VALUES ('426247', '2016-03-09 20:11:28', '\0', 'png', '400', null, '5eaf763f-79f5-4f0f-bdb5-3c1ed4e51439.png', 'upload/store/1/2016/03/09', '0', '400', '1', '32768', null);
INSERT INTO `wemall_accessory` VALUES ('426249', '2016-03-09 20:12:09', '\0', 'jpg', '400', null, '4f3dd7e2-5812-4c9c-b490-a93d5287f69e.jpg', 'upload/store/1/2016/03/09', '0', '400', '1', '32768', null);
INSERT INTO `wemall_accessory` VALUES ('426252', '2016-03-09 20:13:49', '\0', 'jpg', '466', null, '41ba4fa8-5376-4f73-8dfc-b17f2ac8f381.jpg', 'upload/store/1/2016/03/09', '0', '466', '1', '32768', null);
INSERT INTO `wemall_accessory` VALUES ('426253', '2016-03-09 20:14:07', '\0', 'jpg', '800', null, '8c57aaae-3d87-47d4-a950-f7283aa5b972.jpg', 'upload/store/1/2016/03/09', '0', '800', '1', '32768', null);
INSERT INTO `wemall_accessory` VALUES ('426257', '2016-03-09 20:19:02', '\0', 'jpg', '400', null, '9956ffdb-26fa-412c-9f69-ac68db460c58.jpg', 'upload/store/1/2016/03/09', '0', '400', '1', '32768', null);
INSERT INTO `wemall_accessory` VALUES ('426259', '2016-03-09 20:20:15', '\0', 'jpg', '500', null, '3a8cd5b0-3105-4b24-a0cb-6d729ae8bc8a.jpg', 'upload/store/1/2016/03/09', '0', '500', '1', '32768', null);
INSERT INTO `wemall_accessory` VALUES ('426260', '2016-03-09 20:20:30', '\0', 'jpg', '800', null, 'e6fecda9-b584-466d-9e33-d0329bd83aa2.jpg', 'upload/store/1/2016/03/09', '0', '800', '1', '32768', null);
INSERT INTO `wemall_accessory` VALUES ('426261', '2016-03-09 20:21:00', '\0', 'jpg', '800', null, 'dcadcf50-eb88-4500-8e86-d4da0cb0f484.jpg', 'upload/store/1/2016/03/09', '0', '800', '1', '32768', null);
INSERT INTO `wemall_accessory` VALUES ('426262', '2016-03-09 20:24:46', '\0', 'jpg', '800', null, 'ae2d4318-bb0e-4fdd-87f5-40579bca5443.jpg', 'upload/store/1/2016/03/09', '0', '800', '1', '32768', null);
INSERT INTO `wemall_accessory` VALUES ('426264', '2016-03-09 20:25:48', '\0', 'png', '451', null, '8dede06c-7b84-43c9-8530-709d6e0b92b0.png', 'upload/store/1/2016/03/09', '0', '419', '1', '32768', null);
INSERT INTO `wemall_accessory` VALUES ('426265', '2016-03-09 20:26:30', '\0', 'jpg', '750', null, '588324fc-1bc1-44a8-8d7c-ad2f37dcf42f.jpg', 'upload/store/1/2016/03/09', '0', '750', '1', '32768', null);
INSERT INTO `wemall_accessory` VALUES ('426266', '2016-03-09 20:27:21', '\0', 'jpg', '416', null, '7d16200c-cc1e-46ed-b53a-71d7f714f335.jpg', 'upload/store/1/2016/03/09', '0', '419', '1', '32768', null);
INSERT INTO `wemall_accessory` VALUES ('426267', '2016-03-09 20:27:46', '\0', 'jpg', '728', null, 'edd21179-2515-480f-ac95-c33700a2fe14.jpg', 'upload/store/1/2016/03/09', '0', '728', '1', '32768', null);
INSERT INTO `wemall_accessory` VALUES ('426268', '2016-03-09 20:28:47', '\0', 'jpg', '418', null, '2166ef4b-56eb-44e4-a032-ac3b61cde046.jpg', 'upload/store/1/2016/03/09', '0', '417', '1', '32768', null);
INSERT INTO `wemall_accessory` VALUES ('426271', '2016-03-09 20:30:13', '\0', 'jpg', '460', null, 'c9d4616b-3ff7-4a20-8a21-0cf6bf0459bd.jpg', 'upload/store/1/2016/03/09', '0', '460', '1', '32768', null);
INSERT INTO `wemall_accessory` VALUES ('426290', '2016-03-09 20:40:11', '\0', 'png', '397', null, 'a0d40300-22cf-457e-9616-1f70e54c1b60.png', 'upload/store/1/2016/03/09', '0', '393', '1', '32768', null);
INSERT INTO `wemall_accessory` VALUES ('426296', '2016-03-09 21:26:37', '\0', 'jpg', '800', null, '3dad7cec-54cd-444f-a350-a514af6f97bd.jpg', 'upload/store/1/2016/03/09', '0', '800', '1', '32768', null);
INSERT INTO `wemall_accessory` VALUES ('426300', '2016-03-09 21:35:22', '\0', 'jpg', '720', null, '21bef50c-6ee3-457e-9943-e64e8c4c0462.jpg', 'upload/store/1/2016/03/09', '0', '718', '1', '32768', null);
INSERT INTO `wemall_accessory` VALUES ('426301', '2016-03-09 21:36:54', '\0', 'jpg', '715', null, '6ab61eed-58fd-4ac4-bfea-8f47d6171fed.jpg', 'upload/store/1/2016/03/09', '0', '717', '1', '32768', null);
INSERT INTO `wemall_accessory` VALUES ('426302', '2016-03-09 21:38:55', '\0', 'jpg', '720', null, 'da674445-3451-4f65-9dff-43a01f0af371.jpg', 'upload/store/1/2016/03/09', '0', '719', '1', '32768', null);
INSERT INTO `wemall_accessory` VALUES ('426303', '2016-03-09 21:40:46', '\0', 'jpg', '600', null, '50db6d66-a19d-40d5-9875-f4c1f27c7ec4.jpg', 'upload/store/1/2016/03/09', '0', '599', '1', '32768', null);
INSERT INTO `wemall_accessory` VALUES ('426304', '2016-03-14 10:50:34', '\0', 'jpg', '300', null, '949e869a-9176-419e-bf27-445fddf40aaf.jpg', 'upload/advert', '188573', '640', null, null, null);
INSERT INTO `wemall_accessory` VALUES ('426305', '2016-03-14 11:15:53', '\0', 'jpg', '300', null, 'a578b9f7-5732-48cd-a633-874c5804789f.jpg', 'upload/advert', '188573', '640', null, null, null);
INSERT INTO `wemall_accessory` VALUES ('426306', '2016-03-14 10:56:12', '\0', 'jpg', '300', null, '3408d449-4734-4da6-b333-2edf74925c74.jpg', 'upload/advert', '160208', '640', null, null, null);
INSERT INTO `wemall_accessory` VALUES ('426307', '2016-03-14 11:16:06', '\0', 'jpg', '300', null, '01a775b9-50ed-4763-8088-187026bda5da.jpg', 'upload/advert', '157748', '640', null, null, null);
INSERT INTO `wemall_accessory` VALUES ('426308', '2016-04-01 18:03:10', '\0', 'jpg', '200', null, '7d1de9c2-4846-4a98-b10c-5e6f98fb4916.jpg', 'upload/store_logo', '8039', '200', null, null, null);
INSERT INTO `wemall_accessory` VALUES ('426309', '2016-04-04 13:39:23', '\0', 'jpg', '368', null, '0e7b41fc-7253-43eb-8192-1e78b1551cc6.jpg', 'upload/activity', '154216', '1210', null, null, null);
INSERT INTO `wemall_accessory` VALUES ('426310', '2016-04-04 16:07:28', '\0', 'jpg', '398', null, '8683c4df-abcc-48f9-ba14-8c19c44c18be.jpg', 'upload/store/1/2016/04/04', '0', '401', '1', '32768', null);
INSERT INTO `wemall_accessory` VALUES ('426311', '2016-04-04 16:07:32', '\0', 'jpg', '399', null, '940a1b26-5b76-49d4-9c5d-e2577ee7f15b.jpg', 'upload/store/1/2016/04/04', '0', '400', '1', '32768', null);
INSERT INTO `wemall_accessory` VALUES ('426312', '2016-04-04 16:07:36', '\0', 'jpg', '400', null, '169661b6-6343-4915-9661-5bee8c6733aa.jpg', 'upload/store/1/2016/04/04', '0', '397', '1', '32768', null);
INSERT INTO `wemall_accessory` VALUES ('426317', '2016-04-04 16:26:35', '\0', 'jpg', '800', null, '878b1495-c07a-4ce1-9e18-058031098555.jpg', 'upload/store/1/2016/04/04', '0', '750', '1', '32768', null);
INSERT INTO `wemall_accessory` VALUES ('426318', '2016-04-04 16:26:42', '\0', 'jpg', '1077', null, 'b1bc4c7a-53df-442f-81d0-a95b641c2726.jpg', 'upload/store/1/2016/04/04', '0', '750', '1', '32768', null);
INSERT INTO `wemall_accessory` VALUES ('426319', '2016-04-04 16:36:04', '\0', 'jpg', '570', null, 'c51ca320-b9d9-4bed-b64a-f4768557f57c.jpg', 'upload/store/1/2016/04/04', '0', '615', '1', '32768', null);
INSERT INTO `wemall_accessory` VALUES ('426320', '2016-04-04 16:36:08', '\0', 'jpg', '574', null, '039f78c8-1e7b-41ec-9734-8063b90588e2.jpg', 'upload/store/1/2016/04/04', '0', '617', '1', '32768', null);
INSERT INTO `wemall_accessory` VALUES ('426321', '2016-04-04 16:36:12', '\0', 'jpg', '568', null, '0de6d172-5f47-445d-8ab9-bedb8bebad4a.jpg', 'upload/store/1/2016/04/04', '0', '617', '1', '32768', null);
INSERT INTO `wemall_accessory` VALUES ('426322', '2016-04-04 16:36:18', '\0', 'jpg', '1000', null, '9f02c287-0962-4d4d-a474-5c7328199651.jpg', 'upload/store/1/2016/04/04', '0', '750', '1', '32768', null);
INSERT INTO `wemall_accessory` VALUES ('426323', '2016-04-04 16:36:21', '\0', 'jpg', '1202', null, 'f0cc1d42-ad62-4274-bad1-879db5d3c9ce.jpg', 'upload/store/1/2016/04/04', '0', '750', '1', '32768', null);
INSERT INTO `wemall_accessory` VALUES ('426324', '2016-04-04 16:48:53', '\0', 'jpg', '419', null, '261aa20f-fc4e-42c8-9a02-cba9a773d019.jpg', 'upload/store/1/2016/04/04', '0', '416', '1', '32768', null);
INSERT INTO `wemall_accessory` VALUES ('426325', '2016-04-04 16:48:57', '\0', 'jpg', '415', null, 'a4d8cad7-c222-464c-bd57-42ece219a8f3.jpg', 'upload/store/1/2016/04/04', '0', '420', '1', '32768', null);
INSERT INTO `wemall_accessory` VALUES ('426326', '2016-04-04 16:49:01', '\0', 'jpg', '425', null, 'c455aab0-a5ce-4957-87f7-c04b5837e7f9.jpg', 'upload/store/1/2016/04/04', '0', '418', '1', '32768', null);
INSERT INTO `wemall_accessory` VALUES ('426327', '2016-04-04 16:49:08', '\0', 'jpg', '766', null, 'c5e18ee0-b0ab-4094-bbe7-0ea1f10c5fa5.jpg', 'upload/store/1/2016/04/04', '0', '790', '1', '32768', null);
INSERT INTO `wemall_accessory` VALUES ('426328', '2016-04-04 16:49:16', '\0', 'jpg', '1048', null, 'cd1aea48-da4a-41d4-b7e6-75d9d0d10159.jpg', 'upload/store/1/2016/04/04', '0', '790', '1', '32768', null);
INSERT INTO `wemall_accessory` VALUES ('426329', '2016-04-04 17:02:56', '\0', 'jpg', '600', null, 'f5aaad92-231d-45b1-8971-681afd483884.jpg', 'upload/store/1/2016/04/04', '0', '790', '1', '32768', null);
INSERT INTO `wemall_accessory` VALUES ('426330', '2016-04-04 17:10:16', '\0', 'jpg', '421', null, '1d654e64-47f8-46dd-b3c4-1d0e806af0c1.jpg', 'upload/store/1/2016/04/04', '0', '435', '1', '32768', null);
INSERT INTO `wemall_accessory` VALUES ('426331', '2016-04-04 17:10:18', '\0', 'jpg', '416', null, '53418876-91e8-466f-b421-8d66527f7bf1.jpg', 'upload/store/1/2016/04/04', '0', '426', '1', '32768', null);
INSERT INTO `wemall_accessory` VALUES ('426332', '2016-04-04 17:10:22', '\0', 'jpg', '416', null, '4be02ba5-3032-496c-bf8a-237d99304b9a.jpg', 'upload/store/1/2016/04/04', '0', '413', '1', '32768', null);
INSERT INTO `wemall_accessory` VALUES ('426334', '2016-04-04 17:10:45', '\0', 'jpg', '600', null, '7a6dd5a2-2728-49e6-9d41-42cfd5c51a21.jpg', 'upload/store/1/2016/04/04', '0', '790', '1', '32768', null);
INSERT INTO `wemall_accessory` VALUES ('426335', '2016-04-04 17:24:37', '\0', 'jpg', '420', null, 'b23a1411-8002-48eb-bc3a-3624ed6ee3ce.jpg', 'upload/store/1/2016/04/04', '0', '416', '1', '32768', null);
INSERT INTO `wemall_accessory` VALUES ('426336', '2016-04-04 17:24:43', '\0', 'jpg', '418', null, '3a2053b8-d53d-4967-b448-daa5d4ecb3cc.jpg', 'upload/store/1/2016/04/04', '0', '415', '1', '32768', null);
INSERT INTO `wemall_accessory` VALUES ('426337', '2016-04-04 17:24:46', '\0', 'jpg', '419', null, '984c5f77-37d8-49ef-bf9f-1cec2fccfe21.jpg', 'upload/store/1/2016/04/04', '0', '417', '1', '32768', null);
INSERT INTO `wemall_accessory` VALUES ('426338', '2016-04-04 17:24:49', '\0', 'jpg', '413', null, '0a498b96-4233-4331-922e-01e4873242e2.jpg', 'upload/store/1/2016/04/04', '0', '409', '1', '32768', null);
INSERT INTO `wemall_accessory` VALUES ('426340', '2016-04-04 17:26:07', '\0', 'jpg', '592', null, '8dbeded6-f229-4957-9bf6-198d21696ddd.jpg', 'upload/store/1/2016/04/04', '0', '790', '1', '32768', null);
INSERT INTO `wemall_accessory` VALUES ('426341', '2016-04-04 17:32:54', '\0', 'jpg', '823', null, '444ed816-9db0-456d-a28c-fcc7fc900097.jpg', 'upload/store/1/2016/04/04', '0', '778', '1', '32768', null);
INSERT INTO `wemall_accessory` VALUES ('426342', '2016-04-04 17:34:37', '\0', 'jpg', '419', null, '7409991b-ff7a-4481-8402-dbead4fc7285.jpg', 'upload/store/1/2016/04/04', '0', '419', '1', '32768', null);
INSERT INTO `wemall_accessory` VALUES ('426343', '2016-04-04 17:34:39', '\0', 'jpg', '418', null, '782382ed-8679-4e62-bfc2-be17dd920079.jpg', 'upload/store/1/2016/04/04', '0', '421', '1', '32768', null);
INSERT INTO `wemall_accessory` VALUES ('426344', '2016-04-04 17:34:41', '\0', 'jpg', '419', null, 'bc80fde7-4bbe-4450-a7b4-1f205c050937.jpg', 'upload/store/1/2016/04/04', '0', '415', '1', '32768', null);
INSERT INTO `wemall_accessory` VALUES ('426345', '2016-04-04 17:34:44', '\0', 'jpg', '736', null, '09ab7939-e4df-46fd-aadb-cad2911b2f00.jpg', 'upload/store/1/2016/04/04', '0', '778', '1', '32768', null);
INSERT INTO `wemall_accessory` VALUES ('426348', '2016-04-04 17:46:16', '\0', 'jpg', '418', null, '3c472df1-3280-4cf5-b6f3-c98c66cb136a.jpg', 'upload/store/1/2016/04/04', '0', '413', '1', '32768', null);
INSERT INTO `wemall_accessory` VALUES ('426349', '2016-04-04 17:46:18', '\0', 'jpg', '414', null, '032dc084-0e54-4ba6-a258-9815ba62b403.jpg', 'upload/store/1/2016/04/04', '0', '415', '1', '32768', null);
INSERT INTO `wemall_accessory` VALUES ('426350', '2016-04-04 17:46:21', '\0', 'jpg', '415', null, 'f3846aec-459d-4897-b301-17c7e2954060.jpg', 'upload/store/1/2016/04/04', '0', '432', '1', '32768', null);
INSERT INTO `wemall_accessory` VALUES ('426351', '2016-04-04 17:46:24', '\0', 'jpg', '1500', null, 'e991e8d4-be94-4f42-ac7e-5fbaeaac7d38.jpg', 'upload/store/1/2016/04/04', '0', '790', '1', '32768', null);
INSERT INTO `wemall_accessory` VALUES ('426353', '2016-04-04 17:55:35', '\0', 'jpg', '418', null, '7e289bdf-270d-4aa3-84e7-18fac7c5446c.jpg', 'upload/store/1/2016/04/04', '0', '423', '1', '32768', null);
INSERT INTO `wemall_accessory` VALUES ('426354', '2016-04-04 17:55:37', '\0', 'jpg', '418', null, '4251c8f6-03ac-43de-9c34-a16120c51474.jpg', 'upload/store/1/2016/04/04', '0', '419', '1', '32768', null);
INSERT INTO `wemall_accessory` VALUES ('426355', '2016-04-04 17:55:40', '\0', 'jpg', '417', null, '22c921a1-ed29-4f78-86ad-e751a417d8ee.jpg', 'upload/store/1/2016/04/04', '0', '418', '1', '32768', null);
INSERT INTO `wemall_accessory` VALUES ('426356', '2016-04-04 17:55:43', '\0', 'jpg', '959', null, 'c69f3b06-7bb0-4b25-a09d-69a5e3e182d8.jpg', 'upload/store/1/2016/04/04', '0', '790', '1', '32768', null);
INSERT INTO `wemall_accessory` VALUES ('426357', '2016-04-04 17:55:48', '\0', 'jpg', '1064', null, 'bf6d1bb0-2823-45c6-bd7f-a90a911ea27c.jpg', 'upload/store/1/2016/04/04', '0', '790', '1', '32768', null);
INSERT INTO `wemall_accessory` VALUES ('426358', '2016-04-04 18:02:22', '\0', 'jpg', '419', null, '3dccce3e-b6b9-4f7e-9a5c-694a162aa88d.jpg', 'upload/store/1/2016/04/04', '0', '415', '1', '32768', null);
INSERT INTO `wemall_accessory` VALUES ('426359', '2016-04-04 18:02:25', '\0', 'jpg', '417', null, '4c031b9b-5553-45d6-b442-c5b4ff8f742a.jpg', 'upload/store/1/2016/04/04', '0', '417', '1', '32768', null);
INSERT INTO `wemall_accessory` VALUES ('426360', '2016-04-04 18:02:27', '\0', 'jpg', '420', null, '7544a6bc-41d4-4cb3-9f20-f52053d4d1c4.jpg', 'upload/store/1/2016/04/04', '0', '414', '1', '32768', null);
INSERT INTO `wemall_accessory` VALUES ('426361', '2016-04-04 18:02:30', '\0', 'jpg', '1534', null, '7b0c0465-7e9c-4676-8aa5-19f68eb3d2ba.jpg', 'upload/store/1/2016/04/04', '0', '790', '1', '32768', null);
INSERT INTO `wemall_accessory` VALUES ('426362', '2016-04-04 18:02:36', '\0', 'jpg', '1518', null, '0e474a11-ae41-4802-8edb-684e97f58d7c.jpg', 'upload/store/1/2016/04/04', '0', '790', '1', '32768', null);
INSERT INTO `wemall_accessory` VALUES ('426363', '2016-04-04 18:06:35', '\0', 'jpg', '419', null, '7c8d82c1-bfa6-42fd-9921-6755d04c207c.jpg', 'upload/store/1/2016/04/04', '0', '416', '1', '32768', null);
INSERT INTO `wemall_accessory` VALUES ('426364', '2016-04-04 18:06:39', '\0', 'jpg', '418', null, 'a30e38d0-c5f8-44b1-bc10-3a9b3e970dd8.jpg', 'upload/store/1/2016/04/04', '0', '418', '1', '32768', null);
INSERT INTO `wemall_accessory` VALUES ('426365', '2016-04-04 18:06:44', '\0', 'jpg', '416', null, '8ea4f1ec-07b7-423e-ad8e-776636e3a5e1.jpg', 'upload/store/1/2016/04/04', '0', '416', '1', '32768', null);
INSERT INTO `wemall_accessory` VALUES ('426367', '2016-04-04 18:06:54', '\0', 'jpg', '508', null, '30f29109-5979-46ca-a980-7bba16d5e721.jpg', 'upload/store/1/2016/04/04', '0', '750', '1', '32768', null);
INSERT INTO `wemall_accessory` VALUES ('426368', '2016-04-04 18:07:02', '\0', 'jpg', '874', null, 'dbf36624-542e-4099-b1d9-e3cf9d9a03b7.jpg', 'upload/store/1/2016/04/04', '0', '750', '1', '32768', null);
INSERT INTO `wemall_accessory` VALUES ('426369', '2016-04-04 18:11:12', '\0', 'png', '420', null, 'df2e0d8b-047a-4e95-9c31-e5b22c8480b1.png', 'upload/store/1/2016/04/04', '0', '417', '1', '32768', null);
INSERT INTO `wemall_accessory` VALUES ('426370', '2016-04-04 18:11:16', '\0', 'png', '418', null, 'd7f12f86-cba0-4107-9a9d-e77f016ae1d4.png', 'upload/store/1/2016/04/04', '0', '415', '1', '32768', null);
INSERT INTO `wemall_accessory` VALUES ('426371', '2016-04-04 18:11:22', '\0', 'jpg', '1200', null, 'edf9e230-6b9d-46a7-9065-c5900275fb00.jpg', 'upload/store/1/2016/04/04', '0', '790', '1', '32768', null);
INSERT INTO `wemall_accessory` VALUES ('426372', '2016-04-04 18:11:28', '\0', 'jpg', '307', null, '35a44450-72a8-4806-a7ac-41af954810a1.jpg', 'upload/store/1/2016/04/04', '0', '396', '1', '32768', null);
INSERT INTO `wemall_accessory` VALUES ('426373', '2016-04-04 18:11:32', '\0', 'jpg', '1200', null, '17f61b1a-994e-41f9-bc3e-95d28bf9a6a6.jpg', 'upload/store/1/2016/04/04', '0', '790', '1', '32768', null);
INSERT INTO `wemall_accessory` VALUES ('426374', '2016-04-04 20:45:31', '\0', 'jpg', '419', null, '2e350c6d-ed22-4cab-a9c2-01fd4d94cd85.jpg', 'upload/store/32769/2016/04/04', '0', '408', '2', '32769', null);
INSERT INTO `wemall_accessory` VALUES ('426376', '2016-04-04 20:45:37', '\0', 'jpg', '426', null, 'cc6f7684-7670-4c30-a30b-01ed146cf24d.jpg', 'upload/store/32769/2016/04/04', '0', '432', '2', '32769', null);
INSERT INTO `wemall_accessory` VALUES ('426377', '2016-04-04 20:45:44', '\0', 'jpg', '418', null, '8ad131f7-7c98-437d-a1e8-abb0d87d69cf.jpg', 'upload/store/32769/2016/04/04', '0', '437', '2', '32769', null);
INSERT INTO `wemall_accessory` VALUES ('426378', '2016-04-04 20:45:49', '\0', 'jpg', '315', null, '13c4e105-bf86-4ee9-ae14-aa5d6a76f9f9.jpg', 'upload/store/32769/2016/04/04', '0', '790', '2', '32769', null);
INSERT INTO `wemall_accessory` VALUES ('426379', '2016-04-04 20:45:53', '\0', 'png', '544', null, 'fe46dffa-427d-443d-962a-c6c0a57e1421.png', 'upload/store/32769/2016/04/04', '0', '791', '2', '32769', null);
INSERT INTO `wemall_accessory` VALUES ('426380', '2016-04-04 20:49:46', '\0', 'jpg', '423', null, 'f8179218-f585-4e3f-bc2d-1e2e714b348b.jpg', 'upload/store/32769/2016/04/04', '0', '433', '2', '32769', null);
INSERT INTO `wemall_accessory` VALUES ('426381', '2016-04-04 20:49:50', '\0', 'png', '378', null, '883c9f9d-e17f-4b21-b05d-e067f5bca1ee.png', 'upload/store/32769/2016/04/04', '0', '435', '2', '32769', null);
INSERT INTO `wemall_accessory` VALUES ('426382', '2016-04-04 20:49:53', '\0', 'jpg', '562', null, '3d5c30c1-41cd-421a-a20d-c522f89e5323.jpg', 'upload/store/32769/2016/04/04', '0', '750', '2', '32769', null);
INSERT INTO `wemall_accessory` VALUES ('426383', '2016-04-04 20:49:56', '\0', 'jpg', '564', null, '6189422c-4677-4bc6-8745-79f401f64b03.jpg', 'upload/store/32769/2016/04/04', '0', '750', '2', '32769', null);
INSERT INTO `wemall_accessory` VALUES ('426384', '2016-04-04 20:49:59', '\0', 'jpg', '528', null, '175f5d19-c126-48cd-989e-82d6fa3237ae.jpg', 'upload/store/32769/2016/04/04', '0', '790', '2', '32769', null);
INSERT INTO `wemall_accessory` VALUES ('426385', '2016-04-06 15:34:13', '\0', 'jpg', '724', null, 'f481bb63-8b04-4abb-b2b9-0070a4ef974b.jpg', 'upload/store/1/2016/04/06', '0', '872', '1', '32768', null);
INSERT INTO `wemall_accessory` VALUES ('426386', '2016-04-06 16:39:15', '\0', 'png', '414', null, '6c8e5775-3557-4ee3-9977-376bd14aeae8.png', 'upload/store/1/2016/04/06', '0', '412', '1', '32768', null);
INSERT INTO `wemall_accessory` VALUES ('426387', '2016-04-06 16:39:18', '\0', 'png', '421', null, 'cf12064d-926a-4361-be93-bc71ac3c275f.png', 'upload/store/1/2016/04/06', '0', '423', '1', '32768', null);
INSERT INTO `wemall_accessory` VALUES ('426388', '2016-04-06 16:39:21', '\0', 'png', '424', null, '551e2510-e762-4544-9db8-55739edfdce9.png', 'upload/store/1/2016/04/06', '0', '427', '1', '32768', null);
INSERT INTO `wemall_accessory` VALUES ('426389', '2016-04-06 16:39:25', '\0', 'jpg', '906', null, '38acdd97-d8ed-4497-bd4f-0449a886c611.jpg', 'upload/store/1/2016/04/06', '0', '790', '1', '32768', null);
INSERT INTO `wemall_accessory` VALUES ('426390', '2016-04-06 16:45:12', '\0', 'png', '400', null, '2875987f-756d-4556-9a74-058c0d582b32.png', 'upload/store/1/2016/04/06', '0', '401', '1', '32768', null);
INSERT INTO `wemall_accessory` VALUES ('426391', '2016-04-06 16:45:22', '\0', 'png', '414', null, '0a9075fd-4cfe-4157-9c8a-57bd5891c92d.png', 'upload/store/1/2016/04/06', '0', '416', '1', '32768', null);
INSERT INTO `wemall_accessory` VALUES ('426392', '2016-04-06 16:45:25', '\0', 'png', '423', null, '2c3167d8-6a4f-41b3-a882-92ee9bff32ea.png', 'upload/store/1/2016/04/06', '0', '422', '1', '32768', null);
INSERT INTO `wemall_accessory` VALUES ('426393', '2016-04-06 16:45:29', '\0', 'png', '418', null, '32b0fc47-37fc-4c3e-a246-e1a9ca4503f5.png', 'upload/store/1/2016/04/06', '0', '425', '1', '32768', null);
INSERT INTO `wemall_accessory` VALUES ('426394', '2016-04-06 16:45:32', '\0', 'png', '423', null, 'e0d6a348-6ac2-45e5-8a68-79f3fda08f8e.png', 'upload/store/1/2016/04/06', '0', '427', '1', '32768', null);
INSERT INTO `wemall_accessory` VALUES ('426395', '2016-04-06 16:54:05', '\0', 'jpg', '418', null, '6b40e445-09fc-4f89-8ca4-99ecee6494d9.jpg', 'upload/store/1/2016/04/06', '0', '418', '1', '32768', null);
INSERT INTO `wemall_accessory` VALUES ('426396', '2016-04-06 16:54:09', '\0', 'jpg', '418', null, 'c659dca2-e023-46bf-bfdd-3f16bada0f7f.jpg', 'upload/store/1/2016/04/06', '0', '411', '1', '32768', null);
INSERT INTO `wemall_accessory` VALUES ('426397', '2016-04-06 16:54:13', '\0', 'jpg', '415', null, '61197949-2007-4262-aec1-c782314d4389.jpg', 'upload/store/1/2016/04/06', '0', '417', '1', '32768', null);
INSERT INTO `wemall_accessory` VALUES ('426398', '2016-04-06 16:54:16', '\0', 'jpg', '418', null, 'ba8a9f7f-cb7a-4260-b964-442b414362af.jpg', 'upload/store/1/2016/04/06', '0', '421', '1', '32768', null);
INSERT INTO `wemall_accessory` VALUES ('426399', '2016-04-06 16:58:04', '\0', 'jpg', '419', null, '6e37481c-e531-4d8e-8a46-f99438abaebd.jpg', 'upload/store/1/2016/04/06', '0', '423', '1', '32768', null);
INSERT INTO `wemall_accessory` VALUES ('426400', '2016-04-06 16:58:06', '\0', 'jpg', '421', null, 'b87d840b-fd39-4803-962f-994d77a68dc1.jpg', 'upload/store/1/2016/04/06', '0', '413', '1', '32768', null);
INSERT INTO `wemall_accessory` VALUES ('426401', '2016-04-06 16:58:09', '\0', 'jpg', '418', null, 'c3d20fa9-49dd-4707-946c-f8d0d77e8293.jpg', 'upload/store/1/2016/04/06', '0', '416', '1', '32768', null);
INSERT INTO `wemall_accessory` VALUES ('426402', '2016-04-06 16:58:29', '\0', 'jpg', '419', null, 'da8d5bed-5b9d-4fe5-823f-610c4562d956.jpg', 'upload/store/1/2016/04/06', '0', '423', '1', '32768', null);
INSERT INTO `wemall_accessory` VALUES ('426403', '2016-04-06 16:58:32', '\0', 'jpg', '421', null, '72510e37-5268-433a-b042-11d750896bf6.jpg', 'upload/store/1/2016/04/06', '0', '413', '1', '32768', null);
INSERT INTO `wemall_accessory` VALUES ('426404', '2016-04-06 16:58:34', '\0', 'jpg', '418', null, '39863297-3ed0-40fe-999e-e8aaa6c2b824.jpg', 'upload/store/1/2016/04/06', '0', '416', '1', '32768', null);
INSERT INTO `wemall_accessory` VALUES ('426405', '2016-04-06 17:03:57', '\0', 'jpg', '420', null, '2a4c105f-d92e-4268-b7e9-c2f015e1a614.jpg', 'upload/store/1/2016/04/06', '0', '417', '1', '32768', null);
INSERT INTO `wemall_accessory` VALUES ('426406', '2016-04-06 17:03:59', '\0', 'jpg', '419', null, '7d21b214-81b0-49b1-a2a1-aefb541dcd63.jpg', 'upload/store/1/2016/04/06', '0', '426', '1', '32768', null);
INSERT INTO `wemall_accessory` VALUES ('426407', '2016-04-06 17:04:02', '\0', 'jpg', '416', null, '0e893b75-c615-4665-b929-90d825976151.jpg', 'upload/store/1/2016/04/06', '0', '413', '1', '32768', null);
INSERT INTO `wemall_accessory` VALUES ('426408', '2016-04-06 17:13:19', '\0', 'jpg', '417', null, '33de2d44-8c47-499f-aabc-7367b330b801.jpg', 'upload/store/1/2016/04/06', '0', '413', '1', '32768', null);
INSERT INTO `wemall_accessory` VALUES ('426409', '2016-04-06 17:13:23', '\0', 'jpg', '417', null, 'cf391a5e-a9c3-4cc6-894b-54e376a3385b.jpg', 'upload/store/1/2016/04/06', '0', '423', '1', '32768', null);
INSERT INTO `wemall_accessory` VALUES ('426410', '2016-04-06 17:13:26', '\0', 'jpg', '418', null, '807650c3-c617-48be-a3b0-2ca6cfbc6f58.jpg', 'upload/store/1/2016/04/06', '0', '415', '1', '32768', null);
INSERT INTO `wemall_accessory` VALUES ('426415', '2016-04-06 17:20:26', '\0', 'jpg', '420', null, '707f0bde-c7e6-47ed-880e-45029af157b0.jpg', 'upload/store/1/2016/04/06', '0', '417', '1', '32768', null);
INSERT INTO `wemall_accessory` VALUES ('426416', '2016-04-06 17:20:30', '\0', 'jpg', '417', null, 'ace1b85e-12da-447c-b97b-b5f6e5f86317.jpg', 'upload/store/1/2016/04/06', '0', '414', '1', '32768', null);
INSERT INTO `wemall_accessory` VALUES ('426417', '2016-04-06 17:20:33', '\0', 'jpg', '418', null, '89a0aed5-0b60-4c61-8d7d-d84ee0bd6d75.jpg', 'upload/store/1/2016/04/06', '0', '414', '1', '32768', null);
INSERT INTO `wemall_accessory` VALUES ('426418', '2016-04-06 17:23:03', '\0', 'jpg', '422', null, '8bf9e3e0-9c52-40e7-a856-6580c667096e.jpg', 'upload/store/1/2016/04/06', '0', '417', '1', '32768', null);
INSERT INTO `wemall_accessory` VALUES ('426419', '2016-04-06 17:23:06', '\0', 'jpg', '416', null, '6bd87c04-9b0e-4238-9dd2-c373784a3b25.jpg', 'upload/store/1/2016/04/06', '0', '418', '1', '32768', null);
INSERT INTO `wemall_accessory` VALUES ('426420', '2016-04-06 17:23:09', '\0', 'jpg', '416', null, 'a4cb22b9-a295-471e-887f-935483f844ba.jpg', 'upload/store/1/2016/04/06', '0', '417', '1', '32768', null);
INSERT INTO `wemall_accessory` VALUES ('426421', '2016-04-06 17:23:15', '\0', 'jpg', '995', null, '55a3bf35-b6fe-4fa9-9e9a-22cf9ea2eb55.jpg', 'upload/store/1/2016/04/06', '0', '790', '1', '32768', null);
INSERT INTO `wemall_accessory` VALUES ('426422', '2016-04-06 17:25:32', '\0', 'jpg', '419', null, '01cc160d-9779-4e73-8c95-71429cd2c38c.jpg', 'upload/store/1/2016/04/06', '0', '418', '1', '32768', null);
INSERT INTO `wemall_accessory` VALUES ('426423', '2016-04-06 17:26:22', '\0', 'jpg', '419', null, '1117e51e-9198-46b0-b5ed-b33b699687e9.jpg', 'upload/store/1/2016/04/06', '0', '412', '1', '32768', null);
INSERT INTO `wemall_accessory` VALUES ('426424', '2016-04-06 17:29:36', '\0', 'jpg', '419', null, '7e25a851-b21f-4130-8898-aea44f1e39fa.jpg', 'upload/store/1/2016/04/06', '0', '410', '1', '32768', null);
INSERT INTO `wemall_accessory` VALUES ('426425', '2016-04-06 17:36:39', '\0', 'jpg', '423', null, 'a5c57635-3a35-4a01-898f-57c158d6d229.jpg', 'upload/store/1/2016/04/06', '0', '418', '1', '32768', null);
INSERT INTO `wemall_accessory` VALUES ('426426', '2016-04-06 17:36:42', '\0', 'jpg', '422', null, '773b8a97-5a9a-44d2-8489-704b00dcde09.jpg', 'upload/store/1/2016/04/06', '0', '414', '1', '32768', null);
INSERT INTO `wemall_accessory` VALUES ('426427', '2016-04-06 17:36:44', '\0', 'jpg', '420', null, '1d2cdcc4-2f36-4233-be4f-f5bf8054e63c.jpg', 'upload/store/1/2016/04/06', '0', '417', '1', '32768', null);
INSERT INTO `wemall_accessory` VALUES ('426428', '2016-04-06 18:07:36', '\0', 'jpg', '421', null, '8ff57afe-41bc-46a6-bcde-6a1bb9f0683e.jpg', 'upload/store/1/2016/04/06', '0', '433', '1', '32768', null);
INSERT INTO `wemall_accessory` VALUES ('426429', '2016-04-06 18:07:39', '\0', 'jpg', '425', null, '26a5dd22-c40d-47f7-a04a-4e2ed48bdc66.jpg', 'upload/store/1/2016/04/06', '0', '416', '1', '32768', null);
INSERT INTO `wemall_accessory` VALUES ('426430', '2016-04-06 18:07:43', '\0', 'jpg', '420', null, 'b4715c15-33f7-4434-983f-e067dc9cc88e.jpg', 'upload/store/1/2016/04/06', '0', '425', '1', '32768', null);
INSERT INTO `wemall_accessory` VALUES ('426431', '2016-04-06 18:07:46', '\0', 'jpg', '416', null, 'c76f8067-dd18-44ec-aa9e-49c3213f596d.jpg', 'upload/store/1/2016/04/06', '0', '425', '1', '32768', null);
INSERT INTO `wemall_accessory` VALUES ('426432', '2016-04-06 18:10:43', '\0', 'jpg', '401', null, 'a794ce73-9cfa-421b-8425-ee65c1cb17a5.jpg', 'upload/store/1/2016/04/06', '0', '394', '1', '32768', null);
INSERT INTO `wemall_accessory` VALUES ('426433', '2016-04-06 18:10:46', '\0', 'jpg', '434', null, '1dc4f50a-20bf-40ab-9d19-a9540a20be2e.jpg', 'upload/store/1/2016/04/06', '0', '394', '1', '32768', null);
INSERT INTO `wemall_accessory` VALUES ('426434', '2016-04-06 18:10:49', '\0', 'jpg', '421', null, '5f293f93-4ad9-42b6-84e9-22add3c26c3e.jpg', 'upload/store/1/2016/04/06', '0', '416', '1', '32768', null);
INSERT INTO `wemall_accessory` VALUES ('426436', '2016-04-06 18:14:00', '\0', 'jpg', '418', null, '5806b379-d18b-4c8d-8027-181300e03105.jpg', 'upload/store/1/2016/04/06', '0', '418', '1', '32768', null);
INSERT INTO `wemall_accessory` VALUES ('426437', '2016-04-06 18:14:03', '\0', 'jpg', '415', null, '418c49dd-6184-413f-b7eb-2a78a2c6fe40.jpg', 'upload/store/1/2016/04/06', '0', '416', '1', '32768', null);
INSERT INTO `wemall_accessory` VALUES ('426438', '2016-04-06 18:14:05', '\0', 'jpg', '415', null, 'f9354154-950f-4cc9-a0d4-60868dca99b4.jpg', 'upload/store/1/2016/04/06', '0', '416', '1', '32768', null);
INSERT INTO `wemall_accessory` VALUES ('426439', '2016-04-06 18:14:08', '\0', 'jpg', '418', null, 'fbe68f31-2bd9-4d9f-8398-9ccea77fb1f5.jpg', 'upload/store/1/2016/04/06', '0', '415', '1', '32768', null);
INSERT INTO `wemall_accessory` VALUES ('426440', '2016-04-06 18:16:59', '\0', 'jpg', '417', null, '857228fa-a0a8-4e12-9859-bfb19655f2a1.jpg', 'upload/store/1/2016/04/06', '0', '420', '1', '32768', null);
INSERT INTO `wemall_accessory` VALUES ('426441', '2016-04-06 18:17:02', '\0', 'jpg', '419', null, 'fa30ece5-6b4a-4dba-883a-858c76a41a6f.jpg', 'upload/store/1/2016/04/06', '0', '417', '1', '32768', null);
INSERT INTO `wemall_accessory` VALUES ('426442', '2016-04-06 18:17:05', '\0', 'jpg', '421', null, 'bd9e45c6-937f-419c-bec2-9dd2fd7b0e47.jpg', 'upload/store/1/2016/04/06', '0', '414', '1', '32768', null);
INSERT INTO `wemall_accessory` VALUES ('426443', '2016-04-06 18:17:08', '\0', 'jpg', '418', null, '0930faec-4aa8-4320-adc4-1ec8905cee2f.jpg', 'upload/store/1/2016/04/06', '0', '410', '1', '32768', null);
INSERT INTO `wemall_accessory` VALUES ('426444', '2016-04-06 18:19:52', '\0', 'jpg', '415', null, '65b46d4f-65e0-42bc-ba4c-83878e42305c.jpg', 'upload/store/1/2016/04/06', '0', '415', '1', '32768', null);
INSERT INTO `wemall_accessory` VALUES ('426445', '2016-04-06 18:19:56', '\0', 'jpg', '417', null, '9c58931f-0351-4887-b0f9-29baeb9082b9.jpg', 'upload/store/1/2016/04/06', '0', '414', '1', '32768', null);
INSERT INTO `wemall_accessory` VALUES ('426446', '2016-04-06 18:19:59', '\0', 'jpg', '418', null, '306d8f70-2c3e-4228-a4e2-8e71a2010c36.jpg', 'upload/store/1/2016/04/06', '0', '418', '1', '32768', null);
INSERT INTO `wemall_accessory` VALUES ('426447', '2016-04-06 18:22:37', '\0', 'png', '400', null, 'e935d19c-bfe3-4f81-a84a-55a99916f787.png', 'upload/store/1/2016/04/06', '0', '400', '1', '32768', null);
INSERT INTO `wemall_accessory` VALUES ('426448', '2016-04-06 18:22:42', '\0', 'png', '399', null, '83293942-6aaa-45c3-a27b-772ea17661a0.png', 'upload/store/1/2016/04/06', '0', '399', '1', '32768', null);
INSERT INTO `wemall_accessory` VALUES ('426449', '2016-04-06 18:22:47', '\0', 'png', '401', null, '0c2d16c6-2f15-46c4-ac4f-986bbb2b70e6.png', 'upload/store/1/2016/04/06', '0', '400', '1', '32768', null);
INSERT INTO `wemall_accessory` VALUES ('426450', '2016-04-06 18:25:22', '\0', 'jpg', '398', null, '1572d08b-1404-449f-a746-0336612f15a9.jpg', 'upload/store/1/2016/04/06', '0', '401', '1', '32768', null);
INSERT INTO `wemall_accessory` VALUES ('426451', '2016-04-06 18:25:25', '\0', 'jpg', '399', null, '62185be5-21da-4914-a0ab-54b182cad8bc.jpg', 'upload/store/1/2016/04/06', '0', '400', '1', '32768', null);
INSERT INTO `wemall_accessory` VALUES ('426452', '2016-04-06 18:25:29', '\0', 'jpg', '400', null, '54f4adbc-f2dd-4b7d-89f1-9733163a4f58.jpg', 'upload/store/1/2016/04/06', '0', '397', '1', '32768', null);
INSERT INTO `wemall_accessory` VALUES ('426453', '2016-04-06 18:28:14', '\0', 'png', '420', null, '364bef0c-53e0-4b6a-8ca5-e6850436d176.png', 'upload/store/1/2016/04/06', '0', '417', '1', '32768', null);
INSERT INTO `wemall_accessory` VALUES ('426454', '2016-04-06 18:28:19', '\0', 'png', '420', null, '06a6fd28-d373-46e7-842e-96a314230ddb.png', 'upload/store/1/2016/04/06', '0', '418', '1', '32768', null);
INSERT INTO `wemall_accessory` VALUES ('426455', '2016-04-06 18:28:31', '\0', 'png', '418', null, '99fccbf1-fee0-4680-b89e-f40e10c3744c.png', 'upload/store/1/2016/04/06', '0', '418', '1', '32768', null);
INSERT INTO `wemall_accessory` VALUES ('426456', '2016-04-06 18:30:23', '\0', 'png', '573', null, 'd68c32e0-e778-448c-a306-b1f97adbadbb.png', 'upload/store/1/2016/04/06', '0', '416', '1', '32768', null);
INSERT INTO `wemall_accessory` VALUES ('426457', '2016-04-06 18:30:34', '\0', 'png', '576', null, '0552f906-c0a5-415f-b682-2f875f2a1a88.png', 'upload/store/1/2016/04/06', '0', '621', '1', '32768', null);
INSERT INTO `wemall_accessory` VALUES ('426458', '2016-04-06 18:30:43', '\0', 'png', '577', null, 'f09e050b-2c10-4580-8e1d-bca92895c100.png', 'upload/store/1/2016/04/06', '0', '624', '1', '32768', null);
INSERT INTO `wemall_accessory` VALUES ('426459', '2016-04-06 18:30:55', '\0', 'png', '572', null, '165262a1-d27d-40fe-8091-0fe22d0ed018.png', 'upload/store/1/2016/04/06', '0', '617', '1', '32768', null);
INSERT INTO `wemall_accessory` VALUES ('426460', '2016-04-06 18:33:22', '\0', 'jpg', '418', null, 'ed7600d6-62cb-48d5-b971-6884f2b2203c.jpg', 'upload/store/1/2016/04/06', '0', '415', '1', '32768', null);
INSERT INTO `wemall_accessory` VALUES ('426461', '2016-04-06 18:33:25', '\0', 'jpg', '418', null, 'ae8965a3-3167-481e-8c9f-28ac9483cbf4.jpg', 'upload/store/1/2016/04/06', '0', '418', '1', '32768', null);
INSERT INTO `wemall_accessory` VALUES ('426462', '2016-04-06 18:33:28', '\0', 'jpg', '416', null, '76a9174a-5812-473a-a916-d844254eef0a.jpg', 'upload/store/1/2016/04/06', '0', '417', '1', '32768', null);
INSERT INTO `wemall_accessory` VALUES ('426463', '2016-04-06 18:33:32', '\0', 'jpg', '418', null, '2f19ae26-de08-457a-b751-5b7e56da3d84.jpg', 'upload/store/1/2016/04/06', '0', '418', '1', '32768', null);
INSERT INTO `wemall_accessory` VALUES ('426464', '2016-04-06 18:36:20', '\0', 'png', '425', null, '4d62c55d-217d-47ea-b2a2-174082b9de7f.png', 'upload/store/1/2016/04/06', '0', '424', '1', '32768', null);
INSERT INTO `wemall_accessory` VALUES ('426465', '2016-04-06 18:36:25', '\0', 'png', '399', null, '46e1d2fb-6098-403d-8094-bdbd24ea01d0.png', 'upload/store/1/2016/04/06', '0', '397', '1', '32768', null);
INSERT INTO `wemall_accessory` VALUES ('426466', '2016-04-06 18:36:29', '\0', 'png', '401', null, '513a11c4-827c-41a7-b2d4-adb2eab494ce.png', 'upload/store/1/2016/04/06', '0', '397', '1', '32768', null);
INSERT INTO `wemall_accessory` VALUES ('426467', '2016-04-06 18:36:33', '\0', 'png', '398', null, '5c898aa0-6413-4419-91b9-e8caaec2c80c.png', 'upload/store/1/2016/04/06', '0', '397', '1', '32768', null);
INSERT INTO `wemall_accessory` VALUES ('426468', '2016-04-06 18:38:44', '\0', 'png', '419', null, '127aa77f-1cdb-4339-9a62-0d220079c2ae.png', 'upload/store/1/2016/04/06', '0', '426', '1', '32768', null);
INSERT INTO `wemall_accessory` VALUES ('426469', '2016-04-06 18:38:47', '\0', 'png', '424', null, 'e9610944-62c8-4c8e-b3bc-290c3b7b20a8.png', 'upload/store/1/2016/04/06', '0', '430', '1', '32768', null);
INSERT INTO `wemall_accessory` VALUES ('426470', '2016-04-06 18:38:50', '\0', 'png', '425', null, '390add0b-13bd-4388-b600-be6b8d1edacc.png', 'upload/store/1/2016/04/06', '0', '420', '1', '32768', null);
INSERT INTO `wemall_accessory` VALUES ('426471', '2016-04-06 18:40:43', '\0', 'png', '418', null, '2716d0c7-3e8f-4404-a182-4a1b70a63f13.png', 'upload/store/1/2016/04/06', '0', '413', '1', '32768', null);
INSERT INTO `wemall_accessory` VALUES ('426472', '2016-04-06 18:40:46', '\0', 'png', '418', null, '26985b15-5203-455f-adf4-aa5783a4f90d.png', 'upload/store/1/2016/04/06', '0', '421', '1', '32768', null);
INSERT INTO `wemall_accessory` VALUES ('426473', '2016-04-06 18:40:49', '\0', 'png', '418', null, '0b90a9f8-7c99-487b-bea5-641aeb7b80cc.png', 'upload/store/1/2016/04/06', '0', '398', '1', '32768', null);
INSERT INTO `wemall_accessory` VALUES ('426474', '2016-04-06 19:38:48', '\0', 'png', '421', null, 'a683585b-3307-4a77-a54d-98f18b05560d.png', 'upload/store/1/2016/04/06', '0', '423', '1', '32768', null);
INSERT INTO `wemall_accessory` VALUES ('426475', '2016-04-06 19:38:51', '\0', 'png', '424', null, 'b6834b89-a96c-4d51-8569-82d25ff5b6bc.png', 'upload/store/1/2016/04/06', '0', '427', '1', '32768', null);
INSERT INTO `wemall_accessory` VALUES ('426476', '2016-04-06 19:38:55', '\0', 'png', '414', null, '1ea51943-69e4-4905-a698-511bbe94dd22.png', 'upload/store/1/2016/04/06', '0', '412', '1', '32768', null);
INSERT INTO `wemall_accessory` VALUES ('426477', '2016-04-06 19:41:44', '\0', 'png', '401', null, '91666991-2921-455c-85fc-58a729cc1124.png', 'upload/store/1/2016/04/06', '0', '396', '1', '32768', null);
INSERT INTO `wemall_accessory` VALUES ('426478', '2016-04-06 19:41:51', '\0', 'png', '401', null, 'dc85e296-4515-421c-95dc-d3e3cbad064c.png', 'upload/store/1/2016/04/06', '0', '399', '1', '32768', null);
INSERT INTO `wemall_accessory` VALUES ('426479', '2016-04-06 19:42:02', '\0', 'png', '567', null, '74700f7b-dee1-45a4-8c4e-648df9034028.png', 'upload/store/1/2016/04/06', '0', '620', '1', '32768', null);
INSERT INTO `wemall_accessory` VALUES ('426480', '2016-04-06 19:47:29', '\0', 'png', '427', null, '157c4f13-47be-40e4-8b6c-8f48cd24e59d.png', 'upload/store/1/2016/04/06', '0', '433', '1', '32768', null);
INSERT INTO `wemall_accessory` VALUES ('426481', '2016-04-06 19:47:36', '\0', 'png', '420', null, '2caf9897-8246-47bd-a166-085c93260d7e.png', 'upload/store/1/2016/04/06', '0', '416', '1', '32768', null);
INSERT INTO `wemall_accessory` VALUES ('426482', '2016-04-06 19:47:47', '\0', 'png', '416', null, 'a791d3af-0446-42e6-a61d-aa369df6f066.png', 'upload/store/1/2016/04/06', '0', '420', '1', '32768', null);
INSERT INTO `wemall_accessory` VALUES ('426484', '2016-04-06 19:52:02', '\0', 'png', '424', null, '1391c6cd-33f5-4426-84f6-7a2de2c2d355.png', 'upload/store/1/2016/04/06', '0', '426', '1', '32768', null);
INSERT INTO `wemall_accessory` VALUES ('426485', '2016-04-06 19:52:07', '\0', 'png', '424', null, '75397acd-0a29-4559-90c9-42f4a7a2f430.png', 'upload/store/1/2016/04/06', '0', '421', '1', '32768', null);
INSERT INTO `wemall_accessory` VALUES ('426486', '2016-04-06 19:52:10', '\0', 'png', '421', null, 'b1586406-7742-4f53-9303-666d43b92796.png', 'upload/store/1/2016/04/06', '0', '419', '1', '32768', null);
INSERT INTO `wemall_accessory` VALUES ('426487', '2016-04-06 19:53:58', '\0', 'jpg', '667', null, 'c85d1377-b8cc-49db-9cb5-4406f2875327.jpg', 'upload/store/1/2016/04/06', '0', '718', '1', '32768', null);
INSERT INTO `wemall_accessory` VALUES ('426488', '2016-04-06 19:54:02', '\0', 'jpg', '636', null, 'a4276cf4-9a10-4202-8daa-6dca9c0f1266.jpg', 'upload/store/1/2016/04/06', '0', '721', '1', '32768', null);
INSERT INTO `wemall_accessory` VALUES ('426489', '2016-04-06 19:54:05', '\0', 'jpg', '636', null, '8a8aea32-daf6-487f-886d-30c894392cf8.jpg', 'upload/store/1/2016/04/06', '0', '716', '1', '32768', null);
INSERT INTO `wemall_accessory` VALUES ('426490', '2016-04-06 19:56:13', '\0', 'png', '422', null, '830c6898-509c-44da-8881-3e78bfdcad2c.png', 'upload/store/1/2016/04/06', '0', '419', '1', '32768', null);
INSERT INTO `wemall_accessory` VALUES ('426491', '2016-04-06 19:56:17', '\0', 'png', '421', null, '09176424-be56-4173-83fd-e829fc0eb1a8.png', 'upload/store/1/2016/04/06', '0', '417', '1', '32768', null);
INSERT INTO `wemall_accessory` VALUES ('426492', '2016-04-06 19:56:23', '\0', 'png', '421', null, '7ad137f3-4872-425f-8377-9176f672f68b.png', 'upload/store/1/2016/04/06', '0', '424', '1', '32768', null);
INSERT INTO `wemall_accessory` VALUES ('426493', '2016-04-06 19:56:29', '\0', 'png', '419', null, '3ae5de80-8f06-43c6-85eb-c4c087e5c871.png', 'upload/store/1/2016/04/06', '0', '416', '1', '32768', null);
INSERT INTO `wemall_accessory` VALUES ('426494', '2016-04-06 19:58:36', '\0', 'png', '419', null, 'fbf99c24-6aff-4d37-8a28-0860fb1244d7.png', 'upload/store/1/2016/04/06', '0', '421', '1', '32768', null);
INSERT INTO `wemall_accessory` VALUES ('426495', '2016-04-06 19:58:43', '\0', 'png', '421', null, '75b755d4-3243-4ef3-b70f-bdebebfe2c88.png', 'upload/store/1/2016/04/06', '0', '426', '1', '32768', null);
INSERT INTO `wemall_accessory` VALUES ('426496', '2016-04-06 19:58:53', '\0', 'png', '423', null, 'd34fcb72-2378-4493-a7ec-e4b8e66efe38.png', 'upload/store/1/2016/04/06', '0', '426', '1', '32768', null);
INSERT INTO `wemall_accessory` VALUES ('426497', '2016-04-06 19:59:02', '\0', 'png', '418', null, '6e4f47e4-f074-4d1c-81f6-a8ab810ad356.png', 'upload/store/1/2016/04/06', '0', '415', '1', '32768', null);

-- ----------------------------
-- Table structure for wemall_activity
-- ----------------------------
DROP TABLE IF EXISTS `wemall_activity`;
CREATE TABLE `wemall_activity` (
  `id` bigint(20) NOT NULL AUTO_INCREMENT,
  `addTime` datetime DEFAULT NULL,
  `deleteStatus` bit(1) NOT NULL,
  `ac_begin_time` date DEFAULT NULL,
  `ac_content` longtext,
  `ac_end_time` date DEFAULT NULL,
  `ac_sequence` int(11) NOT NULL,
  `ac_status` int(11) NOT NULL,
  `ac_title` varchar(255) DEFAULT NULL,
  `ac_acc_id` bigint(20) DEFAULT NULL,
  `ac_rebate` decimal(3,2) DEFAULT NULL,
  PRIMARY KEY (`id`),
  KEY `FK11BFAD20D8BBB351` (`ac_acc_id`),
  CONSTRAINT `FK11BFAD20D8BBB351` FOREIGN KEY (`ac_acc_id`) REFERENCES `wemall_accessory` (`id`)
) ENGINE=InnoDB AUTO_INCREMENT=3 DEFAULT CHARSET=utf8;

-- ----------------------------
-- Records of wemall_activity
-- ----------------------------
INSERT INTO `wemall_activity` VALUES ('1', '2014-01-06 11:12:42', '\0', '2016-01-01', '', '2021-01-31', '1', '1', '版ヤ', '229376', '8.00');
INSERT INTO `wemall_activity` VALUES ('2', '2016-04-04 13:39:23', '\0', '2016-04-01', '', '2021-04-01', '2', '1', '瀹荤虫椿', '426309', '8.00');

-- ----------------------------
-- Table structure for wemall_activity_goods
-- ----------------------------
DROP TABLE IF EXISTS `wemall_activity_goods`;
CREATE TABLE `wemall_activity_goods` (
  `id` bigint(20) NOT NULL AUTO_INCREMENT,
  `addTime` datetime DEFAULT NULL,
  `deleteStatus` bit(1) NOT NULL,
  `ag_status` int(11) NOT NULL,
  `act_id` bigint(20) DEFAULT NULL,
  `ag_admin_id` bigint(20) DEFAULT NULL,
  `ag_goods_id` bigint(20) DEFAULT NULL,
  `ag_price` decimal(12,2) DEFAULT NULL,
  PRIMARY KEY (`id`),
  KEY `FKA9F9A5DDA6BB88F7` (`ag_admin_id`),
  KEY `FKA9F9A5DD60FB2C1F` (`act_id`),
  KEY `FKA9F9A5DDED2E89CB` (`ag_goods_id`),
  CONSTRAINT `FKA9F9A5DD60FB2C1F` FOREIGN KEY (`act_id`) REFERENCES `wemall_activity` (`id`),
  CONSTRAINT `FKA9F9A5DDA6BB88F7` FOREIGN KEY (`ag_admin_id`) REFERENCES `wemall_user` (`id`),
  CONSTRAINT `FKA9F9A5DDED2E89CB` FOREIGN KEY (`ag_goods_id`) REFERENCES `wemall_goods` (`id`)
) ENGINE=InnoDB AUTO_INCREMENT=53 DEFAULT CHARSET=utf8;

-- ----------------------------
-- Records of wemall_activity_goods
-- ----------------------------
INSERT INTO `wemall_activity_goods` VALUES ('1', '2014-04-22 14:44:23', '\0', '0', '1', null, '98456', null);
INSERT INTO `wemall_activity_goods` VALUES ('2', '2014-04-22 14:44:23', '\0', '0', '1', null, '98455', null);
INSERT INTO `wemall_activity_goods` VALUES ('3', '2014-04-22 14:44:23', '\0', '0', '1', null, '98454', null);
INSERT INTO `wemall_activity_goods` VALUES ('4', '2014-04-22 14:44:23', '\0', '0', '1', null, '98453', null);
INSERT INTO `wemall_activity_goods` VALUES ('5', '2014-04-22 14:44:23', '\0', '0', '1', null, '98452', null);
INSERT INTO `wemall_activity_goods` VALUES ('6', '2014-04-22 14:44:23', '\0', '0', '1', null, '98451', null);
INSERT INTO `wemall_activity_goods` VALUES ('7', '2014-04-22 14:44:23', '\0', '0', '1', null, '98450', null);
INSERT INTO `wemall_activity_goods` VALUES ('8', '2014-04-22 14:44:23', '\0', '0', '1', null, '98449', null);
INSERT INTO `wemall_activity_goods` VALUES ('9', '2014-04-22 14:44:23', '\0', '0', '1', null, '98448', null);
INSERT INTO `wemall_activity_goods` VALUES ('10', '2014-04-22 14:44:23', '\0', '0', '1', null, '98447', null);
INSERT INTO `wemall_activity_goods` VALUES ('11', '2014-04-22 14:44:23', '\0', '0', '1', null, '98446', null);
INSERT INTO `wemall_activity_goods` VALUES ('12', '2014-04-22 14:44:23', '\0', '0', '1', null, '98445', null);
INSERT INTO `wemall_activity_goods` VALUES ('13', '2014-04-22 14:44:23', '\0', '0', '1', null, '98444', null);
INSERT INTO `wemall_activity_goods` VALUES ('14', '2014-04-22 14:44:23', '\0', '0', '1', null, '98443', null);
INSERT INTO `wemall_activity_goods` VALUES ('15', '2014-04-22 14:44:23', '\0', '0', '1', null, '98442', null);
INSERT INTO `wemall_activity_goods` VALUES ('16', '2014-04-22 14:44:23', '\0', '0', '1', null, '98441', null);
INSERT INTO `wemall_activity_goods` VALUES ('17', '2014-04-22 14:44:23', '\0', '0', '1', null, '98440', null);
INSERT INTO `wemall_activity_goods` VALUES ('18', '2014-04-22 14:44:23', '\0', '0', '1', null, '98439', null);
INSERT INTO `wemall_activity_goods` VALUES ('19', '2014-04-22 14:44:24', '\0', '0', '1', null, '98438', null);
INSERT INTO `wemall_activity_goods` VALUES ('20', '2014-04-22 14:44:24', '\0', '0', '1', null, '98437', null);
INSERT INTO `wemall_activity_goods` VALUES ('21', '2014-04-22 14:44:24', '\0', '0', '1', null, '98436', null);
INSERT INTO `wemall_activity_goods` VALUES ('22', '2014-04-22 14:44:24', '\0', '0', '1', null, '98435', null);
INSERT INTO `wemall_activity_goods` VALUES ('23', '2014-04-22 14:44:24', '\0', '0', '1', null, '98434', null);
INSERT INTO `wemall_activity_goods` VALUES ('24', '2014-04-22 14:44:24', '\0', '0', '1', null, '98433', null);
INSERT INTO `wemall_activity_goods` VALUES ('25', '2014-04-22 14:44:24', '\0', '0', '1', null, '98432', null);
INSERT INTO `wemall_activity_goods` VALUES ('26', '2014-04-22 14:44:24', '\0', '0', '1', null, '98431', null);
INSERT INTO `wemall_activity_goods` VALUES ('27', '2014-04-22 14:44:24', '\0', '0', '1', null, '98430', null);
INSERT INTO `wemall_activity_goods` VALUES ('28', '2014-04-22 14:44:24', '\0', '1', '1', null, '98429', '4523.00');
INSERT INTO `wemall_activity_goods` VALUES ('29', '2014-04-22 14:44:24', '\0', '1', '1', null, '98428', '49.00');
INSERT INTO `wemall_activity_goods` VALUES ('30', '2014-04-22 14:44:24', '\0', '1', '1', null, '98427', '48.00');
INSERT INTO `wemall_activity_goods` VALUES ('31', '2014-04-22 14:44:24', '\0', '1', '1', null, '98426', '3890.00');
INSERT INTO `wemall_activity_goods` VALUES ('32', '2014-04-22 14:44:24', '\0', '1', '1', null, '98425', '6200.00');
INSERT INTO `wemall_activity_goods` VALUES ('33', '2014-04-22 14:44:24', '\0', '1', '1', null, '98424', '8600.00');
INSERT INTO `wemall_activity_goods` VALUES ('34', '2014-04-22 14:44:24', '\0', '1', '1', null, '98423', '4620.00');
INSERT INTO `wemall_activity_goods` VALUES ('35', '2014-04-22 14:44:24', '\0', '1', '1', null, '98422', '4200.00');
INSERT INTO `wemall_activity_goods` VALUES ('36', '2014-04-22 14:44:24', '\0', '1', '1', null, '98421', '3800.00');
INSERT INTO `wemall_activity_goods` VALUES ('37', '2014-04-22 14:44:24', '\0', '1', '1', null, '98420', '1102.00');
INSERT INTO `wemall_activity_goods` VALUES ('38', '2014-04-22 14:44:24', '\0', '1', '1', null, '98419', '688.00');
INSERT INTO `wemall_activity_goods` VALUES ('39', '2014-04-22 14:44:24', '\0', '1', '1', null, '98418', '389.00');
INSERT INTO `wemall_activity_goods` VALUES ('40', '2014-04-22 14:44:24', '\0', '1', '1', null, '98417', '1250.00');
INSERT INTO `wemall_activity_goods` VALUES ('41', '2014-04-22 14:44:24', '\0', '1', '1', null, '98416', '998.00');
INSERT INTO `wemall_activity_goods` VALUES ('42', '2014-04-22 14:44:24', '\0', '1', '1', null, '98415', '850.00');
INSERT INTO `wemall_activity_goods` VALUES ('43', '2014-04-22 14:44:24', '\0', '1', '1', null, '98414', '785.00');
INSERT INTO `wemall_activity_goods` VALUES ('44', '2014-04-22 14:44:24', '\0', '1', '1', null, '98413', '1230.00');
INSERT INTO `wemall_activity_goods` VALUES ('45', '2014-04-22 14:44:24', '\0', '1', '1', null, '98412', '796.00');
INSERT INTO `wemall_activity_goods` VALUES ('46', '2014-04-22 14:44:24', '\0', '0', '1', null, '98411', null);
INSERT INTO `wemall_activity_goods` VALUES ('47', '2014-04-22 14:44:24', '\0', '1', '1', null, '98410', '486.00');
INSERT INTO `wemall_activity_goods` VALUES ('48', '2014-04-22 14:44:24', '\0', '1', '1', null, '98409', '2500.00');
INSERT INTO `wemall_activity_goods` VALUES ('49', '2014-04-22 14:44:24', '\0', '1', '1', null, '98408', '580.00');
INSERT INTO `wemall_activity_goods` VALUES ('50', '2014-04-22 14:44:24', '\0', '1', '1', null, '98407', '4200.00');
INSERT INTO `wemall_activity_goods` VALUES ('51', '2014-04-22 14:44:24', '\0', '1', '1', null, '98406', '310.00');
INSERT INTO `wemall_activity_goods` VALUES ('52', '2014-04-22 14:44:24', '\0', '1', '1', null, '98405', '3200.00');

-- ----------------------------
-- Table structure for wemall_address
-- ----------------------------
DROP TABLE IF EXISTS `wemall_address`;
CREATE TABLE `wemall_address` (
  `id` bigint(20) NOT NULL AUTO_INCREMENT,
  `addTime` datetime DEFAULT NULL,
  `deleteStatus` bit(1) NOT NULL,
  `area_info` varchar(255) DEFAULT NULL,
  `mobile` varchar(255) DEFAULT NULL,
  `telephone` varchar(255) DEFAULT NULL,
  `trueName` varchar(255) DEFAULT NULL,
  `zip` varchar(255) DEFAULT NULL,
  `area_id` bigint(20) DEFAULT NULL,
  `user_id` bigint(20) DEFAULT NULL,
  PRIMARY KEY (`id`),
  KEY `FK9ABDBC3537B6C51` (`user_id`),
  KEY `FK9ABDBC32FB91D11` (`area_id`) USING BTREE,
  CONSTRAINT `FK9ABDBC32FB91D11` FOREIGN KEY (`area_id`) REFERENCES `wemall_area` (`id`),
  CONSTRAINT `FK9ABDBC3537B6C51` FOREIGN KEY (`user_id`) REFERENCES `wemall_user` (`id`)
) ENGINE=InnoDB AUTO_INCREMENT=32775 DEFAULT CHARSET=utf8;

-- ----------------------------
-- Records of wemall_address
-- ----------------------------
INSERT INTO `wemall_address` VALUES ('1', '2014-01-02 12:47:07', '\0', '村琛47峰村澶уA搴', '18310261753', '020-88888888', '寮', '110003', '4522489', '1');
INSERT INTO `wemall_address` VALUES ('32769', '2014-09-22 14:50:51', '\0', '榛瀵哄ぇ琛108', '', '010-98098172', '寮', '110000', '4521986', '1');
INSERT INTO `wemall_address` VALUES ('32770', '2014-09-22 15:02:33', '\0', '村琛47峰村澶уA搴1908', '15309882892', '', 'ㄨ', '110020', '4522489', '1');
INSERT INTO `wemall_address` VALUES ('32771', '2015-02-28 13:54:56', '\0', '21312', '213', '123', '1221', '213', '4522005', '32777');
INSERT INTO `wemall_address` VALUES ('32772', '2015-02-28 13:55:27', '\0', 'sdf', 'sdf', 'sdf', 'dfsd', 'sdf', '4522006', '32777');
INSERT INTO `wemall_address` VALUES ('32773', '2015-02-28 21:26:53', '\0', 'asfd', 'sdfd', 'sfd', 'dfas', 'dsf', '4521986', '32780');
INSERT INTO `wemall_address` VALUES ('32774', '2016-04-07 11:26:20', '\0', '缃杩澶ц', '18812344321', '', '惧杈', '110221', '4521987', '32769');

-- ----------------------------
-- Table structure for wemall_advert
-- ----------------------------
DROP TABLE IF EXISTS `wemall_advert`;
CREATE TABLE `wemall_advert` (
  `id` bigint(20) NOT NULL AUTO_INCREMENT,
  `addTime` datetime DEFAULT NULL,
  `deleteStatus` bit(1) NOT NULL,
  `ad_begin_time` date DEFAULT NULL,
  `ad_click_num` int(11) NOT NULL,
  `ad_end_time` date DEFAULT NULL,
  `ad_gold` int(11) NOT NULL,
  `ad_slide_sequence` int(11) NOT NULL,
  `ad_status` int(11) NOT NULL,
  `ad_text` varchar(255) DEFAULT NULL,
  `ad_title` varchar(255) DEFAULT NULL,
  `ad_url` varchar(255) DEFAULT NULL,
  `ad_acc_id` bigint(20) DEFAULT NULL,
  `ad_ap_id` bigint(20) DEFAULT NULL,
  `ad_user_id` bigint(20) DEFAULT NULL,
  PRIMARY KEY (`id`),
  KEY `FKCECB7A255A9A4C35` (`ad_user_id`) USING BTREE,
  KEY `FKCECB7A25296B4EE3` (`ad_ap_id`) USING BTREE,
  KEY `FKCECB7A25409CE030` (`ad_acc_id`) USING BTREE,
  CONSTRAINT `FKCECB7A25296B4EE3` FOREIGN KEY (`ad_ap_id`) REFERENCES `wemall_adv_pos` (`id`),
  CONSTRAINT `FKCECB7A25409CE030` FOREIGN KEY (`ad_acc_id`) REFERENCES `wemall_accessory` (`id`),
  CONSTRAINT `FKCECB7A255A9A4C35` FOREIGN KEY (`ad_user_id`) REFERENCES `wemall_user` (`id`)
) ENGINE=InnoDB AUTO_INCREMENT=262158 DEFAULT CHARSET=utf8;

-- ----------------------------
-- Records of wemall_advert
-- ----------------------------
INSERT INTO `wemall_advert` VALUES ('1', '2013-12-23 21:16:27', '\0', '2013-12-14', '3', '2022-12-31', '0', '0', '1', '', '棣椤靛够骞垮3', '#', '12', '1', '1');
INSERT INTO `wemall_advert` VALUES ('65536', '2013-12-17 17:13:15', '\0', '2013-12-16', '8', '2022-12-31', '0', '1', '1', '', '棣椤靛够剧1', '#1860415843952027#', '10', '1', '1');
INSERT INTO `wemall_advert` VALUES ('65537', '2013-12-17 17:16:37', '\0', '2013-12-15', '0', '2022-12-31', '0', '2', '1', '', '棣椤靛够剧2', '#', '11', '1', '1');
INSERT INTO `wemall_advert` VALUES ('131073', '2013-12-18 12:30:35', '\0', '2013-12-18', '4', '2022-12-31', '0', '0', '1', '', '棣椤垫ㄥ箍1', '#', '23', '32768', '1');
INSERT INTO `wemall_advert` VALUES ('163840', '2013-12-18 12:51:12', '\0', '2013-12-18', '3', '2022-12-31', '0', '0', '1', '', '棣椤垫ㄥ箍2', '#', '5', '32768', '1');
INSERT INTO `wemall_advert` VALUES ('163841', '2013-12-18 12:52:29', '\0', '2013-12-18', '2', '2022-12-31', '0', '0', '1', '', '棣椤垫ㄥ箍3', '#', '22', '32768', '1');
INSERT INTO `wemall_advert` VALUES ('163842', '2013-12-18 12:58:00', '\0', '2013-12-18', '3', '2022-12-31', '0', '0', '1', '', '棣椤垫ㄥ箍4', '#', '21', '32768', '1');
INSERT INTO `wemall_advert` VALUES ('163843', '2013-12-18 12:58:22', '\0', '2013-12-18', '5', '2022-12-31', '0', '0', '1', '', '棣椤垫ㄥ箍5', '#', '20', '32768', '1');
INSERT INTO `wemall_advert` VALUES ('163844', '2013-12-18 12:59:02', '\0', '2013-12-18', '0', '2022-12-31', '0', '0', '1', '', '棣椤垫ㄥ箍6', '#1860415843952027#', '19', '32768', '1');
INSERT INTO `wemall_advert` VALUES ('229376', '2013-12-19 12:02:39', '\0', '2013-12-18', '0', '2022-12-31', '0', '1', '1', '', '绉骞荤1', '#', '18', '229376', '1');
INSERT INTO `wemall_advert` VALUES ('229377', '2013-12-19 12:02:59', '\0', '2013-12-18', '0', '2022-12-31', '0', '2', '1', '', '绉骞荤2', '#', '17', '229376', '1');
INSERT INTO `wemall_advert` VALUES ('229378', '2013-12-19 12:03:31', '\0', '2013-12-18', '0', '2022-12-31', '0', '3', '1', '', '绉骞荤3', '#', '16', '229376', '1');
INSERT INTO `wemall_advert` VALUES ('229379', '2013-12-19 12:03:50', '\0', '2013-12-18', '0', '2022-12-31', '0', '4', '1', '', '绉骞荤4', '#1860415843952027#', '15', '229376', '1');
INSERT INTO `wemall_advert` VALUES ('262144', '2013-12-19 13:58:52', '\0', '2013-12-18', '2', '2022-12-31', '0', '4', '1', '', '棣椤靛够剧4', '#', '14', '1', '1');
INSERT INTO `wemall_advert` VALUES ('262145', '2013-12-19 14:00:54', '\0', '2013-12-17', '2', '2022-12-31', '0', '5', '1', '', '棣椤靛够骞垮5', '#', '13', '1', '1');
INSERT INTO `wemall_advert` VALUES ('262146', '2014-10-09 14:58:18', '\0', '2014-10-01', '0', '2022-12-31', '0', '1', '1', '', '茬疆涓婚〉骞荤骞垮1', '#', '426007', '262146', '1');
INSERT INTO `wemall_advert` VALUES ('262147', '2014-10-09 14:58:45', '\0', '2014-10-01', '0', '2022-12-31', '0', '2', '1', '', '茬疆涓婚〉骞荤骞垮2', '#', '426008', '262146', '1');
INSERT INTO `wemall_advert` VALUES ('262148', '2014-10-09 14:59:12', '\0', '2014-10-01', '0', '2022-12-31', '0', '3', '1', '', '茬疆涓婚〉骞荤骞垮3', '#', '426009', '262146', '1');
INSERT INTO `wemall_advert` VALUES ('262149', '2015-02-17 11:44:04', '\0', '2015-01-01', '1', '2024-12-31', '0', '0', '1', '', '棣椤垫ㄥ箍7', '#', '426067', '32768', '1');
INSERT INTO `wemall_advert` VALUES ('262150', '2015-02-17 11:44:32', '\0', '2015-01-01', '0', '2024-12-31', '0', '0', '1', '', '棣椤垫ㄥ箍8', '#', '426068', '32768', '1');
INSERT INTO `wemall_advert` VALUES ('262151', '2015-02-17 11:50:52', '\0', '2015-01-01', '0', '2024-12-31', '0', '0', '1', '', '棣椤垫ㄥ箍9', '#', '426069', '32768', '1');
INSERT INTO `wemall_advert` VALUES ('262152', '2015-02-17 11:51:15', '\0', '2015-01-31', '2', '2024-12-31', '0', '0', '1', '', '棣椤垫ㄥ箍10', '#', '426070', '32768', '1');
INSERT INTO `wemall_advert` VALUES ('262153', '2015-02-17 11:51:55', '\0', '2015-01-31', '0', '2024-12-31', '0', '0', '1', '', '棣椤垫ㄥ箍11', '#', '426071', '32768', '1');
INSERT INTO `wemall_advert` VALUES ('262154', '2015-02-17 11:52:13', '\0', '2015-01-31', '0', '2024-12-31', '0', '0', '1', '', '棣椤垫ㄥ箍12', '#', '426072', '32768', '1');
INSERT INTO `wemall_advert` VALUES ('262155', '2016-03-14 10:55:40', '\0', '2016-03-01', '0', '2026-03-31', '0', '1', '1', '', 'wap棣椤靛箍', '#1860415843952027#', '426305', '262157', '1');
INSERT INTO `wemall_advert` VALUES ('262156', '2016-03-14 10:56:12', '\0', '2016-03-01', '0', '2026-03-31', '0', '2', '1', '', 'wap棣椤靛箍2', '#', '426306', '262157', '1');
INSERT INTO `wemall_advert` VALUES ('262157', '2016-03-14 10:56:48', '\0', '2016-03-01', '0', '2026-03-31', '0', '3', '1', '', 'wap棣椤靛箍3', '#', '426307', '262157', '1');

-- ----------------------------
-- Table structure for wemall_adv_pos
-- ----------------------------
DROP TABLE IF EXISTS `wemall_adv_pos`;
CREATE TABLE `wemall_adv_pos` (
  `id` bigint(20) NOT NULL AUTO_INCREMENT,
  `addTime` datetime DEFAULT NULL,
  `deleteStatus` bit(1) NOT NULL,
  `ap_acc_url` varchar(255) DEFAULT NULL,
  `ap_code` longtext,
  `ap_content` longtext,
  `ap_height` int(11) NOT NULL,
  `ap_price` int(11) NOT NULL,
  `ap_sale_type` int(11) NOT NULL,
  `ap_show_type` int(11) NOT NULL,
  `ap_status` int(11) NOT NULL,
  `ap_sys_type` int(11) NOT NULL,
  `ap_text` varchar(255) DEFAULT NULL,
  `ap_title` varchar(255) DEFAULT NULL,
  `ap_type` varchar(255) DEFAULT NULL,
  `ap_use_status` int(11) NOT NULL,
  `ap_width` int(11) NOT NULL,
  `ap_acc_id` bigint(20) DEFAULT NULL,
  PRIMARY KEY (`id`),
  KEY `FKAA108971F2AFAA4` (`ap_acc_id`) USING BTREE,
  CONSTRAINT `FKAA108971F2AFAA4` FOREIGN KEY (`ap_acc_id`) REFERENCES `wemall_accessory` (`id`)
) ENGINE=InnoDB AUTO_INCREMENT=262158 DEFAULT CHARSET=utf8;

-- ----------------------------
-- Records of wemall_adv_pos
-- ----------------------------
INSERT INTO `wemall_adv_pos` VALUES ('1', '2013-12-17 12:31:22', '\0', '#', null, '棣椤靛够骞垮', '490', '3000', '0', '1', '1', '0', '', '棣椤靛够骞垮', 'indexslide', '0', '1200', '4');
INSERT INTO `wemall_adv_pos` VALUES ('2', '2014-02-25 14:57:28', '\0', '#1860415843952027#', null, '棣椤垫ゼ灞宸涓瑰骞垮1', '156', '200', '0', '0', '1', '1', '', '棣椤垫ゼ灞宸涓瑰骞垮1', 'img', '0', '156', '262145');
INSERT INTO `wemall_adv_pos` VALUES ('32768', '2013-12-17 13:40:48', '\0', '', null, '棣椤垫ㄥ箍', '131', '2800', '0', '1', '1', '0', '', '棣椤靛婊ㄥ箍', 'scroll', '0', '259', null);
INSERT INTO `wemall_adv_pos` VALUES ('32769', '2014-02-25 15:05:10', '\0', '#1860415843952027#', null, '棣椤垫ゼ灞宸涓瑰骞垮2', '156', '200', '0', '0', '1', '1', '', '棣椤垫ゼ灞宸涓瑰骞垮2', 'img', '0', '156', '294913');
INSERT INTO `wemall_adv_pos` VALUES ('32770', '2014-02-25 15:05:42', '\0', '#1860415843952027#', null, '棣椤垫ゼ灞宸涓瑰骞垮3', '156', '200', '0', '0', '1', '1', '', '棣椤垫ゼ灞宸涓瑰骞垮3', 'img', '0', '156', '294914');
INSERT INTO `wemall_adv_pos` VALUES ('65536', '2013-12-17 13:50:22', '\0', '#1860415843952027#', null, '棣椤靛ㄦí骞骞垮', '95', '1500', '0', '1', '1', '0', '', '棣椤靛ㄦí骞骞垮', 'img', '0', '1000', '6');
INSERT INTO `wemall_adv_pos` VALUES ('98304', '2013-12-17 14:51:11', '\0', '#1860415843952027#', '', '琛ㄩ〉宸渚у绫讳瑰骞垮', '200', '1000', '0', '1', '1', '1', '', '琛ㄩ〉宸渚у绫讳瑰骞垮', 'img', '0', '210', '7');
INSERT INTO `wemall_adv_pos` VALUES ('163840', '2013-12-17 18:38:58', '\0', '#1860415843952027#', null, '棣瑰ㄨ浜у涓规í骞骞垮浣', '100', '5000', '0', '1', '1', '1', '', '棣瑰ㄨ浜у涓规í骞骞垮浣', 'img', '0', '1000', '8');
INSERT INTO `wemall_adv_pos` VALUES ('229376', '2013-12-19 11:58:54', '\0', '#1860415843952027#', null, '绉棣椤靛够骞垮浣', '249', '3000', '0', '1', '1', '0', '', '绉棣椤靛够骞垮浣', 'slide', '0', '729', '9');
INSERT INTO `wemall_adv_pos` VALUES ('262144', '2013-12-19 12:53:37', '\0', '#1860415843952027#', null, '绉棣椤靛乏渚т瑰箍浣', '232', '1800', '0', '1', '1', '0', '', '绉棣椤靛乏渚т瑰箍浣', 'img', '0', '262', null);
INSERT INTO `wemall_adv_pos` VALUES ('262145', '2014-09-25 19:22:43', '\0', '#', null, '浠ョ逛环椤堕ㄥ箍浣', '60', '200', '0', '0', '1', '0', '', '澶╁ぉ逛环椤堕ㄥ箍浣', 'img', '0', '1200', '426006');
INSERT INTO `wemall_adv_pos` VALUES ('262146', '2014-10-09 14:36:34', '\0', '#1860415843952027#', null, '茬疆涓婚〉骞荤骞垮', '264', '100', '0', '0', '1', '0', '', '茬疆涓婚〉骞荤骞垮', 'slide', '1', '580', null);
INSERT INTO `wemall_adv_pos` VALUES ('262147', '2014-10-09 15:17:15', '\0', '#1860415843952027#', null, '茬疆涓婚〉椤堕ㄥ充瑙剧骞垮', '130', '100', '0', '0', '1', '0', '', '茬疆涓婚〉椤堕ㄥ充瑙剧骞垮', 'img', '0', '180', '426010');
INSERT INTO `wemall_adv_pos` VALUES ('262148', '2015-02-08 18:08:37', '\0', '#1860415843952027#', null, '棣椤甸《ㄥ充晶骞垮浣', '266', '3000', '0', '0', '1', '1', '', '棣椤甸《ㄥ充晶涓瑰哄骞垮浣', 'img', '0', '200', '426064');
INSERT INTO `wemall_adv_pos` VALUES ('262149', '2015-02-08 18:12:28', '\0', 'http://ww.baidu.com#1860415843952027#', null, '棣椤甸《ㄥ充晶涓规瑰哄骞垮浣', '266', '3000', '0', '0', '1', '0', '', '棣椤甸《ㄥ充晶涓规瑰哄骞垮浣', 'img', '0', '200', '426065');
INSERT INTO `wemall_adv_pos` VALUES ('262150', '2015-02-08 18:44:45', '\0', '#', null, '棣椤靛ㄨ涓瑰箍浣', '127', '2000', '0', '0', '1', '0', '', '棣椤靛ㄨ涓瑰箍浣', 'img', '0', '288', '426066');
INSERT INTO `wemall_adv_pos` VALUES ('262151', '2015-02-26 09:29:57', '\0', '#', null, '娲诲ㄩ《ㄥ充晶骞垮', '341', '600', '0', '1', '1', '0', '', '娲诲ㄩ《ㄥ充晶骞垮', 'img', '0', '200', '426073');
INSERT INTO `wemall_adv_pos` VALUES ('262152', '2015-02-26 10:02:58', '\0', '#1860415843952027#', null, '茬疆涓婚〉椤堕ㄥ充瑙剧骞垮', '130', '600', '0', '1', '1', '0', '', '茬疆涓婚〉椤堕ㄥ充瑙剧骞垮', 'img', '0', '180', '426074');
INSERT INTO `wemall_adv_pos` VALUES ('262153', '2015-02-26 10:07:50', '\0', '#1860415843952027#', null, '茬疆涓婚〉椤堕ㄥ乏涓瑙剧骞垮', '130', '600', '0', '0', '1', '0', '', '茬疆涓婚〉椤堕ㄥ乏涓瑙剧骞垮', 'img', '0', '180', '426075');
INSERT INTO `wemall_adv_pos` VALUES ('262154', '2015-02-26 10:12:38', '\0', '#1860415843952027#', null, '茬疆妤煎骞垮', '300', '600', '0', '1', '1', '0', '', '茬疆妤煎骞垮', 'img', '0', '220', '426076');
INSERT INTO `wemall_adv_pos` VALUES ('262155', '2015-02-28 09:53:52', '\0', '#1860415843952027#', null, '绉骞荤充晶骞垮', '248', '800', '0', '1', '1', '0', '', '绉骞荤充晶骞垮', 'img', '0', '197', '426077');
INSERT INTO `wemall_adv_pos` VALUES ('262156', '2015-02-28 10:01:27', '\0', '#1860415843952027#', null, '绉充瑙骞垮', '280', '600', '0', '0', '1', '0', '', '绉充瑙骞垮', 'img', '0', '262', '426078');
INSERT INTO `wemall_adv_pos` VALUES ('262157', '2016-03-14 10:50:34', '\0', '#', null, 'wap哄箍', '300', '100', '0', '1', '1', '0', '', 'wap棣椤slider', 'wapslide', '0', '640', '426304');

-- ----------------------------
-- Table structure for wemall_album
-- ----------------------------
DROP TABLE IF EXISTS `wemall_album`;
CREATE TABLE `wemall_album` (
  `id` bigint(20) NOT NULL AUTO_INCREMENT,
  `addTime` datetime DEFAULT NULL,
  `deleteStatus` bit(1) NOT NULL,
  `alblum_info` longtext,
  `album_default` bit(1) NOT NULL,
  `album_name` varchar(255) DEFAULT NULL,
  `album_sequence` int(11) NOT NULL,
  `album_cover_id` bigint(20) DEFAULT NULL,
  `user_id` bigint(20) DEFAULT NULL,
  PRIMARY KEY (`id`),
  KEY `FK2FF965FE537B6C51` (`user_id`),
  KEY `FK2FF965FE58AB9D6E` (`album_cover_id`),
  CONSTRAINT `FK2FF965FE537B6C51` FOREIGN KEY (`user_id`) REFERENCES `wemall_user` (`id`),
  CONSTRAINT `FK2FF965FE58AB9D6E` FOREIGN KEY (`album_cover_id`) REFERENCES `wemall_accessory` (`id`)
) ENGINE=InnoDB AUTO_INCREMENT=27 DEFAULT CHARSET=utf8;

-- ----------------------------
-- Records of wemall_album
-- ----------------------------
INSERT INTO `wemall_album` VALUES ('1', '2013-12-24 12:52:13', '\0', null, '', '榛璁ょ稿', '-10000', null, '32768');
INSERT INTO `wemall_album` VALUES ('2', '2014-09-25 11:20:36', '\0', null, '', '榛璁ょ稿', '-10000', null, '32769');
INSERT INTO `wemall_album` VALUES ('3', '2014-10-09 18:04:18', '\0', null, '', '榛璁ょ稿', '-10000', null, null);
INSERT INTO `wemall_album` VALUES ('4', '2014-10-10 09:54:11', '\0', null, '', '榛璁ょ稿', '-10000', null, null);
INSERT INTO `wemall_album` VALUES ('5', '2014-10-10 09:56:57', '\0', null, '', '榛璁ょ稿', '-10000', null, null);
INSERT INTO `wemall_album` VALUES ('6', '2014-10-29 14:13:43', '\0', null, '', '榛璁ょ稿', '-10000', null, '32770');
INSERT INTO `wemall_album` VALUES ('7', '2014-12-02 13:51:42', '\0', null, '', '榛璁ょ稿', '-10000', null, '32771');
INSERT INTO `wemall_album` VALUES ('8', '2014-12-02 15:06:17', '\0', null, '', '榛璁ょ稿', '-10000', null, '32772');
INSERT INTO `wemall_album` VALUES ('9', '2014-12-05 09:41:05', '\0', null, '', '榛璁ょ稿', '-10000', null, '32773');
INSERT INTO `wemall_album` VALUES ('10', '2014-12-05 10:07:59', '\0', null, '', '榛璁ょ稿', '-10000', null, '32774');
INSERT INTO `wemall_album` VALUES ('11', '2015-02-28 13:38:42', '\0', null, '', '榛璁ょ稿', '-10000', null, '32776');
INSERT INTO `wemall_album` VALUES ('12', '2015-02-28 13:54:01', '\0', null, '', '榛璁ょ稿', '-10000', null, '32777');
INSERT INTO `wemall_album` VALUES ('13', '2015-02-28 15:56:33', '\0', null, '', '榛璁ょ稿', '-10000', null, '32778');
INSERT INTO `wemall_album` VALUES ('14', '2015-02-28 16:35:51', '\0', null, '', '榛璁ょ稿', '-10000', null, '32779');
INSERT INTO `wemall_album` VALUES ('15', '2015-02-28 21:21:44', '\0', null, '', '榛璁ょ稿', '-10000', null, '32780');
INSERT INTO `wemall_album` VALUES ('16', '2015-03-01 00:04:28', '\0', null, '', '榛璁ょ稿', '-10000', null, '32781');
INSERT INTO `wemall_album` VALUES ('17', '2015-03-01 15:51:36', '\0', null, '', '榛璁ょ稿', '-10000', null, '32782');
INSERT INTO `wemall_album` VALUES ('18', '2015-03-01 16:13:53', '\0', null, '', '榛璁ょ稿', '-10000', null, '32783');
INSERT INTO `wemall_album` VALUES ('19', '2016-03-14 13:23:30', '\0', null, '', '榛璁ょ稿', '-10000', null, '32784');
INSERT INTO `wemall_album` VALUES ('20', '2016-03-15 14:49:47', '\0', null, '', '榛璁ょ稿', '-10000', null, '32785');
INSERT INTO `wemall_album` VALUES ('21', '2016-03-15 17:39:59', '\0', null, '', '榛璁ょ稿', '-10000', null, '32786');
INSERT INTO `wemall_album` VALUES ('22', '2016-04-01 17:59:47', '\0', null, '', '榛璁ょ稿', '-10000', null, '32787');
INSERT INTO `wemall_album` VALUES ('23', '2016-04-05 11:51:50', '\0', null, '', '榛璁ょ稿', '-10000', null, '32788');
INSERT INTO `wemall_album` VALUES ('24', '2016-04-05 11:57:32', '\0', null, '', '榛璁ょ稿', '-10000', null, '32789');
INSERT INTO `wemall_album` VALUES ('25', '2016-04-05 12:21:19', '\0', null, '', '榛璁ょ稿', '-10000', null, '32790');
INSERT INTO `wemall_album` VALUES ('26', '2016-04-05 12:21:57', '\0', null, '', '榛璁ょ稿', '-10000', null, '32791');

-- ----------------------------
-- Table structure for wemall_area
-- ----------------------------
DROP TABLE IF EXISTS `wemall_area`;
CREATE TABLE `wemall_area` (
  `id` bigint(20) NOT NULL AUTO_INCREMENT,
  `addTime` datetime DEFAULT NULL,
  `deleteStatus` bit(1) NOT NULL,
  `areaName` varchar(255) DEFAULT NULL,
  `level` int(11) NOT NULL,
  `sequence` int(11) NOT NULL,
  `parent_id` bigint(20) DEFAULT NULL,
  `common` bit(1) DEFAULT b'0',
  PRIMARY KEY (`id`),
  KEY `FK7D6B3B1ED79E13D4` (`parent_id`),
  CONSTRAINT `FK7D6B3B1ED79E13D4` FOREIGN KEY (`parent_id`) REFERENCES `wemall_area` (`id`)
) ENGINE=InnoDB AUTO_INCREMENT=4525504 DEFAULT CHARSET=utf8;

-- ----------------------------
-- Records of wemall_area
-- ----------------------------
INSERT INTO `wemall_area` VALUES ('4521984', '2013-07-30 15:37:33', '\0', '浜甯', '0', '0', null, '');
INSERT INTO `wemall_area` VALUES ('4521985', '2013-07-30 15:37:33', '\0', '浜甯', '1', '0', '4521984', '\0');
INSERT INTO `wemall_area` VALUES ('4521986', '2013-07-30 15:37:33', '\0', '涓', '2', '0', '4521985', '\0');
INSERT INTO `wemall_area` VALUES ('4521987', '2013-07-30 15:37:33', '\0', '瑗垮', '2', '0', '4521985', '\0');
INSERT INTO `wemall_area` VALUES ('4521988', '2013-07-30 15:37:33', '\0', '冲', '2', '0', '4521985', '\0');
INSERT INTO `wemall_area` VALUES ('4521989', '2013-07-30 15:37:33', '\0', '涓板板', '2', '0', '4521985', '\0');
INSERT INTO `wemall_area` VALUES ('4521990', '2013-07-30 15:37:33', '\0', '虫灞卞', '2', '0', '4521985', '\0');
INSERT INTO `wemall_area` VALUES ('4521991', '2013-07-30 15:37:33', '\0', '娴锋', '2', '0', '4521985', '\0');
INSERT INTO `wemall_area` VALUES ('4521992', '2013-07-30 15:37:33', '\0', 'ㄥご娌', '2', '0', '4521985', '\0');
INSERT INTO `wemall_area` VALUES ('4521993', '2013-07-30 15:37:33', '\0', '垮北', '2', '0', '4521985', '\0');
INSERT INTO `wemall_area` VALUES ('4521994', '2013-07-30 15:37:33', '\0', '宸', '2', '0', '4521985', '\0');
INSERT INTO `wemall_area` VALUES ('4521995', '2013-07-30 15:37:33', '\0', '椤轰', '2', '0', '4521985', '\0');
INSERT INTO `wemall_area` VALUES ('4521996', '2013-07-30 15:37:33', '\0', '骞冲', '2', '0', '4521985', '\0');
INSERT INTO `wemall_area` VALUES ('4521997', '2013-07-30 15:37:33', '\0', '澶у村', '2', '0', '4521985', '\0');
INSERT INTO `wemall_area` VALUES ('4521998', '2013-07-30 15:37:33', '\0', '', '2', '0', '4521985', '\0');
INSERT INTO `wemall_area` VALUES ('4521999', '2013-07-30 15:37:33', '\0', '骞宠胺', '2', '0', '4521985', '\0');
INSERT INTO `wemall_area` VALUES ('4522001', '2013-07-30 15:37:33', '\0', '瀵浜', '2', '0', '4521985', '\0');
INSERT INTO `wemall_area` VALUES ('4522002', '2013-07-30 15:37:33', '\0', '寤跺', '2', '0', '4521985', '\0');
INSERT INTO `wemall_area` VALUES ('4522003', '2013-07-30 15:37:33', '\0', '澶╂触甯', '0', '0', null, '');
INSERT INTO `wemall_area` VALUES ('4522004', '2013-07-30 15:37:33', '\0', '澶╂触甯', '1', '0', '4522003', '\0');
INSERT INTO `wemall_area` VALUES ('4522005', '2013-07-30 15:37:33', '\0', '骞冲', '2', '0', '4522004', '\0');
INSERT INTO `wemall_area` VALUES ('4522006', '2013-07-30 15:37:33', '\0', '娌充', '2', '0', '4522004', '\0');
INSERT INTO `wemall_area` VALUES ('4522007', '2013-07-30 15:37:33', '\0', '娌宠タ', '2', '0', '4522004', '\0');
INSERT INTO `wemall_area` VALUES ('4522008', '2013-07-30 15:37:34', '\0', '寮', '2', '0', '4522004', '\0');
INSERT INTO `wemall_area` VALUES ('4522009', '2013-07-30 15:37:34', '\0', '娌冲', '2', '0', '4522004', '\0');
INSERT INTO `wemall_area` VALUES ('4522010', '2013-07-30 15:37:34', '\0', '绾㈡ˉ', '2', '0', '4522004', '\0');
INSERT INTO `wemall_area` VALUES ('4522011', '2013-07-30 15:37:34', '\0', '涓涓藉', '2', '0', '4522004', '\0');
INSERT INTO `wemall_area` VALUES ('4522012', '2013-07-30 15:37:34', '\0', '瑗块', '2', '0', '4522004', '\0');
INSERT INTO `wemall_area` VALUES ('4522013', '2013-07-30 15:37:34', '\0', '娲ュ', '2', '0', '4522004', '\0');
INSERT INTO `wemall_area` VALUES ('4522014', '2013-07-30 15:37:34', '\0', '杈板', '2', '0', '4522004', '\0');
INSERT INTO `wemall_area` VALUES ('4522015', '2013-07-30 15:37:34', '\0', '姝娓', '2', '0', '4522004', '\0');
INSERT INTO `wemall_area` VALUES ('4522016', '2013-07-30 15:37:34', '\0', '瀹诲', '2', '0', '4522004', '\0');
INSERT INTO `wemall_area` VALUES ('4522017', '2013-07-30 15:37:34', '\0', '婊ㄦ捣板', '2', '0', '4522004', '\0');
INSERT INTO `wemall_area` VALUES ('4522019', '2013-07-30 15:37:34', '\0', '瀹娌冲', '2', '0', '4522004', '\0');
INSERT INTO `wemall_area` VALUES ('4522020', '2013-07-30 15:37:34', '\0', '娴峰', '2', '0', '4522004', '\0');
INSERT INTO `wemall_area` VALUES ('4522021', '2013-07-30 15:37:34', '\0', '', '2', '0', '4522004', '\0');
INSERT INTO `wemall_area` VALUES ('4522022', '2013-07-30 15:37:34', '\0', '娌冲', '0', '0', null, '\0');
INSERT INTO `wemall_area` VALUES ('4522023', '2013-07-30 15:37:34', '\0', '冲跺甯', '1', '0', '4522022', '');
INSERT INTO `wemall_area` VALUES ('4522024', '2013-07-30 15:37:34', '\0', '甯杈', '2', '0', '4522023', '\0');
INSERT INTO `wemall_area` VALUES ('4522025', '2013-07-30 15:37:34', '\0', '垮', '2', '0', '4522023', '\0');
INSERT INTO `wemall_area` VALUES ('4522026', '2013-07-30 15:37:34', '\0', '妗ヤ', '2', '0', '4522023', '\0');
INSERT INTO `wemall_area` VALUES ('4522027', '2013-07-30 15:37:34', '\0', '妗ヨタ', '2', '0', '4522023', '\0');
INSERT INTO `wemall_area` VALUES ('4522028', '2013-07-30 15:37:34', '\0', '板', '2', '0', '4522023', '\0');
INSERT INTO `wemall_area` VALUES ('4522029', '2013-07-30 15:37:34', '\0', '浜垮', '2', '0', '4522023', '\0');
INSERT INTO `wemall_area` VALUES ('4522030', '2013-07-30 15:37:34', '\0', '瑁', '2', '0', '4522023', '\0');
INSERT INTO `wemall_area` VALUES ('4522031', '2013-07-30 15:37:34', '\0', '浜', '2', '0', '4522023', '\0');
INSERT INTO `wemall_area` VALUES ('4522032', '2013-07-30 15:37:34', '\0', '姝ｅ', '2', '0', '4522023', '\0');
INSERT INTO `wemall_area` VALUES ('4522033', '2013-07-30 15:37:34', '\0', '惧', '2', '0', '4522023', '\0');
INSERT INTO `wemall_area` VALUES ('4522034', '2013-07-30 15:37:34', '\0', '琛', '2', '0', '4522023', '\0');
INSERT INTO `wemall_area` VALUES ('4522035', '2013-07-30 15:37:34', '\0', '靛垮', '2', '0', '4522023', '\0');
INSERT INTO `wemall_area` VALUES ('4522036', '2013-07-30 15:37:34', '\0', '楂', '2', '0', '4522023', '\0');
INSERT INTO `wemall_area` VALUES ('4522037', '2013-07-30 15:37:34', '\0', '娣辨辰', '2', '0', '4522023', '\0');
INSERT INTO `wemall_area` VALUES ('4522038', '2013-07-30 15:37:34', '\0', '璧', '2', '0', '4522023', '\0');
INSERT INTO `wemall_area` VALUES ('4522039', '2013-07-30 15:37:34', '\0', '', '2', '0', '4522023', '\0');
INSERT INTO `wemall_area` VALUES ('4522040', '2013-07-30 15:37:34', '\0', '骞冲北', '2', '0', '4522023', '\0');
INSERT INTO `wemall_area` VALUES ('4522041', '2013-07-30 15:37:34', '\0', '姘', '2', '0', '4522023', '\0');
INSERT INTO `wemall_area` VALUES ('4522042', '2013-07-30 15:37:34', '\0', '璧靛', '2', '0', '4522023', '\0');
INSERT INTO `wemall_area` VALUES ('4522043', '2013-07-30 15:37:34', '\0', '杈甯', '2', '0', '4522023', '\0');
INSERT INTO `wemall_area` VALUES ('4522044', '2013-07-30 15:37:34', '\0', '甯', '2', '0', '4522023', '\0');
INSERT INTO `wemall_area` VALUES ('4522045', '2013-07-30 15:37:34', '\0', '宸甯', '2', '0', '4522023', '\0');
INSERT INTO `wemall_area` VALUES ('4522046', '2013-07-30 15:37:35', '\0', '颁甯', '2', '0', '4522023', '\0');
INSERT INTO `wemall_area` VALUES ('4522047', '2013-07-30 15:37:35', '\0', '楣挎甯', '2', '0', '4522023', '\0');
INSERT INTO `wemall_area` VALUES ('4522048', '2013-07-30 15:37:35', '\0', '灞卞', '1', '0', '4522022', '\0');
INSERT INTO `wemall_area` VALUES ('4522049', '2013-07-30 15:37:35', '\0', '甯杈', '2', '0', '4522048', '\0');
INSERT INTO `wemall_area` VALUES ('4522050', '2013-07-30 15:37:35', '\0', '璺', '2', '0', '4522048', '\0');
INSERT INTO `wemall_area` VALUES ('4522051', '2013-07-30 15:37:35', '\0', '璺', '2', '0', '4522048', '\0');
INSERT INTO `wemall_area` VALUES ('4522052', '2013-07-30 15:37:35', '\0', 'ゅ跺', '2', '0', '4522048', '\0');
INSERT INTO `wemall_area` VALUES ('4522053', '2013-07-30 15:37:35', '\0', '寮骞冲', '2', '0', '4522048', '\0');
INSERT INTO `wemall_area` VALUES ('4522054', '2013-07-30 15:37:35', '\0', '涓板', '2', '0', '4522048', '\0');
INSERT INTO `wemall_area` VALUES ('4522055', '2013-07-30 15:37:35', '\0', '涓版鼎', '2', '0', '4522048', '\0');
INSERT INTO `wemall_area` VALUES ('4522056', '2013-07-30 15:37:35', '\0', '婊', '2', '0', '4522048', '\0');
INSERT INTO `wemall_area` VALUES ('4522057', '2013-07-30 15:37:35', '\0', '婊', '2', '0', '4522048', '\0');
INSERT INTO `wemall_area` VALUES ('4522058', '2013-07-30 15:37:35', '\0', '涔浜', '2', '0', '4522048', '\0');
INSERT INTO `wemall_area` VALUES ('4522059', '2013-07-30 15:37:35', '\0', '杩瑗垮', '2', '0', '4522048', '\0');
INSERT INTO `wemall_area` VALUES ('4522060', '2013-07-30 15:37:35', '\0', '板', '2', '0', '4522048', '\0');
INSERT INTO `wemall_area` VALUES ('4522061', '2013-07-30 15:37:35', '\0', '娴峰', '2', '0', '4522048', '\0');
INSERT INTO `wemall_area` VALUES ('4522062', '2013-07-30 15:37:35', '\0', '靛甯', '2', '0', '4522048', '\0');
INSERT INTO `wemall_area` VALUES ('4522063', '2013-07-30 15:37:35', '\0', '杩瀹甯', '2', '0', '4522048', '\0');
INSERT INTO `wemall_area` VALUES ('4522064', '2013-07-30 15:37:35', '\0', '绉宀甯', '1', '0', '4522022', '\0');
INSERT INTO `wemall_area` VALUES ('4522065', '2013-07-30 15:37:35', '\0', '甯杈', '2', '0', '4522064', '\0');
INSERT INTO `wemall_area` VALUES ('4522066', '2013-07-30 15:37:35', '\0', '娴锋腐', '2', '0', '4522064', '\0');
INSERT INTO `wemall_area` VALUES ('4522067', '2013-07-30 15:37:35', '\0', '灞辨捣冲', '2', '0', '4522064', '\0');
INSERT INTO `wemall_area` VALUES ('4522068', '2013-07-30 15:37:35', '\0', '存渤', '2', '0', '4522064', '\0');
INSERT INTO `wemall_area` VALUES ('4522069', '2013-07-30 15:37:35', '\0', '榫婊℃娌诲', '2', '0', '4522064', '\0');
INSERT INTO `wemall_area` VALUES ('4522070', '2013-07-30 15:37:35', '\0', '榛', '2', '0', '4522064', '\0');
INSERT INTO `wemall_area` VALUES ('4522071', '2013-07-30 15:37:35', '\0', '瀹', '2', '0', '4522064', '\0');
INSERT INTO `wemall_area` VALUES ('4522072', '2013-07-30 15:37:35', '\0', '㈤', '2', '0', '4522064', '\0');
INSERT INTO `wemall_area` VALUES ('4522073', '2013-07-30 15:37:35', '\0', '稿', '1', '0', '4522022', '\0');
INSERT INTO `wemall_area` VALUES ('4522074', '2013-07-30 15:37:35', '\0', '甯杈', '2', '0', '4522073', '\0');
INSERT INTO `wemall_area` VALUES ('4522075', '2013-07-30 15:37:35', '\0', '灞卞', '2', '0', '4522073', '\0');
INSERT INTO `wemall_area` VALUES ('4522076', '2013-07-30 15:37:35', '\0', '涓板', '2', '0', '4522073', '\0');
INSERT INTO `wemall_area` VALUES ('4522077', '2013-07-30 15:37:35', '\0', '澶村', '2', '0', '4522073', '\0');
INSERT INTO `wemall_area` VALUES ('4522078', '2013-07-30 15:37:35', '\0', '宄板嘲垮', '2', '0', '4522073', '\0');
INSERT INTO `wemall_area` VALUES ('4522079', '2013-07-30 15:37:35', '\0', '稿', '2', '0', '4522073', '\0');
INSERT INTO `wemall_area` VALUES ('4522080', '2013-07-30 15:37:35', '\0', '涓存汲', '2', '0', '4522073', '\0');
INSERT INTO `wemall_area` VALUES ('4522081', '2013-07-30 15:37:35', '\0', '瀹', '2', '0', '4522073', '\0');
INSERT INTO `wemall_area` VALUES ('4522082', '2013-07-30 15:37:35', '\0', '澶у', '2', '0', '4522073', '\0');
INSERT INTO `wemall_area` VALUES ('4522083', '2013-07-30 15:37:35', '\0', '娑', '2', '0', '4522073', '\0');
INSERT INTO `wemall_area` VALUES ('4522084', '2013-07-30 15:37:35', '\0', '纾', '2', '0', '4522073', '\0');
INSERT INTO `wemall_area` VALUES ('4522085', '2013-07-30 15:37:36', '\0', 'ヤ埂', '2', '0', '4522073', '\0');
INSERT INTO `wemall_area` VALUES ('4522086', '2013-07-30 15:37:36', '\0', '姘稿勾', '2', '0', '4522073', '\0');
INSERT INTO `wemall_area` VALUES ('4522087', '2013-07-30 15:37:36', '\0', '卞', '2', '0', '4522073', '\0');
INSERT INTO `wemall_area` VALUES ('4522088', '2013-07-30 15:37:36', '\0', '楦℃辰', '2', '0', '4522073', '\0');
INSERT INTO `wemall_area` VALUES ('4522089', '2013-07-30 15:37:36', '\0', '骞垮钩', '2', '0', '4522073', '\0');
INSERT INTO `wemall_area` VALUES ('4522090', '2013-07-30 15:37:36', '\0', '棣跺', '2', '0', '4522073', '\0');
INSERT INTO `wemall_area` VALUES ('4522091', '2013-07-30 15:37:36', '\0', '榄', '2', '0', '4522073', '\0');
INSERT INTO `wemall_area` VALUES ('4522092', '2013-07-30 15:37:36', '\0', '插ㄥ', '2', '0', '4522073', '\0');
INSERT INTO `wemall_area` VALUES ('4522093', '2013-07-30 15:37:36', '\0', '姝瀹甯', '2', '0', '4522073', '\0');
INSERT INTO `wemall_area` VALUES ('4522094', '2013-07-30 15:37:36', '\0', '㈠板', '1', '0', '4522022', '\0');
INSERT INTO `wemall_area` VALUES ('4522095', '2013-07-30 15:37:36', '\0', '甯杈', '2', '0', '4522094', '\0');
INSERT INTO `wemall_area` VALUES ('4522096', '2013-07-30 15:37:36', '\0', '妗ヤ', '2', '0', '4522094', '\0');
INSERT INTO `wemall_area` VALUES ('4522097', '2013-07-30 15:37:36', '\0', '妗ヨタ', '2', '0', '4522094', '\0');
INSERT INTO `wemall_area` VALUES ('4522098', '2013-07-30 15:37:36', '\0', '㈠板', '2', '0', '4522094', '\0');
INSERT INTO `wemall_area` VALUES ('4522099', '2013-07-30 15:37:36', '\0', '涓村', '2', '0', '4522094', '\0');
INSERT INTO `wemall_area` VALUES ('4522100', '2013-07-30 15:37:36', '\0', '涓', '2', '0', '4522094', '\0');
INSERT INTO `wemall_area` VALUES ('4522101', '2013-07-30 15:37:36', '\0', '涔″', '2', '0', '4522094', '\0');
INSERT INTO `wemall_area` VALUES ('4522102', '2013-07-30 15:37:36', '\0', '灏у', '2', '0', '4522094', '\0');
INSERT INTO `wemall_area` VALUES ('4522103', '2013-07-30 15:37:36', '\0', '浠诲', '2', '0', '4522094', '\0');
INSERT INTO `wemall_area` VALUES ('4522104', '2013-07-30 15:37:36', '\0', '', '2', '0', '4522094', '\0');
INSERT INTO `wemall_area` VALUES ('4522105', '2013-07-30 15:37:36', '\0', '瀹', '2', '0', '4522094', '\0');
INSERT INTO `wemall_area` VALUES ('4522106', '2013-07-30 15:37:36', '\0', '宸ㄩ箍', '2', '0', '4522094', '\0');
INSERT INTO `wemall_area` VALUES ('4522107', '2013-07-30 15:37:36', '\0', '版渤', '2', '0', '4522094', '\0');
INSERT INTO `wemall_area` VALUES ('4522108', '2013-07-30 15:37:36', '\0', '骞垮', '2', '0', '4522094', '\0');
INSERT INTO `wemall_area` VALUES ('4522109', '2013-07-30 15:37:36', '\0', '骞充埂', '2', '0', '4522094', '\0');
INSERT INTO `wemall_area` VALUES ('4522110', '2013-07-30 15:37:36', '\0', '濞', '2', '0', '4522094', '\0');
INSERT INTO `wemall_area` VALUES ('4522111', '2013-07-30 15:37:36', '\0', '娓娌冲', '2', '0', '4522094', '\0');
INSERT INTO `wemall_area` VALUES ('4522112', '2013-07-30 15:37:36', '\0', '涓磋タ', '2', '0', '4522094', '\0');
INSERT INTO `wemall_area` VALUES ('4522113', '2013-07-30 15:37:36', '\0', '瀹甯', '2', '0', '4522094', '\0');
INSERT INTO `wemall_area` VALUES ('4522114', '2013-07-30 15:37:36', '\0', '娌娌冲', '2', '0', '4522094', '\0');
INSERT INTO `wemall_area` VALUES ('4522115', '2013-07-30 15:37:36', '\0', '淇瀹甯', '1', '0', '4522022', '\0');
INSERT INTO `wemall_area` VALUES ('4522116', '2013-07-30 15:37:36', '\0', '甯杈', '2', '0', '4522115', '\0');
INSERT INTO `wemall_area` VALUES ('4522117', '2013-07-30 15:37:36', '\0', '板', '2', '0', '4522115', '\0');
INSERT INTO `wemall_area` VALUES ('4522118', '2013-07-30 15:37:36', '\0', '甯', '2', '0', '4522115', '\0');
INSERT INTO `wemall_area` VALUES ('4522119', '2013-07-30 15:37:36', '\0', '甯', '2', '0', '4522115', '\0');
INSERT INTO `wemall_area` VALUES ('4522120', '2013-07-30 15:37:36', '\0', '婊″', '2', '0', '4522115', '\0');
INSERT INTO `wemall_area` VALUES ('4522121', '2013-07-30 15:37:36', '\0', '娓', '2', '0', '4522115', '\0');
INSERT INTO `wemall_area` VALUES ('4522122', '2013-07-30 15:37:36', '\0', '娑姘村', '2', '0', '4522115', '\0');
INSERT INTO `wemall_area` VALUES ('4522123', '2013-07-30 15:37:36', '\0', '骞冲', '2', '0', '4522115', '\0');
INSERT INTO `wemall_area` VALUES ('4522124', '2013-07-30 15:37:37', '\0', '寰姘村', '2', '0', '4522115', '\0');
INSERT INTO `wemall_area` VALUES ('4522125', '2013-07-30 15:37:37', '\0', '瀹村', '2', '0', '4522115', '\0');
INSERT INTO `wemall_area` VALUES ('4522126', '2013-07-30 15:37:37', '\0', '', '2', '0', '4522115', '\0');
INSERT INTO `wemall_area` VALUES ('4522127', '2013-07-30 15:37:37', '\0', '楂冲', '2', '0', '4522115', '\0');
INSERT INTO `wemall_area` VALUES ('4522128', '2013-07-30 15:37:37', '\0', '瀹瑰', '2', '0', '4522115', '\0');
INSERT INTO `wemall_area` VALUES ('4522129', '2013-07-30 15:37:37', '\0', '娑婧', '2', '0', '4522115', '\0');
INSERT INTO `wemall_area` VALUES ('4522130', '2013-07-30 15:37:37', '\0', '藉', '2', '0', '4522115', '\0');
INSERT INTO `wemall_area` VALUES ('4522131', '2013-07-30 15:37:37', '\0', '瀹板', '2', '0', '4522115', '\0');
INSERT INTO `wemall_area` VALUES ('4522132', '2013-07-30 15:37:37', '\0', '', '2', '0', '4522115', '\0');
INSERT INTO `wemall_area` VALUES ('4522133', '2013-07-30 15:37:37', '\0', '查冲', '2', '0', '4522115', '\0');
INSERT INTO `wemall_area` VALUES ('4522134', '2013-07-30 15:37:37', '\0', '″', '2', '0', '4522115', '\0');
INSERT INTO `wemall_area` VALUES ('4522135', '2013-07-30 15:37:37', '\0', '椤哄钩', '2', '0', '4522115', '\0');
INSERT INTO `wemall_area` VALUES ('4522136', '2013-07-30 15:37:37', '\0', '', '2', '0', '4522115', '\0');
INSERT INTO `wemall_area` VALUES ('4522137', '2013-07-30 15:37:37', '\0', '', '2', '0', '4522115', '\0');
INSERT INTO `wemall_area` VALUES ('4522138', '2013-07-30 15:37:37', '\0', '娑垮甯', '2', '0', '4522115', '\0');
INSERT INTO `wemall_area` VALUES ('4522139', '2013-07-30 15:37:37', '\0', '瀹宸甯', '2', '0', '4522115', '\0');
INSERT INTO `wemall_area` VALUES ('4522140', '2013-07-30 15:37:37', '\0', '瀹藉', '2', '0', '4522115', '\0');
INSERT INTO `wemall_area` VALUES ('4522141', '2013-07-30 15:37:37', '\0', '楂纰搴甯', '2', '0', '4522115', '\0');
INSERT INTO `wemall_area` VALUES ('4522142', '2013-07-30 15:37:37', '\0', '寮瀹跺ｅ', '1', '0', '4522022', '\0');
INSERT INTO `wemall_area` VALUES ('4522143', '2013-07-30 15:37:37', '\0', '甯杈', '2', '0', '4522142', '\0');
INSERT INTO `wemall_area` VALUES ('4522144', '2013-07-30 15:37:37', '\0', '妗ヤ', '2', '0', '4522142', '\0');
INSERT INTO `wemall_area` VALUES ('4522145', '2013-07-30 15:37:37', '\0', '妗ヨタ', '2', '0', '4522142', '\0');
INSERT INTO `wemall_area` VALUES ('4522146', '2013-07-30 15:37:37', '\0', '瀹ｅ', '2', '0', '4522142', '\0');
INSERT INTO `wemall_area` VALUES ('4522147', '2013-07-30 15:37:37', '\0', '涓卞', '2', '0', '4522142', '\0');
INSERT INTO `wemall_area` VALUES ('4522148', '2013-07-30 15:37:37', '\0', '瀹ｅ', '2', '0', '4522142', '\0');
INSERT INTO `wemall_area` VALUES ('4522149', '2013-07-30 15:37:37', '\0', '寮', '2', '0', '4522142', '\0');
INSERT INTO `wemall_area` VALUES ('4522150', '2013-07-30 15:37:37', '\0', '搴蜂', '2', '0', '4522142', '\0');
INSERT INTO `wemall_area` VALUES ('4522151', '2013-07-30 15:37:37', '\0', '娌芥', '2', '0', '4522142', '\0');
INSERT INTO `wemall_area` VALUES ('4522152', '2013-07-30 15:37:37', '\0', '灏涔', '2', '0', '4522142', '\0');
INSERT INTO `wemall_area` VALUES ('4522153', '2013-07-30 15:37:37', '\0', '', '2', '0', '4522142', '\0');
INSERT INTO `wemall_area` VALUES ('4522154', '2013-07-30 15:37:37', '\0', '冲', '2', '0', '4522142', '\0');
INSERT INTO `wemall_area` VALUES ('4522155', '2013-07-30 15:37:37', '\0', '瀹', '2', '0', '4522142', '\0');
INSERT INTO `wemall_area` VALUES ('4522156', '2013-07-30 15:37:37', '\0', '涓ㄥ', '2', '0', '4522142', '\0');
INSERT INTO `wemall_area` VALUES ('4522157', '2013-07-30 15:37:37', '\0', 'ュ', '2', '0', '4522142', '\0');
INSERT INTO `wemall_area` VALUES ('4522158', '2013-07-30 15:37:37', '\0', '娑块箍', '2', '0', '4522142', '\0');
INSERT INTO `wemall_area` VALUES ('4522159', '2013-07-30 15:37:37', '\0', '璧ゅ', '2', '0', '4522142', '\0');
INSERT INTO `wemall_area` VALUES ('4522160', '2013-07-30 15:37:37', '\0', '宕绀煎', '2', '0', '4522142', '\0');
INSERT INTO `wemall_area` VALUES ('4522161', '2013-07-30 15:37:37', '\0', '垮痉甯', '1', '0', '4522022', '\0');
INSERT INTO `wemall_area` VALUES ('4522162', '2013-07-30 15:37:37', '\0', '甯杈', '2', '0', '4522161', '\0');
INSERT INTO `wemall_area` VALUES ('4522163', '2013-07-30 15:37:38', '\0', '妗ュ', '2', '0', '4522161', '\0');
INSERT INTO `wemall_area` VALUES ('4522164', '2013-07-30 15:37:38', '\0', '婊', '2', '0', '4522161', '\0');
INSERT INTO `wemall_area` VALUES ('4522165', '2013-07-30 15:37:38', '\0', '楣版ュ垮', '2', '0', '4522161', '\0');
INSERT INTO `wemall_area` VALUES ('4522166', '2013-07-30 15:37:38', '\0', '垮痉', '2', '0', '4522161', '\0');
INSERT INTO `wemall_area` VALUES ('4522167', '2013-07-30 15:37:38', '\0', '撮', '2', '0', '4522161', '\0');
INSERT INTO `wemall_area` VALUES ('4522168', '2013-07-30 15:37:38', '\0', '骞虫', '2', '0', '4522161', '\0');
INSERT INTO `wemall_area` VALUES ('4522169', '2013-07-30 15:37:38', '\0', '婊骞冲', '2', '0', '4522161', '\0');
INSERT INTO `wemall_area` VALUES ('4522170', '2013-07-30 15:37:38', '\0', '', '2', '0', '4522161', '\0');
INSERT INTO `wemall_area` VALUES ('4522171', '2013-07-30 15:37:38', '\0', '涓板婊℃娌诲', '2', '0', '4522161', '\0');
INSERT INTO `wemall_area` VALUES ('4522172', '2013-07-30 15:37:38', '\0', '瀹藉婊℃娌诲', '2', '0', '4522161', '\0');
INSERT INTO `wemall_area` VALUES ('4522173', '2013-07-30 15:37:38', '\0', '村烘弧ゆ娌诲', '2', '0', '4522161', '\0');
INSERT INTO `wemall_area` VALUES ('4522174', '2013-07-30 15:37:38', '\0', '娌у甯', '1', '0', '4522022', '\0');
INSERT INTO `wemall_area` VALUES ('4522175', '2013-07-30 15:37:38', '\0', '甯杈', '2', '0', '4522174', '\0');
INSERT INTO `wemall_area` VALUES ('4522176', '2013-07-30 15:37:38', '\0', '板', '2', '0', '4522174', '\0');
INSERT INTO `wemall_area` VALUES ('4522177', '2013-07-30 15:37:38', '\0', '杩娌冲', '2', '0', '4522174', '\0');
INSERT INTO `wemall_area` VALUES ('4522178', '2013-07-30 15:37:38', '\0', '娌у', '2', '0', '4522174', '\0');
INSERT INTO `wemall_area` VALUES ('4522179', '2013-07-30 15:37:38', '\0', '', '2', '0', '4522174', '\0');
INSERT INTO `wemall_area` VALUES ('4522180', '2013-07-30 15:37:38', '\0', '涓', '2', '0', '4522174', '\0');
INSERT INTO `wemall_area` VALUES ('4522181', '2013-07-30 15:37:38', '\0', '娴峰村', '2', '0', '4522174', '\0');
INSERT INTO `wemall_area` VALUES ('4522182', '2013-07-30 15:37:38', '\0', '灞卞', '2', '0', '4522174', '\0');
INSERT INTO `wemall_area` VALUES ('4522183', '2013-07-30 15:37:38', '\0', '瀹', '2', '0', '4522174', '\0');
INSERT INTO `wemall_area` VALUES ('4522184', '2013-07-30 15:37:38', '\0', '', '2', '0', '4522174', '\0');
INSERT INTO `wemall_area` VALUES ('4522185', '2013-07-30 15:37:38', '\0', '存ˉ', '2', '0', '4522174', '\0');
INSERT INTO `wemall_area` VALUES ('4522186', '2013-07-30 15:37:38', '\0', '', '2', '0', '4522174', '\0');
INSERT INTO `wemall_area` VALUES ('4522187', '2013-07-30 15:37:38', '\0', '瀛娌诲', '2', '0', '4522174', '\0');
INSERT INTO `wemall_area` VALUES ('4522188', '2013-07-30 15:37:38', '\0', '娉澶村', '2', '0', '4522174', '\0');
INSERT INTO `wemall_area` VALUES ('4522189', '2013-07-30 15:37:38', '\0', '浠讳甯', '2', '0', '4522174', '\0');
INSERT INTO `wemall_area` VALUES ('4522190', '2013-07-30 15:37:38', '\0', '榛楠甯', '2', '0', '4522174', '\0');
INSERT INTO `wemall_area` VALUES ('4522191', '2013-07-30 15:37:38', '\0', '娌抽村', '2', '0', '4522174', '\0');
INSERT INTO `wemall_area` VALUES ('4522192', '2013-07-30 15:37:38', '\0', '寤甯', '1', '0', '4522022', '\0');
INSERT INTO `wemall_area` VALUES ('4522193', '2013-07-30 15:37:38', '\0', '甯杈', '2', '0', '4522192', '\0');
INSERT INTO `wemall_area` VALUES ('4522194', '2013-07-30 15:37:38', '\0', '瀹娆″', '2', '0', '4522192', '\0');
INSERT INTO `wemall_area` VALUES ('4522195', '2013-07-30 15:37:38', '\0', '骞块冲', '2', '0', '4522192', '\0');
INSERT INTO `wemall_area` VALUES ('4522196', '2013-07-30 15:37:38', '\0', '哄', '2', '0', '4522192', '\0');
INSERT INTO `wemall_area` VALUES ('4522197', '2013-07-30 15:37:38', '\0', '姘告', '2', '0', '4522192', '\0');
INSERT INTO `wemall_area` VALUES ('4522198', '2013-07-30 15:37:38', '\0', '棣娌冲', '2', '0', '4522192', '\0');
INSERT INTO `wemall_area` VALUES ('4522199', '2013-07-30 15:37:38', '\0', '澶у', '2', '0', '4522192', '\0');
INSERT INTO `wemall_area` VALUES ('4522200', '2013-07-30 15:37:38', '\0', '瀹', '2', '0', '4522192', '\0');
INSERT INTO `wemall_area` VALUES ('4522201', '2013-07-30 15:37:39', '\0', '澶у娌诲', '2', '0', '4522192', '\0');
INSERT INTO `wemall_area` VALUES ('4522202', '2013-07-30 15:37:39', '\0', '稿甯', '2', '0', '4522192', '\0');
INSERT INTO `wemall_area` VALUES ('4522203', '2013-07-30 15:37:39', '\0', '涓娌冲', '2', '0', '4522192', '\0');
INSERT INTO `wemall_area` VALUES ('4522204', '2013-07-30 15:37:39', '\0', '琛℃按甯', '1', '0', '4522022', '\0');
INSERT INTO `wemall_area` VALUES ('4522205', '2013-07-30 15:37:39', '\0', '甯杈', '2', '0', '4522204', '\0');
INSERT INTO `wemall_area` VALUES ('4522206', '2013-07-30 15:37:39', '\0', '妗', '2', '0', '4522204', '\0');
INSERT INTO `wemall_area` VALUES ('4522207', '2013-07-30 15:37:39', '\0', 'ｅ己', '2', '0', '4522204', '\0');
INSERT INTO `wemall_area` VALUES ('4522208', '2013-07-30 15:37:39', '\0', '姝', '2', '0', '4522204', '\0');
INSERT INTO `wemall_area` VALUES ('4522209', '2013-07-30 15:37:39', '\0', '姝寮哄', '2', '0', '4522204', '\0');
INSERT INTO `wemall_area` VALUES ('4522210', '2013-07-30 15:37:39', '\0', '楗堕冲', '2', '0', '4522204', '\0');
INSERT INTO `wemall_area` VALUES ('4522211', '2013-07-30 15:37:39', '\0', '瀹骞冲', '2', '0', '4522204', '\0');
INSERT INTO `wemall_area` VALUES ('4522212', '2013-07-30 15:37:39', '\0', '', '2', '0', '4522204', '\0');
INSERT INTO `wemall_area` VALUES ('4522213', '2013-07-30 15:37:39', '\0', '', '2', '0', '4522204', '\0');
INSERT INTO `wemall_area` VALUES ('4522214', '2013-07-30 15:37:39', '\0', '', '2', '0', '4522204', '\0');
INSERT INTO `wemall_area` VALUES ('4522215', '2013-07-30 15:37:39', '\0', '宸甯', '2', '0', '4522204', '\0');
INSERT INTO `wemall_area` VALUES ('4522216', '2013-07-30 15:37:39', '\0', '娣卞甯', '2', '0', '4522204', '\0');
INSERT INTO `wemall_area` VALUES ('4522217', '2013-07-30 15:37:39', '\0', '灞辫タ', '0', '0', null, '\0');
INSERT INTO `wemall_area` VALUES ('4522218', '2013-07-30 15:37:39', '\0', '澶甯', '1', '0', '4522217', '');
INSERT INTO `wemall_area` VALUES ('4522219', '2013-07-30 15:37:39', '\0', '甯杈', '2', '0', '4522218', '\0');
INSERT INTO `wemall_area` VALUES ('4522220', '2013-07-30 15:37:39', '\0', '灏搴', '2', '0', '4522218', '\0');
INSERT INTO `wemall_area` VALUES ('4522221', '2013-07-30 15:37:39', '\0', '杩娉藉', '2', '0', '4522218', '\0');
INSERT INTO `wemall_area` VALUES ('4522222', '2013-07-30 15:37:39', '\0', '卞箔', '2', '0', '4522218', '\0');
INSERT INTO `wemall_area` VALUES ('4522223', '2013-07-30 15:37:39', '\0', '灏', '2', '0', '4522218', '\0');
INSERT INTO `wemall_area` VALUES ('4522224', '2013-07-30 15:37:39', '\0', '涓', '2', '0', '4522218', '\0');
INSERT INTO `wemall_area` VALUES ('4522225', '2013-07-30 15:37:39', '\0', '婧', '2', '0', '4522218', '\0');
INSERT INTO `wemall_area` VALUES ('4522226', '2013-07-30 15:37:39', '\0', '娓寰', '2', '0', '4522218', '\0');
INSERT INTO `wemall_area` VALUES ('4522227', '2013-07-30 15:37:39', '\0', '虫插', '2', '0', '4522218', '\0');
INSERT INTO `wemall_area` VALUES ('4522228', '2013-07-30 15:37:39', '\0', '濞', '2', '0', '4522218', '\0');
INSERT INTO `wemall_area` VALUES ('4522229', '2013-07-30 15:37:39', '\0', 'や氦甯', '2', '0', '4522218', '\0');
INSERT INTO `wemall_area` VALUES ('4522230', '2013-07-30 15:37:39', '\0', '澶у甯', '1', '0', '4522217', '\0');
INSERT INTO `wemall_area` VALUES ('4522231', '2013-07-30 15:37:39', '\0', '甯杈', '2', '0', '4522230', '\0');
INSERT INTO `wemall_area` VALUES ('4522232', '2013-07-30 15:37:39', '\0', '', '2', '0', '4522230', '\0');
INSERT INTO `wemall_area` VALUES ('4522233', '2013-07-30 15:37:39', '\0', '垮', '2', '0', '4522230', '\0');
INSERT INTO `wemall_area` VALUES ('4522234', '2013-07-30 15:37:39', '\0', '', '2', '0', '4522230', '\0');
INSERT INTO `wemall_area` VALUES ('4522235', '2013-07-30 15:37:39', '\0', '拌ｅ', '2', '0', '4522230', '\0');
INSERT INTO `wemall_area` VALUES ('4522236', '2013-07-30 15:37:39', '\0', '抽', '2', '0', '4522230', '\0');
INSERT INTO `wemall_area` VALUES ('4522237', '2013-07-30 15:37:39', '\0', '澶╅', '2', '0', '4522230', '\0');
INSERT INTO `wemall_area` VALUES ('4522238', '2013-07-30 15:37:40', '\0', '骞跨靛', '2', '0', '4522230', '\0');
INSERT INTO `wemall_area` VALUES ('4522239', '2013-07-30 15:37:40', '\0', '典', '2', '0', '4522230', '\0');
INSERT INTO `wemall_area` VALUES ('4522240', '2013-07-30 15:37:40', '\0', '娴婧', '2', '0', '4522230', '\0');
INSERT INTO `wemall_area` VALUES ('4522241', '2013-07-30 15:37:40', '\0', '宸浜', '2', '0', '4522230', '\0');
INSERT INTO `wemall_area` VALUES ('4522242', '2013-07-30 15:37:40', '\0', '澶у', '2', '0', '4522230', '\0');
INSERT INTO `wemall_area` VALUES ('4522243', '2013-07-30 15:37:40', '\0', '虫甯', '1', '0', '4522217', '\0');
INSERT INTO `wemall_area` VALUES ('4522244', '2013-07-30 15:37:40', '\0', '甯杈', '2', '0', '4522243', '\0');
INSERT INTO `wemall_area` VALUES ('4522245', '2013-07-30 15:37:40', '\0', '', '2', '0', '4522243', '\0');
INSERT INTO `wemall_area` VALUES ('4522246', '2013-07-30 15:37:40', '\0', '垮', '2', '0', '4522243', '\0');
INSERT INTO `wemall_area` VALUES ('4522247', '2013-07-30 15:37:40', '\0', '', '2', '0', '4522243', '\0');
INSERT INTO `wemall_area` VALUES ('4522248', '2013-07-30 15:37:40', '\0', '骞冲', '2', '0', '4522243', '\0');
INSERT INTO `wemall_area` VALUES ('4522249', '2013-07-30 15:37:40', '\0', '', '2', '0', '4522243', '\0');
INSERT INTO `wemall_area` VALUES ('4522250', '2013-07-30 15:37:40', '\0', '挎不甯', '1', '0', '4522217', '\0');
INSERT INTO `wemall_area` VALUES ('4522251', '2013-07-30 15:37:40', '\0', '甯杈', '2', '0', '4522250', '\0');
INSERT INTO `wemall_area` VALUES ('4522252', '2013-07-30 15:37:40', '\0', '', '2', '0', '4522250', '\0');
INSERT INTO `wemall_area` VALUES ('4522253', '2013-07-30 15:37:40', '\0', '', '2', '0', '4522250', '\0');
INSERT INTO `wemall_area` VALUES ('4522254', '2013-07-30 15:37:40', '\0', '挎不', '2', '0', '4522250', '\0');
INSERT INTO `wemall_area` VALUES ('4522255', '2013-07-30 15:37:40', '\0', '瑗ｅ', '2', '0', '4522250', '\0');
INSERT INTO `wemall_area` VALUES ('4522256', '2013-07-30 15:37:40', '\0', '灞', '2', '0', '4522250', '\0');
INSERT INTO `wemall_area` VALUES ('4522257', '2013-07-30 15:37:40', '\0', '骞抽『', '2', '0', '4522250', '\0');
INSERT INTO `wemall_area` VALUES ('4522258', '2013-07-30 15:37:40', '\0', '榛', '2', '0', '4522250', '\0');
INSERT INTO `wemall_area` VALUES ('4522259', '2013-07-30 15:37:40', '\0', '澹跺冲', '2', '0', '4522250', '\0');
INSERT INTO `wemall_area` VALUES ('4522260', '2013-07-30 15:37:40', '\0', '垮', '2', '0', '4522250', '\0');
INSERT INTO `wemall_area` VALUES ('4522261', '2013-07-30 15:37:40', '\0', '姝涔″', '2', '0', '4522250', '\0');
INSERT INTO `wemall_area` VALUES ('4522262', '2013-07-30 15:37:40', '\0', '娌', '2', '0', '4522250', '\0');
INSERT INTO `wemall_area` VALUES ('4522263', '2013-07-30 15:37:40', '\0', '娌婧', '2', '0', '4522250', '\0');
INSERT INTO `wemall_area` VALUES ('4522264', '2013-07-30 15:37:40', '\0', '娼甯', '2', '0', '4522250', '\0');
INSERT INTO `wemall_area` VALUES ('4522265', '2013-07-30 15:37:40', '\0', '甯', '1', '0', '4522217', '\0');
INSERT INTO `wemall_area` VALUES ('4522266', '2013-07-30 15:37:40', '\0', '甯杈', '2', '0', '4522265', '\0');
INSERT INTO `wemall_area` VALUES ('4522267', '2013-07-30 15:37:40', '\0', '', '2', '0', '4522265', '\0');
INSERT INTO `wemall_area` VALUES ('4522268', '2013-07-30 15:37:40', '\0', '娌姘村', '2', '0', '4522265', '\0');
INSERT INTO `wemall_area` VALUES ('4522269', '2013-07-30 15:37:40', '\0', '冲', '2', '0', '4522265', '\0');
INSERT INTO `wemall_area` VALUES ('4522270', '2013-07-30 15:37:40', '\0', '靛', '2', '0', '4522265', '\0');
INSERT INTO `wemall_area` VALUES ('4522271', '2013-07-30 15:37:40', '\0', '娉藉', '2', '0', '4522265', '\0');
INSERT INTO `wemall_area` VALUES ('4522272', '2013-07-30 15:37:40', '\0', '楂骞冲', '2', '0', '4522265', '\0');
INSERT INTO `wemall_area` VALUES ('4522273', '2013-07-30 15:37:40', '\0', '宸甯', '1', '0', '4522217', '\0');
INSERT INTO `wemall_area` VALUES ('4522274', '2013-07-30 15:37:40', '\0', '甯杈', '2', '0', '4522273', '\0');
INSERT INTO `wemall_area` VALUES ('4522275', '2013-07-30 15:37:41', '\0', '', '2', '0', '4522273', '\0');
INSERT INTO `wemall_area` VALUES ('4522276', '2013-07-30 15:37:41', '\0', '骞抽', '2', '0', '4522273', '\0');
INSERT INTO `wemall_area` VALUES ('4522277', '2013-07-30 15:37:41', '\0', '灞遍村', '2', '0', '4522273', '\0');
INSERT INTO `wemall_area` VALUES ('4522278', '2013-07-30 15:37:41', '\0', '搴', '2', '0', '4522273', '\0');
INSERT INTO `wemall_area` VALUES ('4522279', '2013-07-30 15:37:41', '\0', '崇', '2', '0', '4522273', '\0');
INSERT INTO `wemall_area` VALUES ('4522280', '2013-07-30 15:37:41', '\0', '浠', '2', '0', '4522273', '\0');
INSERT INTO `wemall_area` VALUES ('4522281', '2013-07-30 15:37:41', '\0', '涓甯', '1', '0', '4522217', '\0');
INSERT INTO `wemall_area` VALUES ('4522282', '2013-07-30 15:37:41', '\0', '甯杈', '2', '0', '4522281', '\0');
INSERT INTO `wemall_area` VALUES ('4522283', '2013-07-30 15:37:41', '\0', '姒娆″', '2', '0', '4522281', '\0');
INSERT INTO `wemall_area` VALUES ('4522284', '2013-07-30 15:37:41', '\0', '姒绀惧', '2', '0', '4522281', '\0');
INSERT INTO `wemall_area` VALUES ('4522285', '2013-07-30 15:37:41', '\0', '宸', '2', '0', '4522281', '\0');
INSERT INTO `wemall_area` VALUES ('4522286', '2013-07-30 15:37:41', '\0', '椤哄', '2', '0', '4522281', '\0');
INSERT INTO `wemall_area` VALUES ('4522287', '2013-07-30 15:37:41', '\0', '冲', '2', '0', '4522281', '\0');
INSERT INTO `wemall_area` VALUES ('4522288', '2013-07-30 15:37:41', '\0', '瀵块冲', '2', '0', '4522281', '\0');
INSERT INTO `wemall_area` VALUES ('4522289', '2013-07-30 15:37:41', '\0', '澶璋峰', '2', '0', '4522281', '\0');
INSERT INTO `wemall_area` VALUES ('4522290', '2013-07-30 15:37:41', '\0', '绁', '2', '0', '4522281', '\0');
INSERT INTO `wemall_area` VALUES ('4522291', '2013-07-30 15:37:41', '\0', '骞抽ュ', '2', '0', '4522281', '\0');
INSERT INTO `wemall_area` VALUES ('4522292', '2013-07-30 15:37:41', '\0', '电冲', '2', '0', '4522281', '\0');
INSERT INTO `wemall_area` VALUES ('4522293', '2013-07-30 15:37:41', '\0', '浠浼甯', '2', '0', '4522281', '\0');
INSERT INTO `wemall_area` VALUES ('4522294', '2013-07-30 15:37:41', '\0', '杩甯', '1', '0', '4522217', '\0');
INSERT INTO `wemall_area` VALUES ('4522295', '2013-07-30 15:37:41', '\0', '甯杈', '2', '0', '4522294', '\0');
INSERT INTO `wemall_area` VALUES ('4522296', '2013-07-30 15:37:41', '\0', '婀', '2', '0', '4522294', '\0');
INSERT INTO `wemall_area` VALUES ('4522297', '2013-07-30 15:37:41', '\0', '涓寸', '2', '0', '4522294', '\0');
INSERT INTO `wemall_area` VALUES ('4522298', '2013-07-30 15:37:41', '\0', '涓ｅ', '2', '0', '4522294', '\0');
INSERT INTO `wemall_area` VALUES ('4522299', '2013-07-30 15:37:41', '\0', '诲', '2', '0', '4522294', '\0');
INSERT INTO `wemall_area` VALUES ('4522300', '2013-07-30 15:37:41', '\0', '绋峰北', '2', '0', '4522294', '\0');
INSERT INTO `wemall_area` VALUES ('4522301', '2013-07-30 15:37:41', '\0', '扮', '2', '0', '4522294', '\0');
INSERT INTO `wemall_area` VALUES ('4522302', '2013-07-30 15:37:41', '\0', '缁', '2', '0', '4522294', '\0');
INSERT INTO `wemall_area` VALUES ('4522303', '2013-07-30 15:37:41', '\0', 'ｆ插', '2', '0', '4522294', '\0');
INSERT INTO `wemall_area` VALUES ('4522304', '2013-07-30 15:37:41', '\0', '澶', '2', '0', '4522294', '\0');
INSERT INTO `wemall_area` VALUES ('4522305', '2013-07-30 15:37:41', '\0', '骞抽', '2', '0', '4522294', '\0');
INSERT INTO `wemall_area` VALUES ('4522306', '2013-07-30 15:37:41', '\0', '', '2', '0', '4522294', '\0');
INSERT INTO `wemall_area` VALUES ('4522307', '2013-07-30 15:37:41', '\0', '姘告甯', '2', '0', '4522294', '\0');
INSERT INTO `wemall_area` VALUES ('4522308', '2013-07-30 15:37:42', '\0', '娌虫触甯', '2', '0', '4522294', '\0');
INSERT INTO `wemall_area` VALUES ('4522309', '2013-07-30 15:37:42', '\0', '蹇诲甯', '1', '0', '4522217', '\0');
INSERT INTO `wemall_area` VALUES ('4522310', '2013-07-30 15:37:42', '\0', '甯杈', '2', '0', '4522309', '\0');
INSERT INTO `wemall_area` VALUES ('4522311', '2013-07-30 15:37:42', '\0', '蹇诲', '2', '0', '4522309', '\0');
INSERT INTO `wemall_area` VALUES ('4522312', '2013-07-30 15:37:42', '\0', '瀹瑗', '2', '0', '4522309', '\0');
INSERT INTO `wemall_area` VALUES ('4522313', '2013-07-30 15:37:42', '\0', '浜板', '2', '0', '4522309', '\0');
INSERT INTO `wemall_area` VALUES ('4522314', '2013-07-30 15:37:42', '\0', '浠ｅ', '2', '0', '4522309', '\0');
INSERT INTO `wemall_area` VALUES ('4522315', '2013-07-30 15:37:42', '\0', '绻宄', '2', '0', '4522309', '\0');
INSERT INTO `wemall_area` VALUES ('4522316', '2013-07-30 15:37:42', '\0', '瀹姝', '2', '0', '4522309', '\0');
INSERT INTO `wemall_area` VALUES ('4522317', '2013-07-30 15:37:42', '\0', '涔', '2', '0', '4522309', '\0');
INSERT INTO `wemall_area` VALUES ('4522318', '2013-07-30 15:37:42', '\0', '绁姹', '2', '0', '4522309', '\0');
INSERT INTO `wemall_area` VALUES ('4522319', '2013-07-30 15:37:42', '\0', '浜瀵ㄥ', '2', '0', '4522309', '\0');
INSERT INTO `wemall_area` VALUES ('4522320', '2013-07-30 15:37:42', '\0', '宀㈠', '2', '0', '4522309', '\0');
INSERT INTO `wemall_area` VALUES ('4522321', '2013-07-30 15:37:42', '\0', '娌虫插', '2', '0', '4522309', '\0');
INSERT INTO `wemall_area` VALUES ('4522322', '2013-07-30 15:37:42', '\0', '淇寰峰', '2', '0', '4522309', '\0');
INSERT INTO `wemall_area` VALUES ('4522323', '2013-07-30 15:37:42', '\0', '冲', '2', '0', '4522309', '\0');
INSERT INTO `wemall_area` VALUES ('4522324', '2013-07-30 15:37:42', '\0', '骞冲', '2', '0', '4522309', '\0');
INSERT INTO `wemall_area` VALUES ('4522325', '2013-07-30 15:37:42', '\0', '涓存本甯', '1', '0', '4522217', '\0');
INSERT INTO `wemall_area` VALUES ('4522326', '2013-07-30 15:37:42', '\0', '甯杈', '2', '0', '4522325', '\0');
INSERT INTO `wemall_area` VALUES ('4522327', '2013-07-30 15:37:42', '\0', '灏ч藉', '2', '0', '4522325', '\0');
INSERT INTO `wemall_area` VALUES ('4522328', '2013-07-30 15:37:42', '\0', '叉', '2', '0', '4522325', '\0');
INSERT INTO `wemall_area` VALUES ('4522329', '2013-07-30 15:37:42', '\0', '缈煎', '2', '0', '4522325', '\0');
INSERT INTO `wemall_area` VALUES ('4522330', '2013-07-30 15:37:42', '\0', '瑗姹惧', '2', '0', '4522325', '\0');
INSERT INTO `wemall_area` VALUES ('4522331', '2013-07-30 15:37:42', '\0', '娲娲', '2', '0', '4522325', '\0');
INSERT INTO `wemall_area` VALUES ('4522332', '2013-07-30 15:37:42', '\0', 'ゅ', '2', '0', '4522325', '\0');
INSERT INTO `wemall_area` VALUES ('4522333', '2013-07-30 15:37:42', '\0', '瀹娉藉', '2', '0', '4522325', '\0');
INSERT INTO `wemall_area` VALUES ('4522334', '2013-07-30 15:37:42', '\0', '娴灞卞', '2', '0', '4522325', '\0');
INSERT INTO `wemall_area` VALUES ('4522335', '2013-07-30 15:37:42', '\0', '', '2', '0', '4522325', '\0');
INSERT INTO `wemall_area` VALUES ('4522336', '2013-07-30 15:37:42', '\0', '涔″', '2', '0', '4522325', '\0');
INSERT INTO `wemall_area` VALUES ('4522337', '2013-07-30 15:37:42', '\0', '澶у', '2', '0', '4522325', '\0');
INSERT INTO `wemall_area` VALUES ('4522338', '2013-07-30 15:37:42', '\0', '板', '2', '0', '4522325', '\0');
INSERT INTO `wemall_area` VALUES ('4522339', '2013-07-30 15:37:42', '\0', '姘稿', '2', '0', '4522325', '\0');
INSERT INTO `wemall_area` VALUES ('4522340', '2013-07-30 15:37:42', '\0', '插', '2', '0', '4522325', '\0');
INSERT INTO `wemall_area` VALUES ('4522341', '2013-07-30 15:37:42', '\0', '姹捐タ', '2', '0', '4522325', '\0');
INSERT INTO `wemall_area` VALUES ('4522342', '2013-07-30 15:37:42', '\0', '渚椹甯', '2', '0', '4522325', '\0');
INSERT INTO `wemall_area` VALUES ('4522343', '2013-07-30 15:37:42', '\0', '宸甯', '2', '0', '4522325', '\0');
INSERT INTO `wemall_area` VALUES ('4522344', '2013-07-30 15:37:42', '\0', '姊甯', '1', '0', '4522217', '\0');
INSERT INTO `wemall_area` VALUES ('4522345', '2013-07-30 15:37:43', '\0', '甯杈', '2', '0', '4522344', '\0');
INSERT INTO `wemall_area` VALUES ('4522346', '2013-07-30 15:37:43', '\0', '绂荤冲', '2', '0', '4522344', '\0');
INSERT INTO `wemall_area` VALUES ('4522347', '2013-07-30 15:37:43', '\0', '姘村', '2', '0', '4522344', '\0');
INSERT INTO `wemall_area` VALUES ('4522348', '2013-07-30 15:37:43', '\0', '浜ゅ', '2', '0', '4522344', '\0');
INSERT INTO `wemall_area` VALUES ('4522349', '2013-07-30 15:37:43', '\0', '村', '2', '0', '4522344', '\0');
INSERT INTO `wemall_area` VALUES ('4522350', '2013-07-30 15:37:43', '\0', '涓村', '2', '0', '4522344', '\0');
INSERT INTO `wemall_area` VALUES ('4522351', '2013-07-30 15:37:43', '\0', '虫', '2', '0', '4522344', '\0');
INSERT INTO `wemall_area` VALUES ('4522352', '2013-07-30 15:37:43', '\0', '虫ゼ', '2', '0', '4522344', '\0');
INSERT INTO `wemall_area` VALUES ('4522353', '2013-07-30 15:37:43', '\0', '宀', '2', '0', '4522344', '\0');
INSERT INTO `wemall_area` VALUES ('4522354', '2013-07-30 15:37:43', '\0', '瑰北', '2', '0', '4522344', '\0');
INSERT INTO `wemall_area` VALUES ('4522355', '2013-07-30 15:37:43', '\0', '涓冲', '2', '0', '4522344', '\0');
INSERT INTO `wemall_area` VALUES ('4522356', '2013-07-30 15:37:43', '\0', '浜ゅｅ', '2', '0', '4522344', '\0');
INSERT INTO `wemall_area` VALUES ('4522357', '2013-07-30 15:37:43', '\0', '瀛涔甯', '2', '0', '4522344', '\0');
INSERT INTO `wemall_area` VALUES ('4522358', '2013-07-30 15:37:43', '\0', '姹鹃冲', '2', '0', '4522344', '\0');
INSERT INTO `wemall_area` VALUES ('4522359', '2013-07-30 15:37:43', '\0', 'よ娌诲', '0', '0', null, '\0');
INSERT INTO `wemall_area` VALUES ('4522360', '2013-07-30 15:37:43', '\0', '煎娴╃瑰', '1', '0', '4522359', '');
INSERT INTO `wemall_area` VALUES ('4522361', '2013-07-30 15:37:43', '\0', '甯杈', '2', '0', '4522360', '\0');
INSERT INTO `wemall_area` VALUES ('4522362', '2013-07-30 15:37:43', '\0', '板', '2', '0', '4522360', '\0');
INSERT INTO `wemall_area` VALUES ('4522363', '2013-07-30 15:37:43', '\0', '姘', '2', '0', '4522360', '\0');
INSERT INTO `wemall_area` VALUES ('4522364', '2013-07-30 15:37:43', '\0', '娉', '2', '0', '4522360', '\0');
INSERT INTO `wemall_area` VALUES ('4522365', '2013-07-30 15:37:43', '\0', '璧缃', '2', '0', '4522360', '\0');
INSERT INTO `wemall_area` VALUES ('4522366', '2013-07-30 15:37:43', '\0', '榛瑰乏', '2', '0', '4522360', '\0');
INSERT INTO `wemall_area` VALUES ('4522367', '2013-07-30 15:37:43', '\0', '', '2', '0', '4522360', '\0');
INSERT INTO `wemall_area` VALUES ('4522368', '2013-07-30 15:37:43', '\0', '煎', '2', '0', '4522360', '\0');
INSERT INTO `wemall_area` VALUES ('4522369', '2013-07-30 15:37:43', '\0', '娓姘存渤', '2', '0', '4522360', '\0');
INSERT INTO `wemall_area` VALUES ('4522370', '2013-07-30 15:37:43', '\0', '姝宸', '2', '0', '4522360', '\0');
INSERT INTO `wemall_area` VALUES ('4522371', '2013-07-30 15:37:43', '\0', '澶村', '1', '0', '4522359', '\0');
INSERT INTO `wemall_area` VALUES ('4522372', '2013-07-30 15:37:43', '\0', '甯杈', '2', '0', '4522371', '\0');
INSERT INTO `wemall_area` VALUES ('4522373', '2013-07-30 15:37:43', '\0', '涓娌冲', '2', '0', '4522371', '\0');
INSERT INTO `wemall_area` VALUES ('4522374', '2013-07-30 15:37:43', '\0', '戒', '2', '0', '4522371', '\0');
INSERT INTO `wemall_area` VALUES ('4522375', '2013-07-30 15:37:43', '\0', '灞卞', '2', '0', '4522371', '\0');
INSERT INTO `wemall_area` VALUES ('4522376', '2013-07-30 15:37:43', '\0', '虫', '2', '0', '4522371', '\0');
INSERT INTO `wemall_area` VALUES ('4522377', '2013-07-30 15:37:43', '\0', '戒垮', '2', '0', '4522371', '\0');
INSERT INTO `wemall_area` VALUES ('4522378', '2013-07-30 15:37:43', '\0', '涔', '2', '0', '4522371', '\0');
INSERT INTO `wemall_area` VALUES ('4522379', '2013-07-30 15:37:44', '\0', '榛瑰虫', '2', '0', '4522371', '\0');
INSERT INTO `wemall_area` VALUES ('4522380', '2013-07-30 15:37:44', '\0', '洪冲', '2', '0', '4522371', '\0');
INSERT INTO `wemall_area` VALUES ('4522381', '2013-07-30 15:37:44', '\0', '杈惧缃瀹', '2', '0', '4522371', '\0');
INSERT INTO `wemall_area` VALUES ('4522382', '2013-07-30 15:37:44', '\0', '涔娴峰', '1', '0', '4522359', '\0');
INSERT INTO `wemall_area` VALUES ('4522383', '2013-07-30 15:37:44', '\0', '甯杈', '2', '0', '4522382', '\0');
INSERT INTO `wemall_area` VALUES ('4522384', '2013-07-30 15:37:44', '\0', '娴峰婀惧', '2', '0', '4522382', '\0');
INSERT INTO `wemall_area` VALUES ('4522385', '2013-07-30 15:37:44', '\0', '娴峰', '2', '0', '4522382', '\0');
INSERT INTO `wemall_area` VALUES ('4522386', '2013-07-30 15:37:44', '\0', '涔杈惧', '2', '0', '4522382', '\0');
INSERT INTO `wemall_area` VALUES ('4522387', '2013-07-30 15:37:44', '\0', '璧ゅ嘲甯', '1', '0', '4522359', '\0');
INSERT INTO `wemall_area` VALUES ('4522388', '2013-07-30 15:37:44', '\0', '甯杈', '2', '0', '4522387', '\0');
INSERT INTO `wemall_area` VALUES ('4522389', '2013-07-30 15:37:44', '\0', '绾㈠北', '2', '0', '4522387', '\0');
INSERT INTO `wemall_area` VALUES ('4522390', '2013-07-30 15:37:44', '\0', '瀹灞卞', '2', '0', '4522387', '\0');
INSERT INTO `wemall_area` VALUES ('4522391', '2013-07-30 15:37:44', '\0', '惧北', '2', '0', '4522387', '\0');
INSERT INTO `wemall_area` VALUES ('4522392', '2013-07-30 15:37:44', '\0', '块绉灏娌', '2', '0', '4522387', '\0');
INSERT INTO `wemall_area` VALUES ('4522393', '2013-07-30 15:37:44', '\0', '宸存宸', '2', '0', '4522387', '\0');
INSERT INTO `wemall_area` VALUES ('4522394', '2013-07-30 15:37:44', '\0', '宸存虫', '2', '0', '4522387', '\0');
INSERT INTO `wemall_area` VALUES ('4522395', '2013-07-30 15:37:44', '\0', '瑗垮', '2', '0', '4522387', '\0');
INSERT INTO `wemall_area` VALUES ('4522396', '2013-07-30 15:37:44', '\0', '浠炬', '2', '0', '4522387', '\0');
INSERT INTO `wemall_area` VALUES ('4522397', '2013-07-30 15:37:44', '\0', '缈规', '2', '0', '4522387', '\0');
INSERT INTO `wemall_area` VALUES ('4522398', '2013-07-30 15:37:44', '\0', '娌', '2', '0', '4522387', '\0');
INSERT INTO `wemall_area` VALUES ('4522399', '2013-07-30 15:37:44', '\0', '瀹', '2', '0', '4522387', '\0');
INSERT INTO `wemall_area` VALUES ('4522400', '2013-07-30 15:37:44', '\0', '姹', '2', '0', '4522387', '\0');
INSERT INTO `wemall_area` VALUES ('4522401', '2013-07-30 15:37:44', '\0', '杈藉', '1', '0', '4522359', '\0');
INSERT INTO `wemall_area` VALUES ('4522402', '2013-07-30 15:37:44', '\0', '甯杈', '2', '0', '4522401', '\0');
INSERT INTO `wemall_area` VALUES ('4522403', '2013-07-30 15:37:44', '\0', '绉灏娌', '2', '0', '4522401', '\0');
INSERT INTO `wemall_area` VALUES ('4522404', '2013-07-30 15:37:44', '\0', '绉灏娌宸缈间腑', '2', '0', '4522401', '\0');
INSERT INTO `wemall_area` VALUES ('4522405', '2013-07-30 15:37:44', '\0', '绉灏娌宸缈煎', '2', '0', '4522401', '\0');
INSERT INTO `wemall_area` VALUES ('4522406', '2013-07-30 15:37:44', '\0', '寮椴', '2', '0', '4522401', '\0');
INSERT INTO `wemall_area` VALUES ('4522407', '2013-07-30 15:37:44', '\0', '搴浼', '2', '0', '4522401', '\0');
INSERT INTO `wemall_area` VALUES ('4522408', '2013-07-30 15:37:44', '\0', '濂兼', '2', '0', '4522401', '\0');
INSERT INTO `wemall_area` VALUES ('4522409', '2013-07-30 15:37:44', '\0', '椴规', '2', '0', '4522401', '\0');
INSERT INTO `wemall_area` VALUES ('4522410', '2013-07-30 15:37:44', '\0', '甯', '2', '0', '4522401', '\0');
INSERT INTO `wemall_area` VALUES ('4522411', '2013-07-30 15:37:44', '\0', '灏澶甯', '1', '0', '4522359', '\0');
INSERT INTO `wemall_area` VALUES ('4522412', '2013-07-30 15:37:44', '\0', '甯杈', '2', '0', '4522411', '\0');
INSERT INTO `wemall_area` VALUES ('4522413', '2013-07-30 15:37:44', '\0', '涓', '2', '0', '4522411', '\0');
INSERT INTO `wemall_area` VALUES ('4522414', '2013-07-30 15:37:44', '\0', '杈炬规', '2', '0', '4522411', '\0');
INSERT INTO `wemall_area` VALUES ('4522415', '2013-07-30 15:37:45', '\0', '煎', '2', '0', '4522411', '\0');
INSERT INTO `wemall_area` VALUES ('4522416', '2013-07-30 15:37:45', '\0', '', '2', '0', '4522411', '\0');
INSERT INTO `wemall_area` VALUES ('4522417', '2013-07-30 15:37:45', '\0', '', '2', '0', '4522411', '\0');
INSERT INTO `wemall_area` VALUES ('4522418', '2013-07-30 15:37:45', '\0', '', '2', '0', '4522411', '\0');
INSERT INTO `wemall_area` VALUES ('4522419', '2013-07-30 15:37:45', '\0', '涔瀹℃', '2', '0', '4522411', '\0');
INSERT INTO `wemall_area` VALUES ('4522420', '2013-07-30 15:37:45', '\0', '浼娲', '2', '0', '4522411', '\0');
INSERT INTO `wemall_area` VALUES ('4522421', '2013-07-30 15:37:45', '\0', '间鸡璐灏甯', '1', '0', '4522359', '\0');
INSERT INTO `wemall_area` VALUES ('4522422', '2013-07-30 15:37:45', '\0', '甯杈', '2', '0', '4522421', '\0');
INSERT INTO `wemall_area` VALUES ('4522423', '2013-07-30 15:37:45', '\0', '娴锋灏', '2', '0', '4522421', '\0');
INSERT INTO `wemall_area` VALUES ('4522424', '2013-07-30 15:37:45', '\0', '胯ｆ', '2', '0', '4522421', '\0');
INSERT INTO `wemall_area` VALUES ('4522425', '2013-07-30 15:37:45', '\0', '杈剧杈炬″娌绘', '2', '0', '4522421', '\0');
INSERT INTO `wemall_area` VALUES ('4522426', '2013-07-30 15:37:45', '\0', '浼ヨ娌绘', '2', '0', '4522421', '\0');
INSERT INTO `wemall_area` VALUES ('4522427', '2013-07-30 15:37:45', '\0', '娓╁娌绘', '2', '0', '4522421', '\0');
INSERT INTO `wemall_area` VALUES ('4522428', '2013-07-30 15:37:45', '\0', '宸村', '2', '0', '4522421', '\0');
INSERT INTO `wemall_area` VALUES ('4522429', '2013-07-30 15:37:45', '\0', '板反灏宸', '2', '0', '4522421', '\0');
INSERT INTO `wemall_area` VALUES ('4522430', '2013-07-30 15:37:45', '\0', '板反灏虫', '2', '0', '4522421', '\0');
INSERT INTO `wemall_area` VALUES ('4522431', '2013-07-30 15:37:45', '\0', '婊℃床甯', '2', '0', '4522421', '\0');
INSERT INTO `wemall_area` VALUES ('4522432', '2013-07-30 15:37:45', '\0', '冲', '2', '0', '4522421', '\0');
INSERT INTO `wemall_area` VALUES ('4522433', '2013-07-30 15:37:45', '\0', '板悲甯', '2', '0', '4522421', '\0');
INSERT INTO `wemall_area` VALUES ('4522434', '2013-07-30 15:37:45', '\0', '棰灏ょ撼甯', '2', '0', '4522421', '\0');
INSERT INTO `wemall_area` VALUES ('4522435', '2013-07-30 15:37:45', '\0', '规渤甯', '2', '0', '4522421', '\0');
INSERT INTO `wemall_area` VALUES ('4522436', '2013-07-30 15:37:45', '\0', '宸村溅娣灏甯', '1', '0', '4522359', '\0');
INSERT INTO `wemall_area` VALUES ('4522437', '2013-07-30 15:37:45', '\0', '甯杈', '2', '0', '4522436', '\0');
INSERT INTO `wemall_area` VALUES ('4522438', '2013-07-30 15:37:45', '\0', '涓存渤', '2', '0', '4522436', '\0');
INSERT INTO `wemall_area` VALUES ('4522439', '2013-07-30 15:37:45', '\0', '浜', '2', '0', '4522436', '\0');
INSERT INTO `wemall_area` VALUES ('4522440', '2013-07-30 15:37:45', '\0', '纾村ｅ', '2', '0', '4522436', '\0');
INSERT INTO `wemall_area` VALUES ('4522441', '2013-07-30 15:37:45', '\0', '涔瑰', '2', '0', '4522436', '\0');
INSERT INTO `wemall_area` VALUES ('4522442', '2013-07-30 15:37:45', '\0', '涔逛腑', '2', '0', '4522436', '\0');
INSERT INTO `wemall_area` VALUES ('4522443', '2013-07-30 15:37:45', '\0', '涔瑰', '2', '0', '4522436', '\0');
INSERT INTO `wemall_area` VALUES ('4522444', '2013-07-30 15:37:45', '\0', '', '2', '0', '4522436', '\0');
INSERT INTO `wemall_area` VALUES ('4522445', '2013-07-30 15:37:45', '\0', '涔板甯甯', '1', '0', '4522359', '\0');
INSERT INTO `wemall_area` VALUES ('4522446', '2013-07-30 15:37:45', '\0', '甯杈', '2', '0', '4522445', '\0');
INSERT INTO `wemall_area` VALUES ('4522447', '2013-07-30 15:37:45', '\0', '瀹', '2', '0', '4522445', '\0');
INSERT INTO `wemall_area` VALUES ('4522448', '2013-07-30 15:37:45', '\0', '璧', '2', '0', '4522445', '\0');
INSERT INTO `wemall_area` VALUES ('4522449', '2013-07-30 15:37:46', '\0', '寰峰', '2', '0', '4522445', '\0');
INSERT INTO `wemall_area` VALUES ('4522450', '2013-07-30 15:37:46', '\0', '藉', '2', '0', '4522445', '\0');
INSERT INTO `wemall_area` VALUES ('4522451', '2013-07-30 15:37:46', '\0', '村', '2', '0', '4522445', '\0');
INSERT INTO `wemall_area` VALUES ('4522452', '2013-07-30 15:37:46', '\0', '', '2', '0', '4522445', '\0');
INSERT INTO `wemall_area` VALUES ('4522453', '2013-07-30 15:37:46', '\0', '瀵灏崇考', '2', '0', '4522445', '\0');
INSERT INTO `wemall_area` VALUES ('4522454', '2013-07-30 15:37:46', '\0', '瀵灏崇考涓', '2', '0', '4522445', '\0');
INSERT INTO `wemall_area` VALUES ('4522455', '2013-07-30 15:37:46', '\0', '瀵灏崇考', '2', '0', '4522445', '\0');
INSERT INTO `wemall_area` VALUES ('4522456', '2013-07-30 15:37:46', '\0', '瀛', '2', '0', '4522445', '\0');
INSERT INTO `wemall_area` VALUES ('4522457', '2013-07-30 15:37:46', '\0', '涓伴甯', '2', '0', '4522445', '\0');
INSERT INTO `wemall_area` VALUES ('4522458', '2013-07-30 15:37:46', '\0', '村', '1', '0', '4522359', '\0');
INSERT INTO `wemall_area` VALUES ('4522459', '2013-07-30 15:37:46', '\0', '涔版旦瑰', '2', '0', '4522458', '\0');
INSERT INTO `wemall_area` VALUES ('4522460', '2013-07-30 15:37:46', '\0', '垮灞卞', '2', '0', '4522458', '\0');
INSERT INTO `wemall_area` VALUES ('4522461', '2013-07-30 15:37:46', '\0', '绉灏娌崇考', '2', '0', '4522458', '\0');
INSERT INTO `wemall_area` VALUES ('4522462', '2013-07-30 15:37:46', '\0', '绉灏娌崇考涓', '2', '0', '4522458', '\0');
INSERT INTO `wemall_area` VALUES ('4522463', '2013-07-30 15:37:46', '\0', '璧规', '2', '0', '4522458', '\0');
INSERT INTO `wemall_area` VALUES ('4522464', '2013-07-30 15:37:46', '\0', '绐娉', '2', '0', '4522458', '\0');
INSERT INTO `wemall_area` VALUES ('4522465', '2013-07-30 15:37:46', '\0', '℃', '1', '0', '4522359', '\0');
INSERT INTO `wemall_area` VALUES ('4522466', '2013-07-30 15:37:46', '\0', '浜杩娴╃瑰', '2', '0', '4522465', '\0');
INSERT INTO `wemall_area` VALUES ('4522467', '2013-07-30 15:37:46', '\0', '℃娴╃瑰', '2', '0', '4522465', '\0');
INSERT INTO `wemall_area` VALUES ('4522468', '2013-07-30 15:37:46', '\0', '垮反', '2', '0', '4522465', '\0');
INSERT INTO `wemall_area` VALUES ('4522469', '2013-07-30 15:37:46', '\0', '灏肩瑰乏', '2', '0', '4522465', '\0');
INSERT INTO `wemall_area` VALUES ('4522470', '2013-07-30 15:37:46', '\0', '灏肩瑰虫', '2', '0', '4522465', '\0');
INSERT INTO `wemall_area` VALUES ('4522471', '2013-07-30 15:37:46', '\0', '涓涔绌娌', '2', '0', '4522465', '\0');
INSERT INTO `wemall_area` VALUES ('4522472', '2013-07-30 15:37:46', '\0', '瑗夸绌娌', '2', '0', '4522465', '\0');
INSERT INTO `wemall_area` VALUES ('4522473', '2013-07-30 15:37:46', '\0', '澶浠瀵烘', '2', '0', '4522465', '\0');
INSERT INTO `wemall_area` VALUES ('4522474', '2013-07-30 15:37:46', '\0', '堕', '2', '0', '4522465', '\0');
INSERT INTO `wemall_area` VALUES ('4522475', '2013-07-30 15:37:46', '\0', '姝ｉ剁芥', '2', '0', '4522465', '\0');
INSERT INTO `wemall_area` VALUES ('4522476', '2013-07-30 15:37:46', '\0', '姝ｈ', '2', '0', '4522465', '\0');
INSERT INTO `wemall_area` VALUES ('4522477', '2013-07-30 15:37:46', '\0', '澶浼', '2', '0', '4522465', '\0');
INSERT INTO `wemall_area` VALUES ('4522478', '2013-07-30 15:37:46', '\0', '挎', '1', '0', '4522359', '\0');
INSERT INTO `wemall_area` VALUES ('4522479', '2013-07-30 15:37:46', '\0', '挎宸', '2', '0', '4522478', '\0');
INSERT INTO `wemall_area` VALUES ('4522480', '2013-07-30 15:37:46', '\0', '挎虫', '2', '0', '4522478', '\0');
INSERT INTO `wemall_area` VALUES ('4522481', '2013-07-30 15:37:47', '\0', '棰娴绾虫', '2', '0', '4522478', '\0');
INSERT INTO `wemall_area` VALUES ('4522482', '2013-07-30 15:37:47', '\0', '杈藉', '0', '0', null, '\0');
INSERT INTO `wemall_area` VALUES ('4522483', '2013-07-30 15:37:47', '\0', '娌冲', '1', '0', '4522482', '');
INSERT INTO `wemall_area` VALUES ('4522484', '2013-07-30 15:37:47', '\0', '娴板', '2', '0', '4522483', '\0');
INSERT INTO `wemall_area` VALUES ('4522485', '2013-07-30 15:37:47', '\0', '骞冲', '2', '0', '4522483', '\0');
INSERT INTO `wemall_area` VALUES ('4522486', '2013-07-30 15:37:47', '\0', '娌娌冲', '2', '0', '4522483', '\0');
INSERT INTO `wemall_area` VALUES ('4522487', '2013-07-30 15:37:47', '\0', '澶т', '2', '0', '4522483', '\0');
INSERT INTO `wemall_area` VALUES ('4522488', '2013-07-30 15:37:47', '\0', '濮', '2', '0', '4522483', '\0');
INSERT INTO `wemall_area` VALUES ('4522489', '2013-07-30 15:37:47', '\0', '瑗垮', '2', '0', '4522483', '\0');
INSERT INTO `wemall_area` VALUES ('4522490', '2013-07-30 15:37:47', '\0', '瀹跺悲', '2', '0', '4522483', '\0');
INSERT INTO `wemall_area` VALUES ('4522491', '2013-07-30 15:37:47', '\0', '涓靛', '2', '0', '4522483', '\0');
INSERT INTO `wemall_area` VALUES ('4522492', '2013-07-30 15:37:47', '\0', '娌板', '2', '0', '4522483', '\0');
INSERT INTO `wemall_area` VALUES ('4522493', '2013-07-30 15:37:47', '\0', '浜娲', '2', '0', '4522483', '\0');
INSERT INTO `wemall_area` VALUES ('4522494', '2013-07-30 15:37:47', '\0', '杈戒腑', '2', '0', '4522483', '\0');
INSERT INTO `wemall_area` VALUES ('4522495', '2013-07-30 15:37:47', '\0', '搴峰钩', '2', '0', '4522483', '\0');
INSERT INTO `wemall_area` VALUES ('4522496', '2013-07-30 15:37:47', '\0', '娉搴', '2', '0', '4522483', '\0');
INSERT INTO `wemall_area` VALUES ('4522497', '2013-07-30 15:37:47', '\0', '版甯', '2', '0', '4522483', '\0');
INSERT INTO `wemall_area` VALUES ('4522498', '2013-07-30 15:37:47', '\0', '澶ц甯', '1', '0', '4522482', '');
INSERT INTO `wemall_area` VALUES ('4522499', '2013-07-30 15:37:47', '\0', '甯杈', '2', '0', '4522498', '\0');
INSERT INTO `wemall_area` VALUES ('4522500', '2013-07-30 15:37:47', '\0', '涓灞卞', '2', '0', '4522498', '\0');
INSERT INTO `wemall_area` VALUES ('4522501', '2013-07-30 15:37:47', '\0', '瑗垮', '2', '0', '4522498', '\0');
INSERT INTO `wemall_area` VALUES ('4522502', '2013-07-30 15:37:47', '\0', '娌娌冲ｅ', '2', '0', '4522498', '\0');
INSERT INTO `wemall_area` VALUES ('4522503', '2013-07-30 15:37:47', '\0', '浜瀛', '2', '0', '4522498', '\0');
INSERT INTO `wemall_area` VALUES ('4522504', '2013-07-30 15:37:47', '\0', '椤哄ｅ', '2', '0', '4522498', '\0');
INSERT INTO `wemall_area` VALUES ('4522505', '2013-07-30 15:37:47', '\0', '宸', '2', '0', '4522498', '\0');
INSERT INTO `wemall_area` VALUES ('4522506', '2013-07-30 15:37:47', '\0', '挎捣', '2', '0', '4522498', '\0');
INSERT INTO `wemall_area` VALUES ('4522507', '2013-07-30 15:37:47', '\0', '垮甯', '2', '0', '4522498', '\0');
INSERT INTO `wemall_area` VALUES ('4522508', '2013-07-30 15:37:47', '\0', '板甯', '2', '0', '4522498', '\0');
INSERT INTO `wemall_area` VALUES ('4522509', '2013-07-30 15:37:47', '\0', '搴娌冲', '2', '0', '4522498', '\0');
INSERT INTO `wemall_area` VALUES ('4522510', '2013-07-30 15:37:47', '\0', '灞卞', '1', '0', '4522482', '\0');
INSERT INTO `wemall_area` VALUES ('4522511', '2013-07-30 15:37:47', '\0', '甯杈', '2', '0', '4522510', '\0');
INSERT INTO `wemall_area` VALUES ('4522512', '2013-07-30 15:37:48', '\0', '涓', '2', '0', '4522510', '\0');
INSERT INTO `wemall_area` VALUES ('4522513', '2013-07-30 15:37:48', '\0', '瑗垮', '2', '0', '4522510', '\0');
INSERT INTO `wemall_area` VALUES ('4522514', '2013-07-30 15:37:48', '\0', '绔灞卞', '2', '0', '4522510', '\0');
INSERT INTO `wemall_area` VALUES ('4522515', '2013-07-30 15:37:48', '\0', '灞卞', '2', '0', '4522510', '\0');
INSERT INTO `wemall_area` VALUES ('4522516', '2013-07-30 15:37:48', '\0', '板', '2', '0', '4522510', '\0');
INSERT INTO `wemall_area` VALUES ('4522517', '2013-07-30 15:37:48', '\0', '宀宀╂弧娌诲', '2', '0', '4522510', '\0');
INSERT INTO `wemall_area` VALUES ('4522518', '2013-07-30 15:37:48', '\0', '娴峰甯', '2', '0', '4522510', '\0');
INSERT INTO `wemall_area` VALUES ('4522519', '2013-07-30 15:37:48', '\0', '椤哄', '1', '0', '4522482', '\0');
INSERT INTO `wemall_area` VALUES ('4522520', '2013-07-30 15:37:48', '\0', '甯杈', '2', '0', '4522519', '\0');
INSERT INTO `wemall_area` VALUES ('4522521', '2013-07-30 15:37:48', '\0', '版', '2', '0', '4522519', '\0');
INSERT INTO `wemall_area` VALUES ('4522522', '2013-07-30 15:37:48', '\0', '涓娲插', '2', '0', '4522519', '\0');
INSERT INTO `wemall_area` VALUES ('4522523', '2013-07-30 15:37:48', '\0', '卞', '2', '0', '4522519', '\0');
INSERT INTO `wemall_area` VALUES ('4522524', '2013-07-30 15:37:48', '\0', '椤哄', '2', '0', '4522519', '\0');
INSERT INTO `wemall_area` VALUES ('4522525', '2013-07-30 15:37:48', '\0', '椤哄', '2', '0', '4522519', '\0');
INSERT INTO `wemall_area` VALUES ('4522526', '2013-07-30 15:37:48', '\0', '板炬弧娌诲', '2', '0', '4522519', '\0');
INSERT INTO `wemall_area` VALUES ('4522527', '2013-07-30 15:37:48', '\0', '娓婊℃娌诲', '2', '0', '4522519', '\0');
INSERT INTO `wemall_area` VALUES ('4522528', '2013-07-30 15:37:48', '\0', '婧甯', '1', '0', '4522482', '\0');
INSERT INTO `wemall_area` VALUES ('4522529', '2013-07-30 15:37:48', '\0', '甯杈', '2', '0', '4522528', '\0');
INSERT INTO `wemall_area` VALUES ('4522530', '2013-07-30 15:37:48', '\0', '骞冲北', '2', '0', '4522528', '\0');
INSERT INTO `wemall_area` VALUES ('4522531', '2013-07-30 15:37:48', '\0', '婧婀', '2', '0', '4522528', '\0');
INSERT INTO `wemall_area` VALUES ('4522532', '2013-07-30 15:37:48', '\0', '灞卞', '2', '0', '4522528', '\0');
INSERT INTO `wemall_area` VALUES ('4522533', '2013-07-30 15:37:48', '\0', '', '2', '0', '4522528', '\0');
INSERT INTO `wemall_area` VALUES ('4522534', '2013-07-30 15:37:48', '\0', '婧婊℃娌诲', '2', '0', '4522528', '\0');
INSERT INTO `wemall_area` VALUES ('4522535', '2013-07-30 15:37:48', '\0', '妗浠婊℃娌诲', '2', '0', '4522528', '\0');
INSERT INTO `wemall_area` VALUES ('4522536', '2013-07-30 15:37:48', '\0', '涓逛甯', '1', '0', '4522482', '\0');
INSERT INTO `wemall_area` VALUES ('4522537', '2013-07-30 15:37:48', '\0', '甯杈', '2', '0', '4522536', '\0');
INSERT INTO `wemall_area` VALUES ('4522538', '2013-07-30 15:37:48', '\0', '瀹', '2', '0', '4522536', '\0');
INSERT INTO `wemall_area` VALUES ('4522539', '2013-07-30 15:37:48', '\0', '村', '2', '0', '4522536', '\0');
INSERT INTO `wemall_area` VALUES ('4522540', '2013-07-30 15:37:48', '\0', '瀹', '2', '0', '4522536', '\0');
INSERT INTO `wemall_area` VALUES ('4522541', '2013-07-30 15:37:48', '\0', '瀹界告弧娌诲', '2', '0', '4522536', '\0');
INSERT INTO `wemall_area` VALUES ('4522542', '2013-07-30 15:37:48', '\0', '涓娓甯', '2', '0', '4522536', '\0');
INSERT INTO `wemall_area` VALUES ('4522543', '2013-07-30 15:37:49', '\0', 'ゅ甯', '2', '0', '4522536', '\0');
INSERT INTO `wemall_area` VALUES ('4522544', '2013-07-30 15:37:49', '\0', '宸甯', '1', '0', '4522482', '\0');
INSERT INTO `wemall_area` VALUES ('4522545', '2013-07-30 15:37:49', '\0', '甯杈', '2', '0', '4522544', '\0');
INSERT INTO `wemall_area` VALUES ('4522546', '2013-07-30 15:37:49', '\0', 'ゅ', '2', '0', '4522544', '\0');
INSERT INTO `wemall_area` VALUES ('4522547', '2013-07-30 15:37:49', '\0', '娌冲', '2', '0', '4522544', '\0');
INSERT INTO `wemall_area` VALUES ('4522548', '2013-07-30 15:37:49', '\0', '澶', '2', '0', '4522544', '\0');
INSERT INTO `wemall_area` VALUES ('4522549', '2013-07-30 15:37:49', '\0', '榛灞卞', '2', '0', '4522544', '\0');
INSERT INTO `wemall_area` VALUES ('4522550', '2013-07-30 15:37:49', '\0', '涔', '2', '0', '4522544', '\0');
INSERT INTO `wemall_area` VALUES ('4522551', '2013-07-30 15:37:49', '\0', '娴峰', '2', '0', '4522544', '\0');
INSERT INTO `wemall_area` VALUES ('4522552', '2013-07-30 15:37:49', '\0', '甯', '2', '0', '4522544', '\0');
INSERT INTO `wemall_area` VALUES ('4522553', '2013-07-30 15:37:49', '\0', 'ュｅ', '1', '0', '4522482', '\0');
INSERT INTO `wemall_area` VALUES ('4522554', '2013-07-30 15:37:49', '\0', '甯杈', '2', '0', '4522553', '\0');
INSERT INTO `wemall_area` VALUES ('4522555', '2013-07-30 15:37:49', '\0', '绔', '2', '0', '4522553', '\0');
INSERT INTO `wemall_area` VALUES ('4522556', '2013-07-30 15:37:49', '\0', '瑗垮', '2', '0', '4522553', '\0');
INSERT INTO `wemall_area` VALUES ('4522557', '2013-07-30 15:37:49', '\0', '椴楸煎', '2', '0', '4522553', '\0');
INSERT INTO `wemall_area` VALUES ('4522558', '2013-07-30 15:37:49', '\0', '杈瑰', '2', '0', '4522553', '\0');
INSERT INTO `wemall_area` VALUES ('4522559', '2013-07-30 15:37:49', '\0', '宸甯', '2', '0', '4522553', '\0');
INSERT INTO `wemall_area` VALUES ('4522560', '2013-07-30 15:37:49', '\0', '澶х虫ˉ甯', '2', '0', '4522553', '\0');
INSERT INTO `wemall_area` VALUES ('4522561', '2013-07-30 15:37:49', '\0', '板', '1', '0', '4522482', '\0');
INSERT INTO `wemall_area` VALUES ('4522562', '2013-07-30 15:37:49', '\0', '甯杈', '2', '0', '4522561', '\0');
INSERT INTO `wemall_area` VALUES ('4522563', '2013-07-30 15:37:49', '\0', '娴峰', '2', '0', '4522561', '\0');
INSERT INTO `wemall_area` VALUES ('4522564', '2013-07-30 15:37:49', '\0', '伴卞', '2', '0', '4522561', '\0');
INSERT INTO `wemall_area` VALUES ('4522565', '2013-07-30 15:37:49', '\0', '澶骞冲', '2', '0', '4522561', '\0');
INSERT INTO `wemall_area` VALUES ('4522566', '2013-07-30 15:37:49', '\0', '娓娌抽ㄥ', '2', '0', '4522561', '\0');
INSERT INTO `wemall_area` VALUES ('4522567', '2013-07-30 15:37:49', '\0', '缁娌冲', '2', '0', '4522561', '\0');
INSERT INTO `wemall_area` VALUES ('4522568', '2013-07-30 15:37:49', '\0', '拌ゆ娌诲', '2', '0', '4522561', '\0');
INSERT INTO `wemall_area` VALUES ('4522569', '2013-07-30 15:37:49', '\0', '褰版', '2', '0', '4522561', '\0');
INSERT INTO `wemall_area` VALUES ('4522570', '2013-07-30 15:37:49', '\0', '杈介冲', '1', '0', '4522482', '\0');
INSERT INTO `wemall_area` VALUES ('4522571', '2013-07-30 15:37:50', '\0', '甯杈', '2', '0', '4522570', '\0');
INSERT INTO `wemall_area` VALUES ('4522572', '2013-07-30 15:37:50', '\0', '藉', '2', '0', '4522570', '\0');
INSERT INTO `wemall_area` VALUES ('4522573', '2013-07-30 15:37:50', '\0', 'ｅ', '2', '0', '4522570', '\0');
INSERT INTO `wemall_area` VALUES ('4522574', '2013-07-30 15:37:50', '\0', '瀹浼', '2', '0', '4522570', '\0');
INSERT INTO `wemall_area` VALUES ('4522575', '2013-07-30 15:37:50', '\0', '寮垮箔', '2', '0', '4522570', '\0');
INSERT INTO `wemall_area` VALUES ('4522576', '2013-07-30 15:37:50', '\0', '澶瀛娌冲', '2', '0', '4522570', '\0');
INSERT INTO `wemall_area` VALUES ('4522577', '2013-07-30 15:37:50', '\0', '杈介冲', '2', '0', '4522570', '\0');
INSERT INTO `wemall_area` VALUES ('4522578', '2013-07-30 15:37:50', '\0', '濉甯', '2', '0', '4522570', '\0');
INSERT INTO `wemall_area` VALUES ('4522579', '2013-07-30 15:37:50', '\0', '甯', '1', '0', '4522482', '\0');
INSERT INTO `wemall_area` VALUES ('4522580', '2013-07-30 15:37:50', '\0', '甯杈', '2', '0', '4522579', '\0');
INSERT INTO `wemall_area` VALUES ('4522581', '2013-07-30 15:37:50', '\0', '板', '2', '0', '4522579', '\0');
INSERT INTO `wemall_area` VALUES ('4522582', '2013-07-30 15:37:50', '\0', '撮板', '2', '0', '4522579', '\0');
INSERT INTO `wemall_area` VALUES ('4522583', '2013-07-30 15:37:50', '\0', '澶ф醇', '2', '0', '4522579', '\0');
INSERT INTO `wemall_area` VALUES ('4522584', '2013-07-30 15:37:50', '\0', '灞卞', '2', '0', '4522579', '\0');
INSERT INTO `wemall_area` VALUES ('4522585', '2013-07-30 15:37:50', '\0', '宀甯', '1', '0', '4522482', '\0');
INSERT INTO `wemall_area` VALUES ('4522586', '2013-07-30 15:37:50', '\0', '甯杈', '2', '0', '4522585', '\0');
INSERT INTO `wemall_area` VALUES ('4522587', '2013-07-30 15:37:50', '\0', '跺', '2', '0', '4522585', '\0');
INSERT INTO `wemall_area` VALUES ('4522588', '2013-07-30 15:37:50', '\0', '娓娌冲', '2', '0', '4522585', '\0');
INSERT INTO `wemall_area` VALUES ('4522589', '2013-07-30 15:37:50', '\0', '宀', '2', '0', '4522585', '\0');
INSERT INTO `wemall_area` VALUES ('4522590', '2013-07-30 15:37:50', '\0', '瑗夸赴', '2', '0', '4522585', '\0');
INSERT INTO `wemall_area` VALUES ('4522591', '2013-07-30 15:37:50', '\0', '惧', '2', '0', '4522585', '\0');
INSERT INTO `wemall_area` VALUES ('4522592', '2013-07-30 15:37:50', '\0', '璋靛北甯', '2', '0', '4522585', '\0');
INSERT INTO `wemall_area` VALUES ('4522593', '2013-07-30 15:37:50', '\0', '寮甯', '2', '0', '4522585', '\0');
INSERT INTO `wemall_area` VALUES ('4522594', '2013-07-30 15:37:50', '\0', '冲', '1', '0', '4522482', '\0');
INSERT INTO `wemall_area` VALUES ('4522595', '2013-07-30 15:37:50', '\0', '甯杈', '2', '0', '4522594', '\0');
INSERT INTO `wemall_area` VALUES ('4522596', '2013-07-30 15:37:50', '\0', '濉', '2', '0', '4522594', '\0');
INSERT INTO `wemall_area` VALUES ('4522597', '2013-07-30 15:37:50', '\0', '榫', '2', '0', '4522594', '\0');
INSERT INTO `wemall_area` VALUES ('4522598', '2013-07-30 15:37:50', '\0', '冲', '2', '0', '4522594', '\0');
INSERT INTO `wemall_area` VALUES ('4522599', '2013-07-30 15:37:51', '\0', '寤哄钩', '2', '0', '4522594', '\0');
INSERT INTO `wemall_area` VALUES ('4522600', '2013-07-30 15:37:51', '\0', '娌宸缈艰ゆ娌诲', '2', '0', '4522594', '\0');
INSERT INTO `wemall_area` VALUES ('4522601', '2013-07-30 15:37:51', '\0', '绁ㄥ', '2', '0', '4522594', '\0');
INSERT INTO `wemall_area` VALUES ('4522602', '2013-07-30 15:37:51', '\0', '婧甯', '2', '0', '4522594', '\0');
INSERT INTO `wemall_area` VALUES ('4522603', '2013-07-30 15:37:51', '\0', '宀甯', '1', '0', '4522482', '\0');
INSERT INTO `wemall_area` VALUES ('4522604', '2013-07-30 15:37:51', '\0', '甯杈', '2', '0', '4522603', '\0');
INSERT INTO `wemall_area` VALUES ('4522605', '2013-07-30 15:37:51', '\0', '杩灞卞', '2', '0', '4522603', '\0');
INSERT INTO `wemall_area` VALUES ('4522606', '2013-07-30 15:37:51', '\0', '榫娓', '2', '0', '4522603', '\0');
INSERT INTO `wemall_area` VALUES ('4522607', '2013-07-30 15:37:51', '\0', '绁ㄥ', '2', '0', '4522603', '\0');
INSERT INTO `wemall_area` VALUES ('4522608', '2013-07-30 15:37:51', '\0', '缁ヤ腑', '2', '0', '4522603', '\0');
INSERT INTO `wemall_area` VALUES ('4522609', '2013-07-30 15:37:51', '\0', '寤烘', '2', '0', '4522603', '\0');
INSERT INTO `wemall_area` VALUES ('4522610', '2013-07-30 15:37:51', '\0', '村甯', '2', '0', '4522603', '\0');
INSERT INTO `wemall_area` VALUES ('4522611', '2013-07-30 15:37:51', '\0', '', '0', '0', null, '\0');
INSERT INTO `wemall_area` VALUES ('4522612', '2013-07-30 15:37:51', '\0', '挎ュ', '1', '0', '4522611', '');
INSERT INTO `wemall_area` VALUES ('4522613', '2013-07-30 15:37:51', '\0', '甯杈', '2', '0', '4522612', '\0');
INSERT INTO `wemall_area` VALUES ('4522614', '2013-07-30 15:37:51', '\0', '冲', '2', '0', '4522612', '\0');
INSERT INTO `wemall_area` VALUES ('4522615', '2013-07-30 15:37:51', '\0', '瀹藉', '2', '0', '4522612', '\0');
INSERT INTO `wemall_area` VALUES ('4522616', '2013-07-30 15:37:51', '\0', '冲', '2', '0', '4522612', '\0');
INSERT INTO `wemall_area` VALUES ('4522617', '2013-07-30 15:37:51', '\0', '浜', '2', '0', '4522612', '\0');
INSERT INTO `wemall_area` VALUES ('4522618', '2013-07-30 15:37:51', '\0', '缁垮', '2', '0', '4522612', '\0');
INSERT INTO `wemall_area` VALUES ('4522619', '2013-07-30 15:37:51', '\0', '冲', '2', '0', '4522612', '\0');
INSERT INTO `wemall_area` VALUES ('4522620', '2013-07-30 15:37:51', '\0', '瀹', '2', '0', '4522612', '\0');
INSERT INTO `wemall_area` VALUES ('4522621', '2013-07-30 15:37:51', '\0', '涔板', '2', '0', '4522612', '\0');
INSERT INTO `wemall_area` VALUES ('4522622', '2013-07-30 15:37:51', '\0', '姒甯', '2', '0', '4522612', '\0');
INSERT INTO `wemall_area` VALUES ('4522623', '2013-07-30 15:37:51', '\0', '寰锋甯', '2', '0', '4522612', '\0');
INSERT INTO `wemall_area` VALUES ('4522624', '2013-07-30 15:37:51', '\0', '甯', '1', '0', '4522611', '\0');
INSERT INTO `wemall_area` VALUES ('4522625', '2013-07-30 15:37:51', '\0', '甯杈', '2', '0', '4522624', '\0');
INSERT INTO `wemall_area` VALUES ('4522626', '2013-07-30 15:37:52', '\0', '', '2', '0', '4522624', '\0');
INSERT INTO `wemall_area` VALUES ('4522627', '2013-07-30 15:37:52', '\0', '榫娼', '2', '0', '4522624', '\0');
INSERT INTO `wemall_area` VALUES ('4522628', '2013-07-30 15:37:52', '\0', '硅ュ', '2', '0', '4522624', '\0');
INSERT INTO `wemall_area` VALUES ('4522629', '2013-07-30 15:37:52', '\0', '涓版弧', '2', '0', '4522624', '\0');
INSERT INTO `wemall_area` VALUES ('4522630', '2013-07-30 15:37:52', '\0', '姘稿', '2', '0', '4522624', '\0');
INSERT INTO `wemall_area` VALUES ('4522631', '2013-07-30 15:37:52', '\0', '娌冲', '2', '0', '4522624', '\0');
INSERT INTO `wemall_area` VALUES ('4522632', '2013-07-30 15:37:52', '\0', '妗稿', '2', '0', '4522624', '\0');
INSERT INTO `wemall_area` VALUES ('4522633', '2013-07-30 15:37:52', '\0', '板', '2', '0', '4522624', '\0');
INSERT INTO `wemall_area` VALUES ('4522634', '2013-07-30 15:37:52', '\0', '纾冲', '2', '0', '4522624', '\0');
INSERT INTO `wemall_area` VALUES ('4522635', '2013-07-30 15:37:52', '\0', '骞冲', '1', '0', '4522611', '\0');
INSERT INTO `wemall_area` VALUES ('4522636', '2013-07-30 15:37:52', '\0', '甯杈', '2', '0', '4522635', '\0');
INSERT INTO `wemall_area` VALUES ('4522637', '2013-07-30 15:37:52', '\0', '瑗垮', '2', '0', '4522635', '\0');
INSERT INTO `wemall_area` VALUES ('4522638', '2013-07-30 15:37:52', '\0', '涓', '2', '0', '4522635', '\0');
INSERT INTO `wemall_area` VALUES ('4522639', '2013-07-30 15:37:52', '\0', '姊ㄦ', '2', '0', '4522635', '\0');
INSERT INTO `wemall_area` VALUES ('4522640', '2013-07-30 15:37:52', '\0', '浼婊℃娌诲', '2', '0', '4522635', '\0');
INSERT INTO `wemall_area` VALUES ('4522641', '2013-07-30 15:37:52', '\0', '涓诲箔甯', '2', '0', '4522635', '\0');
INSERT INTO `wemall_area` VALUES ('4522642', '2013-07-30 15:37:52', '\0', '杈藉', '2', '0', '4522635', '\0');
INSERT INTO `wemall_area` VALUES ('4522643', '2013-07-30 15:37:52', '\0', '杈芥甯', '1', '0', '4522611', '\0');
INSERT INTO `wemall_area` VALUES ('4522644', '2013-07-30 15:37:52', '\0', '甯杈', '2', '0', '4522643', '\0');
INSERT INTO `wemall_area` VALUES ('4522645', '2013-07-30 15:37:52', '\0', '榫灞卞', '2', '0', '4522643', '\0');
INSERT INTO `wemall_area` VALUES ('4522646', '2013-07-30 15:37:52', '\0', '瑗垮', '2', '0', '4522643', '\0');
INSERT INTO `wemall_area` VALUES ('4522647', '2013-07-30 15:37:52', '\0', '涓涓板', '2', '0', '4522643', '\0');
INSERT INTO `wemall_area` VALUES ('4522648', '2013-07-30 15:37:52', '\0', '涓杈藉', '2', '0', '4522643', '\0');
INSERT INTO `wemall_area` VALUES ('4522649', '2013-07-30 15:37:52', '\0', '甯', '1', '0', '4522611', '\0');
INSERT INTO `wemall_area` VALUES ('4522650', '2013-07-30 15:37:52', '\0', '甯杈', '2', '0', '4522649', '\0');
INSERT INTO `wemall_area` VALUES ('4522651', '2013-07-30 15:37:52', '\0', '涓', '2', '0', '4522649', '\0');
INSERT INTO `wemall_area` VALUES ('4522652', '2013-07-30 15:37:52', '\0', '浜姹', '2', '0', '4522649', '\0');
INSERT INTO `wemall_area` VALUES ('4522653', '2013-07-30 15:37:52', '\0', '', '2', '0', '4522649', '\0');
INSERT INTO `wemall_area` VALUES ('4522654', '2013-07-30 15:37:53', '\0', '杈', '2', '0', '4522649', '\0');
INSERT INTO `wemall_area` VALUES ('4522655', '2013-07-30 15:37:53', '\0', '虫渤', '2', '0', '4522649', '\0');
INSERT INTO `wemall_area` VALUES ('4522656', '2013-07-30 15:37:53', '\0', '姊娌冲ｅ', '2', '0', '4522649', '\0');
INSERT INTO `wemall_area` VALUES ('4522657', '2013-07-30 15:37:53', '\0', '瀹甯', '2', '0', '4522649', '\0');
INSERT INTO `wemall_area` VALUES ('4522658', '2013-07-30 15:37:53', '\0', '藉北甯', '1', '0', '4522611', '\0');
INSERT INTO `wemall_area` VALUES ('4522659', '2013-07-30 15:37:53', '\0', '甯杈', '2', '0', '4522658', '\0');
INSERT INTO `wemall_area` VALUES ('4522660', '2013-07-30 15:37:53', '\0', '姹', '2', '0', '4522658', '\0');
INSERT INTO `wemall_area` VALUES ('4522661', '2013-07-30 15:37:53', '\0', '姹婧', '2', '0', '4522658', '\0');
INSERT INTO `wemall_area` VALUES ('4522662', '2013-07-30 15:37:53', '\0', '惧', '2', '0', '4522658', '\0');
INSERT INTO `wemall_area` VALUES ('4522663', '2013-07-30 15:37:53', '\0', '瀹', '2', '0', '4522658', '\0');
INSERT INTO `wemall_area` VALUES ('4522664', '2013-07-30 15:37:53', '\0', '跨芥椴娌诲', '2', '0', '4522658', '\0');
INSERT INTO `wemall_area` VALUES ('4522665', '2013-07-30 15:37:53', '\0', '涓存甯', '2', '0', '4522658', '\0');
INSERT INTO `wemall_area` VALUES ('4522666', '2013-07-30 15:37:53', '\0', '惧甯', '1', '0', '4522611', '\0');
INSERT INTO `wemall_area` VALUES ('4522667', '2013-07-30 15:37:53', '\0', '甯杈', '2', '0', '4522666', '\0');
INSERT INTO `wemall_area` VALUES ('4522668', '2013-07-30 15:37:53', '\0', '瀹姹', '2', '0', '4522666', '\0');
INSERT INTO `wemall_area` VALUES ('4522669', '2013-07-30 15:37:53', '\0', '灏缃ゆ娌诲', '2', '0', '4522666', '\0');
INSERT INTO `wemall_area` VALUES ('4522670', '2013-07-30 15:37:53', '\0', '垮箔', '2', '0', '4522666', '\0');
INSERT INTO `wemall_area` VALUES ('4522671', '2013-07-30 15:37:53', '\0', '涔惧', '2', '0', '4522666', '\0');
INSERT INTO `wemall_area` VALUES ('4522672', '2013-07-30 15:37:53', '\0', '朵', '2', '0', '4522666', '\0');
INSERT INTO `wemall_area` VALUES ('4522673', '2013-07-30 15:37:53', '\0', '藉甯', '1', '0', '4522611', '\0');
INSERT INTO `wemall_area` VALUES ('4522674', '2013-07-30 15:37:53', '\0', '甯杈', '2', '0', '4522673', '\0');
INSERT INTO `wemall_area` VALUES ('4522675', '2013-07-30 15:37:53', '\0', '娲', '2', '0', '4522673', '\0');
INSERT INTO `wemall_area` VALUES ('4522676', '2013-07-30 15:37:53', '\0', '璧', '2', '0', '4522673', '\0');
INSERT INTO `wemall_area` VALUES ('4522677', '2013-07-30 15:37:53', '\0', '姒', '2', '0', '4522673', '\0');
INSERT INTO `wemall_area` VALUES ('4522678', '2013-07-30 15:37:53', '\0', '娲甯', '2', '0', '4522673', '\0');
INSERT INTO `wemall_area` VALUES ('4522679', '2013-07-30 15:37:53', '\0', '澶у甯', '2', '0', '4522673', '\0');
INSERT INTO `wemall_area` VALUES ('4522680', '2013-07-30 15:37:53', '\0', '寤惰竟椴娌诲', '1', '0', '4522611', '\0');
INSERT INTO `wemall_area` VALUES ('4522681', '2013-07-30 15:37:53', '\0', '寤跺甯', '2', '0', '4522680', '\0');
INSERT INTO `wemall_area` VALUES ('4522682', '2013-07-30 15:37:54', '\0', '句滑甯', '2', '0', '4522680', '\0');
INSERT INTO `wemall_area` VALUES ('4522683', '2013-07-30 15:37:54', '\0', '甯', '2', '0', '4522680', '\0');
INSERT INTO `wemall_area` VALUES ('4522684', '2013-07-30 15:37:54', '\0', '叉ュ', '2', '0', '4522680', '\0');
INSERT INTO `wemall_area` VALUES ('4522685', '2013-07-30 15:37:54', '\0', '榫浜甯', '2', '0', '4522680', '\0');
INSERT INTO `wemall_area` VALUES ('4522686', '2013-07-30 15:37:54', '\0', '榫甯', '2', '0', '4522680', '\0');
INSERT INTO `wemall_area` VALUES ('4522687', '2013-07-30 15:37:54', '\0', '姹娓', '2', '0', '4522680', '\0');
INSERT INTO `wemall_area` VALUES ('4522688', '2013-07-30 15:37:54', '\0', '瀹惧', '2', '0', '4522680', '\0');
INSERT INTO `wemall_area` VALUES ('4522689', '2013-07-30 15:37:54', '\0', '榛榫姹', '0', '0', null, '\0');
INSERT INTO `wemall_area` VALUES ('4522690', '2013-07-30 15:37:54', '\0', '灏婊ㄥ', '1', '0', '4522689', '');
INSERT INTO `wemall_area` VALUES ('4522691', '2013-07-30 15:37:54', '\0', '甯杈', '2', '0', '4522690', '\0');
INSERT INTO `wemall_area` VALUES ('4522692', '2013-07-30 15:37:54', '\0', '', '2', '0', '4522690', '\0');
INSERT INTO `wemall_area` VALUES ('4522693', '2013-07-30 15:37:54', '\0', '宀', '2', '0', '4522690', '\0');
INSERT INTO `wemall_area` VALUES ('4522694', '2013-07-30 15:37:54', '\0', '澶', '2', '0', '4522690', '\0');
INSERT INTO `wemall_area` VALUES ('4522695', '2013-07-30 15:37:54', '\0', '骞虫垮', '2', '0', '4522690', '\0');
INSERT INTO `wemall_area` VALUES ('4522696', '2013-07-30 15:37:54', '\0', '惧', '2', '0', '4522690', '\0');
INSERT INTO `wemall_area` VALUES ('4522697', '2013-07-30 15:37:54', '\0', '棣', '2', '0', '4522690', '\0');
INSERT INTO `wemall_area` VALUES ('4522698', '2013-07-30 15:37:54', '\0', '煎板', '2', '0', '4522690', '\0');
INSERT INTO `wemall_area` VALUES ('4522699', '2013-07-30 15:37:54', '\0', '垮', '2', '0', '4522690', '\0');
INSERT INTO `wemall_area` VALUES ('4522700', '2013-07-30 15:37:54', '\0', '渚板', '2', '0', '4522690', '\0');
INSERT INTO `wemall_area` VALUES ('4522701', '2013-07-30 15:37:54', '\0', '规ｅ', '2', '0', '4522690', '\0');
INSERT INTO `wemall_area` VALUES ('4522702', '2013-07-30 15:37:54', '\0', '瀹惧', '2', '0', '4522690', '\0');
INSERT INTO `wemall_area` VALUES ('4522703', '2013-07-30 15:37:54', '\0', '宸村溅', '2', '0', '4522690', '\0');
INSERT INTO `wemall_area` VALUES ('4522704', '2013-07-30 15:37:54', '\0', 'ㄥ板', '2', '0', '4522690', '\0');
INSERT INTO `wemall_area` VALUES ('4522705', '2013-07-30 15:37:54', '\0', '娌冲', '2', '0', '4522690', '\0');
INSERT INTO `wemall_area` VALUES ('4522706', '2013-07-30 15:37:54', '\0', '寤跺垮', '2', '0', '4522690', '\0');
INSERT INTO `wemall_area` VALUES ('4522707', '2013-07-30 15:37:54', '\0', '甯', '2', '0', '4522690', '\0');
INSERT INTO `wemall_area` VALUES ('4522708', '2013-07-30 15:37:54', '\0', '灏蹇甯', '2', '0', '4522690', '\0');
INSERT INTO `wemall_area` VALUES ('4522709', '2013-07-30 15:37:55', '\0', '浜甯稿', '2', '0', '4522690', '\0');
INSERT INTO `wemall_area` VALUES ('4522710', '2013-07-30 15:37:55', '\0', '榻榻灏甯', '1', '0', '4522689', '\0');
INSERT INTO `wemall_area` VALUES ('4522711', '2013-07-30 15:37:55', '\0', '甯杈', '2', '0', '4522710', '\0');
INSERT INTO `wemall_area` VALUES ('4522712', '2013-07-30 15:37:55', '\0', '榫娌', '2', '0', '4522710', '\0');
INSERT INTO `wemall_area` VALUES ('4522713', '2013-07-30 15:37:55', '\0', '寤哄', '2', '0', '4522710', '\0');
INSERT INTO `wemall_area` VALUES ('4522714', '2013-07-30 15:37:55', '\0', '', '2', '0', '4522710', '\0');
INSERT INTO `wemall_area` VALUES ('4522715', '2013-07-30 15:37:55', '\0', '婧', '2', '0', '4522710', '\0');
INSERT INTO `wemall_area` VALUES ('4522716', '2013-07-30 15:37:55', '\0', '瀵灏哄', '2', '0', '4522710', '\0');
INSERT INTO `wemall_area` VALUES ('4522717', '2013-07-30 15:37:55', '\0', '纰惧灞卞', '2', '0', '4522710', '\0');
INSERT INTO `wemall_area` VALUES ('4522718', '2013-07-30 15:37:55', '\0', '姊杈炬″', '2', '0', '4522710', '\0');
INSERT INTO `wemall_area` VALUES ('4522719', '2013-07-30 15:37:55', '\0', '榫姹', '2', '0', '4522710', '\0');
INSERT INTO `wemall_area` VALUES ('4522720', '2013-07-30 15:37:55', '\0', '渚瀹', '2', '0', '4522710', '\0');
INSERT INTO `wemall_area` VALUES ('4522721', '2013-07-30 15:37:55', '\0', '娉版ュ', '2', '0', '4522710', '\0');
INSERT INTO `wemall_area` VALUES ('4522722', '2013-07-30 15:37:55', '\0', '', '2', '0', '4522710', '\0');
INSERT INTO `wemall_area` VALUES ('4522723', '2013-07-30 15:37:55', '\0', '瀵瑁', '2', '0', '4522710', '\0');
INSERT INTO `wemall_area` VALUES ('4522724', '2013-07-30 15:37:55', '\0', '灞卞', '2', '0', '4522710', '\0');
INSERT INTO `wemall_area` VALUES ('4522725', '2013-07-30 15:37:55', '\0', '涓', '2', '0', '4522710', '\0');
INSERT INTO `wemall_area` VALUES ('4522726', '2013-07-30 15:37:55', '\0', '娉', '2', '0', '4522710', '\0');
INSERT INTO `wemall_area` VALUES ('4522727', '2013-07-30 15:37:55', '\0', '璁锋渤甯', '2', '0', '4522710', '\0');
INSERT INTO `wemall_area` VALUES ('4522728', '2013-07-30 15:37:55', '\0', '楦¤タ甯', '1', '0', '4522689', '\0');
INSERT INTO `wemall_area` VALUES ('4522729', '2013-07-30 15:37:55', '\0', '甯杈', '2', '0', '4522728', '\0');
INSERT INTO `wemall_area` VALUES ('4522730', '2013-07-30 15:37:55', '\0', '楦″', '2', '0', '4522728', '\0');
INSERT INTO `wemall_area` VALUES ('4522731', '2013-07-30 15:37:55', '\0', '灞卞', '2', '0', '4522728', '\0');
INSERT INTO `wemall_area` VALUES ('4522732', '2013-07-30 15:37:56', '\0', '婊撮', '2', '0', '4522728', '\0');
INSERT INTO `wemall_area` VALUES ('4522733', '2013-07-30 15:37:56', '\0', '姊ㄦ', '2', '0', '4522728', '\0');
INSERT INTO `wemall_area` VALUES ('4522734', '2013-07-30 15:37:56', '\0', '瀛娌冲', '2', '0', '4522728', '\0');
INSERT INTO `wemall_area` VALUES ('4522735', '2013-07-30 15:37:56', '\0', '楹诲北', '2', '0', '4522728', '\0');
INSERT INTO `wemall_area` VALUES ('4522736', '2013-07-30 15:37:56', '\0', '楦′', '2', '0', '4522728', '\0');
INSERT INTO `wemall_area` VALUES ('4522737', '2013-07-30 15:37:56', '\0', '甯', '2', '0', '4522728', '\0');
INSERT INTO `wemall_area` VALUES ('4522738', '2013-07-30 15:37:56', '\0', '瀵灞卞', '2', '0', '4522728', '\0');
INSERT INTO `wemall_area` VALUES ('4522739', '2013-07-30 15:37:56', '\0', '楣ゅ甯', '1', '0', '4522689', '\0');
INSERT INTO `wemall_area` VALUES ('4522740', '2013-07-30 15:37:56', '\0', '甯杈', '2', '0', '4522739', '\0');
INSERT INTO `wemall_area` VALUES ('4522741', '2013-07-30 15:37:56', '\0', '冲', '2', '0', '4522739', '\0');
INSERT INTO `wemall_area` VALUES ('4522742', '2013-07-30 15:37:56', '\0', '宸ュ', '2', '0', '4522739', '\0');
INSERT INTO `wemall_area` VALUES ('4522743', '2013-07-30 15:37:56', '\0', '灞卞', '2', '0', '4522739', '\0');
INSERT INTO `wemall_area` VALUES ('4522744', '2013-07-30 15:37:56', '\0', '村', '2', '0', '4522739', '\0');
INSERT INTO `wemall_area` VALUES ('4522745', '2013-07-30 15:37:56', '\0', '涓灞卞', '2', '0', '4522739', '\0');
INSERT INTO `wemall_area` VALUES ('4522746', '2013-07-30 15:37:56', '\0', '村北', '2', '0', '4522739', '\0');
INSERT INTO `wemall_area` VALUES ('4522747', '2013-07-30 15:37:56', '\0', '', '2', '0', '4522739', '\0');
INSERT INTO `wemall_area` VALUES ('4522748', '2013-07-30 15:37:56', '\0', '缁ユ花', '2', '0', '4522739', '\0');
INSERT INTO `wemall_area` VALUES ('4522749', '2013-07-30 15:37:56', '\0', '楦灞卞', '1', '0', '4522689', '\0');
INSERT INTO `wemall_area` VALUES ('4522750', '2013-07-30 15:37:56', '\0', '甯杈', '2', '0', '4522749', '\0');
INSERT INTO `wemall_area` VALUES ('4522751', '2013-07-30 15:37:56', '\0', '灏灞卞', '2', '0', '4522749', '\0');
INSERT INTO `wemall_area` VALUES ('4522752', '2013-07-30 15:37:56', '\0', '宀涓', '2', '0', '4522749', '\0');
INSERT INTO `wemall_area` VALUES ('4522753', '2013-07-30 15:37:56', '\0', '瑰板', '2', '0', '4522749', '\0');
INSERT INTO `wemall_area` VALUES ('4522754', '2013-07-30 15:37:56', '\0', '瀹灞卞', '2', '0', '4522749', '\0');
INSERT INTO `wemall_area` VALUES ('4522755', '2013-07-30 15:37:56', '\0', '璐ゅ', '2', '0', '4522749', '\0');
INSERT INTO `wemall_area` VALUES ('4522756', '2013-07-30 15:37:57', '\0', '璋', '2', '0', '4522749', '\0');
INSERT INTO `wemall_area` VALUES ('4522757', '2013-07-30 15:37:57', '\0', '瀹娓', '2', '0', '4522749', '\0');
INSERT INTO `wemall_area` VALUES ('4522758', '2013-07-30 15:37:57', '\0', '楗舵渤', '2', '0', '4522749', '\0');
INSERT INTO `wemall_area` VALUES ('4522759', '2013-07-30 15:37:57', '\0', '澶у甯', '1', '0', '4522689', '\0');
INSERT INTO `wemall_area` VALUES ('4522760', '2013-07-30 15:37:57', '\0', '甯杈', '2', '0', '4522759', '\0');
INSERT INTO `wemall_area` VALUES ('4522761', '2013-07-30 15:37:57', '\0', 'ㄥ惧', '2', '0', '4522759', '\0');
INSERT INTO `wemall_area` VALUES ('4522762', '2013-07-30 15:37:57', '\0', '榫ゅ', '2', '0', '4522759', '\0');
INSERT INTO `wemall_area` VALUES ('4522763', '2013-07-30 15:37:57', '\0', '璁╄¤矾', '2', '0', '4522759', '\0');
INSERT INTO `wemall_area` VALUES ('4522764', '2013-07-30 15:37:57', '\0', '绾㈠', '2', '0', '4522759', '\0');
INSERT INTO `wemall_area` VALUES ('4522765', '2013-07-30 15:37:57', '\0', '澶у', '2', '0', '4522759', '\0');
INSERT INTO `wemall_area` VALUES ('4522766', '2013-07-30 15:37:57', '\0', '宸', '2', '0', '4522759', '\0');
INSERT INTO `wemall_area` VALUES ('4522767', '2013-07-30 15:37:57', '\0', '婧', '2', '0', '4522759', '\0');
INSERT INTO `wemall_area` VALUES ('4522768', '2013-07-30 15:37:57', '\0', '稿', '2', '0', '4522759', '\0');
INSERT INTO `wemall_area` VALUES ('4522769', '2013-07-30 15:37:57', '\0', '灏浼硅ゆ娌诲', '2', '0', '4522759', '\0');
INSERT INTO `wemall_area` VALUES ('4522770', '2013-07-30 15:37:57', '\0', '浼ュ', '1', '0', '4522689', '\0');
INSERT INTO `wemall_area` VALUES ('4522771', '2013-07-30 15:37:57', '\0', '甯杈', '2', '0', '4522770', '\0');
INSERT INTO `wemall_area` VALUES ('4522772', '2013-07-30 15:37:57', '\0', '浼ュ', '2', '0', '4522770', '\0');
INSERT INTO `wemall_area` VALUES ('4522773', '2013-07-30 15:37:57', '\0', '宀', '2', '0', '4522770', '\0');
INSERT INTO `wemall_area` VALUES ('4522774', '2013-07-30 15:37:57', '\0', '濂藉', '2', '0', '4522770', '\0');
INSERT INTO `wemall_area` VALUES ('4522775', '2013-07-30 15:37:57', '\0', '瑗挎', '2', '0', '4522770', '\0');
INSERT INTO `wemall_area` VALUES ('4522776', '2013-07-30 15:37:57', '\0', '缈宄', '2', '0', '4522770', '\0');
INSERT INTO `wemall_area` VALUES ('4522777', '2013-07-30 15:37:57', '\0', '伴', '2', '0', '4522770', '\0');
INSERT INTO `wemall_area` VALUES ('4522778', '2013-07-30 15:37:57', '\0', '缇婧', '2', '0', '4522770', '\0');
INSERT INTO `wemall_area` VALUES ('4522779', '2013-07-30 15:37:58', '\0', '灞卞悲', '2', '0', '4522770', '\0');
INSERT INTO `wemall_area` VALUES ('4522780', '2013-07-30 15:37:58', '\0', '浜ュ', '2', '0', '4522770', '\0');
INSERT INTO `wemall_area` VALUES ('4522781', '2013-07-30 15:37:58', '\0', '涔椹娌冲', '2', '0', '4522770', '\0');
INSERT INTO `wemall_area` VALUES ('4522782', '2013-07-30 15:37:58', '\0', '姹ゆ烘渤', '2', '0', '4522770', '\0');
INSERT INTO `wemall_area` VALUES ('4522783', '2013-07-30 15:37:58', '\0', '甯宀', '2', '0', '4522770', '\0');
INSERT INTO `wemall_area` VALUES ('4522784', '2013-07-30 15:37:58', '\0', '涔浼宀', '2', '0', '4522770', '\0');
INSERT INTO `wemall_area` VALUES ('4522785', '2013-07-30 15:37:58', '\0', '绾㈡', '2', '0', '4522770', '\0');
INSERT INTO `wemall_area` VALUES ('4522786', '2013-07-30 15:37:58', '\0', '涓宀', '2', '0', '4522770', '\0');
INSERT INTO `wemall_area` VALUES ('4522787', '2013-07-30 15:37:58', '\0', '', '2', '0', '4522770', '\0');
INSERT INTO `wemall_area` VALUES ('4522788', '2013-07-30 15:37:58', '\0', '甯', '2', '0', '4522770', '\0');
INSERT INTO `wemall_area` VALUES ('4522789', '2013-07-30 15:37:58', '\0', '浣虫ㄦ甯', '1', '0', '4522689', '\0');
INSERT INTO `wemall_area` VALUES ('4522790', '2013-07-30 15:37:58', '\0', '甯杈', '2', '0', '4522789', '\0');
INSERT INTO `wemall_area` VALUES ('4522791', '2013-07-30 15:37:58', '\0', '冲', '2', '0', '4522789', '\0');
INSERT INTO `wemall_area` VALUES ('4522792', '2013-07-30 15:37:58', '\0', '杩', '2', '0', '4522789', '\0');
INSERT INTO `wemall_area` VALUES ('4522793', '2013-07-30 15:37:58', '\0', '涓椋', '2', '0', '4522789', '\0');
INSERT INTO `wemall_area` VALUES ('4522794', '2013-07-30 15:37:58', '\0', '', '2', '0', '4522789', '\0');
INSERT INTO `wemall_area` VALUES ('4522795', '2013-07-30 15:37:58', '\0', '妗', '2', '0', '4522789', '\0');
INSERT INTO `wemall_area` VALUES ('4522796', '2013-07-30 15:37:58', '\0', '妗宸', '2', '0', '4522789', '\0');
INSERT INTO `wemall_area` VALUES ('4522797', '2013-07-30 15:37:58', '\0', '姹ゅ', '2', '0', '4522789', '\0');
INSERT INTO `wemall_area` VALUES ('4522798', '2013-07-30 15:37:58', '\0', '杩', '2', '0', '4522789', '\0');
INSERT INTO `wemall_area` VALUES ('4522799', '2013-07-30 15:37:58', '\0', '姹甯', '2', '0', '4522789', '\0');
INSERT INTO `wemall_area` VALUES ('4522800', '2013-07-30 15:37:58', '\0', '瀵甯', '2', '0', '4522789', '\0');
INSERT INTO `wemall_area` VALUES ('4522801', '2013-07-30 15:37:58', '\0', '涓版渤甯', '1', '0', '4522689', '\0');
INSERT INTO `wemall_area` VALUES ('4522802', '2013-07-30 15:37:58', '\0', '甯杈', '2', '0', '4522801', '\0');
INSERT INTO `wemall_area` VALUES ('4522803', '2013-07-30 15:37:59', '\0', '板村', '2', '0', '4522801', '\0');
INSERT INTO `wemall_area` VALUES ('4522804', '2013-07-30 15:37:59', '\0', '妗灞卞', '2', '0', '4522801', '\0');
INSERT INTO `wemall_area` VALUES ('4522805', '2013-07-30 15:37:59', '\0', '瀛娌冲', '2', '0', '4522801', '\0');
INSERT INTO `wemall_area` VALUES ('4522806', '2013-07-30 15:37:59', '\0', '╁', '2', '0', '4522801', '\0');
INSERT INTO `wemall_area` VALUES ('4522807', '2013-07-30 15:37:59', '\0', '′腹姹甯', '1', '0', '4522689', '\0');
INSERT INTO `wemall_area` VALUES ('4522808', '2013-07-30 15:37:59', '\0', '甯杈', '2', '0', '4522807', '\0');
INSERT INTO `wemall_area` VALUES ('4522809', '2013-07-30 15:37:59', '\0', '涓瀹', '2', '0', '4522807', '\0');
INSERT INTO `wemall_area` VALUES ('4522810', '2013-07-30 15:37:59', '\0', '虫', '2', '0', '4522807', '\0');
INSERT INTO `wemall_area` VALUES ('4522811', '2013-07-30 15:37:59', '\0', '辨', '2', '0', '4522807', '\0');
INSERT INTO `wemall_area` VALUES ('4522812', '2013-07-30 15:37:59', '\0', '瑗垮', '2', '0', '4522807', '\0');
INSERT INTO `wemall_area` VALUES ('4522813', '2013-07-30 15:37:59', '\0', '涓瀹', '2', '0', '4522807', '\0');
INSERT INTO `wemall_area` VALUES ('4522814', '2013-07-30 15:37:59', '\0', 'ｅ', '2', '0', '4522807', '\0');
INSERT INTO `wemall_area` VALUES ('4522815', '2013-07-30 15:37:59', '\0', '缁ヨ娌冲', '2', '0', '4522807', '\0');
INSERT INTO `wemall_area` VALUES ('4522816', '2013-07-30 15:37:59', '\0', '娴锋甯', '2', '0', '4522807', '\0');
INSERT INTO `wemall_area` VALUES ('4522817', '2013-07-30 15:37:59', '\0', '瀹瀹甯', '2', '0', '4522807', '\0');
INSERT INTO `wemall_area` VALUES ('4522818', '2013-07-30 15:37:59', '\0', '绌妫卞', '2', '0', '4522807', '\0');
INSERT INTO `wemall_area` VALUES ('4522819', '2013-07-30 15:37:59', '\0', '榛娌冲', '1', '0', '4522689', '\0');
INSERT INTO `wemall_area` VALUES ('4522820', '2013-07-30 15:37:59', '\0', '甯杈', '2', '0', '4522819', '\0');
INSERT INTO `wemall_area` VALUES ('4522821', '2013-07-30 15:37:59', '\0', '辫', '2', '0', '4522819', '\0');
INSERT INTO `wemall_area` VALUES ('4522822', '2013-07-30 15:37:59', '\0', '瀚╂', '2', '0', '4522819', '\0');
INSERT INTO `wemall_area` VALUES ('4522823', '2013-07-30 15:37:59', '\0', '', '2', '0', '4522819', '\0');
INSERT INTO `wemall_area` VALUES ('4522824', '2013-07-30 15:37:59', '\0', '瀛村', '2', '0', '4522819', '\0');
INSERT INTO `wemall_area` VALUES ('4522825', '2013-07-30 15:38:00', '\0', '瀹甯', '2', '0', '4522819', '\0');
INSERT INTO `wemall_area` VALUES ('4522826', '2013-07-30 15:38:00', '\0', '浜澶ц姹甯', '2', '0', '4522819', '\0');
INSERT INTO `wemall_area` VALUES ('4522827', '2013-07-30 15:38:00', '\0', '缁ュ甯', '1', '0', '4522689', '\0');
INSERT INTO `wemall_area` VALUES ('4522828', '2013-07-30 15:38:00', '\0', '甯杈', '2', '0', '4522827', '\0');
INSERT INTO `wemall_area` VALUES ('4522829', '2013-07-30 15:38:00', '\0', '', '2', '0', '4522827', '\0');
INSERT INTO `wemall_area` VALUES ('4522830', '2013-07-30 15:38:00', '\0', '濂', '2', '0', '4522827', '\0');
INSERT INTO `wemall_area` VALUES ('4522831', '2013-07-30 15:38:00', '\0', '拌タ', '2', '0', '4522827', '\0');
INSERT INTO `wemall_area` VALUES ('4522832', '2013-07-30 15:38:00', '\0', '', '2', '0', '4522827', '\0');
INSERT INTO `wemall_area` VALUES ('4522833', '2013-07-30 15:38:00', '\0', '搴瀹', '2', '0', '4522827', '\0');
INSERT INTO `wemall_area` VALUES ('4522834', '2013-07-30 15:38:00', '\0', '姘村', '2', '0', '4522827', '\0');
INSERT INTO `wemall_area` VALUES ('4522835', '2013-07-30 15:38:00', '\0', '缁ユ１', '2', '0', '4522827', '\0');
INSERT INTO `wemall_area` VALUES ('4522836', '2013-07-30 15:38:00', '\0', '瀹杈惧', '2', '0', '4522827', '\0');
INSERT INTO `wemall_area` VALUES ('4522837', '2013-07-30 15:38:00', '\0', '涓甯', '2', '0', '4522827', '\0');
INSERT INTO `wemall_area` VALUES ('4522838', '2013-07-30 15:38:00', '\0', '娴蜂鸡甯', '2', '0', '4522827', '\0');
INSERT INTO `wemall_area` VALUES ('4522839', '2013-07-30 15:38:00', '\0', '澶у村宀板', '1', '0', '4522689', '\0');
INSERT INTO `wemall_area` VALUES ('4522840', '2013-07-30 15:38:00', '\0', '艰揪濂', '2', '0', '4522839', '\0');
INSERT INTO `wemall_area` VALUES ('4522841', '2013-07-30 15:38:00', '\0', '惧箔', '2', '0', '4522839', '\0');
INSERT INTO `wemall_area` VALUES ('4522842', '2013-07-30 15:38:00', '\0', '版', '2', '0', '4522839', '\0');
INSERT INTO `wemall_area` VALUES ('4522843', '2013-07-30 15:38:00', '\0', '间腑', '2', '0', '4522839', '\0');
INSERT INTO `wemall_area` VALUES ('4522844', '2013-07-30 15:38:00', '\0', '肩', '2', '0', '4522839', '\0');
INSERT INTO `wemall_area` VALUES ('4522845', '2013-07-30 15:38:00', '\0', '濉娌冲', '2', '0', '4522839', '\0');
INSERT INTO `wemall_area` VALUES ('4522846', '2013-07-30 15:38:00', '\0', '婕娌冲', '2', '0', '4522839', '\0');
INSERT INTO `wemall_area` VALUES ('4522847', '2013-07-30 15:38:00', '\0', '涓娴峰', '0', '0', null, '');
INSERT INTO `wemall_area` VALUES ('4522848', '2013-07-30 15:38:01', '\0', '涓娴峰', '1', '0', '4522847', '\0');
INSERT INTO `wemall_area` VALUES ('4522849', '2013-07-30 15:38:01', '\0', '榛娴', '2', '0', '4522848', '\0');
INSERT INTO `wemall_area` VALUES ('4522850', '2013-07-30 15:38:01', '\0', '㈡咕', '2', '0', '4522848', '\0');
INSERT INTO `wemall_area` VALUES ('4522851', '2013-07-30 15:38:01', '\0', '寰姹', '2', '0', '4522848', '\0');
INSERT INTO `wemall_area` VALUES ('4522852', '2013-07-30 15:38:01', '\0', '垮', '2', '0', '4522848', '\0');
INSERT INTO `wemall_area` VALUES ('4522853', '2013-07-30 15:38:01', '\0', '瀹', '2', '0', '4522848', '\0');
INSERT INTO `wemall_area` VALUES ('4522854', '2013-07-30 15:38:01', '\0', '', '2', '0', '4522848', '\0');
INSERT INTO `wemall_area` VALUES ('4522855', '2013-07-30 15:38:01', '\0', '稿', '2', '0', '4522848', '\0');
INSERT INTO `wemall_area` VALUES ('4522856', '2013-07-30 15:38:01', '\0', '瑰ｅ', '2', '0', '4522848', '\0');
INSERT INTO `wemall_area` VALUES ('4522857', '2013-07-30 15:38:01', '\0', 'ㄦ郸', '2', '0', '4522848', '\0');
INSERT INTO `wemall_area` VALUES ('4522858', '2013-07-30 15:38:01', '\0', '佃', '2', '0', '4522848', '\0');
INSERT INTO `wemall_area` VALUES ('4522859', '2013-07-30 15:38:01', '\0', '瀹灞卞', '2', '0', '4522848', '\0');
INSERT INTO `wemall_area` VALUES ('4522860', '2013-07-30 15:38:01', '\0', '瀹', '2', '0', '4522848', '\0');
INSERT INTO `wemall_area` VALUES ('4522861', '2013-07-30 15:38:01', '\0', '娴涓板', '2', '0', '4522848', '\0');
INSERT INTO `wemall_area` VALUES ('4522862', '2013-07-30 15:38:01', '\0', '灞卞', '2', '0', '4522848', '\0');
INSERT INTO `wemall_area` VALUES ('4522863', '2013-07-30 15:38:01', '\0', '炬', '2', '0', '4522848', '\0');
INSERT INTO `wemall_area` VALUES ('4522864', '2013-07-30 15:38:01', '\0', '娴', '2', '0', '4522848', '\0');
INSERT INTO `wemall_area` VALUES ('4522865', '2013-07-30 15:38:01', '\0', '濂璐ゅ', '2', '0', '4522848', '\0');
INSERT INTO `wemall_area` VALUES ('4522867', '2013-07-30 15:38:01', '\0', '宕', '2', '0', '4522848', '\0');
INSERT INTO `wemall_area` VALUES ('4522868', '2013-07-30 15:38:01', '\0', '姹', '0', '0', null, '\0');
INSERT INTO `wemall_area` VALUES ('4522869', '2013-07-30 15:38:02', '\0', '浜甯', '1', '0', '4522868', '');
INSERT INTO `wemall_area` VALUES ('4522870', '2013-07-30 15:38:02', '\0', '甯杈', '2', '0', '4522869', '\0');
INSERT INTO `wemall_area` VALUES ('4522871', '2013-07-30 15:38:02', '\0', '姝', '2', '0', '4522869', '\0');
INSERT INTO `wemall_area` VALUES ('4522872', '2013-07-30 15:38:02', '\0', '戒', '2', '0', '4522869', '\0');
INSERT INTO `wemall_area` VALUES ('4522873', '2013-07-30 15:38:02', '\0', '绉娣', '2', '0', '4522869', '\0');
INSERT INTO `wemall_area` VALUES ('4522874', '2013-07-30 15:38:02', '\0', '寤洪哄', '2', '0', '4522869', '\0');
INSERT INTO `wemall_area` VALUES ('4522875', '2013-07-30 15:38:02', '\0', '榧妤煎', '2', '0', '4522869', '\0');
INSERT INTO `wemall_area` VALUES ('4522876', '2013-07-30 15:38:02', '\0', '涓冲', '2', '0', '4522869', '\0');
INSERT INTO `wemall_area` VALUES ('4522877', '2013-07-30 15:38:02', '\0', '娴ｅ', '2', '0', '4522869', '\0');
INSERT INTO `wemall_area` VALUES ('4522878', '2013-07-30 15:38:02', '\0', '', '2', '0', '4522869', '\0');
INSERT INTO `wemall_area` VALUES ('4522879', '2013-07-30 15:38:02', '\0', 'ㄨ卞板', '2', '0', '4522869', '\0');
INSERT INTO `wemall_area` VALUES ('4522880', '2013-07-30 15:38:02', '\0', '姹瀹', '2', '0', '4522869', '\0');
INSERT INTO `wemall_area` VALUES ('4522881', '2013-07-30 15:38:02', '\0', '', '2', '0', '4522869', '\0');
INSERT INTO `wemall_area` VALUES ('4522882', '2013-07-30 15:38:02', '\0', '婧ф按', '2', '0', '4522869', '\0');
INSERT INTO `wemall_area` VALUES ('4522883', '2013-07-30 15:38:02', '\0', '楂娣冲', '2', '0', '4522869', '\0');
INSERT INTO `wemall_area` VALUES ('4522884', '2013-07-30 15:38:02', '\0', '″', '1', '0', '4522868', '\0');
INSERT INTO `wemall_area` VALUES ('4522885', '2013-07-30 15:38:02', '\0', '甯杈', '2', '0', '4522884', '\0');
INSERT INTO `wemall_area` VALUES ('4522886', '2013-07-30 15:38:02', '\0', '宕瀹', '2', '0', '4522884', '\0');
INSERT INTO `wemall_area` VALUES ('4522887', '2013-07-30 15:38:02', '\0', '垮', '2', '0', '4522884', '\0');
INSERT INTO `wemall_area` VALUES ('4522888', '2013-07-30 15:38:02', '\0', '濉', '2', '0', '4522884', '\0');
INSERT INTO `wemall_area` VALUES ('4522889', '2013-07-30 15:38:02', '\0', '″北', '2', '0', '4522884', '\0');
INSERT INTO `wemall_area` VALUES ('4522890', '2013-07-30 15:38:02', '\0', '灞卞', '2', '0', '4522884', '\0');
INSERT INTO `wemall_area` VALUES ('4522891', '2013-07-30 15:38:03', '\0', '婊ㄦ', '2', '0', '4522884', '\0');
INSERT INTO `wemall_area` VALUES ('4522892', '2013-07-30 15:38:03', '\0', '姹村', '2', '0', '4522884', '\0');
INSERT INTO `wemall_area` VALUES ('4522893', '2013-07-30 15:38:03', '\0', '瀹村', '2', '0', '4522884', '\0');
INSERT INTO `wemall_area` VALUES ('4522894', '2013-07-30 15:38:03', '\0', '寰宸甯', '1', '0', '4522868', '\0');
INSERT INTO `wemall_area` VALUES ('4522895', '2013-07-30 15:38:03', '\0', '甯杈', '2', '0', '4522894', '\0');
INSERT INTO `wemall_area` VALUES ('4522896', '2013-07-30 15:38:03', '\0', '榧妤煎', '2', '0', '4522894', '\0');
INSERT INTO `wemall_area` VALUES ('4522897', '2013-07-30 15:38:03', '\0', '浜榫', '2', '0', '4522894', '\0');
INSERT INTO `wemall_area` VALUES ('4522898', '2013-07-30 15:38:03', '\0', '璐炬豹', '2', '0', '4522894', '\0');
INSERT INTO `wemall_area` VALUES ('4522899', '2013-07-30 15:38:03', '\0', '娉灞卞', '2', '0', '4522894', '\0');
INSERT INTO `wemall_area` VALUES ('4522900', '2013-07-30 15:38:03', '\0', '灞卞', '2', '0', '4522894', '\0');
INSERT INTO `wemall_area` VALUES ('4522901', '2013-07-30 15:38:03', '\0', '涓板', '2', '0', '4522894', '\0');
INSERT INTO `wemall_area` VALUES ('4522902', '2013-07-30 15:38:03', '\0', '娌', '2', '0', '4522894', '\0');
INSERT INTO `wemall_area` VALUES ('4522903', '2013-07-30 15:38:03', '\0', '㈠', '2', '0', '4522894', '\0');
INSERT INTO `wemall_area` VALUES ('4522904', '2013-07-30 15:38:03', '\0', '版甯', '2', '0', '4522894', '\0');
INSERT INTO `wemall_area` VALUES ('4522905', '2013-07-30 15:38:03', '\0', '冲甯', '2', '0', '4522894', '\0');
INSERT INTO `wemall_area` VALUES ('4522906', '2013-07-30 15:38:03', '\0', '甯稿甯', '1', '0', '4522868', '\0');
INSERT INTO `wemall_area` VALUES ('4522907', '2013-07-30 15:38:03', '\0', '甯杈', '2', '0', '4522906', '\0');
INSERT INTO `wemall_area` VALUES ('4522908', '2013-07-30 15:38:03', '\0', '澶╁', '2', '0', '4522906', '\0');
INSERT INTO `wemall_area` VALUES ('4522909', '2013-07-30 15:38:03', '\0', '妤煎', '2', '0', '4522906', '\0');
INSERT INTO `wemall_area` VALUES ('4522910', '2013-07-30 15:38:03', '\0', '澧板', '2', '0', '4522906', '\0');
INSERT INTO `wemall_area` VALUES ('4522911', '2013-07-30 15:38:03', '\0', '板', '2', '0', '4522906', '\0');
INSERT INTO `wemall_area` VALUES ('4522912', '2013-07-30 15:38:03', '\0', '姝杩', '2', '0', '4522906', '\0');
INSERT INTO `wemall_area` VALUES ('4522913', '2013-07-30 15:38:04', '\0', '婧ч冲', '2', '0', '4522906', '\0');
INSERT INTO `wemall_area` VALUES ('4522914', '2013-07-30 15:38:04', '\0', '甯', '2', '0', '4522906', '\0');
INSERT INTO `wemall_area` VALUES ('4522915', '2013-07-30 15:38:04', '\0', '宸甯', '1', '0', '4522868', '\0');
INSERT INTO `wemall_area` VALUES ('4522916', '2013-07-30 15:38:04', '\0', '甯杈', '2', '0', '4522915', '\0');
INSERT INTO `wemall_area` VALUES ('4522917', '2013-07-30 15:38:04', '\0', '娌ф氮', '2', '0', '4522915', '\0');
INSERT INTO `wemall_area` VALUES ('4522918', '2013-07-30 15:38:04', '\0', '骞虫', '2', '0', '4522915', '\0');
INSERT INTO `wemall_area` VALUES ('4522919', '2013-07-30 15:38:04', '\0', '', '2', '0', '4522915', '\0');
INSERT INTO `wemall_area` VALUES ('4522920', '2013-07-30 15:38:04', '\0', '涓', '2', '0', '4522915', '\0');
INSERT INTO `wemall_area` VALUES ('4522921', '2013-07-30 15:38:04', '\0', '翠腑', '2', '0', '4522915', '\0');
INSERT INTO `wemall_area` VALUES ('4522922', '2013-07-30 15:38:04', '\0', '稿', '2', '0', '4522915', '\0');
INSERT INTO `wemall_area` VALUES ('4522923', '2013-07-30 15:38:04', '\0', '甯哥甯', '2', '0', '4522915', '\0');
INSERT INTO `wemall_area` VALUES ('4522924', '2013-07-30 15:38:04', '\0', '寮瀹舵腐甯', '2', '0', '4522915', '\0');
INSERT INTO `wemall_area` VALUES ('4522925', '2013-07-30 15:38:04', '\0', '灞卞', '2', '0', '4522915', '\0');
INSERT INTO `wemall_area` VALUES ('4522926', '2013-07-30 15:38:04', '\0', '存甯', '2', '0', '4522915', '\0');
INSERT INTO `wemall_area` VALUES ('4522927', '2013-07-30 15:38:04', '\0', '澶浠甯', '2', '0', '4522915', '\0');
INSERT INTO `wemall_area` VALUES ('4522928', '2013-07-30 15:38:04', '\0', '甯', '1', '0', '4522868', '\0');
INSERT INTO `wemall_area` VALUES ('4522929', '2013-07-30 15:38:04', '\0', '甯杈', '2', '0', '4522928', '\0');
INSERT INTO `wemall_area` VALUES ('4522930', '2013-07-30 15:38:04', '\0', '宕宸', '2', '0', '4522928', '\0');
INSERT INTO `wemall_area` VALUES ('4522931', '2013-07-30 15:38:04', '\0', '娓稿', '2', '0', '4522928', '\0');
INSERT INTO `wemall_area` VALUES ('4522932', '2013-07-30 15:38:04', '\0', '宸', '2', '0', '4522928', '\0');
INSERT INTO `wemall_area` VALUES ('4522933', '2013-07-30 15:38:04', '\0', '娴峰', '2', '0', '4522928', '\0');
INSERT INTO `wemall_area` VALUES ('4522934', '2013-07-30 15:38:04', '\0', '濡涓', '2', '0', '4522928', '\0');
INSERT INTO `wemall_area` VALUES ('4522935', '2013-07-30 15:38:05', '\0', '涓甯', '2', '0', '4522928', '\0');
INSERT INTO `wemall_area` VALUES ('4522936', '2013-07-30 15:38:05', '\0', '濡甯', '2', '0', '4522928', '\0');
INSERT INTO `wemall_area` VALUES ('4522937', '2013-07-30 15:38:05', '\0', '娴烽ㄥ', '2', '0', '4522928', '\0');
INSERT INTO `wemall_area` VALUES ('4522938', '2013-07-30 15:38:05', '\0', '杩浜娓甯', '1', '0', '4522868', '\0');
INSERT INTO `wemall_area` VALUES ('4522939', '2013-07-30 15:38:05', '\0', '甯杈', '2', '0', '4522938', '\0');
INSERT INTO `wemall_area` VALUES ('4522940', '2013-07-30 15:38:05', '\0', '杩浜', '2', '0', '4522938', '\0');
INSERT INTO `wemall_area` VALUES ('4522941', '2013-07-30 15:38:05', '\0', '版郸', '2', '0', '4522938', '\0');
INSERT INTO `wemall_area` VALUES ('4522942', '2013-07-30 15:38:05', '\0', '娴峰', '2', '0', '4522938', '\0');
INSERT INTO `wemall_area` VALUES ('4522943', '2013-07-30 15:38:05', '\0', '璧ｆ', '2', '0', '4522938', '\0');
INSERT INTO `wemall_area` VALUES ('4522944', '2013-07-30 15:38:05', '\0', '涓娴峰', '2', '0', '4522938', '\0');
INSERT INTO `wemall_area` VALUES ('4522945', '2013-07-30 15:38:05', '\0', '浜', '2', '0', '4522938', '\0');
INSERT INTO `wemall_area` VALUES ('4522946', '2013-07-30 15:38:05', '\0', '', '2', '0', '4522938', '\0');
INSERT INTO `wemall_area` VALUES ('4522947', '2013-07-30 15:38:05', '\0', '娣瀹甯', '1', '0', '4522868', '\0');
INSERT INTO `wemall_area` VALUES ('4522948', '2013-07-30 15:38:05', '\0', '甯杈', '2', '0', '4522947', '\0');
INSERT INTO `wemall_area` VALUES ('4522949', '2013-07-30 15:38:05', '\0', '娓娌冲', '2', '0', '4522947', '\0');
INSERT INTO `wemall_area` VALUES ('4522950', '2013-07-30 15:38:05', '\0', '妤宸', '2', '0', '4522947', '\0');
INSERT INTO `wemall_area` VALUES ('4522951', '2013-07-30 15:38:05', '\0', '娣村', '2', '0', '4522947', '\0');
INSERT INTO `wemall_area` VALUES ('4522952', '2013-07-30 15:38:05', '\0', '娓娴', '2', '0', '4522947', '\0');
INSERT INTO `wemall_area` VALUES ('4522953', '2013-07-30 15:38:05', '\0', '娑姘村', '2', '0', '4522947', '\0');
INSERT INTO `wemall_area` VALUES ('4522954', '2013-07-30 15:38:05', '\0', '娲娉藉', '2', '0', '4522947', '\0');
INSERT INTO `wemall_area` VALUES ('4522955', '2013-07-30 15:38:05', '\0', '辩', '2', '0', '4522947', '\0');
INSERT INTO `wemall_area` VALUES ('4522956', '2013-07-30 15:38:05', '\0', '婀', '2', '0', '4522947', '\0');
INSERT INTO `wemall_area` VALUES ('4522957', '2013-07-30 15:38:06', '\0', '甯', '1', '0', '4522868', '\0');
INSERT INTO `wemall_area` VALUES ('4522958', '2013-07-30 15:38:06', '\0', '甯杈', '2', '0', '4522957', '\0');
INSERT INTO `wemall_area` VALUES ('4522959', '2013-07-30 15:38:06', '\0', '浜婀', '2', '0', '4522957', '\0');
INSERT INTO `wemall_area` VALUES ('4522960', '2013-07-30 15:38:06', '\0', '藉', '2', '0', '4522957', '\0');
INSERT INTO `wemall_area` VALUES ('4522961', '2013-07-30 15:38:06', '\0', '姘村', '2', '0', '4522957', '\0');
INSERT INTO `wemall_area` VALUES ('4522962', '2013-07-30 15:38:06', '\0', '婊ㄦ捣', '2', '0', '4522957', '\0');
INSERT INTO `wemall_area` VALUES ('4522963', '2013-07-30 15:38:06', '\0', '瀹', '2', '0', '4522957', '\0');
INSERT INTO `wemall_area` VALUES ('4522964', '2013-07-30 15:38:06', '\0', '灏冲', '2', '0', '4522957', '\0');
INSERT INTO `wemall_area` VALUES ('4522965', '2013-07-30 15:38:06', '\0', '寤烘', '2', '0', '4522957', '\0');
INSERT INTO `wemall_area` VALUES ('4522966', '2013-07-30 15:38:06', '\0', '涓板', '2', '0', '4522957', '\0');
INSERT INTO `wemall_area` VALUES ('4522967', '2013-07-30 15:38:06', '\0', '澶т赴甯', '2', '0', '4522957', '\0');
INSERT INTO `wemall_area` VALUES ('4522968', '2013-07-30 15:38:06', '\0', '宸甯', '1', '0', '4522868', '\0');
INSERT INTO `wemall_area` VALUES ('4522969', '2013-07-30 15:38:06', '\0', '甯杈', '2', '0', '4522968', '\0');
INSERT INTO `wemall_area` VALUES ('4522970', '2013-07-30 15:38:06', '\0', '骞块靛', '2', '0', '4522968', '\0');
INSERT INTO `wemall_area` VALUES ('4522971', '2013-07-30 15:38:06', '\0', '姹', '2', '0', '4522968', '\0');
INSERT INTO `wemall_area` VALUES ('4522972', '2013-07-30 15:38:06', '\0', '缁存', '2', '0', '4522968', '\0');
INSERT INTO `wemall_area` VALUES ('4522973', '2013-07-30 15:38:06', '\0', '瀹搴', '2', '0', '4522968', '\0');
INSERT INTO `wemall_area` VALUES ('4522974', '2013-07-30 15:38:06', '\0', '浠寰甯', '2', '0', '4522968', '\0');
INSERT INTO `wemall_area` VALUES ('4522975', '2013-07-30 15:38:06', '\0', '楂甯', '2', '0', '4522968', '\0');
INSERT INTO `wemall_area` VALUES ('4522976', '2013-07-30 15:38:06', '\0', '姹藉', '2', '0', '4522968', '\0');
INSERT INTO `wemall_area` VALUES ('4522977', '2013-07-30 15:38:06', '\0', '姹甯', '1', '0', '4522868', '\0');
INSERT INTO `wemall_area` VALUES ('4522978', '2013-07-30 15:38:07', '\0', '甯杈', '2', '0', '4522977', '\0');
INSERT INTO `wemall_area` VALUES ('4522979', '2013-07-30 15:38:07', '\0', '浜ｅ', '2', '0', '4522977', '\0');
INSERT INTO `wemall_area` VALUES ('4522980', '2013-07-30 15:38:07', '\0', '娑宸', '2', '0', '4522977', '\0');
INSERT INTO `wemall_area` VALUES ('4522981', '2013-07-30 15:38:07', '\0', '涓瑰', '2', '0', '4522977', '\0');
INSERT INTO `wemall_area` VALUES ('4522982', '2013-07-30 15:38:07', '\0', '涓归冲', '2', '0', '4522977', '\0');
INSERT INTO `wemall_area` VALUES ('4522983', '2013-07-30 15:38:07', '\0', '涓甯', '2', '0', '4522977', '\0');
INSERT INTO `wemall_area` VALUES ('4522984', '2013-07-30 15:38:07', '\0', 'ュ瑰', '2', '0', '4522977', '\0');
INSERT INTO `wemall_area` VALUES ('4522985', '2013-07-30 15:38:07', '\0', '娉板甯', '1', '0', '4522868', '\0');
INSERT INTO `wemall_area` VALUES ('4522986', '2013-07-30 15:38:07', '\0', '甯杈', '2', '0', '4522985', '\0');
INSERT INTO `wemall_area` VALUES ('4522987', '2013-07-30 15:38:07', '\0', '娴烽靛', '2', '0', '4522985', '\0');
INSERT INTO `wemall_area` VALUES ('4522988', '2013-07-30 15:38:07', '\0', '楂娓', '2', '0', '4522985', '\0');
INSERT INTO `wemall_area` VALUES ('4522989', '2013-07-30 15:38:07', '\0', '村甯', '2', '0', '4522985', '\0');
INSERT INTO `wemall_area` VALUES ('4522990', '2013-07-30 15:38:07', '\0', '姹甯', '2', '0', '4522985', '\0');
INSERT INTO `wemall_area` VALUES ('4522991', '2013-07-30 15:38:07', '\0', '娉板村', '2', '0', '4522985', '\0');
INSERT INTO `wemall_area` VALUES ('4522992', '2013-07-30 15:38:07', '\0', '濮板', '2', '0', '4522985', '\0');
INSERT INTO `wemall_area` VALUES ('4522993', '2013-07-30 15:38:07', '\0', '瀹胯甯', '1', '0', '4522868', '\0');
INSERT INTO `wemall_area` VALUES ('4522994', '2013-07-30 15:38:07', '\0', '甯杈', '2', '0', '4522993', '\0');
INSERT INTO `wemall_area` VALUES ('4522995', '2013-07-30 15:38:07', '\0', '瀹垮', '2', '0', '4522993', '\0');
INSERT INTO `wemall_area` VALUES ('4522996', '2013-07-30 15:38:07', '\0', '瀹胯鲍', '2', '0', '4522993', '\0');
INSERT INTO `wemall_area` VALUES ('4522997', '2013-07-30 15:38:07', '\0', '娌冲', '2', '0', '4522993', '\0');
INSERT INTO `wemall_area` VALUES ('4522998', '2013-07-30 15:38:07', '\0', '娉冲', '2', '0', '4522993', '\0');
INSERT INTO `wemall_area` VALUES ('4522999', '2013-07-30 15:38:08', '\0', '娉娲', '2', '0', '4522993', '\0');
INSERT INTO `wemall_area` VALUES ('4523000', '2013-07-30 15:38:08', '\0', '娴姹', '0', '0', null, '\0');
INSERT INTO `wemall_area` VALUES ('4523001', '2013-07-30 15:38:08', '\0', '宸甯', '1', '0', '4523000', '\0');
INSERT INTO `wemall_area` VALUES ('4523002', '2013-07-30 15:38:08', '\0', '甯杈', '2', '0', '4523001', '\0');
INSERT INTO `wemall_area` VALUES ('4523003', '2013-07-30 15:38:08', '\0', '涓', '2', '0', '4523001', '\0');
INSERT INTO `wemall_area` VALUES ('4523004', '2013-07-30 15:38:08', '\0', '涓', '2', '0', '4523001', '\0');
INSERT INTO `wemall_area` VALUES ('4523005', '2013-07-30 15:38:08', '\0', '姹骞插', '2', '0', '4523001', '\0');
INSERT INTO `wemall_area` VALUES ('4523006', '2013-07-30 15:38:08', '\0', '卞', '2', '0', '4523001', '\0');
INSERT INTO `wemall_area` VALUES ('4523007', '2013-07-30 15:38:08', '\0', '瑗挎', '2', '0', '4523001', '\0');
INSERT INTO `wemall_area` VALUES ('4523008', '2013-07-30 15:38:08', '\0', '婊ㄦ', '2', '0', '4523001', '\0');
INSERT INTO `wemall_area` VALUES ('4523009', '2013-07-30 15:38:08', '\0', 'у北', '2', '0', '4523001', '\0');
INSERT INTO `wemall_area` VALUES ('4523010', '2013-07-30 15:38:08', '\0', '浣', '2', '0', '4523001', '\0');
INSERT INTO `wemall_area` VALUES ('4523011', '2013-07-30 15:38:08', '\0', '妗搴', '2', '0', '4523001', '\0');
INSERT INTO `wemall_area` VALUES ('4523012', '2013-07-30 15:38:08', '\0', '娣冲', '2', '0', '4523001', '\0');
INSERT INTO `wemall_area` VALUES ('4523013', '2013-07-30 15:38:08', '\0', '寤哄痉甯', '2', '0', '4523001', '\0');
INSERT INTO `wemall_area` VALUES ('4523014', '2013-07-30 15:38:08', '\0', '瀵冲', '2', '0', '4523001', '\0');
INSERT INTO `wemall_area` VALUES ('4523015', '2013-07-30 15:38:08', '\0', '涓村甯', '2', '0', '4523001', '\0');
INSERT INTO `wemall_area` VALUES ('4523016', '2013-07-30 15:38:08', '\0', '瀹娉㈠', '1', '0', '4523000', '\0');
INSERT INTO `wemall_area` VALUES ('4523017', '2013-07-30 15:38:08', '\0', '甯杈', '2', '0', '4523016', '\0');
INSERT INTO `wemall_area` VALUES ('4523018', '2013-07-30 15:38:08', '\0', '娴锋', '2', '0', '4523016', '\0');
INSERT INTO `wemall_area` VALUES ('4523019', '2013-07-30 15:38:08', '\0', '姹涓', '2', '0', '4523016', '\0');
INSERT INTO `wemall_area` VALUES ('4523020', '2013-07-30 15:38:09', '\0', '姹', '2', '0', '4523016', '\0');
INSERT INTO `wemall_area` VALUES ('4523021', '2013-07-30 15:38:09', '\0', '浠', '2', '0', '4523016', '\0');
INSERT INTO `wemall_area` VALUES ('4523022', '2013-07-30 15:38:09', '\0', '娴峰', '2', '0', '4523016', '\0');
INSERT INTO `wemall_area` VALUES ('4523023', '2013-07-30 15:38:09', '\0', '宸', '2', '0', '4523016', '\0');
INSERT INTO `wemall_area` VALUES ('4523024', '2013-07-30 15:38:09', '\0', '璞″北', '2', '0', '4523016', '\0');
INSERT INTO `wemall_area` VALUES ('4523025', '2013-07-30 15:38:09', '\0', '瀹娴峰', '2', '0', '4523016', '\0');
INSERT INTO `wemall_area` VALUES ('4523026', '2013-07-30 15:38:09', '\0', '浣濮甯', '2', '0', '4523016', '\0');
INSERT INTO `wemall_area` VALUES ('4523027', '2013-07-30 15:38:09', '\0', '婧甯', '2', '0', '4523016', '\0');
INSERT INTO `wemall_area` VALUES ('4523028', '2013-07-30 15:38:09', '\0', '濂甯', '2', '0', '4523016', '\0');
INSERT INTO `wemall_area` VALUES ('4523029', '2013-07-30 15:38:09', '\0', '娓╁甯', '1', '0', '4523000', '\0');
INSERT INTO `wemall_area` VALUES ('4523030', '2013-07-30 15:38:09', '\0', '甯杈', '2', '0', '4523029', '\0');
INSERT INTO `wemall_area` VALUES ('4523031', '2013-07-30 15:38:09', '\0', '楣垮', '2', '0', '4523029', '\0');
INSERT INTO `wemall_area` VALUES ('4523032', '2013-07-30 15:38:09', '\0', '榫婀惧', '2', '0', '4523029', '\0');
INSERT INTO `wemall_area` VALUES ('4523033', '2013-07-30 15:38:09', '\0', '娴峰', '2', '0', '4523029', '\0');
INSERT INTO `wemall_area` VALUES ('4523034', '2013-07-30 15:38:09', '\0', '娲澶村', '2', '0', '4523029', '\0');
INSERT INTO `wemall_area` VALUES ('4523035', '2013-07-30 15:38:09', '\0', '姘稿', '2', '0', '4523029', '\0');
INSERT INTO `wemall_area` VALUES ('4523036', '2013-07-30 15:38:09', '\0', '骞抽冲', '2', '0', '4523029', '\0');
INSERT INTO `wemall_area` VALUES ('4523037', '2013-07-30 15:38:09', '\0', '', '2', '0', '4523029', '\0');
INSERT INTO `wemall_area` VALUES ('4523038', '2013-07-30 15:38:09', '\0', '', '2', '0', '4523029', '\0');
INSERT INTO `wemall_area` VALUES ('4523039', '2013-07-30 15:38:10', '\0', '娉伴『', '2', '0', '4523029', '\0');
INSERT INTO `wemall_area` VALUES ('4523040', '2013-07-30 15:38:10', '\0', '瀹甯', '2', '0', '4523029', '\0');
INSERT INTO `wemall_area` VALUES ('4523041', '2013-07-30 15:38:10', '\0', '涔娓甯', '2', '0', '4523029', '\0');
INSERT INTO `wemall_area` VALUES ('4523042', '2013-07-30 15:38:10', '\0', '村', '1', '0', '4523000', '\0');
INSERT INTO `wemall_area` VALUES ('4523043', '2013-07-30 15:38:10', '\0', '甯杈', '2', '0', '4523042', '\0');
INSERT INTO `wemall_area` VALUES ('4523044', '2013-07-30 15:38:10', '\0', '婀', '2', '0', '4523042', '\0');
INSERT INTO `wemall_area` VALUES ('4523045', '2013-07-30 15:38:10', '\0', '绉娲插', '2', '0', '4523042', '\0');
INSERT INTO `wemall_area` VALUES ('4523046', '2013-07-30 15:38:10', '\0', '', '2', '0', '4523042', '\0');
INSERT INTO `wemall_area` VALUES ('4523047', '2013-07-30 15:38:10', '\0', '娴风', '2', '0', '4523042', '\0');
INSERT INTO `wemall_area` VALUES ('4523048', '2013-07-30 15:38:10', '\0', '娴峰甯', '2', '0', '4523042', '\0');
INSERT INTO `wemall_area` VALUES ('4523049', '2013-07-30 15:38:10', '\0', '骞虫甯', '2', '0', '4523042', '\0');
INSERT INTO `wemall_area` VALUES ('4523050', '2013-07-30 15:38:10', '\0', '妗涔″', '2', '0', '4523042', '\0');
INSERT INTO `wemall_area` VALUES ('4523051', '2013-07-30 15:38:10', '\0', '婀宸甯', '1', '0', '4523000', '\0');
INSERT INTO `wemall_area` VALUES ('4523052', '2013-07-30 15:38:10', '\0', '甯杈', '2', '0', '4523051', '\0');
INSERT INTO `wemall_area` VALUES ('4523053', '2013-07-30 15:38:10', '\0', '村村', '2', '0', '4523051', '\0');
INSERT INTO `wemall_area` VALUES ('4523054', '2013-07-30 15:38:10', '\0', '娴', '2', '0', '4523051', '\0');
INSERT INTO `wemall_area` VALUES ('4523055', '2013-07-30 15:38:10', '\0', '寰锋', '2', '0', '4523051', '\0');
INSERT INTO `wemall_area` VALUES ('4523056', '2013-07-30 15:38:10', '\0', '垮村', '2', '0', '4523051', '\0');
INSERT INTO `wemall_area` VALUES ('4523057', '2013-07-30 15:38:10', '\0', '瀹', '2', '0', '4523051', '\0');
INSERT INTO `wemall_area` VALUES ('4523058', '2013-07-30 15:38:10', '\0', '缁村', '1', '0', '4523000', '\0');
INSERT INTO `wemall_area` VALUES ('4523059', '2013-07-30 15:38:11', '\0', '甯杈', '2', '0', '4523058', '\0');
INSERT INTO `wemall_area` VALUES ('4523060', '2013-07-30 15:38:11', '\0', '瓒', '2', '0', '4523058', '\0');
INSERT INTO `wemall_area` VALUES ('4523061', '2013-07-30 15:38:11', '\0', '缁村', '2', '0', '4523058', '\0');
INSERT INTO `wemall_area` VALUES ('4523062', '2013-07-30 15:38:11', '\0', '版', '2', '0', '4523058', '\0');
INSERT INTO `wemall_area` VALUES ('4523063', '2013-07-30 15:38:11', '\0', '璇告ㄥ', '2', '0', '4523058', '\0');
INSERT INTO `wemall_area` VALUES ('4523064', '2013-07-30 15:38:11', '\0', '涓甯', '2', '0', '4523058', '\0');
INSERT INTO `wemall_area` VALUES ('4523065', '2013-07-30 15:38:11', '\0', '宓宸甯', '2', '0', '4523058', '\0');
INSERT INTO `wemall_area` VALUES ('4523066', '2013-07-30 15:38:11', '\0', '甯', '1', '0', '4523000', '\0');
INSERT INTO `wemall_area` VALUES ('4523067', '2013-07-30 15:38:11', '\0', '甯杈', '2', '0', '4523066', '\0');
INSERT INTO `wemall_area` VALUES ('4523068', '2013-07-30 15:38:11', '\0', '濠哄', '2', '0', '4523066', '\0');
INSERT INTO `wemall_area` VALUES ('4523069', '2013-07-30 15:38:11', '\0', '涓', '2', '0', '4523066', '\0');
INSERT INTO `wemall_area` VALUES ('4523070', '2013-07-30 15:38:11', '\0', '姝涔', '2', '0', '4523066', '\0');
INSERT INTO `wemall_area` VALUES ('4523071', '2013-07-30 15:38:11', '\0', '娴姹', '2', '0', '4523066', '\0');
INSERT INTO `wemall_area` VALUES ('4523072', '2013-07-30 15:38:11', '\0', '纾瀹', '2', '0', '4523066', '\0');
INSERT INTO `wemall_area` VALUES ('4523073', '2013-07-30 15:38:11', '\0', '版邯甯', '2', '0', '4523066', '\0');
INSERT INTO `wemall_area` VALUES ('4523074', '2013-07-30 15:38:11', '\0', '涔涔甯', '2', '0', '4523066', '\0');
INSERT INTO `wemall_area` VALUES ('4523075', '2013-07-30 15:38:11', '\0', '涓冲', '2', '0', '4523066', '\0');
INSERT INTO `wemall_area` VALUES ('4523076', '2013-07-30 15:38:11', '\0', '姘稿悍甯', '2', '0', '4523066', '\0');
INSERT INTO `wemall_area` VALUES ('4523077', '2013-07-30 15:38:11', '\0', '琛㈠甯', '1', '0', '4523000', '\0');
INSERT INTO `wemall_area` VALUES ('4523078', '2013-07-30 15:38:12', '\0', '甯杈', '2', '0', '4523077', '\0');
INSERT INTO `wemall_area` VALUES ('4523079', '2013-07-30 15:38:12', '\0', '', '2', '0', '4523077', '\0');
INSERT INTO `wemall_area` VALUES ('4523080', '2013-07-30 15:38:12', '\0', '琛㈡', '2', '0', '4523077', '\0');
INSERT INTO `wemall_area` VALUES ('4523081', '2013-07-30 15:38:12', '\0', '甯稿北', '2', '0', '4523077', '\0');
INSERT INTO `wemall_area` VALUES ('4523082', '2013-07-30 15:38:12', '\0', '寮', '2', '0', '4523077', '\0');
INSERT INTO `wemall_area` VALUES ('4523083', '2013-07-30 15:38:12', '\0', '榫娓稿', '2', '0', '4523077', '\0');
INSERT INTO `wemall_area` VALUES ('4523084', '2013-07-30 15:38:12', '\0', '姹灞卞', '2', '0', '4523077', '\0');
INSERT INTO `wemall_area` VALUES ('4523085', '2013-07-30 15:38:12', '\0', '灞卞', '1', '0', '4523000', '\0');
INSERT INTO `wemall_area` VALUES ('4523086', '2013-07-30 15:38:12', '\0', '甯杈', '2', '0', '4523085', '\0');
INSERT INTO `wemall_area` VALUES ('4523087', '2013-07-30 15:38:12', '\0', '瀹娴峰', '2', '0', '4523085', '\0');
INSERT INTO `wemall_area` VALUES ('4523088', '2013-07-30 15:38:12', '\0', '', '2', '0', '4523085', '\0');
INSERT INTO `wemall_area` VALUES ('4523089', '2013-07-30 15:38:12', '\0', '宀卞北', '2', '0', '4523085', '\0');
INSERT INTO `wemall_area` VALUES ('4523090', '2013-07-30 15:38:12', '\0', '宓娉', '2', '0', '4523085', '\0');
INSERT INTO `wemall_area` VALUES ('4523091', '2013-07-30 15:38:12', '\0', '板甯', '1', '0', '4523000', '\0');
INSERT INTO `wemall_area` VALUES ('4523092', '2013-07-30 15:38:12', '\0', '甯杈', '2', '0', '4523091', '\0');
INSERT INTO `wemall_area` VALUES ('4523093', '2013-07-30 15:38:12', '\0', '妞姹', '2', '0', '4523091', '\0');
INSERT INTO `wemall_area` VALUES ('4523094', '2013-07-30 15:38:12', '\0', '榛宀╁', '2', '0', '4523091', '\0');
INSERT INTO `wemall_area` VALUES ('4523095', '2013-07-30 15:38:12', '\0', '璺妗ュ', '2', '0', '4523091', '\0');
INSERT INTO `wemall_area` VALUES ('4523096', '2013-07-30 15:38:12', '\0', '', '2', '0', '4523091', '\0');
INSERT INTO `wemall_area` VALUES ('4523097', '2013-07-30 15:38:13', '\0', '涓ㄥ', '2', '0', '4523091', '\0');
INSERT INTO `wemall_area` VALUES ('4523098', '2013-07-30 15:38:13', '\0', '澶╁板', '2', '0', '4523091', '\0');
INSERT INTO `wemall_area` VALUES ('4523099', '2013-07-30 15:38:13', '\0', '浠灞', '2', '0', '4523091', '\0');
INSERT INTO `wemall_area` VALUES ('4523100', '2013-07-30 15:38:13', '\0', '娓╁箔甯', '2', '0', '4523091', '\0');
INSERT INTO `wemall_area` VALUES ('4523101', '2013-07-30 15:38:13', '\0', '涓存捣甯', '2', '0', '4523091', '\0');
INSERT INTO `wemall_area` VALUES ('4523102', '2013-07-30 15:38:13', '\0', '涓芥按甯', '1', '0', '4523000', '\0');
INSERT INTO `wemall_area` VALUES ('4523103', '2013-07-30 15:38:13', '\0', '甯杈', '2', '0', '4523102', '\0');
INSERT INTO `wemall_area` VALUES ('4523104', '2013-07-30 15:38:13', '\0', '查藉', '2', '0', '4523102', '\0');
INSERT INTO `wemall_area` VALUES ('4523105', '2013-07-30 15:38:13', '\0', '板', '2', '0', '4523102', '\0');
INSERT INTO `wemall_area` VALUES ('4523106', '2013-07-30 15:38:13', '\0', '缂浜', '2', '0', '4523102', '\0');
INSERT INTO `wemall_area` VALUES ('4523107', '2013-07-30 15:38:13', '\0', '', '2', '0', '4523102', '\0');
INSERT INTO `wemall_area` VALUES ('4523108', '2013-07-30 15:38:13', '\0', '鹃冲', '2', '0', '4523102', '\0');
INSERT INTO `wemall_area` VALUES ('4523109', '2013-07-30 15:38:13', '\0', '浜', '2', '0', '4523102', '\0');
INSERT INTO `wemall_area` VALUES ('4523110', '2013-07-30 15:38:13', '\0', '搴', '2', '0', '4523102', '\0');
INSERT INTO `wemall_area` VALUES ('4523111', '2013-07-30 15:38:13', '\0', '瀹叉娌诲', '2', '0', '4523102', '\0');
INSERT INTO `wemall_area` VALUES ('4523112', '2013-07-30 15:38:13', '\0', '榫娉甯', '2', '0', '4523102', '\0');
INSERT INTO `wemall_area` VALUES ('4523113', '2013-07-30 15:38:13', '\0', '瀹寰界', '0', '0', null, '\0');
INSERT INTO `wemall_area` VALUES ('4523114', '2013-07-30 15:38:13', '\0', 'ュ', '1', '0', '4523113', '\0');
INSERT INTO `wemall_area` VALUES ('4523115', '2013-07-30 15:38:13', '\0', '甯杈', '2', '0', '4523114', '\0');
INSERT INTO `wemall_area` VALUES ('4523116', '2013-07-30 15:38:14', '\0', '舵捣', '2', '0', '4523114', '\0');
INSERT INTO `wemall_area` VALUES ('4523117', '2013-07-30 15:38:14', '\0', '搴冲', '2', '0', '4523114', '\0');
INSERT INTO `wemall_area` VALUES ('4523118', '2013-07-30 15:38:14', '\0', '灞卞', '2', '0', '4523114', '\0');
INSERT INTO `wemall_area` VALUES ('4523119', '2013-07-30 15:38:14', '\0', '娌冲', '2', '0', '4523114', '\0');
INSERT INTO `wemall_area` VALUES ('4523120', '2013-07-30 15:38:14', '\0', '夸赴', '2', '0', '4523114', '\0');
INSERT INTO `wemall_area` VALUES ('4523121', '2013-07-30 15:38:14', '\0', 'ヤ', '2', '0', '4523114', '\0');
INSERT INTO `wemall_area` VALUES ('4523122', '2013-07-30 15:38:14', '\0', 'ヨタ', '2', '0', '4523114', '\0');
INSERT INTO `wemall_area` VALUES ('4523123', '2013-07-30 15:38:14', '\0', '婀甯', '1', '0', '4523113', '\0');
INSERT INTO `wemall_area` VALUES ('4523124', '2013-07-30 15:38:14', '\0', '甯杈', '2', '0', '4523123', '\0');
INSERT INTO `wemall_area` VALUES ('4523125', '2013-07-30 15:38:14', '\0', '婀', '2', '0', '4523123', '\0');
INSERT INTO `wemall_area` VALUES ('4523126', '2013-07-30 15:38:14', '\0', '寮姹', '2', '0', '4523123', '\0');
INSERT INTO `wemall_area` VALUES ('4523127', '2013-07-30 15:38:14', '\0', '楦姹', '2', '0', '4523123', '\0');
INSERT INTO `wemall_area` VALUES ('4523128', '2013-07-30 15:38:14', '\0', '涓灞卞', '2', '0', '4523123', '\0');
INSERT INTO `wemall_area` VALUES ('4523129', '2013-07-30 15:38:14', '\0', '婀', '2', '0', '4523123', '\0');
INSERT INTO `wemall_area` VALUES ('4523130', '2013-07-30 15:38:14', '\0', '绻', '2', '0', '4523123', '\0');
INSERT INTO `wemall_area` VALUES ('4523131', '2013-07-30 15:38:14', '\0', '靛', '2', '0', '4523123', '\0');
INSERT INTO `wemall_area` VALUES ('4523132', '2013-07-30 15:38:14', '\0', '甯', '1', '0', '4523113', '\0');
INSERT INTO `wemall_area` VALUES ('4523133', '2013-07-30 15:38:14', '\0', '甯杈', '2', '0', '4523132', '\0');
INSERT INTO `wemall_area` VALUES ('4523134', '2013-07-30 15:38:15', '\0', '榫瀛婀', '2', '0', '4523132', '\0');
INSERT INTO `wemall_area` VALUES ('4523135', '2013-07-30 15:38:15', '\0', '灞卞', '2', '0', '4523132', '\0');
INSERT INTO `wemall_area` VALUES ('4523136', '2013-07-30 15:38:15', '\0', '绂逛', '2', '0', '4523132', '\0');
INSERT INTO `wemall_area` VALUES ('4523137', '2013-07-30 15:38:15', '\0', '娣涓', '2', '0', '4523132', '\0');
INSERT INTO `wemall_area` VALUES ('4523138', '2013-07-30 15:38:15', '\0', '杩', '2', '0', '4523132', '\0');
INSERT INTO `wemall_area` VALUES ('4523139', '2013-07-30 15:38:15', '\0', '浜娌冲', '2', '0', '4523132', '\0');
INSERT INTO `wemall_area` VALUES ('4523140', '2013-07-30 15:38:15', '\0', '洪', '2', '0', '4523132', '\0');
INSERT INTO `wemall_area` VALUES ('4523141', '2013-07-30 15:38:15', '\0', '娣甯', '1', '0', '4523113', '\0');
INSERT INTO `wemall_area` VALUES ('4523142', '2013-07-30 15:38:15', '\0', '甯杈', '2', '0', '4523141', '\0');
INSERT INTO `wemall_area` VALUES ('4523143', '2013-07-30 15:38:15', '\0', '澶ч', '2', '0', '4523141', '\0');
INSERT INTO `wemall_area` VALUES ('4523144', '2013-07-30 15:38:15', '\0', '板跺旱', '2', '0', '4523141', '\0');
INSERT INTO `wemall_area` VALUES ('4523145', '2013-07-30 15:38:15', '\0', '璋㈠堕', '2', '0', '4523141', '\0');
INSERT INTO `wemall_area` VALUES ('4523146', '2013-07-30 15:38:15', '\0', '灞卞', '2', '0', '4523141', '\0');
INSERT INTO `wemall_area` VALUES ('4523147', '2013-07-30 15:38:15', '\0', '娼', '2', '0', '4523141', '\0');
INSERT INTO `wemall_area` VALUES ('4523148', '2013-07-30 15:38:15', '\0', 'ゅ板', '2', '0', '4523141', '\0');
INSERT INTO `wemall_area` VALUES ('4523149', '2013-07-30 15:38:15', '\0', '椹灞卞', '1', '0', '4523113', '\0');
INSERT INTO `wemall_area` VALUES ('4523150', '2013-07-30 15:38:16', '\0', '甯杈', '2', '0', '4523149', '\0');
INSERT INTO `wemall_area` VALUES ('4523151', '2013-07-30 15:38:16', '\0', '瀹跺', '2', '0', '4523149', '\0');
INSERT INTO `wemall_area` VALUES ('4523152', '2013-07-30 15:38:16', '\0', '卞北', '2', '0', '4523149', '\0');
INSERT INTO `wemall_area` VALUES ('4523153', '2013-07-30 15:38:16', '\0', 'ㄥ北', '2', '0', '4523149', '\0');
INSERT INTO `wemall_area` VALUES ('4523154', '2013-07-30 15:38:16', '\0', '褰娑', '2', '0', '4523149', '\0');
INSERT INTO `wemall_area` VALUES ('4523155', '2013-07-30 15:38:16', '\0', '娣甯', '1', '0', '4523113', '\0');
INSERT INTO `wemall_area` VALUES ('4523156', '2013-07-30 15:38:16', '\0', '甯杈', '2', '0', '4523155', '\0');
INSERT INTO `wemall_area` VALUES ('4523157', '2013-07-30 15:38:16', '\0', '', '2', '0', '4523155', '\0');
INSERT INTO `wemall_area` VALUES ('4523158', '2013-07-30 15:38:16', '\0', '稿北', '2', '0', '4523155', '\0');
INSERT INTO `wemall_area` VALUES ('4523159', '2013-07-30 15:38:16', '\0', '灞卞', '2', '0', '4523155', '\0');
INSERT INTO `wemall_area` VALUES ('4523160', '2013-07-30 15:38:16', '\0', '婵婧', '2', '0', '4523155', '\0');
INSERT INTO `wemall_area` VALUES ('4523161', '2013-07-30 15:38:16', '\0', '靛', '1', '0', '4523113', '\0');
INSERT INTO `wemall_area` VALUES ('4523162', '2013-07-30 15:38:16', '\0', '甯杈', '2', '0', '4523161', '\0');
INSERT INTO `wemall_area` VALUES ('4523163', '2013-07-30 15:38:16', '\0', '瀹灞卞', '2', '0', '4523161', '\0');
INSERT INTO `wemall_area` VALUES ('4523164', '2013-07-30 15:38:16', '\0', '瀛灞卞', '2', '0', '4523161', '\0');
INSERT INTO `wemall_area` VALUES ('4523165', '2013-07-30 15:38:16', '\0', '', '2', '0', '4523161', '\0');
INSERT INTO `wemall_area` VALUES ('4523166', '2013-07-30 15:38:16', '\0', '靛', '2', '0', '4523161', '\0');
INSERT INTO `wemall_area` VALUES ('4523167', '2013-07-30 15:38:16', '\0', '瀹搴甯', '1', '0', '4523113', '\0');
INSERT INTO `wemall_area` VALUES ('4523168', '2013-07-30 15:38:17', '\0', '甯杈', '2', '0', '4523167', '\0');
INSERT INTO `wemall_area` VALUES ('4523169', '2013-07-30 15:38:17', '\0', '杩姹', '2', '0', '4523167', '\0');
INSERT INTO `wemall_area` VALUES ('4523170', '2013-07-30 15:38:17', '\0', '澶ц', '2', '0', '4523167', '\0');
INSERT INTO `wemall_area` VALUES ('4523171', '2013-07-30 15:38:17', '\0', '瀹绉', '2', '0', '4523167', '\0');
INSERT INTO `wemall_area` VALUES ('4523172', '2013-07-30 15:38:17', '\0', '瀹', '2', '0', '4523167', '\0');
INSERT INTO `wemall_area` VALUES ('4523173', '2013-07-30 15:38:17', '\0', '冲', '2', '0', '4523167', '\0');
INSERT INTO `wemall_area` VALUES ('4523174', '2013-07-30 15:38:17', '\0', '娼灞卞', '2', '0', '4523167', '\0');
INSERT INTO `wemall_area` VALUES ('4523175', '2013-07-30 15:38:17', '\0', '澶婀', '2', '0', '4523167', '\0');
INSERT INTO `wemall_area` VALUES ('4523176', '2013-07-30 15:38:17', '\0', '瀹挎惧', '2', '0', '4523167', '\0');
INSERT INTO `wemall_area` VALUES ('4523177', '2013-07-30 15:38:17', '\0', '姹', '2', '0', '4523167', '\0');
INSERT INTO `wemall_area` VALUES ('4523178', '2013-07-30 15:38:17', '\0', '宀宠タ', '2', '0', '4523167', '\0');
INSERT INTO `wemall_area` VALUES ('4523179', '2013-07-30 15:38:17', '\0', '妗甯', '2', '0', '4523167', '\0');
INSERT INTO `wemall_area` VALUES ('4523180', '2013-07-30 15:38:17', '\0', '榛灞卞', '1', '0', '4523113', '\0');
INSERT INTO `wemall_area` VALUES ('4523181', '2013-07-30 15:38:17', '\0', '甯杈', '2', '0', '4523180', '\0');
INSERT INTO `wemall_area` VALUES ('4523182', '2013-07-30 15:38:17', '\0', '灞婧', '2', '0', '4523180', '\0');
INSERT INTO `wemall_area` VALUES ('4523183', '2013-07-30 15:38:17', '\0', '榛灞卞', '2', '0', '4523180', '\0');
INSERT INTO `wemall_area` VALUES ('4523184', '2013-07-30 15:38:17', '\0', '寰藉', '2', '0', '4523180', '\0');
INSERT INTO `wemall_area` VALUES ('4523185', '2013-07-30 15:38:17', '\0', '姝', '2', '0', '4523180', '\0');
INSERT INTO `wemall_area` VALUES ('4523186', '2013-07-30 15:38:17', '\0', '浼瀹', '2', '0', '4523180', '\0');
INSERT INTO `wemall_area` VALUES ('4523187', '2013-07-30 15:38:18', '\0', '榛', '2', '0', '4523180', '\0');
INSERT INTO `wemall_area` VALUES ('4523188', '2013-07-30 15:38:18', '\0', '绁ㄥ', '2', '0', '4523180', '\0');
INSERT INTO `wemall_area` VALUES ('4523189', '2013-07-30 15:38:18', '\0', '婊宸甯', '1', '0', '4523113', '\0');
INSERT INTO `wemall_area` VALUES ('4523190', '2013-07-30 15:38:18', '\0', '甯杈', '2', '0', '4523189', '\0');
INSERT INTO `wemall_area` VALUES ('4523191', '2013-07-30 15:38:18', '\0', '', '2', '0', '4523189', '\0');
INSERT INTO `wemall_area` VALUES ('4523192', '2013-07-30 15:38:18', '\0', '璋', '2', '0', '4523189', '\0');
INSERT INTO `wemall_area` VALUES ('4523193', '2013-07-30 15:38:18', '\0', 'ュ', '2', '0', '4523189', '\0');
INSERT INTO `wemall_area` VALUES ('4523194', '2013-07-30 15:38:18', '\0', 'ㄦ', '2', '0', '4523189', '\0');
INSERT INTO `wemall_area` VALUES ('4523195', '2013-07-30 15:38:18', '\0', '瀹杩', '2', '0', '4523189', '\0');
INSERT INTO `wemall_area` VALUES ('4523196', '2013-07-30 15:38:18', '\0', 'ら冲', '2', '0', '4523189', '\0');
INSERT INTO `wemall_area` VALUES ('4523197', '2013-07-30 15:38:18', '\0', '澶╅垮', '2', '0', '4523189', '\0');
INSERT INTO `wemall_area` VALUES ('4523198', '2013-07-30 15:38:18', '\0', '甯', '2', '0', '4523189', '\0');
INSERT INTO `wemall_area` VALUES ('4523199', '2013-07-30 15:38:18', '\0', '冲', '1', '0', '4523113', '\0');
INSERT INTO `wemall_area` VALUES ('4523200', '2013-07-30 15:38:18', '\0', '甯杈', '2', '0', '4523199', '\0');
INSERT INTO `wemall_area` VALUES ('4523201', '2013-07-30 15:38:18', '\0', '棰宸', '2', '0', '4523199', '\0');
INSERT INTO `wemall_area` VALUES ('4523202', '2013-07-30 15:38:18', '\0', '棰涓', '2', '0', '4523199', '\0');
INSERT INTO `wemall_area` VALUES ('4523203', '2013-07-30 15:38:18', '\0', '棰娉', '2', '0', '4523199', '\0');
INSERT INTO `wemall_area` VALUES ('4523204', '2013-07-30 15:38:18', '\0', '涓存', '2', '0', '4523199', '\0');
INSERT INTO `wemall_area` VALUES ('4523205', '2013-07-30 15:38:19', '\0', '澶', '2', '0', '4523199', '\0');
INSERT INTO `wemall_area` VALUES ('4523206', '2013-07-30 15:38:19', '\0', '', '2', '0', '4523199', '\0');
INSERT INTO `wemall_area` VALUES ('4523207', '2013-07-30 15:38:19', '\0', '棰涓', '2', '0', '4523199', '\0');
INSERT INTO `wemall_area` VALUES ('4523208', '2013-07-30 15:38:19', '\0', '棣甯', '2', '0', '4523199', '\0');
INSERT INTO `wemall_area` VALUES ('4523209', '2013-07-30 15:38:19', '\0', '瀹垮甯', '1', '0', '4523113', '\0');
INSERT INTO `wemall_area` VALUES ('4523210', '2013-07-30 15:38:19', '\0', '甯杈', '2', '0', '4523209', '\0');
INSERT INTO `wemall_area` VALUES ('4523211', '2013-07-30 15:38:19', '\0', '妗ュ', '2', '0', '4523209', '\0');
INSERT INTO `wemall_area` VALUES ('4523212', '2013-07-30 15:38:19', '\0', '灞卞', '2', '0', '4523209', '\0');
INSERT INTO `wemall_area` VALUES ('4523213', '2013-07-30 15:38:19', '\0', 'у', '2', '0', '4523209', '\0');
INSERT INTO `wemall_area` VALUES ('4523214', '2013-07-30 15:38:19', '\0', '电у', '2', '0', '4523209', '\0');
INSERT INTO `wemall_area` VALUES ('4523215', '2013-07-30 15:38:19', '\0', '娉', '2', '0', '4523209', '\0');
INSERT INTO `wemall_area` VALUES ('4523216', '2013-07-30 15:38:19', '\0', '宸㈡甯', '1', '0', '4523113', '\0');
INSERT INTO `wemall_area` VALUES ('4523217', '2013-07-30 15:38:19', '\0', '甯杈', '2', '0', '4523216', '\0');
INSERT INTO `wemall_area` VALUES ('4523218', '2013-07-30 15:38:19', '\0', '灞宸㈠', '2', '0', '4523216', '\0');
INSERT INTO `wemall_area` VALUES ('4523219', '2013-07-30 15:38:19', '\0', '搴姹', '2', '0', '4523216', '\0');
INSERT INTO `wemall_area` VALUES ('4523220', '2013-07-30 15:38:19', '\0', '涓哄', '2', '0', '4523216', '\0');
INSERT INTO `wemall_area` VALUES ('4523221', '2013-07-30 15:38:19', '\0', '灞卞', '2', '0', '4523216', '\0');
INSERT INTO `wemall_area` VALUES ('4523222', '2013-07-30 15:38:19', '\0', '', '2', '0', '4523216', '\0');
INSERT INTO `wemall_area` VALUES ('4523223', '2013-07-30 15:38:20', '\0', '瀹甯', '1', '0', '4523113', '\0');
INSERT INTO `wemall_area` VALUES ('4523224', '2013-07-30 15:38:20', '\0', '甯杈', '2', '0', '4523223', '\0');
INSERT INTO `wemall_area` VALUES ('4523225', '2013-07-30 15:38:20', '\0', '瀹', '2', '0', '4523223', '\0');
INSERT INTO `wemall_area` VALUES ('4523226', '2013-07-30 15:38:20', '\0', '瑁瀹', '2', '0', '4523223', '\0');
INSERT INTO `wemall_area` VALUES ('4523227', '2013-07-30 15:38:20', '\0', '瀵垮', '2', '0', '4523223', '\0');
INSERT INTO `wemall_area` VALUES ('4523228', '2013-07-30 15:38:20', '\0', '卞', '2', '0', '4523223', '\0');
INSERT INTO `wemall_area` VALUES ('4523229', '2013-07-30 15:38:20', '\0', '', '2', '0', '4523223', '\0');
INSERT INTO `wemall_area` VALUES ('4523230', '2013-07-30 15:38:20', '\0', '瀵ㄥ', '2', '0', '4523223', '\0');
INSERT INTO `wemall_area` VALUES ('4523231', '2013-07-30 15:38:20', '\0', '灞卞', '2', '0', '4523223', '\0');
INSERT INTO `wemall_area` VALUES ('4523232', '2013-07-30 15:38:20', '\0', '浜冲甯', '1', '0', '4523113', '\0');
INSERT INTO `wemall_area` VALUES ('4523233', '2013-07-30 15:38:20', '\0', '甯杈', '2', '0', '4523232', '\0');
INSERT INTO `wemall_area` VALUES ('4523234', '2013-07-30 15:38:20', '\0', '璋', '2', '0', '4523232', '\0');
INSERT INTO `wemall_area` VALUES ('4523235', '2013-07-30 15:38:20', '\0', '娑￠冲', '2', '0', '4523232', '\0');
INSERT INTO `wemall_area` VALUES ('4523236', '2013-07-30 15:38:20', '\0', '', '2', '0', '4523232', '\0');
INSERT INTO `wemall_area` VALUES ('4523237', '2013-07-30 15:38:20', '\0', '╄', '2', '0', '4523232', '\0');
INSERT INTO `wemall_area` VALUES ('4523238', '2013-07-30 15:38:20', '\0', '姹宸甯', '1', '0', '4523113', '\0');
INSERT INTO `wemall_area` VALUES ('4523239', '2013-07-30 15:38:20', '\0', '甯杈', '2', '0', '4523238', '\0');
INSERT INTO `wemall_area` VALUES ('4523240', '2013-07-30 15:38:20', '\0', '璐垫', '2', '0', '4523238', '\0');
INSERT INTO `wemall_area` VALUES ('4523241', '2013-07-30 15:38:21', '\0', '涓冲', '2', '0', '4523238', '\0');
INSERT INTO `wemall_area` VALUES ('4523242', '2013-07-30 15:38:21', '\0', '冲板', '2', '0', '4523238', '\0');
INSERT INTO `wemall_area` VALUES ('4523243', '2013-07-30 15:38:21', '\0', '冲', '2', '0', '4523238', '\0');
INSERT INTO `wemall_area` VALUES ('4523244', '2013-07-30 15:38:21', '\0', '瀹ｅ甯', '1', '0', '4523113', '\0');
INSERT INTO `wemall_area` VALUES ('4523245', '2013-07-30 15:38:21', '\0', '甯杈', '2', '0', '4523244', '\0');
INSERT INTO `wemall_area` VALUES ('4523246', '2013-07-30 15:38:21', '\0', '瀹ｅ', '2', '0', '4523244', '\0');
INSERT INTO `wemall_area` VALUES ('4523247', '2013-07-30 15:38:21', '\0', '婧', '2', '0', '4523244', '\0');
INSERT INTO `wemall_area` VALUES ('4523248', '2013-07-30 15:38:21', '\0', '骞垮痉', '2', '0', '4523244', '\0');
INSERT INTO `wemall_area` VALUES ('4523249', '2013-07-30 15:38:21', '\0', '娉惧', '2', '0', '4523244', '\0');
INSERT INTO `wemall_area` VALUES ('4523250', '2013-07-30 15:38:21', '\0', '缁╂邯', '2', '0', '4523244', '\0');
INSERT INTO `wemall_area` VALUES ('4523251', '2013-07-30 15:38:21', '\0', '寰峰', '2', '0', '4523244', '\0');
INSERT INTO `wemall_area` VALUES ('4523252', '2013-07-30 15:38:21', '\0', '瀹藉', '2', '0', '4523244', '\0');
INSERT INTO `wemall_area` VALUES ('4523253', '2013-07-30 15:38:21', '\0', '绂寤虹', '0', '0', null, '\0');
INSERT INTO `wemall_area` VALUES ('4523254', '2013-07-30 15:38:21', '\0', '绂宸甯', '1', '0', '4523253', '\0');
INSERT INTO `wemall_area` VALUES ('4523255', '2013-07-30 15:38:21', '\0', '甯杈', '2', '0', '4523254', '\0');
INSERT INTO `wemall_area` VALUES ('4523256', '2013-07-30 15:38:21', '\0', '榧妤煎', '2', '0', '4523254', '\0');
INSERT INTO `wemall_area` VALUES ('4523257', '2013-07-30 15:38:22', '\0', '版', '2', '0', '4523254', '\0');
INSERT INTO `wemall_area` VALUES ('4523258', '2013-07-30 15:38:22', '\0', '浠灞卞', '2', '0', '4523254', '\0');
INSERT INTO `wemall_area` VALUES ('4523259', '2013-07-30 15:38:22', '\0', '椹灏惧', '2', '0', '4523254', '\0');
INSERT INTO `wemall_area` VALUES ('4523260', '2013-07-30 15:38:22', '\0', '瀹', '2', '0', '4523254', '\0');
INSERT INTO `wemall_area` VALUES ('4523261', '2013-07-30 15:38:22', '\0', '戒警', '2', '0', '4523254', '\0');
INSERT INTO `wemall_area` VALUES ('4523262', '2013-07-30 15:38:22', '\0', '杩姹', '2', '0', '4523254', '\0');
INSERT INTO `wemall_area` VALUES ('4523263', '2013-07-30 15:38:22', '\0', '缃婧', '2', '0', '4523254', '\0');
INSERT INTO `wemall_area` VALUES ('4523264', '2013-07-30 15:38:22', '\0', '芥', '2', '0', '4523254', '\0');
INSERT INTO `wemall_area` VALUES ('4523265', '2013-07-30 15:38:22', '\0', '姘告嘲', '2', '0', '4523254', '\0');
INSERT INTO `wemall_area` VALUES ('4523266', '2013-07-30 15:38:22', '\0', '骞虫江', '2', '0', '4523254', '\0');
INSERT INTO `wemall_area` VALUES ('4523267', '2013-07-30 15:38:22', '\0', '绂娓甯', '2', '0', '4523254', '\0');
INSERT INTO `wemall_area` VALUES ('4523268', '2013-07-30 15:38:22', '\0', '夸甯', '2', '0', '4523254', '\0');
INSERT INTO `wemall_area` VALUES ('4523269', '2013-07-30 15:38:22', '\0', 'ㄥ', '1', '0', '4523253', '\0');
INSERT INTO `wemall_area` VALUES ('4523270', '2013-07-30 15:38:22', '\0', '甯杈', '2', '0', '4523269', '\0');
INSERT INTO `wemall_area` VALUES ('4523271', '2013-07-30 15:38:22', '\0', '', '2', '0', '4523269', '\0');
INSERT INTO `wemall_area` VALUES ('4523272', '2013-07-30 15:38:22', '\0', '娴锋钵', '2', '0', '4523269', '\0');
INSERT INTO `wemall_area` VALUES ('4523273', '2013-07-30 15:38:22', '\0', '婀', '2', '0', '4523269', '\0');
INSERT INTO `wemall_area` VALUES ('4523274', '2013-07-30 15:38:22', '\0', '缇', '2', '0', '4523269', '\0');
INSERT INTO `wemall_area` VALUES ('4523275', '2013-07-30 15:38:22', '\0', '瀹', '2', '0', '4523269', '\0');
INSERT INTO `wemall_area` VALUES ('4523276', '2013-07-30 15:38:23', '\0', '缈瀹', '2', '0', '4523269', '\0');
INSERT INTO `wemall_area` VALUES ('4523277', '2013-07-30 15:38:23', '\0', '板', '1', '0', '4523253', '\0');
INSERT INTO `wemall_area` VALUES ('4523278', '2013-07-30 15:38:23', '\0', '甯杈', '2', '0', '4523277', '\0');
INSERT INTO `wemall_area` VALUES ('4523279', '2013-07-30 15:38:23', '\0', '㈠', '2', '0', '4523277', '\0');
INSERT INTO `wemall_area` VALUES ('4523280', '2013-07-30 15:38:23', '\0', '娑垫', '2', '0', '4523277', '\0');
INSERT INTO `wemall_area` VALUES ('4523281', '2013-07-30 15:38:23', '\0', '', '2', '0', '4523277', '\0');
INSERT INTO `wemall_area` VALUES ('4523282', '2013-07-30 15:38:23', '\0', '绉灞垮', '2', '0', '4523277', '\0');
INSERT INTO `wemall_area` VALUES ('4523283', '2013-07-30 15:38:23', '\0', '浠娓稿', '2', '0', '4523277', '\0');
INSERT INTO `wemall_area` VALUES ('4523284', '2013-07-30 15:38:23', '\0', '涓甯', '1', '0', '4523253', '\0');
INSERT INTO `wemall_area` VALUES ('4523285', '2013-07-30 15:38:23', '\0', '甯杈', '2', '0', '4523284', '\0');
INSERT INTO `wemall_area` VALUES ('4523286', '2013-07-30 15:38:23', '\0', '姊', '2', '0', '4523284', '\0');
INSERT INTO `wemall_area` VALUES ('4523287', '2013-07-30 15:38:23', '\0', '涓', '2', '0', '4523284', '\0');
INSERT INTO `wemall_area` VALUES ('4523288', '2013-07-30 15:38:23', '\0', '婧', '2', '0', '4523284', '\0');
INSERT INTO `wemall_area` VALUES ('4523289', '2013-07-30 15:38:23', '\0', '娓娴', '2', '0', '4523284', '\0');
INSERT INTO `wemall_area` VALUES ('4523290', '2013-07-30 15:38:23', '\0', '瀹', '2', '0', '4523284', '\0');
INSERT INTO `wemall_area` VALUES ('4523291', '2013-07-30 15:38:23', '\0', '澶х板', '2', '0', '4523284', '\0');
INSERT INTO `wemall_area` VALUES ('4523292', '2013-07-30 15:38:23', '\0', '灏ゆ邯', '2', '0', '4523284', '\0');
INSERT INTO `wemall_area` VALUES ('4523293', '2013-07-30 15:38:23', '\0', '娌', '2', '0', '4523284', '\0');
INSERT INTO `wemall_area` VALUES ('4523294', '2013-07-30 15:38:24', '\0', '灏涔', '2', '0', '4523284', '\0');
INSERT INTO `wemall_area` VALUES ('4523295', '2013-07-30 15:38:24', '\0', '娉板', '2', '0', '4523284', '\0');
INSERT INTO `wemall_area` VALUES ('4523296', '2013-07-30 15:38:24', '\0', '寤哄', '2', '0', '4523284', '\0');
INSERT INTO `wemall_area` VALUES ('4523297', '2013-07-30 15:38:24', '\0', '姘稿甯', '2', '0', '4523284', '\0');
INSERT INTO `wemall_area` VALUES ('4523298', '2013-07-30 15:38:24', '\0', '娉宸甯', '1', '0', '4523253', '\0');
INSERT INTO `wemall_area` VALUES ('4523299', '2013-07-30 15:38:24', '\0', '甯杈', '2', '0', '4523298', '\0');
INSERT INTO `wemall_area` VALUES ('4523300', '2013-07-30 15:38:24', '\0', '椴ゅ', '2', '0', '4523298', '\0');
INSERT INTO `wemall_area` VALUES ('4523301', '2013-07-30 15:38:24', '\0', '涓版辰', '2', '0', '4523298', '\0');
INSERT INTO `wemall_area` VALUES ('4523302', '2013-07-30 15:38:24', '\0', '娲姹', '2', '0', '4523298', '\0');
INSERT INTO `wemall_area` VALUES ('4523303', '2013-07-30 15:38:24', '\0', '娉娓', '2', '0', '4523298', '\0');
INSERT INTO `wemall_area` VALUES ('4523304', '2013-07-30 15:38:24', '\0', '瀹', '2', '0', '4523298', '\0');
INSERT INTO `wemall_area` VALUES ('4523305', '2013-07-30 15:38:24', '\0', '瀹婧', '2', '0', '4523298', '\0');
INSERT INTO `wemall_area` VALUES ('4523306', '2013-07-30 15:38:24', '\0', '姘告ュ', '2', '0', '4523298', '\0');
INSERT INTO `wemall_area` VALUES ('4523307', '2013-07-30 15:38:24', '\0', '寰峰', '2', '0', '4523298', '\0');
INSERT INTO `wemall_area` VALUES ('4523308', '2013-07-30 15:38:24', '\0', 'ㄥ', '2', '0', '4523298', '\0');
INSERT INTO `wemall_area` VALUES ('4523309', '2013-07-30 15:38:24', '\0', '崇甯', '2', '0', '4523298', '\0');
INSERT INTO `wemall_area` VALUES ('4523310', '2013-07-30 15:38:24', '\0', '姹甯', '2', '0', '4523298', '\0');
INSERT INTO `wemall_area` VALUES ('4523311', '2013-07-30 15:38:24', '\0', '瀹甯', '2', '0', '4523298', '\0');
INSERT INTO `wemall_area` VALUES ('4523312', '2013-07-30 15:38:24', '\0', '婕冲甯', '1', '0', '4523253', '\0');
INSERT INTO `wemall_area` VALUES ('4523313', '2013-07-30 15:38:25', '\0', '甯杈', '2', '0', '4523312', '\0');
INSERT INTO `wemall_area` VALUES ('4523314', '2013-07-30 15:38:25', '\0', '', '2', '0', '4523312', '\0');
INSERT INTO `wemall_area` VALUES ('4523315', '2013-07-30 15:38:25', '\0', '榫', '2', '0', '4523312', '\0');
INSERT INTO `wemall_area` VALUES ('4523316', '2013-07-30 15:38:25', '\0', '浜', '2', '0', '4523312', '\0');
INSERT INTO `wemall_area` VALUES ('4523317', '2013-07-30 15:38:25', '\0', '婕虫郸', '2', '0', '4523312', '\0');
INSERT INTO `wemall_area` VALUES ('4523318', '2013-07-30 15:38:25', '\0', '璇瀹', '2', '0', '4523312', '\0');
INSERT INTO `wemall_area` VALUES ('4523319', '2013-07-30 15:38:25', '\0', '挎嘲', '2', '0', '4523312', '\0');
INSERT INTO `wemall_area` VALUES ('4523320', '2013-07-30 15:38:25', '\0', '涓灞卞', '2', '0', '4523312', '\0');
INSERT INTO `wemall_area` VALUES ('4523321', '2013-07-30 15:38:25', '\0', '', '2', '0', '4523312', '\0');
INSERT INTO `wemall_area` VALUES ('4523322', '2013-07-30 15:38:25', '\0', '骞冲', '2', '0', '4523312', '\0');
INSERT INTO `wemall_area` VALUES ('4523323', '2013-07-30 15:38:25', '\0', '瀹', '2', '0', '4523312', '\0');
INSERT INTO `wemall_area` VALUES ('4523324', '2013-07-30 15:38:25', '\0', '榫娴峰', '2', '0', '4523312', '\0');
INSERT INTO `wemall_area` VALUES ('4523325', '2013-07-30 15:38:25', '\0', '骞冲', '1', '0', '4523253', '\0');
INSERT INTO `wemall_area` VALUES ('4523326', '2013-07-30 15:38:25', '\0', '甯杈', '2', '0', '4523325', '\0');
INSERT INTO `wemall_area` VALUES ('4523327', '2013-07-30 15:38:25', '\0', '寤跺钩', '2', '0', '4523325', '\0');
INSERT INTO `wemall_area` VALUES ('4523328', '2013-07-30 15:38:25', '\0', '椤烘', '2', '0', '4523325', '\0');
INSERT INTO `wemall_area` VALUES ('4523329', '2013-07-30 15:38:25', '\0', '娴', '2', '0', '4523325', '\0');
INSERT INTO `wemall_area` VALUES ('4523330', '2013-07-30 15:38:25', '\0', '娉藉', '2', '0', '4523325', '\0');
INSERT INTO `wemall_area` VALUES ('4523331', '2013-07-30 15:38:25', '\0', '炬邯', '2', '0', '4523325', '\0');
INSERT INTO `wemall_area` VALUES ('4523332', '2013-07-30 15:38:26', '\0', '垮', '2', '0', '4523325', '\0');
INSERT INTO `wemall_area` VALUES ('4523333', '2013-07-30 15:38:26', '\0', '垫甯', '2', '0', '4523325', '\0');
INSERT INTO `wemall_area` VALUES ('4523334', '2013-07-30 15:38:26', '\0', '姝澶峰北甯', '2', '0', '4523325', '\0');
INSERT INTO `wemall_area` VALUES ('4523335', '2013-07-30 15:38:26', '\0', '寤虹甯', '2', '0', '4523325', '\0');
INSERT INTO `wemall_area` VALUES ('4523336', '2013-07-30 15:38:26', '\0', '寤洪冲', '2', '0', '4523325', '\0');
INSERT INTO `wemall_area` VALUES ('4523337', '2013-07-30 15:38:26', '\0', '榫宀╁', '1', '0', '4523253', '\0');
INSERT INTO `wemall_area` VALUES ('4523338', '2013-07-30 15:38:26', '\0', '甯杈', '2', '0', '4523337', '\0');
INSERT INTO `wemall_area` VALUES ('4523339', '2013-07-30 15:38:26', '\0', '扮', '2', '0', '4523337', '\0');
INSERT INTO `wemall_area` VALUES ('4523340', '2013-07-30 15:38:26', '\0', '挎', '2', '0', '4523337', '\0');
INSERT INTO `wemall_area` VALUES ('4523341', '2013-07-30 15:38:26', '\0', '姘稿', '2', '0', '4523337', '\0');
INSERT INTO `wemall_area` VALUES ('4523342', '2013-07-30 15:38:26', '\0', '涓', '2', '0', '4523337', '\0');
INSERT INTO `wemall_area` VALUES ('4523343', '2013-07-30 15:38:26', '\0', '姝骞冲', '2', '0', '4523337', '\0');
INSERT INTO `wemall_area` VALUES ('4523344', '2013-07-30 15:38:26', '\0', '杩', '2', '0', '4523337', '\0');
INSERT INTO `wemall_area` VALUES ('4523345', '2013-07-30 15:38:26', '\0', '婕冲钩甯', '2', '0', '4523337', '\0');
INSERT INTO `wemall_area` VALUES ('4523346', '2013-07-30 15:38:26', '\0', '瀹寰峰', '1', '0', '4523253', '\0');
INSERT INTO `wemall_area` VALUES ('4523347', '2013-07-30 15:38:26', '\0', '甯杈', '2', '0', '4523346', '\0');
INSERT INTO `wemall_area` VALUES ('4523348', '2013-07-30 15:38:26', '\0', '', '2', '0', '4523346', '\0');
INSERT INTO `wemall_area` VALUES ('4523349', '2013-07-30 15:38:26', '\0', '娴', '2', '0', '4523346', '\0');
INSERT INTO `wemall_area` VALUES ('4523350', '2013-07-30 15:38:26', '\0', 'ょ板', '2', '0', '4523346', '\0');
INSERT INTO `wemall_area` VALUES ('4523351', '2013-07-30 15:38:27', '\0', '灞', '2', '0', '4523346', '\0');
INSERT INTO `wemall_area` VALUES ('4523352', '2013-07-30 15:38:27', '\0', '瀵垮', '2', '0', '4523346', '\0');
INSERT INTO `wemall_area` VALUES ('4523353', '2013-07-30 15:38:27', '\0', 'ㄥ', '2', '0', '4523346', '\0');
INSERT INTO `wemall_area` VALUES ('4523354', '2013-07-30 15:38:27', '\0', 'ｅ', '2', '0', '4523346', '\0');
INSERT INTO `wemall_area` VALUES ('4523355', '2013-07-30 15:38:27', '\0', '绂瀹甯', '2', '0', '4523346', '\0');
INSERT INTO `wemall_area` VALUES ('4523356', '2013-07-30 15:38:27', '\0', '绂榧甯', '2', '0', '4523346', '\0');
INSERT INTO `wemall_area` VALUES ('4523357', '2013-07-30 15:38:27', '\0', '姹瑗跨', '0', '0', null, '\0');
INSERT INTO `wemall_area` VALUES ('4523358', '2013-07-30 15:38:27', '\0', '甯', '1', '0', '4523357', '\0');
INSERT INTO `wemall_area` VALUES ('4523359', '2013-07-30 15:38:27', '\0', '甯杈', '2', '0', '4523358', '\0');
INSERT INTO `wemall_area` VALUES ('4523360', '2013-07-30 15:38:27', '\0', '涓婀', '2', '0', '4523358', '\0');
INSERT INTO `wemall_area` VALUES ('4523361', '2013-07-30 15:38:27', '\0', '瑗挎', '2', '0', '4523358', '\0');
INSERT INTO `wemall_area` VALUES ('4523362', '2013-07-30 15:38:27', '\0', '浜璋卞', '2', '0', '4523358', '\0');
INSERT INTO `wemall_area` VALUES ('4523363', '2013-07-30 15:38:27', '\0', '婀鹃', '2', '0', '4523358', '\0');
INSERT INTO `wemall_area` VALUES ('4523364', '2013-07-30 15:38:27', '\0', '灞辨', '2', '0', '4523358', '\0');
INSERT INTO `wemall_area` VALUES ('4523365', '2013-07-30 15:38:27', '\0', '', '2', '0', '4523358', '\0');
INSERT INTO `wemall_area` VALUES ('4523366', '2013-07-30 15:38:27', '\0', '板缓', '2', '0', '4523358', '\0');
INSERT INTO `wemall_area` VALUES ('4523367', '2013-07-30 15:38:27', '\0', '瀹涔', '2', '0', '4523358', '\0');
INSERT INTO `wemall_area` VALUES ('4523368', '2013-07-30 15:38:27', '\0', '杩璐ゅ', '2', '0', '4523358', '\0');
INSERT INTO `wemall_area` VALUES ('4523369', '2013-07-30 15:38:28', '\0', '寰烽甯', '1', '0', '4523357', '\0');
INSERT INTO `wemall_area` VALUES ('4523370', '2013-07-30 15:38:28', '\0', '甯杈', '2', '0', '4523369', '\0');
INSERT INTO `wemall_area` VALUES ('4523371', '2013-07-30 15:38:28', '\0', '姹', '2', '0', '4523369', '\0');
INSERT INTO `wemall_area` VALUES ('4523372', '2013-07-30 15:38:28', '\0', '灞卞', '2', '0', '4523369', '\0');
INSERT INTO `wemall_area` VALUES ('4523373', '2013-07-30 15:38:28', '\0', '娴姊', '2', '0', '4523369', '\0');
INSERT INTO `wemall_area` VALUES ('4523374', '2013-07-30 15:38:28', '\0', '涔骞冲', '2', '0', '4523369', '\0');
INSERT INTO `wemall_area` VALUES ('4523375', '2013-07-30 15:38:28', '\0', '涔″', '1', '0', '4523357', '\0');
INSERT INTO `wemall_area` VALUES ('4523376', '2013-07-30 15:38:28', '\0', '甯杈', '2', '0', '4523375', '\0');
INSERT INTO `wemall_area` VALUES ('4523377', '2013-07-30 15:38:28', '\0', '瀹婧', '2', '0', '4523375', '\0');
INSERT INTO `wemall_area` VALUES ('4523378', '2013-07-30 15:38:28', '\0', '婀涓', '2', '0', '4523375', '\0');
INSERT INTO `wemall_area` VALUES ('4523379', '2013-07-30 15:38:28', '\0', '茶卞', '2', '0', '4523375', '\0');
INSERT INTO `wemall_area` VALUES ('4523380', '2013-07-30 15:38:28', '\0', '涓', '2', '0', '4523375', '\0');
INSERT INTO `wemall_area` VALUES ('4523381', '2013-07-30 15:38:28', '\0', '婧', '2', '0', '4523375', '\0');
INSERT INTO `wemall_area` VALUES ('4523382', '2013-07-30 15:38:28', '\0', '涔姹甯', '1', '0', '4523357', '\0');
INSERT INTO `wemall_area` VALUES ('4523383', '2013-07-30 15:38:28', '\0', '甯杈', '2', '0', '4523382', '\0');
INSERT INTO `wemall_area` VALUES ('4523384', '2013-07-30 15:38:28', '\0', '搴灞卞', '2', '0', '4523382', '\0');
INSERT INTO `wemall_area` VALUES ('4523385', '2013-07-30 15:38:28', '\0', '娴冲', '2', '0', '4523382', '\0');
INSERT INTO `wemall_area` VALUES ('4523386', '2013-07-30 15:38:28', '\0', '涔姹', '2', '0', '4523382', '\0');
INSERT INTO `wemall_area` VALUES ('4523387', '2013-07-30 15:38:29', '\0', '姝瀹', '2', '0', '4523382', '\0');
INSERT INTO `wemall_area` VALUES ('4523388', '2013-07-30 15:38:29', '\0', '淇姘村', '2', '0', '4523382', '\0');
INSERT INTO `wemall_area` VALUES ('4523389', '2013-07-30 15:38:29', '\0', '姘镐慨', '2', '0', '4523382', '\0');
INSERT INTO `wemall_area` VALUES ('4523390', '2013-07-30 15:38:29', '\0', '寰峰', '2', '0', '4523382', '\0');
INSERT INTO `wemall_area` VALUES ('4523391', '2013-07-30 15:38:29', '\0', '瀛', '2', '0', '4523382', '\0');
INSERT INTO `wemall_area` VALUES ('4523392', '2013-07-30 15:38:29', '\0', '芥', '2', '0', '4523382', '\0');
INSERT INTO `wemall_area` VALUES ('4523393', '2013-07-30 15:38:29', '\0', '婀ｅ', '2', '0', '4523382', '\0');
INSERT INTO `wemall_area` VALUES ('4523394', '2013-07-30 15:38:29', '\0', '褰娉藉', '2', '0', '4523382', '\0');
INSERT INTO `wemall_area` VALUES ('4523395', '2013-07-30 15:38:29', '\0', '甯', '2', '0', '4523382', '\0');
INSERT INTO `wemall_area` VALUES ('4523396', '2013-07-30 15:38:29', '\0', '遍甯', '2', '0', '4523382', '\0');
INSERT INTO `wemall_area` VALUES ('4523397', '2013-07-30 15:38:29', '\0', '颁甯', '1', '0', '4523357', '\0');
INSERT INTO `wemall_area` VALUES ('4523398', '2013-07-30 15:38:29', '\0', '甯杈', '2', '0', '4523397', '\0');
INSERT INTO `wemall_area` VALUES ('4523399', '2013-07-30 15:38:29', '\0', '娓姘村', '2', '0', '4523397', '\0');
INSERT INTO `wemall_area` VALUES ('4523400', '2013-07-30 15:38:29', '\0', '瀹', '2', '0', '4523397', '\0');
INSERT INTO `wemall_area` VALUES ('4523401', '2013-07-30 15:38:29', '\0', '楣版江甯', '1', '0', '4523357', '\0');
INSERT INTO `wemall_area` VALUES ('4523402', '2013-07-30 15:38:29', '\0', '甯杈', '2', '0', '4523401', '\0');
INSERT INTO `wemall_area` VALUES ('4523403', '2013-07-30 15:38:29', '\0', '婀', '2', '0', '4523401', '\0');
INSERT INTO `wemall_area` VALUES ('4523404', '2013-07-30 15:38:30', '\0', '浣姹', '2', '0', '4523401', '\0');
INSERT INTO `wemall_area` VALUES ('4523405', '2013-07-30 15:38:30', '\0', '璐垫邯甯', '2', '0', '4523401', '\0');
INSERT INTO `wemall_area` VALUES ('4523406', '2013-07-30 15:38:30', '\0', '璧ｅ甯', '1', '0', '4523357', '\0');
INSERT INTO `wemall_area` VALUES ('4523407', '2013-07-30 15:38:30', '\0', '甯杈', '2', '0', '4523406', '\0');
INSERT INTO `wemall_area` VALUES ('4523408', '2013-07-30 15:38:30', '\0', '绔璐″', '2', '0', '4523406', '\0');
INSERT INTO `wemall_area` VALUES ('4523409', '2013-07-30 15:38:30', '\0', '璧ｅ', '2', '0', '4523406', '\0');
INSERT INTO `wemall_area` VALUES ('4523410', '2013-07-30 15:38:30', '\0', '淇′赴', '2', '0', '4523406', '\0');
INSERT INTO `wemall_area` VALUES ('4523411', '2013-07-30 15:38:30', '\0', '澶т', '2', '0', '4523406', '\0');
INSERT INTO `wemall_area` VALUES ('4523412', '2013-07-30 15:38:30', '\0', '涓瑰', '2', '0', '4523406', '\0');
INSERT INTO `wemall_area` VALUES ('4523413', '2013-07-30 15:38:30', '\0', '宕涔', '2', '0', '4523406', '\0');
INSERT INTO `wemall_area` VALUES ('4523414', '2013-07-30 15:38:30', '\0', '瀹杩', '2', '0', '4523406', '\0');
INSERT INTO `wemall_area` VALUES ('4523415', '2013-07-30 15:38:30', '\0', '榫', '2', '0', '4523406', '\0');
INSERT INTO `wemall_area` VALUES ('4523416', '2013-07-30 15:38:30', '\0', '瀹', '2', '0', '4523406', '\0');
INSERT INTO `wemall_area` VALUES ('4523417', '2013-07-30 15:38:30', '\0', 'ㄥ', '2', '0', '4523406', '\0');
INSERT INTO `wemall_area` VALUES ('4523418', '2013-07-30 15:38:30', '\0', '瀹藉', '2', '0', '4523406', '\0');
INSERT INTO `wemall_area` VALUES ('4523419', '2013-07-30 15:38:30', '\0', '浜藉', '2', '0', '4523406', '\0');
INSERT INTO `wemall_area` VALUES ('4523420', '2013-07-30 15:38:30', '\0', '村藉', '2', '0', '4523406', '\0');
INSERT INTO `wemall_area` VALUES ('4523421', '2013-07-30 15:38:31', '\0', '浼', '2', '0', '4523406', '\0');
INSERT INTO `wemall_area` VALUES ('4523422', '2013-07-30 15:38:31', '\0', '瀵讳', '2', '0', '4523406', '\0');
INSERT INTO `wemall_area` VALUES ('4523423', '2013-07-30 15:38:31', '\0', '冲', '2', '0', '4523406', '\0');
INSERT INTO `wemall_area` VALUES ('4523424', '2013-07-30 15:38:31', '\0', '甯', '2', '0', '4523406', '\0');
INSERT INTO `wemall_area` VALUES ('4523425', '2013-07-30 15:38:31', '\0', '搴峰', '2', '0', '4523406', '\0');
INSERT INTO `wemall_area` VALUES ('4523426', '2013-07-30 15:38:31', '\0', '瀹甯', '1', '0', '4523357', '\0');
INSERT INTO `wemall_area` VALUES ('4523427', '2013-07-30 15:38:31', '\0', '甯杈', '2', '0', '4523426', '\0');
INSERT INTO `wemall_area` VALUES ('4523428', '2013-07-30 15:38:31', '\0', '宸', '2', '0', '4523426', '\0');
INSERT INTO `wemall_area` VALUES ('4523429', '2013-07-30 15:38:31', '\0', '', '2', '0', '4523426', '\0');
INSERT INTO `wemall_area` VALUES ('4523430', '2013-07-30 15:38:31', '\0', '瀹', '2', '0', '4523426', '\0');
INSERT INTO `wemall_area` VALUES ('4523431', '2013-07-30 15:38:31', '\0', '姘村', '2', '0', '4523426', '\0');
INSERT INTO `wemall_area` VALUES ('4523432', '2013-07-30 15:38:31', '\0', '宄℃', '2', '0', '4523426', '\0');
INSERT INTO `wemall_area` VALUES ('4523433', '2013-07-30 15:38:31', '\0', '板共', '2', '0', '4523426', '\0');
INSERT INTO `wemall_area` VALUES ('4523434', '2013-07-30 15:38:31', '\0', '姘镐赴', '2', '0', '4523426', '\0');
INSERT INTO `wemall_area` VALUES ('4523435', '2013-07-30 15:38:31', '\0', '娉板', '2', '0', '4523426', '\0');
INSERT INTO `wemall_area` VALUES ('4523436', '2013-07-30 15:38:31', '\0', '宸', '2', '0', '4523426', '\0');
INSERT INTO `wemall_area` VALUES ('4523437', '2013-07-30 15:38:31', '\0', '涓瀹', '2', '0', '4523426', '\0');
INSERT INTO `wemall_area` VALUES ('4523438', '2013-07-30 15:38:31', '\0', '瀹绂', '2', '0', '4523426', '\0');
INSERT INTO `wemall_area` VALUES ('4523439', '2013-07-30 15:38:32', '\0', '姘告板', '2', '0', '4523426', '\0');
INSERT INTO `wemall_area` VALUES ('4523440', '2013-07-30 15:38:32', '\0', '浜灞卞', '2', '0', '4523426', '\0');
INSERT INTO `wemall_area` VALUES ('4523441', '2013-07-30 15:38:32', '\0', '瀹ュ', '1', '0', '4523357', '\0');
INSERT INTO `wemall_area` VALUES ('4523442', '2013-07-30 15:38:32', '\0', '甯杈', '2', '0', '4523441', '\0');
INSERT INTO `wemall_area` VALUES ('4523443', '2013-07-30 15:38:32', '\0', '琚宸', '2', '0', '4523441', '\0');
INSERT INTO `wemall_area` VALUES ('4523444', '2013-07-30 15:38:32', '\0', '濂板', '2', '0', '4523441', '\0');
INSERT INTO `wemall_area` VALUES ('4523445', '2013-07-30 15:38:32', '\0', '涓杞藉', '2', '0', '4523441', '\0');
INSERT INTO `wemall_area` VALUES ('4523446', '2013-07-30 15:38:32', '\0', '涓楂', '2', '0', '4523441', '\0');
INSERT INTO `wemall_area` VALUES ('4523447', '2013-07-30 15:38:32', '\0', '瀹涓板', '2', '0', '4523441', '\0');
INSERT INTO `wemall_area` VALUES ('4523448', '2013-07-30 15:38:32', '\0', '瀹', '2', '0', '4523441', '\0');
INSERT INTO `wemall_area` VALUES ('4523449', '2013-07-30 15:38:32', '\0', '榧', '2', '0', '4523441', '\0');
INSERT INTO `wemall_area` VALUES ('4523450', '2013-07-30 15:38:32', '\0', '涓板甯', '2', '0', '4523441', '\0');
INSERT INTO `wemall_area` VALUES ('4523451', '2013-07-30 15:38:32', '\0', '妯甯', '2', '0', '4523441', '\0');
INSERT INTO `wemall_area` VALUES ('4523452', '2013-07-30 15:38:32', '\0', '楂瀹甯', '2', '0', '4523441', '\0');
INSERT INTO `wemall_area` VALUES ('4523453', '2013-07-30 15:38:32', '\0', '宸甯', '1', '0', '4523357', '\0');
INSERT INTO `wemall_area` VALUES ('4523454', '2013-07-30 15:38:32', '\0', '甯杈', '2', '0', '4523453', '\0');
INSERT INTO `wemall_area` VALUES ('4523455', '2013-07-30 15:38:32', '\0', '涓村', '2', '0', '4523453', '\0');
INSERT INTO `wemall_area` VALUES ('4523456', '2013-07-30 15:38:33', '\0', '', '2', '0', '4523453', '\0');
INSERT INTO `wemall_area` VALUES ('4523457', '2013-07-30 15:38:33', '\0', '榛宸', '2', '0', '4523453', '\0');
INSERT INTO `wemall_area` VALUES ('4523458', '2013-07-30 15:38:33', '\0', '涓板', '2', '0', '4523453', '\0');
INSERT INTO `wemall_area` VALUES ('4523459', '2013-07-30 15:38:33', '\0', '宕浠', '2', '0', '4523453', '\0');
INSERT INTO `wemall_area` VALUES ('4523460', '2013-07-30 15:38:33', '\0', '涔瀹', '2', '0', '4523453', '\0');
INSERT INTO `wemall_area` VALUES ('4523461', '2013-07-30 15:38:33', '\0', '瀹榛', '2', '0', '4523453', '\0');
INSERT INTO `wemall_area` VALUES ('4523462', '2013-07-30 15:38:33', '\0', '婧', '2', '0', '4523453', '\0');
INSERT INTO `wemall_area` VALUES ('4523463', '2013-07-30 15:38:33', '\0', '璧婧', '2', '0', '4523453', '\0');
INSERT INTO `wemall_area` VALUES ('4523464', '2013-07-30 15:38:33', '\0', '涓涔″', '2', '0', '4523453', '\0');
INSERT INTO `wemall_area` VALUES ('4523465', '2013-07-30 15:38:33', '\0', '骞挎', '2', '0', '4523453', '\0');
INSERT INTO `wemall_area` VALUES ('4523466', '2013-07-30 15:38:33', '\0', '涓楗跺', '1', '0', '4523357', '\0');
INSERT INTO `wemall_area` VALUES ('4523467', '2013-07-30 15:38:33', '\0', '甯杈', '2', '0', '4523466', '\0');
INSERT INTO `wemall_area` VALUES ('4523468', '2013-07-30 15:38:33', '\0', '淇″', '2', '0', '4523466', '\0');
INSERT INTO `wemall_area` VALUES ('4523469', '2013-07-30 15:38:33', '\0', '涓楗跺', '2', '0', '4523466', '\0');
INSERT INTO `wemall_area` VALUES ('4523470', '2013-07-30 15:38:33', '\0', '骞夸赴', '2', '0', '4523466', '\0');
INSERT INTO `wemall_area` VALUES ('4523471', '2013-07-30 15:38:33', '\0', '灞卞', '2', '0', '4523466', '\0');
INSERT INTO `wemall_area` VALUES ('4523472', '2013-07-30 15:38:33', '\0', '灞卞', '2', '0', '4523466', '\0');
INSERT INTO `wemall_area` VALUES ('4523473', '2013-07-30 15:38:34', '\0', '妯宄板', '2', '0', '4523466', '\0');
INSERT INTO `wemall_area` VALUES ('4523474', '2013-07-30 15:38:34', '\0', '寮冲', '2', '0', '4523466', '\0');
INSERT INTO `wemall_area` VALUES ('4523475', '2013-07-30 15:38:34', '\0', '浣骞插', '2', '0', '4523466', '\0');
INSERT INTO `wemall_area` VALUES ('4523476', '2013-07-30 15:38:34', '\0', '遍冲', '2', '0', '4523466', '\0');
INSERT INTO `wemall_area` VALUES ('4523477', '2013-07-30 15:38:34', '\0', '涓骞村', '2', '0', '4523466', '\0');
INSERT INTO `wemall_area` VALUES ('4523478', '2013-07-30 15:38:34', '\0', '濠烘', '2', '0', '4523466', '\0');
INSERT INTO `wemall_area` VALUES ('4523479', '2013-07-30 15:38:34', '\0', '寰峰村', '2', '0', '4523466', '\0');
INSERT INTO `wemall_area` VALUES ('4523480', '2013-07-30 15:38:34', '\0', '灞变', '0', '0', null, '\0');
INSERT INTO `wemall_area` VALUES ('4523481', '2013-07-30 15:38:34', '\0', '娴甯', '1', '0', '4523480', '\0');
INSERT INTO `wemall_area` VALUES ('4523482', '2013-07-30 15:38:34', '\0', '甯杈', '2', '0', '4523481', '\0');
INSERT INTO `wemall_area` VALUES ('4523483', '2013-07-30 15:38:34', '\0', '涓', '2', '0', '4523481', '\0');
INSERT INTO `wemall_area` VALUES ('4523484', '2013-07-30 15:38:34', '\0', '甯涓', '2', '0', '4523481', '\0');
INSERT INTO `wemall_area` VALUES ('4523485', '2013-07-30 15:38:34', '\0', '妲', '2', '0', '4523481', '\0');
INSERT INTO `wemall_area` VALUES ('4523486', '2013-07-30 15:38:34', '\0', '澶╂ˉ', '2', '0', '4523481', '\0');
INSERT INTO `wemall_area` VALUES ('4523487', '2013-07-30 15:38:34', '\0', '', '2', '0', '4523481', '\0');
INSERT INTO `wemall_area` VALUES ('4523488', '2013-07-30 15:38:34', '\0', '挎', '2', '0', '4523481', '\0');
INSERT INTO `wemall_area` VALUES ('4523489', '2013-07-30 15:38:34', '\0', '骞抽村', '2', '0', '4523481', '\0');
INSERT INTO `wemall_area` VALUES ('4523490', '2013-07-30 15:38:35', '\0', '娴冲', '2', '0', '4523481', '\0');
INSERT INTO `wemall_area` VALUES ('4523491', '2013-07-30 15:38:35', '\0', '娌冲', '2', '0', '4523481', '\0');
INSERT INTO `wemall_area` VALUES ('4523492', '2013-07-30 15:38:35', '\0', '绔涓甯', '2', '0', '4523481', '\0');
INSERT INTO `wemall_area` VALUES ('4523493', '2013-07-30 15:38:35', '\0', '宀甯', '1', '0', '4523480', '\0');
INSERT INTO `wemall_area` VALUES ('4523494', '2013-07-30 15:38:35', '\0', '甯杈', '2', '0', '4523493', '\0');
INSERT INTO `wemall_area` VALUES ('4523495', '2013-07-30 15:38:35', '\0', '甯', '2', '0', '4523493', '\0');
INSERT INTO `wemall_area` VALUES ('4523496', '2013-07-30 15:38:35', '\0', '甯', '2', '0', '4523493', '\0');
INSERT INTO `wemall_area` VALUES ('4523497', '2013-07-30 15:38:35', '\0', '瑰', '2', '0', '4523493', '\0');
INSERT INTO `wemall_area` VALUES ('4523498', '2013-07-30 15:38:35', '\0', '榛宀', '2', '0', '4523493', '\0');
INSERT INTO `wemall_area` VALUES ('4523499', '2013-07-30 15:38:35', '\0', '宕灞卞', '2', '0', '4523493', '\0');
INSERT INTO `wemall_area` VALUES ('4523500', '2013-07-30 15:38:35', '\0', '娌у', '2', '0', '4523493', '\0');
INSERT INTO `wemall_area` VALUES ('4523501', '2013-07-30 15:38:35', '\0', '冲', '2', '0', '4523493', '\0');
INSERT INTO `wemall_area` VALUES ('4523502', '2013-07-30 15:38:35', '\0', '跺甯', '2', '0', '4523493', '\0');
INSERT INTO `wemall_area` VALUES ('4523503', '2013-07-30 15:38:35', '\0', '冲ㄥ', '2', '0', '4523493', '\0');
INSERT INTO `wemall_area` VALUES ('4523504', '2013-07-30 15:38:35', '\0', '骞冲害甯', '2', '0', '4523493', '\0');
INSERT INTO `wemall_area` VALUES ('4523505', '2013-07-30 15:38:35', '\0', '跺甯', '2', '0', '4523493', '\0');
INSERT INTO `wemall_area` VALUES ('4523506', '2013-07-30 15:38:35', '\0', '辫タ甯', '2', '0', '4523493', '\0');
INSERT INTO `wemall_area` VALUES ('4523507', '2013-07-30 15:38:36', '\0', '娣甯', '1', '0', '4523480', '\0');
INSERT INTO `wemall_area` VALUES ('4523508', '2013-07-30 15:38:36', '\0', '甯杈', '2', '0', '4523507', '\0');
INSERT INTO `wemall_area` VALUES ('4523509', '2013-07-30 15:38:36', '\0', '娣宸', '2', '0', '4523507', '\0');
INSERT INTO `wemall_area` VALUES ('4523510', '2013-07-30 15:38:36', '\0', '寮搴', '2', '0', '4523507', '\0');
INSERT INTO `wemall_area` VALUES ('4523511', '2013-07-30 15:38:36', '\0', '灞卞', '2', '0', '4523507', '\0');
INSERT INTO `wemall_area` VALUES ('4523512', '2013-07-30 15:38:36', '\0', '涓存', '2', '0', '4523507', '\0');
INSERT INTO `wemall_area` VALUES ('4523513', '2013-07-30 15:38:36', '\0', 'ㄦ', '2', '0', '4523507', '\0');
INSERT INTO `wemall_area` VALUES ('4523514', '2013-07-30 15:38:36', '\0', '妗板', '2', '0', '4523507', '\0');
INSERT INTO `wemall_area` VALUES ('4523515', '2013-07-30 15:38:36', '\0', '楂', '2', '0', '4523507', '\0');
INSERT INTO `wemall_area` VALUES ('4523516', '2013-07-30 15:38:36', '\0', '娌婧', '2', '0', '4523507', '\0');
INSERT INTO `wemall_area` VALUES ('4523517', '2013-07-30 15:38:36', '\0', 'ｅ甯', '1', '0', '4523480', '\0');
INSERT INTO `wemall_area` VALUES ('4523518', '2013-07-30 15:38:36', '\0', '甯杈', '2', '0', '4523517', '\0');
INSERT INTO `wemall_area` VALUES ('4523519', '2013-07-30 15:38:36', '\0', '甯涓', '2', '0', '4523517', '\0');
INSERT INTO `wemall_area` VALUES ('4523520', '2013-07-30 15:38:36', '\0', '', '2', '0', '4523517', '\0');
INSERT INTO `wemall_area` VALUES ('4523521', '2013-07-30 15:38:36', '\0', '宄', '2', '0', '4523517', '\0');
INSERT INTO `wemall_area` VALUES ('4523522', '2013-07-30 15:38:36', '\0', '板垮', '2', '0', '4523517', '\0');
INSERT INTO `wemall_area` VALUES ('4523523', '2013-07-30 15:38:36', '\0', '灞变涵', '2', '0', '4523517', '\0');
INSERT INTO `wemall_area` VALUES ('4523524', '2013-07-30 15:38:36', '\0', '婊宸甯', '2', '0', '4523517', '\0');
INSERT INTO `wemall_area` VALUES ('4523525', '2013-07-30 15:38:37', '\0', '涓ュ', '1', '0', '4523480', '\0');
INSERT INTO `wemall_area` VALUES ('4523526', '2013-07-30 15:38:37', '\0', '甯杈', '2', '0', '4523525', '\0');
INSERT INTO `wemall_area` VALUES ('4523527', '2013-07-30 15:38:37', '\0', '涓ュ', '2', '0', '4523525', '\0');
INSERT INTO `wemall_area` VALUES ('4523528', '2013-07-30 15:38:37', '\0', '娌冲ｅ', '2', '0', '4523525', '\0');
INSERT INTO `wemall_area` VALUES ('4523529', '2013-07-30 15:38:37', '\0', '╁', '2', '0', '4523525', '\0');
INSERT INTO `wemall_area` VALUES ('4523530', '2013-07-30 15:38:37', '\0', '╂触', '2', '0', '4523525', '\0');
INSERT INTO `wemall_area` VALUES ('4523531', '2013-07-30 15:38:37', '\0', '骞块ザ', '2', '0', '4523525', '\0');
INSERT INTO `wemall_area` VALUES ('4523532', '2013-07-30 15:38:37', '\0', '板', '1', '0', '4523480', '\0');
INSERT INTO `wemall_area` VALUES ('4523533', '2013-07-30 15:38:37', '\0', '甯杈', '2', '0', '4523532', '\0');
INSERT INTO `wemall_area` VALUES ('4523534', '2013-07-30 15:38:37', '\0', '缃', '2', '0', '4523532', '\0');
INSERT INTO `wemall_area` VALUES ('4523535', '2013-07-30 15:38:37', '\0', '绂灞卞', '2', '0', '4523532', '\0');
INSERT INTO `wemall_area` VALUES ('4523536', '2013-07-30 15:38:37', '\0', '骞冲', '2', '0', '4523532', '\0');
INSERT INTO `wemall_area` VALUES ('4523537', '2013-07-30 15:38:37', '\0', '卞北', '2', '0', '4523532', '\0');
INSERT INTO `wemall_area` VALUES ('4523538', '2013-07-30 15:38:37', '\0', '垮', '2', '0', '4523532', '\0');
INSERT INTO `wemall_area` VALUES ('4523539', '2013-07-30 15:38:37', '\0', '榫ｅ', '2', '0', '4523532', '\0');
INSERT INTO `wemall_area` VALUES ('4523540', '2013-07-30 15:38:37', '\0', '遍冲', '2', '0', '4523532', '\0');
INSERT INTO `wemall_area` VALUES ('4523541', '2013-07-30 15:38:37', '\0', '卞甯', '2', '0', '4523532', '\0');
INSERT INTO `wemall_area` VALUES ('4523542', '2013-07-30 15:38:38', '\0', '卞', '2', '0', '4523532', '\0');
INSERT INTO `wemall_area` VALUES ('4523543', '2013-07-30 15:38:38', '\0', '杩甯', '2', '0', '4523532', '\0');
INSERT INTO `wemall_area` VALUES ('4523544', '2013-07-30 15:38:38', '\0', '甯', '2', '0', '4523532', '\0');
INSERT INTO `wemall_area` VALUES ('4523545', '2013-07-30 15:38:38', '\0', '娴烽冲', '2', '0', '4523532', '\0');
INSERT INTO `wemall_area` VALUES ('4523546', '2013-07-30 15:38:38', '\0', '娼甯', '1', '0', '4523480', '\0');
INSERT INTO `wemall_area` VALUES ('4523547', '2013-07-30 15:38:38', '\0', '甯杈', '2', '0', '4523546', '\0');
INSERT INTO `wemall_area` VALUES ('4523548', '2013-07-30 15:38:38', '\0', '娼', '2', '0', '4523546', '\0');
INSERT INTO `wemall_area` VALUES ('4523549', '2013-07-30 15:38:38', '\0', '瀵浜', '2', '0', '4523546', '\0');
INSERT INTO `wemall_area` VALUES ('4523550', '2013-07-30 15:38:38', '\0', '瀛', '2', '0', '4523546', '\0');
INSERT INTO `wemall_area` VALUES ('4523551', '2013-07-30 15:38:38', '\0', '濂', '2', '0', '4523546', '\0');
INSERT INTO `wemall_area` VALUES ('4523552', '2013-07-30 15:38:38', '\0', '涓存', '2', '0', '4523546', '\0');
INSERT INTO `wemall_area` VALUES ('4523553', '2013-07-30 15:38:38', '\0', '涔', '2', '0', '4523546', '\0');
INSERT INTO `wemall_area` VALUES ('4523554', '2013-07-30 15:38:38', '\0', '宸甯', '2', '0', '4523546', '\0');
INSERT INTO `wemall_area` VALUES ('4523555', '2013-07-30 15:38:38', '\0', '璇稿甯', '2', '0', '4523546', '\0');
INSERT INTO `wemall_area` VALUES ('4523556', '2013-07-30 15:38:38', '\0', '瀵垮甯', '2', '0', '4523546', '\0');
INSERT INTO `wemall_area` VALUES ('4523557', '2013-07-30 15:38:38', '\0', '瀹涓甯', '2', '0', '4523546', '\0');
INSERT INTO `wemall_area` VALUES ('4523558', '2013-07-30 15:38:38', '\0', '楂瀵甯', '2', '0', '4523546', '\0');
INSERT INTO `wemall_area` VALUES ('4523559', '2013-07-30 15:38:39', '\0', '甯', '2', '0', '4523546', '\0');
INSERT INTO `wemall_area` VALUES ('4523560', '2013-07-30 15:38:39', '\0', '娴瀹甯', '1', '0', '4523480', '\0');
INSERT INTO `wemall_area` VALUES ('4523561', '2013-07-30 15:38:39', '\0', '甯杈', '2', '0', '4523560', '\0');
INSERT INTO `wemall_area` VALUES ('4523562', '2013-07-30 15:38:39', '\0', '甯涓', '2', '0', '4523560', '\0');
INSERT INTO `wemall_area` VALUES ('4523563', '2013-07-30 15:38:39', '\0', '浠诲', '2', '0', '4523560', '\0');
INSERT INTO `wemall_area` VALUES ('4523564', '2013-07-30 15:38:39', '\0', '寰灞卞', '2', '0', '4523560', '\0');
INSERT INTO `wemall_area` VALUES ('4523565', '2013-07-30 15:38:39', '\0', '楸煎板', '2', '0', '4523560', '\0');
INSERT INTO `wemall_area` VALUES ('4523566', '2013-07-30 15:38:39', '\0', '涔″', '2', '0', '4523560', '\0');
INSERT INTO `wemall_area` VALUES ('4523567', '2013-07-30 15:38:39', '\0', '绁ュ', '2', '0', '4523560', '\0');
INSERT INTO `wemall_area` VALUES ('4523568', '2013-07-30 15:38:39', '\0', '姹朵', '2', '0', '4523560', '\0');
INSERT INTO `wemall_area` VALUES ('4523569', '2013-07-30 15:38:39', '\0', '娉姘村', '2', '0', '4523560', '\0');
INSERT INTO `wemall_area` VALUES ('4523570', '2013-07-30 15:38:39', '\0', '姊灞卞', '2', '0', '4523560', '\0');
INSERT INTO `wemall_area` VALUES ('4523571', '2013-07-30 15:38:39', '\0', '查甯', '2', '0', '4523560', '\0');
INSERT INTO `wemall_area` VALUES ('4523572', '2013-07-30 15:38:39', '\0', '宸甯', '2', '0', '4523560', '\0');
INSERT INTO `wemall_area` VALUES ('4523573', '2013-07-30 15:38:39', '\0', '瑰甯', '2', '0', '4523560', '\0');
INSERT INTO `wemall_area` VALUES ('4523574', '2013-07-30 15:38:39', '\0', '娉板甯', '1', '0', '4523480', '\0');
INSERT INTO `wemall_area` VALUES ('4523575', '2013-07-30 15:38:40', '\0', '甯杈', '2', '0', '4523574', '\0');
INSERT INTO `wemall_area` VALUES ('4523576', '2013-07-30 15:38:40', '\0', '娉板北', '2', '0', '4523574', '\0');
INSERT INTO `wemall_area` VALUES ('4523577', '2013-07-30 15:38:40', '\0', '宀卞渤', '2', '0', '4523574', '\0');
INSERT INTO `wemall_area` VALUES ('4523578', '2013-07-30 15:38:40', '\0', '瀹冲', '2', '0', '4523574', '\0');
INSERT INTO `wemall_area` VALUES ('4523579', '2013-07-30 15:38:40', '\0', '涓骞冲', '2', '0', '4523574', '\0');
INSERT INTO `wemall_area` VALUES ('4523580', '2013-07-30 15:38:40', '\0', '版嘲甯', '2', '0', '4523574', '\0');
INSERT INTO `wemall_area` VALUES ('4523581', '2013-07-30 15:38:40', '\0', 'ュ甯', '2', '0', '4523574', '\0');
INSERT INTO `wemall_area` VALUES ('4523582', '2013-07-30 15:38:40', '\0', '濞娴峰', '1', '0', '4523480', '\0');
INSERT INTO `wemall_area` VALUES ('4523583', '2013-07-30 15:38:40', '\0', '甯杈', '2', '0', '4523582', '\0');
INSERT INTO `wemall_area` VALUES ('4523584', '2013-07-30 15:38:40', '\0', '缈', '2', '0', '4523582', '\0');
INSERT INTO `wemall_area` VALUES ('4523585', '2013-07-30 15:38:40', '\0', '诲', '2', '0', '4523582', '\0');
INSERT INTO `wemall_area` VALUES ('4523586', '2013-07-30 15:38:40', '\0', 'ｆ甯', '2', '0', '4523582', '\0');
INSERT INTO `wemall_area` VALUES ('4523587', '2013-07-30 15:38:40', '\0', '涔冲北甯', '2', '0', '4523582', '\0');
INSERT INTO `wemall_area` VALUES ('4523588', '2013-07-30 15:38:40', '\0', 'ョу', '1', '0', '4523480', '\0');
INSERT INTO `wemall_area` VALUES ('4523589', '2013-07-30 15:38:40', '\0', '甯杈', '2', '0', '4523588', '\0');
INSERT INTO `wemall_area` VALUES ('4523590', '2013-07-30 15:38:40', '\0', '涓娓', '2', '0', '4523588', '\0');
INSERT INTO `wemall_area` VALUES ('4523591', '2013-07-30 15:38:40', '\0', '宀灞卞', '2', '0', '4523588', '\0');
INSERT INTO `wemall_area` VALUES ('4523592', '2013-07-30 15:38:40', '\0', '浜插', '2', '0', '4523588', '\0');
INSERT INTO `wemall_area` VALUES ('4523593', '2013-07-30 15:38:41', '\0', '', '2', '0', '4523588', '\0');
INSERT INTO `wemall_area` VALUES ('4523594', '2013-07-30 15:38:41', '\0', '辫甯', '1', '0', '4523480', '\0');
INSERT INTO `wemall_area` VALUES ('4523595', '2013-07-30 15:38:41', '\0', '甯杈', '2', '0', '4523594', '\0');
INSERT INTO `wemall_area` VALUES ('4523596', '2013-07-30 15:38:41', '\0', '卞', '2', '0', '4523594', '\0');
INSERT INTO `wemall_area` VALUES ('4523597', '2013-07-30 15:38:41', '\0', '㈠', '2', '0', '4523594', '\0');
INSERT INTO `wemall_area` VALUES ('4523598', '2013-07-30 15:38:41', '\0', '涓存甯', '1', '0', '4523480', '\0');
INSERT INTO `wemall_area` VALUES ('4523599', '2013-07-30 15:38:41', '\0', '甯杈', '2', '0', '4523598', '\0');
INSERT INTO `wemall_area` VALUES ('4523600', '2013-07-30 15:38:41', '\0', '板北', '2', '0', '4523598', '\0');
INSERT INTO `wemall_area` VALUES ('4523601', '2013-07-30 15:38:41', '\0', '缃搴', '2', '0', '4523598', '\0');
INSERT INTO `wemall_area` VALUES ('4523602', '2013-07-30 15:38:41', '\0', '娌充', '2', '0', '4523598', '\0');
INSERT INTO `wemall_area` VALUES ('4523603', '2013-07-30 15:38:41', '\0', '娌', '2', '0', '4523598', '\0');
INSERT INTO `wemall_area` VALUES ('4523604', '2013-07-30 15:38:41', '\0', '', '2', '0', '4523598', '\0');
INSERT INTO `wemall_area` VALUES ('4523605', '2013-07-30 15:38:41', '\0', '娌姘村', '2', '0', '4523598', '\0');
INSERT INTO `wemall_area` VALUES ('4523606', '2013-07-30 15:38:41', '\0', '灞卞', '2', '0', '4523598', '\0');
INSERT INTO `wemall_area` VALUES ('4523607', '2013-07-30 15:38:41', '\0', '璐瑰', '2', '0', '4523598', '\0');
INSERT INTO `wemall_area` VALUES ('4523608', '2013-07-30 15:38:41', '\0', '骞抽', '2', '0', '4523598', '\0');
INSERT INTO `wemall_area` VALUES ('4523609', '2013-07-30 15:38:42', '\0', '', '2', '0', '4523598', '\0');
INSERT INTO `wemall_area` VALUES ('4523610', '2013-07-30 15:38:42', '\0', '村', '2', '0', '4523598', '\0');
INSERT INTO `wemall_area` VALUES ('4523611', '2013-07-30 15:38:42', '\0', '涓存箔', '2', '0', '4523598', '\0');
INSERT INTO `wemall_area` VALUES ('4523612', '2013-07-30 15:38:42', '\0', '寰峰甯', '1', '0', '4523480', '\0');
INSERT INTO `wemall_area` VALUES ('4523613', '2013-07-30 15:38:42', '\0', '甯杈', '2', '0', '4523612', '\0');
INSERT INTO `wemall_area` VALUES ('4523614', '2013-07-30 15:38:42', '\0', '寰峰', '2', '0', '4523612', '\0');
INSERT INTO `wemall_area` VALUES ('4523615', '2013-07-30 15:38:42', '\0', '靛', '2', '0', '4523612', '\0');
INSERT INTO `wemall_area` VALUES ('4523616', '2013-07-30 15:38:42', '\0', '瀹娲ュ', '2', '0', '4523612', '\0');
INSERT INTO `wemall_area` VALUES ('4523617', '2013-07-30 15:38:42', '\0', '搴浜', '2', '0', '4523612', '\0');
INSERT INTO `wemall_area` VALUES ('4523618', '2013-07-30 15:38:42', '\0', '涓撮', '2', '0', '4523612', '\0');
INSERT INTO `wemall_area` VALUES ('4523619', '2013-07-30 15:38:42', '\0', '榻娌冲', '2', '0', '4523612', '\0');
INSERT INTO `wemall_area` VALUES ('4523620', '2013-07-30 15:38:42', '\0', '骞冲', '2', '0', '4523612', '\0');
INSERT INTO `wemall_area` VALUES ('4523621', '2013-07-30 15:38:42', '\0', '澶娲ュ', '2', '0', '4523612', '\0');
INSERT INTO `wemall_area` VALUES ('4523622', '2013-07-30 15:38:42', '\0', '姝', '2', '0', '4523612', '\0');
INSERT INTO `wemall_area` VALUES ('4523623', '2013-07-30 15:38:42', '\0', '涔靛', '2', '0', '4523612', '\0');
INSERT INTO `wemall_area` VALUES ('4523624', '2013-07-30 15:38:42', '\0', '绂瑰甯', '2', '0', '4523612', '\0');
INSERT INTO `wemall_area` VALUES ('4523625', '2013-07-30 15:38:43', '\0', '甯', '1', '0', '4523480', '\0');
INSERT INTO `wemall_area` VALUES ('4523626', '2013-07-30 15:38:43', '\0', '甯杈', '2', '0', '4523625', '\0');
INSERT INTO `wemall_area` VALUES ('4523627', '2013-07-30 15:38:43', '\0', '涓搴', '2', '0', '4523625', '\0');
INSERT INTO `wemall_area` VALUES ('4523628', '2013-07-30 15:38:43', '\0', '宠胺', '2', '0', '4523625', '\0');
INSERT INTO `wemall_area` VALUES ('4523629', '2013-07-30 15:38:43', '\0', '', '2', '0', '4523625', '\0');
INSERT INTO `wemall_area` VALUES ('4523630', '2013-07-30 15:38:43', '\0', '骞冲', '2', '0', '4523625', '\0');
INSERT INTO `wemall_area` VALUES ('4523631', '2013-07-30 15:38:43', '\0', '涓垮', '2', '0', '4523625', '\0');
INSERT INTO `wemall_area` VALUES ('4523632', '2013-07-30 15:38:43', '\0', '', '2', '0', '4523625', '\0');
INSERT INTO `wemall_area` VALUES ('4523633', '2013-07-30 15:38:43', '\0', '楂', '2', '0', '4523625', '\0');
INSERT INTO `wemall_area` VALUES ('4523634', '2013-07-30 15:38:43', '\0', '涓存甯', '2', '0', '4523625', '\0');
INSERT INTO `wemall_area` VALUES ('4523635', '2013-07-30 15:38:43', '\0', '婊ㄥ甯', '1', '0', '4523480', '\0');
INSERT INTO `wemall_area` VALUES ('4523636', '2013-07-30 15:38:43', '\0', '甯杈', '2', '0', '4523635', '\0');
INSERT INTO `wemall_area` VALUES ('4523637', '2013-07-30 15:38:43', '\0', '婊ㄥ', '2', '0', '4523635', '\0');
INSERT INTO `wemall_area` VALUES ('4523638', '2013-07-30 15:38:43', '\0', '姘', '2', '0', '4523635', '\0');
INSERT INTO `wemall_area` VALUES ('4523639', '2013-07-30 15:38:43', '\0', '充俊', '2', '0', '4523635', '\0');
INSERT INTO `wemall_area` VALUES ('4523640', '2013-07-30 15:38:43', '\0', '妫ｅ', '2', '0', '4523635', '\0');
INSERT INTO `wemall_area` VALUES ('4523641', '2013-07-30 15:38:44', '\0', '娌惧', '2', '0', '4523635', '\0');
INSERT INTO `wemall_area` VALUES ('4523642', '2013-07-30 15:38:44', '\0', '村', '2', '0', '4523635', '\0');
INSERT INTO `wemall_area` VALUES ('4523643', '2013-07-30 15:38:44', '\0', '瑰钩', '2', '0', '4523635', '\0');
INSERT INTO `wemall_area` VALUES ('4523644', '2013-07-30 15:38:44', '\0', '娉藉', '1', '0', '4523480', '\0');
INSERT INTO `wemall_area` VALUES ('4523645', '2013-07-30 15:38:44', '\0', '甯杈', '2', '0', '4523644', '\0');
INSERT INTO `wemall_area` VALUES ('4523646', '2013-07-30 15:38:44', '\0', '′腹', '2', '0', '4523644', '\0');
INSERT INTO `wemall_area` VALUES ('4523647', '2013-07-30 15:38:44', '\0', '瑰', '2', '0', '4523644', '\0');
INSERT INTO `wemall_area` VALUES ('4523648', '2013-07-30 15:38:44', '\0', '', '2', '0', '4523644', '\0');
INSERT INTO `wemall_area` VALUES ('4523649', '2013-07-30 15:38:44', '\0', '姝', '2', '0', '4523644', '\0');
INSERT INTO `wemall_area` VALUES ('4523650', '2013-07-30 15:38:44', '\0', '宸ㄩ', '2', '0', '4523644', '\0');
INSERT INTO `wemall_area` VALUES ('4523651', '2013-07-30 15:38:44', '\0', '', '2', '0', '4523644', '\0');
INSERT INTO `wemall_area` VALUES ('4523652', '2013-07-30 15:38:44', '\0', '', '2', '0', '4523644', '\0');
INSERT INTO `wemall_area` VALUES ('4523653', '2013-07-30 15:38:44', '\0', '瀹跺', '2', '0', '4523644', '\0');
INSERT INTO `wemall_area` VALUES ('4523654', '2013-07-30 15:38:44', '\0', '涓', '2', '0', '4523644', '\0');
INSERT INTO `wemall_area` VALUES ('4523655', '2013-07-30 15:38:44', '\0', '娌冲', '0', '0', null, '\0');
INSERT INTO `wemall_area` VALUES ('4523656', '2013-07-30 15:38:44', '\0', '宸甯', '1', '0', '4523655', '\0');
INSERT INTO `wemall_area` VALUES ('4523657', '2013-07-30 15:38:44', '\0', '甯杈', '2', '0', '4523656', '\0');
INSERT INTO `wemall_area` VALUES ('4523658', '2013-07-30 15:38:45', '\0', '涓', '2', '0', '4523656', '\0');
INSERT INTO `wemall_area` VALUES ('4523659', '2013-07-30 15:38:45', '\0', '浜涓', '2', '0', '4523656', '\0');
INSERT INTO `wemall_area` VALUES ('4523660', '2013-07-30 15:38:45', '\0', '绠″', '2', '0', '4523656', '\0');
INSERT INTO `wemall_area` VALUES ('4523661', '2013-07-30 15:38:45', '\0', '姘村', '2', '0', '4523656', '\0');
INSERT INTO `wemall_area` VALUES ('4523662', '2013-07-30 15:38:45', '\0', '涓琛', '2', '0', '4523656', '\0');
INSERT INTO `wemall_area` VALUES ('4523663', '2013-07-30 15:38:45', '\0', '娴', '2', '0', '4523656', '\0');
INSERT INTO `wemall_area` VALUES ('4523664', '2013-07-30 15:38:45', '\0', '涓', '2', '0', '4523656', '\0');
INSERT INTO `wemall_area` VALUES ('4523665', '2013-07-30 15:38:45', '\0', '宸╀甯', '2', '0', '4523656', '\0');
INSERT INTO `wemall_area` VALUES ('4523666', '2013-07-30 15:38:45', '\0', 'ラ冲', '2', '0', '4523656', '\0');
INSERT INTO `wemall_area` VALUES ('4523667', '2013-07-30 15:38:45', '\0', '板甯', '2', '0', '4523656', '\0');
INSERT INTO `wemall_area` VALUES ('4523668', '2013-07-30 15:38:45', '\0', '伴甯', '2', '0', '4523656', '\0');
INSERT INTO `wemall_area` VALUES ('4523669', '2013-07-30 15:38:45', '\0', '诲甯', '2', '0', '4523656', '\0');
INSERT INTO `wemall_area` VALUES ('4523670', '2013-07-30 15:38:45', '\0', '寮灏甯', '1', '0', '4523655', '\0');
INSERT INTO `wemall_area` VALUES ('4523671', '2013-07-30 15:38:45', '\0', '甯杈', '2', '0', '4523670', '\0');
INSERT INTO `wemall_area` VALUES ('4523672', '2013-07-30 15:38:45', '\0', '榫浜', '2', '0', '4523670', '\0');
INSERT INTO `wemall_area` VALUES ('4523673', '2013-07-30 15:38:45', '\0', '椤烘渤', '2', '0', '4523670', '\0');
INSERT INTO `wemall_area` VALUES ('4523674', '2013-07-30 15:38:46', '\0', '榧妤煎', '2', '0', '4523670', '\0');
INSERT INTO `wemall_area` VALUES ('4523675', '2013-07-30 15:38:46', '\0', '绂圭板', '2', '0', '4523670', '\0');
INSERT INTO `wemall_area` VALUES ('4523676', '2013-07-30 15:38:46', '\0', '', '2', '0', '4523670', '\0');
INSERT INTO `wemall_area` VALUES ('4523677', '2013-07-30 15:38:46', '\0', '', '2', '0', '4523670', '\0');
INSERT INTO `wemall_area` VALUES ('4523678', '2013-07-30 15:38:46', '\0', '璁稿', '2', '0', '4523670', '\0');
INSERT INTO `wemall_area` VALUES ('4523679', '2013-07-30 15:38:46', '\0', '灏姘', '2', '0', '4523670', '\0');
INSERT INTO `wemall_area` VALUES ('4523680', '2013-07-30 15:38:46', '\0', '寮灏', '2', '0', '4523670', '\0');
INSERT INTO `wemall_area` VALUES ('4523681', '2013-07-30 15:38:46', '\0', '拌', '2', '0', '4523670', '\0');
INSERT INTO `wemall_area` VALUES ('4523682', '2013-07-30 15:38:46', '\0', '娲冲', '1', '0', '4523655', '\0');
INSERT INTO `wemall_area` VALUES ('4523683', '2013-07-30 15:38:46', '\0', '甯杈', '2', '0', '4523682', '\0');
INSERT INTO `wemall_area` VALUES ('4523684', '2013-07-30 15:38:46', '\0', '', '2', '0', '4523682', '\0');
INSERT INTO `wemall_area` VALUES ('4523685', '2013-07-30 15:38:46', '\0', '瑗垮伐', '2', '0', '4523682', '\0');
INSERT INTO `wemall_area` VALUES ('4523686', '2013-07-30 15:38:46', '\0', '娌冲', '2', '0', '4523682', '\0');
INSERT INTO `wemall_area` VALUES ('4523687', '2013-07-30 15:38:46', '\0', '娑цタ', '2', '0', '4523682', '\0');
INSERT INTO `wemall_area` VALUES ('4523688', '2013-07-30 15:38:46', '\0', '╁', '2', '0', '4523682', '\0');
INSERT INTO `wemall_area` VALUES ('4523689', '2013-07-30 15:38:46', '\0', '娲榫', '2', '0', '4523682', '\0');
INSERT INTO `wemall_area` VALUES ('4523690', '2013-07-30 15:38:47', '\0', '瀛娲ュ', '2', '0', '4523682', '\0');
INSERT INTO `wemall_area` VALUES ('4523691', '2013-07-30 15:38:47', '\0', '板', '2', '0', '4523682', '\0');
INSERT INTO `wemall_area` VALUES ('4523692', '2013-07-30 15:38:47', '\0', '惧', '2', '0', '4523682', '\0');
INSERT INTO `wemall_area` VALUES ('4523693', '2013-07-30 15:38:47', '\0', '宓╁', '2', '0', '4523682', '\0');
INSERT INTO `wemall_area` VALUES ('4523694', '2013-07-30 15:38:47', '\0', '姹冲', '2', '0', '4523682', '\0');
INSERT INTO `wemall_area` VALUES ('4523695', '2013-07-30 15:38:47', '\0', '瀹冲', '2', '0', '4523682', '\0');
INSERT INTO `wemall_area` VALUES ('4523696', '2013-07-30 15:38:47', '\0', '娲瀹', '2', '0', '4523682', '\0');
INSERT INTO `wemall_area` VALUES ('4523697', '2013-07-30 15:38:47', '\0', '浼宸', '2', '0', '4523682', '\0');
INSERT INTO `wemall_area` VALUES ('4523698', '2013-07-30 15:38:47', '\0', '甯甯', '2', '0', '4523682', '\0');
INSERT INTO `wemall_area` VALUES ('4523699', '2013-07-30 15:38:47', '\0', '骞抽《灞卞', '1', '0', '4523655', '\0');
INSERT INTO `wemall_area` VALUES ('4523700', '2013-07-30 15:38:47', '\0', '甯杈', '2', '0', '4523699', '\0');
INSERT INTO `wemall_area` VALUES ('4523701', '2013-07-30 15:38:47', '\0', '板', '2', '0', '4523699', '\0');
INSERT INTO `wemall_area` VALUES ('4523702', '2013-07-30 15:38:47', '\0', '涓', '2', '0', '4523699', '\0');
INSERT INTO `wemall_area` VALUES ('4523703', '2013-07-30 15:38:47', '\0', '抽', '2', '0', '4523699', '\0');
INSERT INTO `wemall_area` VALUES ('4523704', '2013-07-30 15:38:47', '\0', '婀娌冲', '2', '0', '4523699', '\0');
INSERT INTO `wemall_area` VALUES ('4523705', '2013-07-30 15:38:47', '\0', '瀹涓板', '2', '0', '4523699', '\0');
INSERT INTO `wemall_area` VALUES ('4523706', '2013-07-30 15:38:47', '\0', '跺', '2', '0', '4523699', '\0');
INSERT INTO `wemall_area` VALUES ('4523707', '2013-07-30 15:38:48', '\0', '椴灞卞', '2', '0', '4523699', '\0');
INSERT INTO `wemall_area` VALUES ('4523708', '2013-07-30 15:38:48', '\0', '', '2', '0', '4523699', '\0');
INSERT INTO `wemall_area` VALUES ('4523709', '2013-07-30 15:38:48', '\0', '㈠', '2', '0', '4523699', '\0');
INSERT INTO `wemall_area` VALUES ('4523710', '2013-07-30 15:38:48', '\0', '姹宸甯', '2', '0', '4523699', '\0');
INSERT INTO `wemall_area` VALUES ('4523711', '2013-07-30 15:38:48', '\0', '瀹冲', '1', '0', '4523655', '\0');
INSERT INTO `wemall_area` VALUES ('4523712', '2013-07-30 15:38:48', '\0', '甯杈', '2', '0', '4523711', '\0');
INSERT INTO `wemall_area` VALUES ('4523713', '2013-07-30 15:38:48', '\0', '宄板', '2', '0', '4523711', '\0');
INSERT INTO `wemall_area` VALUES ('4523714', '2013-07-30 15:38:48', '\0', '冲', '2', '0', '4523711', '\0');
INSERT INTO `wemall_area` VALUES ('4523715', '2013-07-30 15:38:48', '\0', '娈烽藉', '2', '0', '4523711', '\0');
INSERT INTO `wemall_area` VALUES ('4523716', '2013-07-30 15:38:48', '\0', '榫瀹', '2', '0', '4523711', '\0');
INSERT INTO `wemall_area` VALUES ('4523717', '2013-07-30 15:38:48', '\0', '瀹冲', '2', '0', '4523711', '\0');
INSERT INTO `wemall_area` VALUES ('4523718', '2013-07-30 15:38:48', '\0', '姹ら村', '2', '0', '4523711', '\0');
INSERT INTO `wemall_area` VALUES ('4523719', '2013-07-30 15:38:48', '\0', '婊', '2', '0', '4523711', '\0');
INSERT INTO `wemall_area` VALUES ('4523720', '2013-07-30 15:38:48', '\0', '榛', '2', '0', '4523711', '\0');
INSERT INTO `wemall_area` VALUES ('4523721', '2013-07-30 15:38:48', '\0', '宸甯', '2', '0', '4523711', '\0');
INSERT INTO `wemall_area` VALUES ('4523722', '2013-07-30 15:38:48', '\0', '楣ゅ甯', '1', '0', '4523655', '\0');
INSERT INTO `wemall_area` VALUES ('4523723', '2013-07-30 15:38:49', '\0', '甯杈', '2', '0', '4523722', '\0');
INSERT INTO `wemall_area` VALUES ('4523724', '2013-07-30 15:38:49', '\0', '楣ゅ北', '2', '0', '4523722', '\0');
INSERT INTO `wemall_area` VALUES ('4523725', '2013-07-30 15:38:49', '\0', '灞卞', '2', '0', '4523722', '\0');
INSERT INTO `wemall_area` VALUES ('4523726', '2013-07-30 15:38:49', '\0', '娣婊ㄥ', '2', '0', '4523722', '\0');
INSERT INTO `wemall_area` VALUES ('4523727', '2013-07-30 15:38:49', '\0', '娴', '2', '0', '4523722', '\0');
INSERT INTO `wemall_area` VALUES ('4523728', '2013-07-30 15:38:49', '\0', '娣', '2', '0', '4523722', '\0');
INSERT INTO `wemall_area` VALUES ('4523729', '2013-07-30 15:38:49', '\0', '颁埂甯', '1', '0', '4523655', '\0');
INSERT INTO `wemall_area` VALUES ('4523730', '2013-07-30 15:38:49', '\0', '甯杈', '2', '0', '4523729', '\0');
INSERT INTO `wemall_area` VALUES ('4523731', '2013-07-30 15:38:49', '\0', '绾㈡', '2', '0', '4523729', '\0');
INSERT INTO `wemall_area` VALUES ('4523732', '2013-07-30 15:38:49', '\0', '婊ㄥ', '2', '0', '4523729', '\0');
INSERT INTO `wemall_area` VALUES ('4523733', '2013-07-30 15:38:49', '\0', 'ゆ', '2', '0', '4523729', '\0');
INSERT INTO `wemall_area` VALUES ('4523734', '2013-07-30 15:38:49', '\0', 'ч', '2', '0', '4523729', '\0');
INSERT INTO `wemall_area` VALUES ('4523735', '2013-07-30 15:38:49', '\0', '颁埂', '2', '0', '4523729', '\0');
INSERT INTO `wemall_area` VALUES ('4523736', '2013-07-30 15:38:49', '\0', '峰', '2', '0', '4523729', '\0');
INSERT INTO `wemall_area` VALUES ('4523737', '2013-07-30 15:38:49', '\0', '冲', '2', '0', '4523729', '\0');
INSERT INTO `wemall_area` VALUES ('4523738', '2013-07-30 15:38:49', '\0', '寤舵触', '2', '0', '4523729', '\0');
INSERT INTO `wemall_area` VALUES ('4523739', '2013-07-30 15:38:50', '\0', '灏涓', '2', '0', '4523729', '\0');
INSERT INTO `wemall_area` VALUES ('4523740', '2013-07-30 15:38:50', '\0', '垮ｅ', '2', '0', '4523729', '\0');
INSERT INTO `wemall_area` VALUES ('4523741', '2013-07-30 15:38:50', '\0', '杈甯', '2', '0', '4523729', '\0');
INSERT INTO `wemall_area` VALUES ('4523742', '2013-07-30 15:38:50', '\0', '杈垮', '2', '0', '4523729', '\0');
INSERT INTO `wemall_area` VALUES ('4523743', '2013-07-30 15:38:50', '\0', '浣甯', '1', '0', '4523655', '\0');
INSERT INTO `wemall_area` VALUES ('4523744', '2013-07-30 15:38:50', '\0', '甯杈', '2', '0', '4523743', '\0');
INSERT INTO `wemall_area` VALUES ('4523745', '2013-07-30 15:38:50', '\0', '瑙ｆ惧', '2', '0', '4523743', '\0');
INSERT INTO `wemall_area` VALUES ('4523746', '2013-07-30 15:38:50', '\0', '涓绔', '2', '0', '4523743', '\0');
INSERT INTO `wemall_area` VALUES ('4523747', '2013-07-30 15:38:50', '\0', '椹', '2', '0', '4523743', '\0');
INSERT INTO `wemall_area` VALUES ('4523748', '2013-07-30 15:38:50', '\0', '灞遍冲', '2', '0', '4523743', '\0');
INSERT INTO `wemall_area` VALUES ('4523749', '2013-07-30 15:38:50', '\0', '淇姝', '2', '0', '4523743', '\0');
INSERT INTO `wemall_area` VALUES ('4523750', '2013-07-30 15:38:50', '\0', '卞', '2', '0', '4523743', '\0');
INSERT INTO `wemall_area` VALUES ('4523751', '2013-07-30 15:38:50', '\0', '姝', '2', '0', '4523743', '\0');
INSERT INTO `wemall_area` VALUES ('4523752', '2013-07-30 15:38:50', '\0', '娓╁', '2', '0', '4523743', '\0');
INSERT INTO `wemall_area` VALUES ('4523753', '2013-07-30 15:38:50', '\0', '娌冲', '2', '0', '4523743', '\0');
INSERT INTO `wemall_area` VALUES ('4523754', '2013-07-30 15:38:51', '\0', '瀛宸甯', '2', '0', '4523743', '\0');
INSERT INTO `wemall_area` VALUES ('4523755', '2013-07-30 15:38:51', '\0', '婵冲', '1', '0', '4523655', '\0');
INSERT INTO `wemall_area` VALUES ('4523756', '2013-07-30 15:38:51', '\0', '甯杈', '2', '0', '4523755', '\0');
INSERT INTO `wemall_area` VALUES ('4523757', '2013-07-30 15:38:51', '\0', '榫', '2', '0', '4523755', '\0');
INSERT INTO `wemall_area` VALUES ('4523758', '2013-07-30 15:38:51', '\0', '娓涓板', '2', '0', '4523755', '\0');
INSERT INTO `wemall_area` VALUES ('4523759', '2013-07-30 15:38:51', '\0', '涔', '2', '0', '4523755', '\0');
INSERT INTO `wemall_area` VALUES ('4523760', '2013-07-30 15:38:51', '\0', '', '2', '0', '4523755', '\0');
INSERT INTO `wemall_area` VALUES ('4523761', '2013-07-30 15:38:51', '\0', '板', '2', '0', '4523755', '\0');
INSERT INTO `wemall_area` VALUES ('4523762', '2013-07-30 15:38:51', '\0', '婵冲', '2', '0', '4523755', '\0');
INSERT INTO `wemall_area` VALUES ('4523763', '2013-07-30 15:38:51', '\0', '璁告甯', '1', '0', '4523655', '\0');
INSERT INTO `wemall_area` VALUES ('4523764', '2013-07-30 15:38:51', '\0', '甯杈', '2', '0', '4523763', '\0');
INSERT INTO `wemall_area` VALUES ('4523765', '2013-07-30 15:38:51', '\0', '榄藉', '2', '0', '4523763', '\0');
INSERT INTO `wemall_area` VALUES ('4523766', '2013-07-30 15:38:51', '\0', '璁告', '2', '0', '4523763', '\0');
INSERT INTO `wemall_area` VALUES ('4523767', '2013-07-30 15:38:51', '\0', '㈤靛', '2', '0', '4523763', '\0');
INSERT INTO `wemall_area` VALUES ('4523768', '2013-07-30 15:38:51', '\0', '瑗', '2', '0', '4523763', '\0');
INSERT INTO `wemall_area` VALUES ('4523769', '2013-07-30 15:38:51', '\0', '绂瑰甯', '2', '0', '4523763', '\0');
INSERT INTO `wemall_area` VALUES ('4523770', '2013-07-30 15:38:52', '\0', '胯甯', '2', '0', '4523763', '\0');
INSERT INTO `wemall_area` VALUES ('4523771', '2013-07-30 15:38:52', '\0', '婕娌冲', '1', '0', '4523655', '\0');
INSERT INTO `wemall_area` VALUES ('4523772', '2013-07-30 15:38:52', '\0', '甯杈', '2', '0', '4523771', '\0');
INSERT INTO `wemall_area` VALUES ('4523773', '2013-07-30 15:38:52', '\0', '婧姹', '2', '0', '4523771', '\0');
INSERT INTO `wemall_area` VALUES ('4523774', '2013-07-30 15:38:52', '\0', '惧', '2', '0', '4523771', '\0');
INSERT INTO `wemall_area` VALUES ('4523775', '2013-07-30 15:38:52', '\0', '靛', '2', '0', '4523771', '\0');
INSERT INTO `wemall_area` VALUES ('4523776', '2013-07-30 15:38:52', '\0', '冲', '2', '0', '4523771', '\0');
INSERT INTO `wemall_area` VALUES ('4523777', '2013-07-30 15:38:52', '\0', '涓撮', '2', '0', '4523771', '\0');
INSERT INTO `wemall_area` VALUES ('4523778', '2013-07-30 15:38:52', '\0', '涓ㄥ场甯', '1', '0', '4523655', '\0');
INSERT INTO `wemall_area` VALUES ('4523779', '2013-07-30 15:38:52', '\0', '甯杈', '2', '0', '4523778', '\0');
INSERT INTO `wemall_area` VALUES ('4523780', '2013-07-30 15:38:52', '\0', '婀婊ㄥ', '2', '0', '4523778', '\0');
INSERT INTO `wemall_area` VALUES ('4523781', '2013-07-30 15:38:52', '\0', '娓姹', '2', '0', '4523778', '\0');
INSERT INTO `wemall_area` VALUES ('4523782', '2013-07-30 15:38:52', '\0', '', '2', '0', '4523778', '\0');
INSERT INTO `wemall_area` VALUES ('4523783', '2013-07-30 15:38:52', '\0', '㈡', '2', '0', '4523778', '\0');
INSERT INTO `wemall_area` VALUES ('4523784', '2013-07-30 15:38:53', '\0', '涔椹甯', '2', '0', '4523778', '\0');
INSERT INTO `wemall_area` VALUES ('4523785', '2013-07-30 15:38:53', '\0', '靛甯', '2', '0', '4523778', '\0');
INSERT INTO `wemall_area` VALUES ('4523786', '2013-07-30 15:38:53', '\0', '冲', '1', '0', '4523655', '\0');
INSERT INTO `wemall_area` VALUES ('4523787', '2013-07-30 15:38:53', '\0', '甯杈', '2', '0', '4523786', '\0');
INSERT INTO `wemall_area` VALUES ('4523788', '2013-07-30 15:38:53', '\0', '瀹', '2', '0', '4523786', '\0');
INSERT INTO `wemall_area` VALUES ('4523789', '2013-07-30 15:38:53', '\0', 'ч', '2', '0', '4523786', '\0');
INSERT INTO `wemall_area` VALUES ('4523790', '2013-07-30 15:38:53', '\0', '', '2', '0', '4523786', '\0');
INSERT INTO `wemall_area` VALUES ('4523791', '2013-07-30 15:38:53', '\0', '瑰', '2', '0', '4523786', '\0');
INSERT INTO `wemall_area` VALUES ('4523792', '2013-07-30 15:38:53', '\0', '瑗垮场', '2', '0', '4523786', '\0');
INSERT INTO `wemall_area` VALUES ('4523793', '2013-07-30 15:38:53', '\0', '骞冲', '2', '0', '4523786', '\0');
INSERT INTO `wemall_area` VALUES ('4523794', '2013-07-30 15:38:53', '\0', '涔″', '2', '0', '4523786', '\0');
INSERT INTO `wemall_area` VALUES ('4523795', '2013-07-30 15:38:53', '\0', '娣宸', '2', '0', '4523786', '\0');
INSERT INTO `wemall_area` VALUES ('4523796', '2013-07-30 15:38:53', '\0', '绀炬', '2', '0', '4523786', '\0');
INSERT INTO `wemall_area` VALUES ('4523797', '2013-07-30 15:38:53', '\0', '娌冲', '2', '0', '4523786', '\0');
INSERT INTO `wemall_area` VALUES ('4523798', '2013-07-30 15:38:53', '\0', '伴', '2', '0', '4523786', '\0');
INSERT INTO `wemall_area` VALUES ('4523799', '2013-07-30 15:38:53', '\0', '妗', '2', '0', '4523786', '\0');
INSERT INTO `wemall_area` VALUES ('4523800', '2013-07-30 15:38:53', '\0', '宸甯', '2', '0', '4523786', '\0');
INSERT INTO `wemall_area` VALUES ('4523801', '2013-07-30 15:38:54', '\0', '涓甯', '1', '0', '4523655', '\0');
INSERT INTO `wemall_area` VALUES ('4523802', '2013-07-30 15:38:54', '\0', '甯杈', '2', '0', '4523801', '\0');
INSERT INTO `wemall_area` VALUES ('4523803', '2013-07-30 15:38:54', '\0', '姊', '2', '0', '4523801', '\0');
INSERT INTO `wemall_area` VALUES ('4523804', '2013-07-30 15:38:54', '\0', '㈤冲', '2', '0', '4523801', '\0');
INSERT INTO `wemall_area` VALUES ('4523805', '2013-07-30 15:38:54', '\0', '姘', '2', '0', '4523801', '\0');
INSERT INTO `wemall_area` VALUES ('4523806', '2013-07-30 15:38:54', '\0', '㈠', '2', '0', '4523801', '\0');
INSERT INTO `wemall_area` VALUES ('4523807', '2013-07-30 15:38:54', '\0', '瀹靛', '2', '0', '4523801', '\0');
INSERT INTO `wemall_area` VALUES ('4523808', '2013-07-30 15:38:54', '\0', '', '2', '0', '4523801', '\0');
INSERT INTO `wemall_area` VALUES ('4523809', '2013-07-30 15:38:54', '\0', '', '2', '0', '4523801', '\0');
INSERT INTO `wemall_area` VALUES ('4523810', '2013-07-30 15:38:54', '\0', '澶', '2', '0', '4523801', '\0');
INSERT INTO `wemall_area` VALUES ('4523811', '2013-07-30 15:38:54', '\0', '姘稿甯', '2', '0', '4523801', '\0');
INSERT INTO `wemall_area` VALUES ('4523812', '2013-07-30 15:38:54', '\0', '淇￠冲', '1', '0', '4523655', '\0');
INSERT INTO `wemall_area` VALUES ('4523813', '2013-07-30 15:38:54', '\0', '甯杈', '2', '0', '4523812', '\0');
INSERT INTO `wemall_area` VALUES ('4523814', '2013-07-30 15:38:54', '\0', '娴娌冲', '2', '0', '4523812', '\0');
INSERT INTO `wemall_area` VALUES ('4523815', '2013-07-30 15:38:54', '\0', '骞虫ˉ', '2', '0', '4523812', '\0');
INSERT INTO `wemall_area` VALUES ('4523816', '2013-07-30 15:38:54', '\0', '缃灞卞', '2', '0', '4523812', '\0');
INSERT INTO `wemall_area` VALUES ('4523817', '2013-07-30 15:38:55', '\0', '灞卞', '2', '0', '4523812', '\0');
INSERT INTO `wemall_area` VALUES ('4523818', '2013-07-30 15:38:55', '\0', '板', '2', '0', '4523812', '\0');
INSERT INTO `wemall_area` VALUES ('4523819', '2013-07-30 15:38:55', '\0', '', '2', '0', '4523812', '\0');
INSERT INTO `wemall_area` VALUES ('4523820', '2013-07-30 15:38:55', '\0', '哄', '2', '0', '4523812', '\0');
INSERT INTO `wemall_area` VALUES ('4523821', '2013-07-30 15:38:55', '\0', '娼㈠', '2', '0', '4523812', '\0');
INSERT INTO `wemall_area` VALUES ('4523822', '2013-07-30 15:38:55', '\0', '娣婊ㄥ', '2', '0', '4523812', '\0');
INSERT INTO `wemall_area` VALUES ('4523823', '2013-07-30 15:38:55', '\0', '', '2', '0', '4523812', '\0');
INSERT INTO `wemall_area` VALUES ('4523824', '2013-07-30 15:38:55', '\0', 'ㄥｅ', '1', '0', '4523655', '\0');
INSERT INTO `wemall_area` VALUES ('4523825', '2013-07-30 15:38:55', '\0', '甯杈', '2', '0', '4523824', '\0');
INSERT INTO `wemall_area` VALUES ('4523826', '2013-07-30 15:38:55', '\0', '宸姹', '2', '0', '4523824', '\0');
INSERT INTO `wemall_area` VALUES ('4523827', '2013-07-30 15:38:55', '\0', '舵', '2', '0', '4523824', '\0');
INSERT INTO `wemall_area` VALUES ('4523828', '2013-07-30 15:38:55', '\0', '瑗垮', '2', '0', '4523824', '\0');
INSERT INTO `wemall_area` VALUES ('4523829', '2013-07-30 15:38:55', '\0', '姘村', '2', '0', '4523824', '\0');
INSERT INTO `wemall_area` VALUES ('4523830', '2013-07-30 15:38:55', '\0', '娌涓', '2', '0', '4523824', '\0');
INSERT INTO `wemall_area` VALUES ('4523831', '2013-07-30 15:38:55', '\0', '稿', '2', '0', '4523824', '\0');
INSERT INTO `wemall_area` VALUES ('4523832', '2013-07-30 15:38:55', '\0', '娣冲', '2', '0', '4523824', '\0');
INSERT INTO `wemall_area` VALUES ('4523833', '2013-07-30 15:38:56', '\0', '澶搴峰', '2', '0', '4523824', '\0');
INSERT INTO `wemall_area` VALUES ('4523834', '2013-07-30 15:38:56', '\0', '楣块', '2', '0', '4523824', '\0');
INSERT INTO `wemall_area` VALUES ('4523835', '2013-07-30 15:38:56', '\0', '椤瑰甯', '2', '0', '4523824', '\0');
INSERT INTO `wemall_area` VALUES ('4523836', '2013-07-30 15:38:56', '\0', '椹婚┈搴甯', '1', '0', '4523655', '\0');
INSERT INTO `wemall_area` VALUES ('4523837', '2013-07-30 15:38:56', '\0', '甯杈', '2', '0', '4523836', '\0');
INSERT INTO `wemall_area` VALUES ('4523838', '2013-07-30 15:38:56', '\0', '椹垮', '2', '0', '4523836', '\0');
INSERT INTO `wemall_area` VALUES ('4523839', '2013-07-30 15:38:56', '\0', '瑗垮钩', '2', '0', '4523836', '\0');
INSERT INTO `wemall_area` VALUES ('4523840', '2013-07-30 15:38:56', '\0', '涓″', '2', '0', '4523836', '\0');
INSERT INTO `wemall_area` VALUES ('4523841', '2013-07-30 15:38:56', '\0', '骞宠', '2', '0', '4523836', '\0');
INSERT INTO `wemall_area` VALUES ('4523842', '2013-07-30 15:38:56', '\0', '姝ｉ冲', '2', '0', '4523836', '\0');
INSERT INTO `wemall_area` VALUES ('4523843', '2013-07-30 15:38:56', '\0', '纭灞卞', '2', '0', '4523836', '\0');
INSERT INTO `wemall_area` VALUES ('4523844', '2013-07-30 15:38:56', '\0', '娉冲', '2', '0', '4523836', '\0');
INSERT INTO `wemall_area` VALUES ('4523845', '2013-07-30 15:38:56', '\0', '姹', '2', '0', '4523836', '\0');
INSERT INTO `wemall_area` VALUES ('4523846', '2013-07-30 15:38:56', '\0', '骞冲', '2', '0', '4523836', '\0');
INSERT INTO `wemall_area` VALUES ('4523847', '2013-07-30 15:38:56', '\0', '拌″', '2', '0', '4523836', '\0');
INSERT INTO `wemall_area` VALUES ('4523848', '2013-07-30 15:38:56', '\0', '磋跨骇琛垮哄', '1', '0', '4523655', '\0');
INSERT INTO `wemall_area` VALUES ('4523849', '2013-07-30 15:38:57', '\0', '娴婧甯', '2', '0', '4523848', '\0');
INSERT INTO `wemall_area` VALUES ('4523850', '2013-07-30 15:38:57', '\0', '婀', '0', '0', null, '\0');
INSERT INTO `wemall_area` VALUES ('4523851', '2013-07-30 15:38:57', '\0', '姝姹甯', '1', '0', '4523850', '\0');
INSERT INTO `wemall_area` VALUES ('4523852', '2013-07-30 15:38:57', '\0', '甯杈', '2', '0', '4523851', '\0');
INSERT INTO `wemall_area` VALUES ('4523853', '2013-07-30 15:38:57', '\0', '姹宀稿', '2', '0', '4523851', '\0');
INSERT INTO `wemall_area` VALUES ('4523854', '2013-07-30 15:38:57', '\0', '姹姹', '2', '0', '4523851', '\0');
INSERT INTO `wemall_area` VALUES ('4523855', '2013-07-30 15:38:57', '\0', '纭ｅ', '2', '0', '4523851', '\0');
INSERT INTO `wemall_area` VALUES ('4523856', '2013-07-30 15:38:57', '\0', '姹冲', '2', '0', '4523851', '\0');
INSERT INTO `wemall_area` VALUES ('4523857', '2013-07-30 15:38:57', '\0', '姝', '2', '0', '4523851', '\0');
INSERT INTO `wemall_area` VALUES ('4523858', '2013-07-30 15:38:57', '\0', '灞卞', '2', '0', '4523851', '\0');
INSERT INTO `wemall_area` VALUES ('4523859', '2013-07-30 15:38:57', '\0', '娲灞卞', '2', '0', '4523851', '\0');
INSERT INTO `wemall_area` VALUES ('4523860', '2013-07-30 15:38:57', '\0', '涓瑗挎', '2', '0', '4523851', '\0');
INSERT INTO `wemall_area` VALUES ('4523861', '2013-07-30 15:38:57', '\0', '姹', '2', '0', '4523851', '\0');
INSERT INTO `wemall_area` VALUES ('4523862', '2013-07-30 15:38:57', '\0', '＄稿', '2', '0', '4523851', '\0');
INSERT INTO `wemall_area` VALUES ('4523863', '2013-07-30 15:38:57', '\0', '姹澶', '2', '0', '4523851', '\0');
INSERT INTO `wemall_area` VALUES ('4523864', '2013-07-30 15:38:57', '\0', '榛', '2', '0', '4523851', '\0');
INSERT INTO `wemall_area` VALUES ('4523865', '2013-07-30 15:38:58', '\0', '版床', '2', '0', '4523851', '\0');
INSERT INTO `wemall_area` VALUES ('4523866', '2013-07-30 15:38:58', '\0', '榛冲', '1', '0', '4523850', '\0');
INSERT INTO `wemall_area` VALUES ('4523867', '2013-07-30 15:38:58', '\0', '甯杈', '2', '0', '4523866', '\0');
INSERT INTO `wemall_area` VALUES ('4523868', '2013-07-30 15:38:58', '\0', '榛虫腐', '2', '0', '4523866', '\0');
INSERT INTO `wemall_area` VALUES ('4523869', '2013-07-30 15:38:58', '\0', '瑗垮灞卞', '2', '0', '4523866', '\0');
INSERT INTO `wemall_area` VALUES ('4523870', '2013-07-30 15:38:58', '\0', '涓', '2', '0', '4523866', '\0');
INSERT INTO `wemall_area` VALUES ('4523871', '2013-07-30 15:38:58', '\0', '灞卞', '2', '0', '4523866', '\0');
INSERT INTO `wemall_area` VALUES ('4523872', '2013-07-30 15:38:58', '\0', '虫板', '2', '0', '4523866', '\0');
INSERT INTO `wemall_area` VALUES ('4523873', '2013-07-30 15:38:58', '\0', '澶у跺', '2', '0', '4523866', '\0');
INSERT INTO `wemall_area` VALUES ('4523874', '2013-07-30 15:38:58', '\0', '板', '1', '0', '4523850', '\0');
INSERT INTO `wemall_area` VALUES ('4523875', '2013-07-30 15:38:58', '\0', '甯杈', '2', '0', '4523874', '\0');
INSERT INTO `wemall_area` VALUES ('4523876', '2013-07-30 15:38:58', '\0', '绠', '2', '0', '4523874', '\0');
INSERT INTO `wemall_area` VALUES ('4523877', '2013-07-30 15:38:58', '\0', '寮婀惧', '2', '0', '4523874', '\0');
INSERT INTO `wemall_area` VALUES ('4523878', '2013-07-30 15:38:58', '\0', 'у', '2', '0', '4523874', '\0');
INSERT INTO `wemall_area` VALUES ('4523879', '2013-07-30 15:38:58', '\0', 'цタ', '2', '0', '4523874', '\0');
INSERT INTO `wemall_area` VALUES ('4523880', '2013-07-30 15:38:59', '\0', '绔瑰北', '2', '0', '4523874', '\0');
INSERT INTO `wemall_area` VALUES ('4523881', '2013-07-30 15:38:59', '\0', '绔规邯', '2', '0', '4523874', '\0');
INSERT INTO `wemall_area` VALUES ('4523882', '2013-07-30 15:38:59', '\0', '垮', '2', '0', '4523874', '\0');
INSERT INTO `wemall_area` VALUES ('4523883', '2013-07-30 15:38:59', '\0', '涓规ｅ', '2', '0', '4523874', '\0');
INSERT INTO `wemall_area` VALUES ('4523884', '2013-07-30 15:38:59', '\0', '瀹甯', '1', '0', '4523850', '\0');
INSERT INTO `wemall_area` VALUES ('4523885', '2013-07-30 15:38:59', '\0', '甯杈', '2', '0', '4523884', '\0');
INSERT INTO `wemall_area` VALUES ('4523886', '2013-07-30 15:38:59', '\0', '瑗块靛', '2', '0', '4523884', '\0');
INSERT INTO `wemall_area` VALUES ('4523887', '2013-07-30 15:38:59', '\0', '浼瀹跺', '2', '0', '4523884', '\0');
INSERT INTO `wemall_area` VALUES ('4523888', '2013-07-30 15:38:59', '\0', '瑰', '2', '0', '4523884', '\0');
INSERT INTO `wemall_area` VALUES ('4523889', '2013-07-30 15:38:59', '\0', '浜', '2', '0', '4523884', '\0');
INSERT INTO `wemall_area` VALUES ('4523890', '2013-07-30 15:38:59', '\0', '澶烽靛', '2', '0', '4523884', '\0');
INSERT INTO `wemall_area` VALUES ('4523891', '2013-07-30 15:38:59', '\0', '杩瀹', '2', '0', '4523884', '\0');
INSERT INTO `wemall_area` VALUES ('4523892', '2013-07-30 15:38:59', '\0', '村北', '2', '0', '4523884', '\0');
INSERT INTO `wemall_area` VALUES ('4523893', '2013-07-30 15:38:59', '\0', '绉褰', '2', '0', '4523884', '\0');
INSERT INTO `wemall_area` VALUES ('4523894', '2013-07-30 15:38:59', '\0', '块冲瀹舵娌诲', '2', '0', '4523884', '\0');
INSERT INTO `wemall_area` VALUES ('4523895', '2013-07-30 15:39:00', '\0', '浜宄板瀹舵娌诲', '2', '0', '4523884', '\0');
INSERT INTO `wemall_area` VALUES ('4523896', '2013-07-30 15:39:00', '\0', '瀹藉', '2', '0', '4523884', '\0');
INSERT INTO `wemall_area` VALUES ('4523897', '2013-07-30 15:39:00', '\0', '褰冲', '2', '0', '4523884', '\0');
INSERT INTO `wemall_area` VALUES ('4523898', '2013-07-30 15:39:00', '\0', '姹甯', '2', '0', '4523884', '\0');
INSERT INTO `wemall_area` VALUES ('4523899', '2013-07-30 15:39:00', '\0', '瑗妯甯', '1', '0', '4523850', '\0');
INSERT INTO `wemall_area` VALUES ('4523900', '2013-07-30 15:39:00', '\0', '甯杈', '2', '0', '4523899', '\0');
INSERT INTO `wemall_area` VALUES ('4523901', '2013-07-30 15:39:00', '\0', '瑗', '2', '0', '4523899', '\0');
INSERT INTO `wemall_area` VALUES ('4523902', '2013-07-30 15:39:00', '\0', '妯', '2', '0', '4523899', '\0');
INSERT INTO `wemall_area` VALUES ('4523903', '2013-07-30 15:39:00', '\0', '瑗冲', '2', '0', '4523899', '\0');
INSERT INTO `wemall_area` VALUES ('4523904', '2013-07-30 15:39:00', '\0', '婕冲', '2', '0', '4523899', '\0');
INSERT INTO `wemall_area` VALUES ('4523905', '2013-07-30 15:39:00', '\0', '璋峰', '2', '0', '4523899', '\0');
INSERT INTO `wemall_area` VALUES ('4523906', '2013-07-30 15:39:00', '\0', '淇搴峰', '2', '0', '4523899', '\0');
INSERT INTO `wemall_area` VALUES ('4523907', '2013-07-30 15:39:00', '\0', '娌冲ｅ', '2', '0', '4523899', '\0');
INSERT INTO `wemall_area` VALUES ('4523908', '2013-07-30 15:39:00', '\0', 'ｉ冲', '2', '0', '4523899', '\0');
INSERT INTO `wemall_area` VALUES ('4523909', '2013-07-30 15:39:00', '\0', '瀹甯', '2', '0', '4523899', '\0');
INSERT INTO `wemall_area` VALUES ('4523910', '2013-07-30 15:39:01', '\0', '宸甯', '1', '0', '4523850', '\0');
INSERT INTO `wemall_area` VALUES ('4523911', '2013-07-30 15:39:01', '\0', '甯杈', '2', '0', '4523910', '\0');
INSERT INTO `wemall_area` VALUES ('4523912', '2013-07-30 15:39:01', '\0', '姊瀛婀', '2', '0', '4523910', '\0');
INSERT INTO `wemall_area` VALUES ('4523913', '2013-07-30 15:39:01', '\0', '瀹瑰', '2', '0', '4523910', '\0');
INSERT INTO `wemall_area` VALUES ('4523914', '2013-07-30 15:39:01', '\0', '', '2', '0', '4523910', '\0');
INSERT INTO `wemall_area` VALUES ('4523915', '2013-07-30 15:39:01', '\0', 'ㄥ', '1', '0', '4523850', '\0');
INSERT INTO `wemall_area` VALUES ('4523916', '2013-07-30 15:39:01', '\0', '甯杈', '2', '0', '4523915', '\0');
INSERT INTO `wemall_area` VALUES ('4523917', '2013-07-30 15:39:01', '\0', '涓瀹', '2', '0', '4523915', '\0');
INSERT INTO `wemall_area` VALUES ('4523918', '2013-07-30 15:39:01', '\0', '', '2', '0', '4523915', '\0');
INSERT INTO `wemall_area` VALUES ('4523919', '2013-07-30 15:39:01', '\0', '浜灞卞', '2', '0', '4523915', '\0');
INSERT INTO `wemall_area` VALUES ('4523920', '2013-07-30 15:39:01', '\0', '娌娲', '2', '0', '4523915', '\0');
INSERT INTO `wemall_area` VALUES ('4523921', '2013-07-30 15:39:01', '\0', '绁ュ', '2', '0', '4523915', '\0');
INSERT INTO `wemall_area` VALUES ('4523922', '2013-07-30 15:39:01', '\0', '瀛甯', '1', '0', '4523850', '\0');
INSERT INTO `wemall_area` VALUES ('4523923', '2013-07-30 15:39:01', '\0', '甯杈', '2', '0', '4523922', '\0');
INSERT INTO `wemall_area` VALUES ('4523924', '2013-07-30 15:39:01', '\0', '瀛', '2', '0', '4523922', '\0');
INSERT INTO `wemall_area` VALUES ('4523925', '2013-07-30 15:39:02', '\0', '瀛', '2', '0', '4523922', '\0');
INSERT INTO `wemall_area` VALUES ('4523926', '2013-07-30 15:39:02', '\0', '澶ф', '2', '0', '4523922', '\0');
INSERT INTO `wemall_area` VALUES ('4523927', '2013-07-30 15:39:02', '\0', '浜姊', '2', '0', '4523922', '\0');
INSERT INTO `wemall_area` VALUES ('4523928', '2013-07-30 15:39:02', '\0', '搴甯', '2', '0', '4523922', '\0');
INSERT INTO `wemall_area` VALUES ('4523929', '2013-07-30 15:39:02', '\0', '瀹甯', '2', '0', '4523922', '\0');
INSERT INTO `wemall_area` VALUES ('4523930', '2013-07-30 15:39:02', '\0', '姹宸甯', '2', '0', '4523922', '\0');
INSERT INTO `wemall_area` VALUES ('4523931', '2013-07-30 15:39:02', '\0', '宸甯', '1', '0', '4523850', '\0');
INSERT INTO `wemall_area` VALUES ('4523932', '2013-07-30 15:39:02', '\0', '甯杈', '2', '0', '4523931', '\0');
INSERT INTO `wemall_area` VALUES ('4523933', '2013-07-30 15:39:02', '\0', '娌甯', '2', '0', '4523931', '\0');
INSERT INTO `wemall_area` VALUES ('4523934', '2013-07-30 15:39:02', '\0', '宸', '2', '0', '4523931', '\0');
INSERT INTO `wemall_area` VALUES ('4523935', '2013-07-30 15:39:02', '\0', '瀹', '2', '0', '4523931', '\0');
INSERT INTO `wemall_area` VALUES ('4523936', '2013-07-30 15:39:02', '\0', '╁', '2', '0', '4523931', '\0');
INSERT INTO `wemall_area` VALUES ('4523937', '2013-07-30 15:39:02', '\0', '姹靛', '2', '0', '4523931', '\0');
INSERT INTO `wemall_area` VALUES ('4523938', '2013-07-30 15:39:03', '\0', '抽甯', '2', '0', '4523931', '\0');
INSERT INTO `wemall_area` VALUES ('4523939', '2013-07-30 15:39:03', '\0', '娲婀甯', '2', '0', '4523931', '\0');
INSERT INTO `wemall_area` VALUES ('4523940', '2013-07-30 15:39:03', '\0', '炬甯', '2', '0', '4523931', '\0');
INSERT INTO `wemall_area` VALUES ('4523941', '2013-07-30 15:39:03', '\0', '榛甯', '1', '0', '4523850', '\0');
INSERT INTO `wemall_area` VALUES ('4523942', '2013-07-30 15:39:03', '\0', '甯杈', '2', '0', '4523941', '\0');
INSERT INTO `wemall_area` VALUES ('4523943', '2013-07-30 15:39:03', '\0', '榛宸', '2', '0', '4523941', '\0');
INSERT INTO `wemall_area` VALUES ('4523944', '2013-07-30 15:39:03', '\0', '㈤', '2', '0', '4523941', '\0');
INSERT INTO `wemall_area` VALUES ('4523945', '2013-07-30 15:39:03', '\0', '绾㈠', '2', '0', '4523941', '\0');
INSERT INTO `wemall_area` VALUES ('4523946', '2013-07-30 15:39:03', '\0', '缃板', '2', '0', '4523941', '\0');
INSERT INTO `wemall_area` VALUES ('4523947', '2013-07-30 15:39:03', '\0', '卞北', '2', '0', '4523941', '\0');
INSERT INTO `wemall_area` VALUES ('4523948', '2013-07-30 15:39:03', '\0', '娴姘村', '2', '0', '4523941', '\0');
INSERT INTO `wemall_area` VALUES ('4523949', '2013-07-30 15:39:03', '\0', '叉ュ', '2', '0', '4523941', '\0');
INSERT INTO `wemall_area` VALUES ('4523950', '2013-07-30 15:39:03', '\0', '榛姊', '2', '0', '4523941', '\0');
INSERT INTO `wemall_area` VALUES ('4523951', '2013-07-30 15:39:03', '\0', '楹诲甯', '2', '0', '4523941', '\0');
INSERT INTO `wemall_area` VALUES ('4523952', '2013-07-30 15:39:04', '\0', '姝绌村', '2', '0', '4523941', '\0');
INSERT INTO `wemall_area` VALUES ('4523953', '2013-07-30 15:39:04', '\0', '稿甯', '1', '0', '4523850', '\0');
INSERT INTO `wemall_area` VALUES ('4523954', '2013-07-30 15:39:04', '\0', '甯杈', '2', '0', '4523953', '\0');
INSERT INTO `wemall_area` VALUES ('4523955', '2013-07-30 15:39:04', '\0', '稿', '2', '0', '4523953', '\0');
INSERT INTO `wemall_area` VALUES ('4523956', '2013-07-30 15:39:04', '\0', '楸煎', '2', '0', '4523953', '\0');
INSERT INTO `wemall_area` VALUES ('4523957', '2013-07-30 15:39:04', '\0', '', '2', '0', '4523953', '\0');
INSERT INTO `wemall_area` VALUES ('4523958', '2013-07-30 15:39:04', '\0', '宕冲', '2', '0', '4523953', '\0');
INSERT INTO `wemall_area` VALUES ('4523959', '2013-07-30 15:39:04', '\0', '灞卞', '2', '0', '4523953', '\0');
INSERT INTO `wemall_area` VALUES ('4523960', '2013-07-30 15:39:04', '\0', '璧ゅ甯', '2', '0', '4523953', '\0');
INSERT INTO `wemall_area` VALUES ('4523961', '2013-07-30 15:39:04', '\0', '宸甯', '1', '0', '4523850', '\0');
INSERT INTO `wemall_area` VALUES ('4523962', '2013-07-30 15:39:04', '\0', '甯杈', '2', '0', '4523961', '\0');
INSERT INTO `wemall_area` VALUES ('4523963', '2013-07-30 15:39:04', '\0', '鹃藉', '2', '0', '4523961', '\0');
INSERT INTO `wemall_area` VALUES ('4523964', '2013-07-30 15:39:04', '\0', '', '2', '0', '4523961', '\0');
INSERT INTO `wemall_area` VALUES ('4523965', '2013-07-30 15:39:04', '\0', '骞挎按甯', '2', '0', '4523961', '\0');
INSERT INTO `wemall_area` VALUES ('4523966', '2013-07-30 15:39:05', '\0', '╂藉瀹舵娌诲', '1', '0', '4523850', '\0');
INSERT INTO `wemall_area` VALUES ('4523967', '2013-07-30 15:39:05', '\0', '╂藉', '2', '0', '4523966', '\0');
INSERT INTO `wemall_area` VALUES ('4523968', '2013-07-30 15:39:05', '\0', '╁甯', '2', '0', '4523966', '\0');
INSERT INTO `wemall_area` VALUES ('4523969', '2013-07-30 15:39:05', '\0', '寤哄', '2', '0', '4523966', '\0');
INSERT INTO `wemall_area` VALUES ('4523970', '2013-07-30 15:39:05', '\0', '宸翠', '2', '0', '4523966', '\0');
INSERT INTO `wemall_area` VALUES ('4523971', '2013-07-30 15:39:05', '\0', '瀹ｆ╁', '2', '0', '4523966', '\0');
INSERT INTO `wemall_area` VALUES ('4523972', '2013-07-30 15:39:05', '\0', '镐赴', '2', '0', '4523966', '\0');
INSERT INTO `wemall_area` VALUES ('4523973', '2013-07-30 15:39:05', '\0', 'ュゅ', '2', '0', '4523966', '\0');
INSERT INTO `wemall_area` VALUES ('4523974', '2013-07-30 15:39:05', '\0', '楣ゅ嘲', '2', '0', '4523966', '\0');
INSERT INTO `wemall_area` VALUES ('4523975', '2013-07-30 15:39:05', '\0', '磋跨骇琛垮哄', '1', '0', '4523850', '\0');
INSERT INTO `wemall_area` VALUES ('4523976', '2013-07-30 15:39:05', '\0', '浠妗甯', '2', '0', '4523975', '\0');
INSERT INTO `wemall_area` VALUES ('4523977', '2013-07-30 15:39:05', '\0', '娼姹甯', '2', '0', '4523975', '\0');
INSERT INTO `wemall_area` VALUES ('4523978', '2013-07-30 15:39:05', '\0', '澶╅ㄥ', '2', '0', '4523975', '\0');
INSERT INTO `wemall_area` VALUES ('4523979', '2013-07-30 15:39:05', '\0', '绁舵', '2', '0', '4523975', '\0');
INSERT INTO `wemall_area` VALUES ('4523980', '2013-07-30 15:39:05', '\0', '婀', '0', '0', null, '\0');
INSERT INTO `wemall_area` VALUES ('4523981', '2013-07-30 15:39:06', '\0', '挎甯', '1', '0', '4523980', '\0');
INSERT INTO `wemall_area` VALUES ('4523982', '2013-07-30 15:39:06', '\0', '甯杈', '2', '0', '4523981', '\0');
INSERT INTO `wemall_area` VALUES ('4523983', '2013-07-30 15:39:06', '\0', '', '2', '0', '4523981', '\0');
INSERT INTO `wemall_area` VALUES ('4523984', '2013-07-30 15:39:06', '\0', '澶╁', '2', '0', '4523981', '\0');
INSERT INTO `wemall_area` VALUES ('4523985', '2013-07-30 15:39:06', '\0', '宀抽', '2', '0', '4523981', '\0');
INSERT INTO `wemall_area` VALUES ('4523986', '2013-07-30 15:39:06', '\0', '寮绂', '2', '0', '4523981', '\0');
INSERT INTO `wemall_area` VALUES ('4523987', '2013-07-30 15:39:06', '\0', 'ㄨ卞', '2', '0', '4523981', '\0');
INSERT INTO `wemall_area` VALUES ('4523988', '2013-07-30 15:39:06', '\0', '挎', '2', '0', '4523981', '\0');
INSERT INTO `wemall_area` VALUES ('4523989', '2013-07-30 15:39:06', '\0', '', '2', '0', '4523981', '\0');
INSERT INTO `wemall_area` VALUES ('4523990', '2013-07-30 15:39:06', '\0', '瀹涔″', '2', '0', '4523981', '\0');
INSERT INTO `wemall_area` VALUES ('4523991', '2013-07-30 15:39:06', '\0', '娴冲', '2', '0', '4523981', '\0');
INSERT INTO `wemall_area` VALUES ('4523992', '2013-07-30 15:39:06', '\0', '娲插', '1', '0', '4523980', '\0');
INSERT INTO `wemall_area` VALUES ('4523993', '2013-07-30 15:39:06', '\0', '甯杈', '2', '0', '4523992', '\0');
INSERT INTO `wemall_area` VALUES ('4523994', '2013-07-30 15:39:06', '\0', '峰', '2', '0', '4523992', '\0');
INSERT INTO `wemall_area` VALUES ('4523995', '2013-07-30 15:39:06', '\0', '娣', '2', '0', '4523992', '\0');
INSERT INTO `wemall_area` VALUES ('4523996', '2013-07-30 15:39:07', '\0', '冲嘲', '2', '0', '4523992', '\0');
INSERT INTO `wemall_area` VALUES ('4523997', '2013-07-30 15:39:07', '\0', '澶╁', '2', '0', '4523992', '\0');
INSERT INTO `wemall_area` VALUES ('4523998', '2013-07-30 15:39:07', '\0', '娲插', '2', '0', '4523992', '\0');
INSERT INTO `wemall_area` VALUES ('4523999', '2013-07-30 15:39:07', '\0', '稿', '2', '0', '4523992', '\0');
INSERT INTO `wemall_area` VALUES ('4524000', '2013-07-30 15:39:07', '\0', '堕靛', '2', '0', '4523992', '\0');
INSERT INTO `wemall_area` VALUES ('4524001', '2013-07-30 15:39:07', '\0', '靛', '2', '0', '4523992', '\0');
INSERT INTO `wemall_area` VALUES ('4524002', '2013-07-30 15:39:07', '\0', '撮靛', '2', '0', '4523992', '\0');
INSERT INTO `wemall_area` VALUES ('4524003', '2013-07-30 15:39:07', '\0', '婀娼甯', '1', '0', '4523980', '\0');
INSERT INTO `wemall_area` VALUES ('4524004', '2013-07-30 15:39:07', '\0', '甯杈', '2', '0', '4524003', '\0');
INSERT INTO `wemall_area` VALUES ('4524005', '2013-07-30 15:39:07', '\0', 'ㄦ', '2', '0', '4524003', '\0');
INSERT INTO `wemall_area` VALUES ('4524006', '2013-07-30 15:39:07', '\0', '宀冲', '2', '0', '4524003', '\0');
INSERT INTO `wemall_area` VALUES ('4524007', '2013-07-30 15:39:07', '\0', '婀娼', '2', '0', '4524003', '\0');
INSERT INTO `wemall_area` VALUES ('4524008', '2013-07-30 15:39:07', '\0', '婀涔″', '2', '0', '4524003', '\0');
INSERT INTO `wemall_area` VALUES ('4524009', '2013-07-30 15:39:07', '\0', '跺北甯', '2', '0', '4524003', '\0');
INSERT INTO `wemall_area` VALUES ('4524010', '2013-07-30 15:39:08', '\0', '琛￠冲', '1', '0', '4523980', '\0');
INSERT INTO `wemall_area` VALUES ('4524011', '2013-07-30 15:39:08', '\0', '甯杈', '2', '0', '4524010', '\0');
INSERT INTO `wemall_area` VALUES ('4524012', '2013-07-30 15:39:08', '\0', '', '2', '0', '4524010', '\0');
INSERT INTO `wemall_area` VALUES ('4524013', '2013-07-30 15:39:08', '\0', '宄板', '2', '0', '4524010', '\0');
INSERT INTO `wemall_area` VALUES ('4524014', '2013-07-30 15:39:08', '\0', '抽', '2', '0', '4524010', '\0');
INSERT INTO `wemall_area` VALUES ('4524015', '2013-07-30 15:39:08', '\0', '告', '2', '0', '4524010', '\0');
INSERT INTO `wemall_area` VALUES ('4524016', '2013-07-30 15:39:08', '\0', '宀冲', '2', '0', '4524010', '\0');
INSERT INTO `wemall_area` VALUES ('4524017', '2013-07-30 15:39:08', '\0', '琛￠冲', '2', '0', '4524010', '\0');
INSERT INTO `wemall_area` VALUES ('4524018', '2013-07-30 15:39:08', '\0', '琛″', '2', '0', '4524010', '\0');
INSERT INTO `wemall_area` VALUES ('4524019', '2013-07-30 15:39:08', '\0', '琛″北', '2', '0', '4524010', '\0');
INSERT INTO `wemall_area` VALUES ('4524020', '2013-07-30 15:39:08', '\0', '琛′', '2', '0', '4524010', '\0');
INSERT INTO `wemall_area` VALUES ('4524021', '2013-07-30 15:39:08', '\0', '绁涓', '2', '0', '4524010', '\0');
INSERT INTO `wemall_area` VALUES ('4524022', '2013-07-30 15:39:08', '\0', '冲', '2', '0', '4524010', '\0');
INSERT INTO `wemall_area` VALUES ('4524023', '2013-07-30 15:39:08', '\0', '甯稿甯', '2', '0', '4524010', '\0');
INSERT INTO `wemall_area` VALUES ('4524024', '2013-07-30 15:39:08', '\0', '甸冲', '1', '0', '4523980', '\0');
INSERT INTO `wemall_area` VALUES ('4524025', '2013-07-30 15:39:09', '\0', '甯杈', '2', '0', '4524024', '\0');
INSERT INTO `wemall_area` VALUES ('4524026', '2013-07-30 15:39:09', '\0', '娓', '2', '0', '4524024', '\0');
INSERT INTO `wemall_area` VALUES ('4524027', '2013-07-30 15:39:09', '\0', '澶хゥ', '2', '0', '4524024', '\0');
INSERT INTO `wemall_area` VALUES ('4524028', '2013-07-30 15:39:09', '\0', '濉', '2', '0', '4524024', '\0');
INSERT INTO `wemall_area` VALUES ('4524029', '2013-07-30 15:39:09', '\0', '典', '2', '0', '4524024', '\0');
INSERT INTO `wemall_area` VALUES ('4524030', '2013-07-30 15:39:09', '\0', '伴靛', '2', '0', '4524024', '\0');
INSERT INTO `wemall_area` VALUES ('4524031', '2013-07-30 15:39:09', '\0', '甸冲', '2', '0', '4524024', '\0');
INSERT INTO `wemall_area` VALUES ('4524032', '2013-07-30 15:39:09', '\0', '', '2', '0', '4524024', '\0');
INSERT INTO `wemall_area` VALUES ('4524033', '2013-07-30 15:39:09', '\0', '娲ｅ', '2', '0', '4524024', '\0');
INSERT INTO `wemall_area` VALUES ('4524034', '2013-07-30 15:39:09', '\0', '缁ュ', '2', '0', '4524024', '\0');
INSERT INTO `wemall_area` VALUES ('4524035', '2013-07-30 15:39:09', '\0', '板', '2', '0', '4524024', '\0');
INSERT INTO `wemall_area` VALUES ('4524036', '2013-07-30 15:39:09', '\0', '姝ヨ娌诲', '2', '0', '4524024', '\0');
INSERT INTO `wemall_area` VALUES ('4524037', '2013-07-30 15:39:09', '\0', '姝甯', '2', '0', '4524024', '\0');
INSERT INTO `wemall_area` VALUES ('4524038', '2013-07-30 15:39:09', '\0', '宀抽冲', '1', '0', '4523980', '\0');
INSERT INTO `wemall_area` VALUES ('4524039', '2013-07-30 15:39:10', '\0', '甯杈', '2', '0', '4524038', '\0');
INSERT INTO `wemall_area` VALUES ('4524040', '2013-07-30 15:39:10', '\0', '宀抽虫ゼ', '2', '0', '4524038', '\0');
INSERT INTO `wemall_area` VALUES ('4524041', '2013-07-30 15:39:10', '\0', '浜婧', '2', '0', '4524038', '\0');
INSERT INTO `wemall_area` VALUES ('4524042', '2013-07-30 15:39:10', '\0', '灞卞', '2', '0', '4524038', '\0');
INSERT INTO `wemall_area` VALUES ('4524043', '2013-07-30 15:39:10', '\0', '宀抽冲', '2', '0', '4524038', '\0');
INSERT INTO `wemall_area` VALUES ('4524044', '2013-07-30 15:39:10', '\0', '瀹瑰', '2', '0', '4524038', '\0');
INSERT INTO `wemall_area` VALUES ('4524045', '2013-07-30 15:39:10', '\0', '婀村', '2', '0', '4524038', '\0');
INSERT INTO `wemall_area` VALUES ('4524046', '2013-07-30 15:39:10', '\0', '骞虫', '2', '0', '4524038', '\0');
INSERT INTO `wemall_area` VALUES ('4524047', '2013-07-30 15:39:10', '\0', '姹ㄧ甯', '2', '0', '4524038', '\0');
INSERT INTO `wemall_area` VALUES ('4524048', '2013-07-30 15:39:10', '\0', '涓存甯', '2', '0', '4524038', '\0');
INSERT INTO `wemall_area` VALUES ('4524049', '2013-07-30 15:39:10', '\0', '甯稿痉甯', '1', '0', '4523980', '\0');
INSERT INTO `wemall_area` VALUES ('4524050', '2013-07-30 15:39:10', '\0', '甯杈', '2', '0', '4524049', '\0');
INSERT INTO `wemall_area` VALUES ('4524051', '2013-07-30 15:39:10', '\0', '姝靛', '2', '0', '4524049', '\0');
INSERT INTO `wemall_area` VALUES ('4524052', '2013-07-30 15:39:10', '\0', '榧', '2', '0', '4524049', '\0');
INSERT INTO `wemall_area` VALUES ('4524053', '2013-07-30 15:39:10', '\0', '瀹涔″', '2', '0', '4524049', '\0');
INSERT INTO `wemall_area` VALUES ('4524054', '2013-07-30 15:39:11', '\0', '姹瀵垮', '2', '0', '4524049', '\0');
INSERT INTO `wemall_area` VALUES ('4524055', '2013-07-30 15:39:11', '\0', '婢у', '2', '0', '4524049', '\0');
INSERT INTO `wemall_area` VALUES ('4524056', '2013-07-30 15:39:11', '\0', '涓存晶', '2', '0', '4524049', '\0');
INSERT INTO `wemall_area` VALUES ('4524057', '2013-07-30 15:39:11', '\0', '妗婧', '2', '0', '4524049', '\0');
INSERT INTO `wemall_area` VALUES ('4524058', '2013-07-30 15:39:11', '\0', '抽ㄥ', '2', '0', '4524049', '\0');
INSERT INTO `wemall_area` VALUES ('4524059', '2013-07-30 15:39:11', '\0', '娲ュ甯', '2', '0', '4524049', '\0');
INSERT INTO `wemall_area` VALUES ('4524060', '2013-07-30 15:39:11', '\0', '寮瀹剁甯', '1', '0', '4523980', '\0');
INSERT INTO `wemall_area` VALUES ('4524061', '2013-07-30 15:39:11', '\0', '甯杈', '2', '0', '4524060', '\0');
INSERT INTO `wemall_area` VALUES ('4524062', '2013-07-30 15:39:11', '\0', '姘稿', '2', '0', '4524060', '\0');
INSERT INTO `wemall_area` VALUES ('4524063', '2013-07-30 15:39:11', '\0', '姝垫', '2', '0', '4524060', '\0');
INSERT INTO `wemall_area` VALUES ('4524064', '2013-07-30 15:39:11', '\0', '╁', '2', '0', '4524060', '\0');
INSERT INTO `wemall_area` VALUES ('4524065', '2013-07-30 15:39:11', '\0', '妗妞', '2', '0', '4524060', '\0');
INSERT INTO `wemall_area` VALUES ('4524066', '2013-07-30 15:39:11', '\0', '冲', '1', '0', '4523980', '\0');
INSERT INTO `wemall_area` VALUES ('4524067', '2013-07-30 15:39:11', '\0', '甯杈', '2', '0', '4524066', '\0');
INSERT INTO `wemall_area` VALUES ('4524068', '2013-07-30 15:39:11', '\0', '璧冲', '2', '0', '4524066', '\0');
INSERT INTO `wemall_area` VALUES ('4524069', '2013-07-30 15:39:12', '\0', '璧灞卞', '2', '0', '4524066', '\0');
INSERT INTO `wemall_area` VALUES ('4524070', '2013-07-30 15:39:12', '\0', '', '2', '0', '4524066', '\0');
INSERT INTO `wemall_area` VALUES ('4524071', '2013-07-30 15:39:12', '\0', '妗姹', '2', '0', '4524066', '\0');
INSERT INTO `wemall_area` VALUES ('4524072', '2013-07-30 15:39:12', '\0', '瀹', '2', '0', '4524066', '\0');
INSERT INTO `wemall_area` VALUES ('4524073', '2013-07-30 15:39:12', '\0', '娌姹甯', '2', '0', '4524066', '\0');
INSERT INTO `wemall_area` VALUES ('4524074', '2013-07-30 15:39:12', '\0', '村甯', '1', '0', '4523980', '\0');
INSERT INTO `wemall_area` VALUES ('4524075', '2013-07-30 15:39:12', '\0', '甯杈', '2', '0', '4524074', '\0');
INSERT INTO `wemall_area` VALUES ('4524076', '2013-07-30 15:39:12', '\0', '婀', '2', '0', '4524074', '\0');
INSERT INTO `wemall_area` VALUES ('4524077', '2013-07-30 15:39:12', '\0', '浠', '2', '0', '4524074', '\0');
INSERT INTO `wemall_area` VALUES ('4524078', '2013-07-30 15:39:12', '\0', '妗冲', '2', '0', '4524074', '\0');
INSERT INTO `wemall_area` VALUES ('4524079', '2013-07-30 15:39:12', '\0', '瀹绔', '2', '0', '4524074', '\0');
INSERT INTO `wemall_area` VALUES ('4524080', '2013-07-30 15:39:12', '\0', '姘稿村', '2', '0', '4524074', '\0');
INSERT INTO `wemall_area` VALUES ('4524081', '2013-07-30 15:39:12', '\0', '绂惧', '2', '0', '4524074', '\0');
INSERT INTO `wemall_area` VALUES ('4524082', '2013-07-30 15:39:12', '\0', '涓存', '2', '0', '4524074', '\0');
INSERT INTO `wemall_area` VALUES ('4524083', '2013-07-30 15:39:13', '\0', '姹', '2', '0', '4524074', '\0');
INSERT INTO `wemall_area` VALUES ('4524084', '2013-07-30 15:39:13', '\0', '妗涓', '2', '0', '4524074', '\0');
INSERT INTO `wemall_area` VALUES ('4524085', '2013-07-30 15:39:13', '\0', '瀹浠', '2', '0', '4524074', '\0');
INSERT INTO `wemall_area` VALUES ('4524086', '2013-07-30 15:39:13', '\0', '璧村', '2', '0', '4524074', '\0');
INSERT INTO `wemall_area` VALUES ('4524087', '2013-07-30 15:39:13', '\0', '姘稿甯', '1', '0', '4523980', '\0');
INSERT INTO `wemall_area` VALUES ('4524088', '2013-07-30 15:39:13', '\0', '甯杈', '2', '0', '4524087', '\0');
INSERT INTO `wemall_area` VALUES ('4524089', '2013-07-30 15:39:13', '\0', '堕靛', '2', '0', '4524087', '\0');
INSERT INTO `wemall_area` VALUES ('4524090', '2013-07-30 15:39:13', '\0', '锋按婊╁', '2', '0', '4524087', '\0');
INSERT INTO `wemall_area` VALUES ('4524091', '2013-07-30 15:39:13', '\0', '绁冲', '2', '0', '4524087', '\0');
INSERT INTO `wemall_area` VALUES ('4524092', '2013-07-30 15:39:13', '\0', '涓瀹', '2', '0', '4524087', '\0');
INSERT INTO `wemall_area` VALUES ('4524093', '2013-07-30 15:39:13', '\0', '', '2', '0', '4524087', '\0');
INSERT INTO `wemall_area` VALUES ('4524094', '2013-07-30 15:39:13', '\0', '', '2', '0', '4524087', '\0');
INSERT INTO `wemall_area` VALUES ('4524095', '2013-07-30 15:39:13', '\0', '姹姘稿', '2', '0', '4524087', '\0');
INSERT INTO `wemall_area` VALUES ('4524096', '2013-07-30 15:39:14', '\0', '瀹杩', '2', '0', '4524087', '\0');
INSERT INTO `wemall_area` VALUES ('4524097', '2013-07-30 15:39:14', '\0', '灞卞', '2', '0', '4524087', '\0');
INSERT INTO `wemall_area` VALUES ('4524098', '2013-07-30 15:39:14', '\0', '扮板', '2', '0', '4524087', '\0');
INSERT INTO `wemall_area` VALUES ('4524099', '2013-07-30 15:39:14', '\0', '姹舵娌诲', '2', '0', '4524087', '\0');
INSERT INTO `wemall_area` VALUES ('4524100', '2013-07-30 15:39:14', '\0', '甯', '1', '0', '4523980', '\0');
INSERT INTO `wemall_area` VALUES ('4524101', '2013-07-30 15:39:14', '\0', '甯杈', '2', '0', '4524100', '\0');
INSERT INTO `wemall_area` VALUES ('4524102', '2013-07-30 15:39:14', '\0', '楣ゅ', '2', '0', '4524100', '\0');
INSERT INTO `wemall_area` VALUES ('4524103', '2013-07-30 15:39:14', '\0', '涓瑰', '2', '0', '4524100', '\0');
INSERT INTO `wemall_area` VALUES ('4524104', '2013-07-30 15:39:14', '\0', '娌靛', '2', '0', '4524100', '\0');
INSERT INTO `wemall_area` VALUES ('4524105', '2013-07-30 15:39:14', '\0', '杈版邯', '2', '0', '4524100', '\0');
INSERT INTO `wemall_area` VALUES ('4524106', '2013-07-30 15:39:14', '\0', '婧娴', '2', '0', '4524100', '\0');
INSERT INTO `wemall_area` VALUES ('4524107', '2013-07-30 15:39:14', '\0', '浼', '2', '0', '4524100', '\0');
INSERT INTO `wemall_area` VALUES ('4524108', '2013-07-30 15:39:14', '\0', '楹婚宠娌诲', '2', '0', '4524100', '\0');
INSERT INTO `wemall_area` VALUES ('4524109', '2013-07-30 15:39:14', '\0', '版渚娌诲', '2', '0', '4524100', '\0');
INSERT INTO `wemall_area` VALUES ('4524110', '2013-07-30 15:39:14', '\0', '锋渚娌诲', '2', '0', '4524100', '\0');
INSERT INTO `wemall_area` VALUES ('4524111', '2013-07-30 15:39:15', '\0', '宸渚娌诲', '2', '0', '4524100', '\0');
INSERT INTO `wemall_area` VALUES ('4524112', '2013-07-30 15:39:15', '\0', '渚娌诲', '2', '0', '4524100', '\0');
INSERT INTO `wemall_area` VALUES ('4524113', '2013-07-30 15:39:15', '\0', '娲姹甯', '2', '0', '4524100', '\0');
INSERT INTO `wemall_area` VALUES ('4524114', '2013-07-30 15:39:15', '\0', '濞搴甯', '1', '0', '4523980', '\0');
INSERT INTO `wemall_area` VALUES ('4524115', '2013-07-30 15:39:15', '\0', '甯杈', '2', '0', '4524114', '\0');
INSERT INTO `wemall_area` VALUES ('4524116', '2013-07-30 15:39:15', '\0', '濞', '2', '0', '4524114', '\0');
INSERT INTO `wemall_area` VALUES ('4524117', '2013-07-30 15:39:15', '\0', '宄板', '2', '0', '4524114', '\0');
INSERT INTO `wemall_area` VALUES ('4524118', '2013-07-30 15:39:15', '\0', '板', '2', '0', '4524114', '\0');
INSERT INTO `wemall_area` VALUES ('4524119', '2013-07-30 15:39:15', '\0', '锋按姹甯', '2', '0', '4524114', '\0');
INSERT INTO `wemall_area` VALUES ('4524120', '2013-07-30 15:39:15', '\0', '娑婧甯', '2', '0', '4524114', '\0');
INSERT INTO `wemall_area` VALUES ('4524121', '2013-07-30 15:39:15', '\0', '婀瑗垮瀹舵娌诲', '1', '0', '4523980', '\0');
INSERT INTO `wemall_area` VALUES ('4524122', '2013-07-30 15:39:15', '\0', '棣甯', '2', '0', '4524121', '\0');
INSERT INTO `wemall_area` VALUES ('4524123', '2013-07-30 15:39:15', '\0', '娉告邯', '2', '0', '4524121', '\0');
INSERT INTO `wemall_area` VALUES ('4524124', '2013-07-30 15:39:16', '\0', 'ゅ板', '2', '0', '4524121', '\0');
INSERT INTO `wemall_area` VALUES ('4524125', '2013-07-30 15:39:16', '\0', '卞ｅ', '2', '0', '4524121', '\0');
INSERT INTO `wemall_area` VALUES ('4524126', '2013-07-30 15:39:16', '\0', '淇', '2', '0', '4524121', '\0');
INSERT INTO `wemall_area` VALUES ('4524127', '2013-07-30 15:39:16', '\0', 'や', '2', '0', '4524121', '\0');
INSERT INTO `wemall_area` VALUES ('4524128', '2013-07-30 15:39:16', '\0', '姘搁『', '2', '0', '4524121', '\0');
INSERT INTO `wemall_area` VALUES ('4524129', '2013-07-30 15:39:16', '\0', '榫灞卞', '2', '0', '4524121', '\0');
INSERT INTO `wemall_area` VALUES ('4524130', '2013-07-30 15:39:16', '\0', '骞夸', '0', '0', null, '\0');
INSERT INTO `wemall_area` VALUES ('4524131', '2013-07-30 15:39:16', '\0', '骞垮甯', '1', '0', '4524130', '\0');
INSERT INTO `wemall_area` VALUES ('4524132', '2013-07-30 15:39:16', '\0', '甯杈', '2', '0', '4524131', '\0');
INSERT INTO `wemall_area` VALUES ('4524133', '2013-07-30 15:39:16', '\0', '婀惧', '2', '0', '4524131', '\0');
INSERT INTO `wemall_area` VALUES ('4524134', '2013-07-30 15:39:16', '\0', '瓒绉', '2', '0', '4524131', '\0');
INSERT INTO `wemall_area` VALUES ('4524135', '2013-07-30 15:39:16', '\0', '娴风', '2', '0', '4524131', '\0');
INSERT INTO `wemall_area` VALUES ('4524136', '2013-07-30 15:39:16', '\0', '澶╂渤', '2', '0', '4524131', '\0');
INSERT INTO `wemall_area` VALUES ('4524137', '2013-07-30 15:39:17', '\0', '戒', '2', '0', '4524131', '\0');
INSERT INTO `wemall_area` VALUES ('4524138', '2013-07-30 15:39:17', '\0', '榛', '2', '0', '4524131', '\0');
INSERT INTO `wemall_area` VALUES ('4524139', '2013-07-30 15:39:17', '\0', '绂哄', '2', '0', '4524131', '\0');
INSERT INTO `wemall_area` VALUES ('4524140', '2013-07-30 15:39:17', '\0', '遍藉', '2', '0', '4524131', '\0');
INSERT INTO `wemall_area` VALUES ('4524141', '2013-07-30 15:39:17', '\0', '娌', '2', '0', '4524131', '\0');
INSERT INTO `wemall_area` VALUES ('4524142', '2013-07-30 15:39:17', '\0', '宀', '2', '0', '4524131', '\0');
INSERT INTO `wemall_area` VALUES ('4524143', '2013-07-30 15:39:17', '\0', '澧甯', '2', '0', '4524131', '\0');
INSERT INTO `wemall_area` VALUES ('4524144', '2013-07-30 15:39:17', '\0', '浠甯', '2', '0', '4524131', '\0');
INSERT INTO `wemall_area` VALUES ('4524145', '2013-07-30 15:39:17', '\0', '跺冲', '1', '0', '4524130', '\0');
INSERT INTO `wemall_area` VALUES ('4524146', '2013-07-30 15:39:17', '\0', '甯杈', '2', '0', '4524145', '\0');
INSERT INTO `wemall_area` VALUES ('4524147', '2013-07-30 15:39:17', '\0', '姝姹', '2', '0', '4524145', '\0');
INSERT INTO `wemall_area` VALUES ('4524148', '2013-07-30 15:39:17', '\0', '娴姹', '2', '0', '4524145', '\0');
INSERT INTO `wemall_area` VALUES ('4524149', '2013-07-30 15:39:17', '\0', '叉', '2', '0', '4524145', '\0');
INSERT INTO `wemall_area` VALUES ('4524150', '2013-07-30 15:39:17', '\0', '濮村', '2', '0', '4524145', '\0');
INSERT INTO `wemall_area` VALUES ('4524151', '2013-07-30 15:39:18', '\0', '浠', '2', '0', '4524145', '\0');
INSERT INTO `wemall_area` VALUES ('4524152', '2013-07-30 15:39:18', '\0', '缈婧', '2', '0', '4524145', '\0');
INSERT INTO `wemall_area` VALUES ('4524153', '2013-07-30 15:39:18', '\0', '涔虫舵娌诲', '2', '0', '4524145', '\0');
INSERT INTO `wemall_area` VALUES ('4524154', '2013-07-30 15:39:18', '\0', '颁赴', '2', '0', '4524145', '\0');
INSERT INTO `wemall_area` VALUES ('4524155', '2013-07-30 15:39:18', '\0', '涔甯', '2', '0', '4524145', '\0');
INSERT INTO `wemall_area` VALUES ('4524156', '2013-07-30 15:39:18', '\0', '甯', '2', '0', '4524145', '\0');
INSERT INTO `wemall_area` VALUES ('4524157', '2013-07-30 15:39:18', '\0', '娣卞冲', '1', '0', '4524130', '\0');
INSERT INTO `wemall_area` VALUES ('4524158', '2013-07-30 15:39:18', '\0', '甯杈', '2', '0', '4524157', '\0');
INSERT INTO `wemall_area` VALUES ('4524159', '2013-07-30 15:39:18', '\0', '缃婀', '2', '0', '4524157', '\0');
INSERT INTO `wemall_area` VALUES ('4524160', '2013-07-30 15:39:18', '\0', '绂板', '2', '0', '4524157', '\0');
INSERT INTO `wemall_area` VALUES ('4524161', '2013-07-30 15:39:18', '\0', '灞卞', '2', '0', '4524157', '\0');
INSERT INTO `wemall_area` VALUES ('4524162', '2013-07-30 15:39:18', '\0', '瀹瀹', '2', '0', '4524157', '\0');
INSERT INTO `wemall_area` VALUES ('4524163', '2013-07-30 15:39:18', '\0', '榫宀', '2', '0', '4524157', '\0');
INSERT INTO `wemall_area` VALUES ('4524164', '2013-07-30 15:39:19', '\0', '板', '2', '0', '4524157', '\0');
INSERT INTO `wemall_area` VALUES ('4524165', '2013-07-30 15:39:19', '\0', '娴峰', '1', '0', '4524130', '\0');
INSERT INTO `wemall_area` VALUES ('4524166', '2013-07-30 15:39:19', '\0', '甯杈', '2', '0', '4524165', '\0');
INSERT INTO `wemall_area` VALUES ('4524167', '2013-07-30 15:39:19', '\0', '棣娲插', '2', '0', '4524165', '\0');
INSERT INTO `wemall_area` VALUES ('4524168', '2013-07-30 15:39:19', '\0', 'ㄥ', '2', '0', '4524165', '\0');
INSERT INTO `wemall_area` VALUES ('4524169', '2013-07-30 15:39:19', '\0', '婀惧', '2', '0', '4524165', '\0');
INSERT INTO `wemall_area` VALUES ('4524170', '2013-07-30 15:39:19', '\0', '姹澶村', '1', '0', '4524130', '\0');
INSERT INTO `wemall_area` VALUES ('4524171', '2013-07-30 15:39:19', '\0', '甯杈', '2', '0', '4524170', '\0');
INSERT INTO `wemall_area` VALUES ('4524172', '2013-07-30 15:39:19', '\0', '榫婀', '2', '0', '4524170', '\0');
INSERT INTO `wemall_area` VALUES ('4524173', '2013-07-30 15:39:19', '\0', '骞冲', '2', '0', '4524170', '\0');
INSERT INTO `wemall_area` VALUES ('4524174', '2013-07-30 15:39:19', '\0', '婵姹', '2', '0', '4524170', '\0');
INSERT INTO `wemall_area` VALUES ('4524175', '2013-07-30 15:39:20', '\0', '娼冲', '2', '0', '4524170', '\0');
INSERT INTO `wemall_area` VALUES ('4524176', '2013-07-30 15:39:20', '\0', '娼', '2', '0', '4524170', '\0');
INSERT INTO `wemall_area` VALUES ('4524177', '2013-07-30 15:39:20', '\0', '婢娴峰', '2', '0', '4524170', '\0');
INSERT INTO `wemall_area` VALUES ('4524178', '2013-07-30 15:39:20', '\0', '婢冲', '2', '0', '4524170', '\0');
INSERT INTO `wemall_area` VALUES ('4524179', '2013-07-30 15:39:20', '\0', '浣灞卞', '1', '0', '4524130', '\0');
INSERT INTO `wemall_area` VALUES ('4524180', '2013-07-30 15:39:20', '\0', '甯杈', '2', '0', '4524179', '\0');
INSERT INTO `wemall_area` VALUES ('4524181', '2013-07-30 15:39:20', '\0', '绂', '2', '0', '4524179', '\0');
INSERT INTO `wemall_area` VALUES ('4524182', '2013-07-30 15:39:20', '\0', '娴峰', '2', '0', '4524179', '\0');
INSERT INTO `wemall_area` VALUES ('4524183', '2013-07-30 15:39:20', '\0', '椤哄痉', '2', '0', '4524179', '\0');
INSERT INTO `wemall_area` VALUES ('4524184', '2013-07-30 15:39:20', '\0', '涓姘村', '2', '0', '4524179', '\0');
INSERT INTO `wemall_area` VALUES ('4524185', '2013-07-30 15:39:20', '\0', '楂', '2', '0', '4524179', '\0');
INSERT INTO `wemall_area` VALUES ('4524186', '2013-07-30 15:39:20', '\0', '姹ㄥ', '1', '0', '4524130', '\0');
INSERT INTO `wemall_area` VALUES ('4524187', '2013-07-30 15:39:20', '\0', '甯杈', '2', '0', '4524186', '\0');
INSERT INTO `wemall_area` VALUES ('4524188', '2013-07-30 15:39:21', '\0', '姹', '2', '0', '4524186', '\0');
INSERT INTO `wemall_area` VALUES ('4524189', '2013-07-30 15:39:21', '\0', '姹娴峰', '2', '0', '4524186', '\0');
INSERT INTO `wemall_area` VALUES ('4524190', '2013-07-30 15:39:21', '\0', '颁', '2', '0', '4524186', '\0');
INSERT INTO `wemall_area` VALUES ('4524191', '2013-07-30 15:39:21', '\0', '板北甯', '2', '0', '4524186', '\0');
INSERT INTO `wemall_area` VALUES ('4524192', '2013-07-30 15:39:21', '\0', '寮骞冲', '2', '0', '4524186', '\0');
INSERT INTO `wemall_area` VALUES ('4524193', '2013-07-30 15:39:21', '\0', '楣ゅ北甯', '2', '0', '4524186', '\0');
INSERT INTO `wemall_area` VALUES ('4524194', '2013-07-30 15:39:21', '\0', '╁钩甯', '2', '0', '4524186', '\0');
INSERT INTO `wemall_area` VALUES ('4524195', '2013-07-30 15:39:21', '\0', '婀姹甯', '1', '0', '4524130', '\0');
INSERT INTO `wemall_area` VALUES ('4524196', '2013-07-30 15:39:21', '\0', '甯杈', '2', '0', '4524195', '\0');
INSERT INTO `wemall_area` VALUES ('4524197', '2013-07-30 15:39:21', '\0', '璧ゅ', '2', '0', '4524195', '\0');
INSERT INTO `wemall_area` VALUES ('4524198', '2013-07-30 15:39:21', '\0', '灞卞', '2', '0', '4524195', '\0');
INSERT INTO `wemall_area` VALUES ('4524199', '2013-07-30 15:39:21', '\0', '″ご', '2', '0', '4524195', '\0');
INSERT INTO `wemall_area` VALUES ('4524200', '2013-07-30 15:39:21', '\0', '楹荤', '2', '0', '4524195', '\0');
INSERT INTO `wemall_area` VALUES ('4524201', '2013-07-30 15:39:21', '\0', '婧', '2', '0', '4524195', '\0');
INSERT INTO `wemall_area` VALUES ('4524202', '2013-07-30 15:39:22', '\0', '寰诲', '2', '0', '4524195', '\0');
INSERT INTO `wemall_area` VALUES ('4524203', '2013-07-30 15:39:22', '\0', '寤姹甯', '2', '0', '4524195', '\0');
INSERT INTO `wemall_area` VALUES ('4524204', '2013-07-30 15:39:22', '\0', '峰甯', '2', '0', '4524195', '\0');
INSERT INTO `wemall_area` VALUES ('4524205', '2013-07-30 15:39:22', '\0', '村甯', '2', '0', '4524195', '\0');
INSERT INTO `wemall_area` VALUES ('4524206', '2013-07-30 15:39:22', '\0', '甯', '1', '0', '4524130', '\0');
INSERT INTO `wemall_area` VALUES ('4524207', '2013-07-30 15:39:22', '\0', '甯杈', '2', '0', '4524206', '\0');
INSERT INTO `wemall_area` VALUES ('4524208', '2013-07-30 15:39:22', '\0', '', '2', '0', '4524206', '\0');
INSERT INTO `wemall_area` VALUES ('4524209', '2013-07-30 15:39:22', '\0', '娓', '2', '0', '4524206', '\0');
INSERT INTO `wemall_area` VALUES ('4524210', '2013-07-30 15:39:22', '\0', '电藉', '2', '0', '4524206', '\0');
INSERT INTO `wemall_area` VALUES ('4524211', '2013-07-30 15:39:22', '\0', '楂宸甯', '2', '0', '4524206', '\0');
INSERT INTO `wemall_area` VALUES ('4524212', '2013-07-30 15:39:22', '\0', '宸甯', '2', '0', '4524206', '\0');
INSERT INTO `wemall_area` VALUES ('4524213', '2013-07-30 15:39:22', '\0', '淇″甯', '2', '0', '4524206', '\0');
INSERT INTO `wemall_area` VALUES ('4524214', '2013-07-30 15:39:22', '\0', '搴甯', '1', '0', '4524130', '\0');
INSERT INTO `wemall_area` VALUES ('4524215', '2013-07-30 15:39:22', '\0', '甯杈', '2', '0', '4524214', '\0');
INSERT INTO `wemall_area` VALUES ('4524216', '2013-07-30 15:39:22', '\0', '绔宸', '2', '0', '4524214', '\0');
INSERT INTO `wemall_area` VALUES ('4524217', '2013-07-30 15:39:23', '\0', '榧婀', '2', '0', '4524214', '\0');
INSERT INTO `wemall_area` VALUES ('4524218', '2013-07-30 15:39:23', '\0', '骞垮', '2', '0', '4524214', '\0');
INSERT INTO `wemall_area` VALUES ('4524219', '2013-07-30 15:39:23', '\0', '', '2', '0', '4524214', '\0');
INSERT INTO `wemall_area` VALUES ('4524220', '2013-07-30 15:39:23', '\0', '灏寮', '2', '0', '4524214', '\0');
INSERT INTO `wemall_area` VALUES ('4524221', '2013-07-30 15:39:23', '\0', '寰峰', '2', '0', '4524214', '\0');
INSERT INTO `wemall_area` VALUES ('4524222', '2013-07-30 15:39:23', '\0', '楂瑕甯', '2', '0', '4524214', '\0');
INSERT INTO `wemall_area` VALUES ('4524223', '2013-07-30 15:39:23', '\0', '浼甯', '2', '0', '4524214', '\0');
INSERT INTO `wemall_area` VALUES ('4524224', '2013-07-30 15:39:23', '\0', '宸甯', '1', '0', '4524130', '\0');
INSERT INTO `wemall_area` VALUES ('4524225', '2013-07-30 15:39:23', '\0', '甯杈', '2', '0', '4524224', '\0');
INSERT INTO `wemall_area` VALUES ('4524226', '2013-07-30 15:39:23', '\0', '', '2', '0', '4524224', '\0');
INSERT INTO `wemall_area` VALUES ('4524227', '2013-07-30 15:39:23', '\0', '冲', '2', '0', '4524224', '\0');
INSERT INTO `wemall_area` VALUES ('4524228', '2013-07-30 15:39:23', '\0', '缃', '2', '0', '4524224', '\0');
INSERT INTO `wemall_area` VALUES ('4524229', '2013-07-30 15:39:24', '\0', '涓', '2', '0', '4524224', '\0');
INSERT INTO `wemall_area` VALUES ('4524230', '2013-07-30 15:39:24', '\0', '榫ㄥ', '2', '0', '4524224', '\0');
INSERT INTO `wemall_area` VALUES ('4524231', '2013-07-30 15:39:24', '\0', '姊宸甯', '1', '0', '4524130', '\0');
INSERT INTO `wemall_area` VALUES ('4524232', '2013-07-30 15:39:24', '\0', '甯杈', '2', '0', '4524231', '\0');
INSERT INTO `wemall_area` VALUES ('4524233', '2013-07-30 15:39:24', '\0', '姊姹', '2', '0', '4524231', '\0');
INSERT INTO `wemall_area` VALUES ('4524234', '2013-07-30 15:39:24', '\0', '姊', '2', '0', '4524231', '\0');
INSERT INTO `wemall_area` VALUES ('4524235', '2013-07-30 15:39:24', '\0', '澶у', '2', '0', '4524231', '\0');
INSERT INTO `wemall_area` VALUES ('4524236', '2013-07-30 15:39:24', '\0', '涓伴『', '2', '0', '4524231', '\0');
INSERT INTO `wemall_area` VALUES ('4524237', '2013-07-30 15:39:24', '\0', '浜', '2', '0', '4524231', '\0');
INSERT INTO `wemall_area` VALUES ('4524238', '2013-07-30 15:39:24', '\0', '骞宠', '2', '0', '4524231', '\0');
INSERT INTO `wemall_area` VALUES ('4524239', '2013-07-30 15:39:24', '\0', '宀', '2', '0', '4524231', '\0');
INSERT INTO `wemall_area` VALUES ('4524240', '2013-07-30 15:39:24', '\0', '村甯', '2', '0', '4524231', '\0');
INSERT INTO `wemall_area` VALUES ('4524241', '2013-07-30 15:39:24', '\0', '姹灏惧', '1', '0', '4524130', '\0');
INSERT INTO `wemall_area` VALUES ('4524242', '2013-07-30 15:39:24', '\0', '甯杈', '2', '0', '4524241', '\0');
INSERT INTO `wemall_area` VALUES ('4524243', '2013-07-30 15:39:25', '\0', '', '2', '0', '4524241', '\0');
INSERT INTO `wemall_area` VALUES ('4524244', '2013-07-30 15:39:25', '\0', '娴蜂赴', '2', '0', '4524241', '\0');
INSERT INTO `wemall_area` VALUES ('4524245', '2013-07-30 15:39:25', '\0', '娌冲', '2', '0', '4524241', '\0');
INSERT INTO `wemall_area` VALUES ('4524246', '2013-07-30 15:39:25', '\0', '涓板', '2', '0', '4524241', '\0');
INSERT INTO `wemall_area` VALUES ('4524247', '2013-07-30 15:39:25', '\0', '娌虫甯', '1', '0', '4524130', '\0');
INSERT INTO `wemall_area` VALUES ('4524248', '2013-07-30 15:39:25', '\0', '甯杈', '2', '0', '4524247', '\0');
INSERT INTO `wemall_area` VALUES ('4524249', '2013-07-30 15:39:25', '\0', '婧', '2', '0', '4524247', '\0');
INSERT INTO `wemall_area` VALUES ('4524250', '2013-07-30 15:39:25', '\0', '绱', '2', '0', '4524247', '\0');
INSERT INTO `wemall_area` VALUES ('4524251', '2013-07-30 15:39:25', '\0', '榫宸', '2', '0', '4524247', '\0');
INSERT INTO `wemall_area` VALUES ('4524252', '2013-07-30 15:39:25', '\0', '杩骞冲', '2', '0', '4524247', '\0');
INSERT INTO `wemall_area` VALUES ('4524253', '2013-07-30 15:39:25', '\0', '骞冲', '2', '0', '4524247', '\0');
INSERT INTO `wemall_area` VALUES ('4524254', '2013-07-30 15:39:25', '\0', '涓婧', '2', '0', '4524247', '\0');
INSERT INTO `wemall_area` VALUES ('4524255', '2013-07-30 15:39:26', '\0', '虫甯', '1', '0', '4524130', '\0');
INSERT INTO `wemall_area` VALUES ('4524256', '2013-07-30 15:39:26', '\0', '甯杈', '2', '0', '4524255', '\0');
INSERT INTO `wemall_area` VALUES ('4524257', '2013-07-30 15:39:26', '\0', '姹', '2', '0', '4524255', '\0');
INSERT INTO `wemall_area` VALUES ('4524258', '2013-07-30 15:39:26', '\0', '宠タ', '2', '0', '4524255', '\0');
INSERT INTO `wemall_area` VALUES ('4524259', '2013-07-30 15:39:26', '\0', '充', '2', '0', '4524255', '\0');
INSERT INTO `wemall_area` VALUES ('4524260', '2013-07-30 15:39:26', '\0', '虫ュ', '2', '0', '4524255', '\0');
INSERT INTO `wemall_area` VALUES ('4524261', '2013-07-30 15:39:26', '\0', '娓杩甯', '1', '0', '4524130', '\0');
INSERT INTO `wemall_area` VALUES ('4524262', '2013-07-30 15:39:26', '\0', '甯杈', '2', '0', '4524261', '\0');
INSERT INTO `wemall_area` VALUES ('4524263', '2013-07-30 15:39:26', '\0', '娓', '2', '0', '4524261', '\0');
INSERT INTO `wemall_area` VALUES ('4524264', '2013-07-30 15:39:26', '\0', '浣', '2', '0', '4524261', '\0');
INSERT INTO `wemall_area` VALUES ('4524265', '2013-07-30 15:39:26', '\0', '冲北', '2', '0', '4524261', '\0');
INSERT INTO `wemall_area` VALUES ('4524266', '2013-07-30 15:39:26', '\0', '杩灞卞．舵娌诲', '2', '0', '4524261', '\0');
INSERT INTO `wemall_area` VALUES ('4524267', '2013-07-30 15:39:27', '\0', '杩舵娌诲', '2', '0', '4524261', '\0');
INSERT INTO `wemall_area` VALUES ('4524268', '2013-07-30 15:39:27', '\0', '娓板', '2', '0', '4524261', '\0');
INSERT INTO `wemall_area` VALUES ('4524269', '2013-07-30 15:39:27', '\0', '卞痉甯', '2', '0', '4524261', '\0');
INSERT INTO `wemall_area` VALUES ('4524270', '2013-07-30 15:39:27', '\0', '杩宸甯', '2', '0', '4524261', '\0');
INSERT INTO `wemall_area` VALUES ('4524271', '2013-07-30 15:39:27', '\0', '涓甯', '1', '0', '4524130', '\0');
INSERT INTO `wemall_area` VALUES ('4524272', '2013-07-30 15:39:27', '\0', '涓灞卞', '1', '0', '4524130', '\0');
INSERT INTO `wemall_area` VALUES ('4524273', '2013-07-30 15:39:27', '\0', '娼宸甯', '1', '0', '4524130', '\0');
INSERT INTO `wemall_area` VALUES ('4524274', '2013-07-30 15:39:27', '\0', '甯杈', '2', '0', '4524273', '\0');
INSERT INTO `wemall_area` VALUES ('4524275', '2013-07-30 15:39:27', '\0', '婀妗ュ', '2', '0', '4524273', '\0');
INSERT INTO `wemall_area` VALUES ('4524276', '2013-07-30 15:39:27', '\0', '娼瀹', '2', '0', '4524273', '\0');
INSERT INTO `wemall_area` VALUES ('4524277', '2013-07-30 15:39:27', '\0', '楗跺钩', '2', '0', '4524273', '\0');
INSERT INTO `wemall_area` VALUES ('4524278', '2013-07-30 15:39:27', '\0', '冲', '1', '0', '4524130', '\0');
INSERT INTO `wemall_area` VALUES ('4524279', '2013-07-30 15:39:28', '\0', '甯杈', '2', '0', '4524278', '\0');
INSERT INTO `wemall_area` VALUES ('4524280', '2013-07-30 15:39:28', '\0', '姒', '2', '0', '4524278', '\0');
INSERT INTO `wemall_area` VALUES ('4524281', '2013-07-30 15:39:28', '\0', '涓', '2', '0', '4524278', '\0');
INSERT INTO `wemall_area` VALUES ('4524282', '2013-07-30 15:39:28', '\0', '瑗垮', '2', '0', '4524278', '\0');
INSERT INTO `wemall_area` VALUES ('4524283', '2013-07-30 15:39:28', '\0', 'ュ', '2', '0', '4524278', '\0');
INSERT INTO `wemall_area` VALUES ('4524284', '2013-07-30 15:39:28', '\0', '瀹甯', '2', '0', '4524278', '\0');
INSERT INTO `wemall_area` VALUES ('4524285', '2013-07-30 15:39:28', '\0', '浜娴甯', '1', '0', '4524130', '\0');
INSERT INTO `wemall_area` VALUES ('4524286', '2013-07-30 15:39:28', '\0', '甯杈', '2', '0', '4524285', '\0');
INSERT INTO `wemall_area` VALUES ('4524287', '2013-07-30 15:39:28', '\0', '浜', '2', '0', '4524285', '\0');
INSERT INTO `wemall_area` VALUES ('4524288', '2013-07-30 15:39:28', '\0', '板村', '2', '0', '4524285', '\0');
INSERT INTO `wemall_area` VALUES ('4524289', '2013-07-30 15:39:28', '\0', '', '2', '0', '4524285', '\0');
INSERT INTO `wemall_area` VALUES ('4524290', '2013-07-30 15:39:28', '\0', '浜瀹', '2', '0', '4524285', '\0');
INSERT INTO `wemall_area` VALUES ('4524291', '2013-07-30 15:39:28', '\0', '缃瀹甯', '2', '0', '4524285', '\0');
INSERT INTO `wemall_area` VALUES ('4524292', '2013-07-30 15:39:29', '\0', '骞胯タ澹娌诲', '0', '0', null, '\0');
INSERT INTO `wemall_area` VALUES ('4524293', '2013-07-30 15:39:29', '\0', '瀹甯', '1', '0', '4524292', '\0');
INSERT INTO `wemall_area` VALUES ('4524294', '2013-07-30 15:39:29', '\0', '甯杈', '2', '0', '4524293', '\0');
INSERT INTO `wemall_area` VALUES ('4524295', '2013-07-30 15:39:29', '\0', '村', '2', '0', '4524293', '\0');
INSERT INTO `wemall_area` VALUES ('4524296', '2013-07-30 15:39:29', '\0', '绉', '2', '0', '4524293', '\0');
INSERT INTO `wemall_area` VALUES ('4524297', '2013-07-30 15:39:29', '\0', '姹', '2', '0', '4524293', '\0');
INSERT INTO `wemall_area` VALUES ('4524298', '2013-07-30 15:39:29', '\0', '瑗夸埂濉', '2', '0', '4524293', '\0');
INSERT INTO `wemall_area` VALUES ('4524299', '2013-07-30 15:39:29', '\0', '搴', '2', '0', '4524293', '\0');
INSERT INTO `wemall_area` VALUES ('4524300', '2013-07-30 15:39:29', '\0', '瀹', '2', '0', '4524293', '\0');
INSERT INTO `wemall_area` VALUES ('4524301', '2013-07-30 15:39:29', '\0', '姝楦ｅ', '2', '0', '4524293', '\0');
INSERT INTO `wemall_area` VALUES ('4524302', '2013-07-30 15:39:29', '\0', '瀹', '2', '0', '4524293', '\0');
INSERT INTO `wemall_area` VALUES ('4524303', '2013-07-30 15:39:29', '\0', '椹灞卞', '2', '0', '4524293', '\0');
INSERT INTO `wemall_area` VALUES ('4524304', '2013-07-30 15:39:30', '\0', '涓', '2', '0', '4524293', '\0');
INSERT INTO `wemall_area` VALUES ('4524305', '2013-07-30 15:39:30', '\0', '瀹鹃冲', '2', '0', '4524293', '\0');
INSERT INTO `wemall_area` VALUES ('4524306', '2013-07-30 15:39:30', '\0', '妯', '2', '0', '4524293', '\0');
INSERT INTO `wemall_area` VALUES ('4524307', '2013-07-30 15:39:30', '\0', '冲甯', '1', '0', '4524292', '\0');
INSERT INTO `wemall_area` VALUES ('4524308', '2013-07-30 15:39:30', '\0', '甯杈', '2', '0', '4524307', '\0');
INSERT INTO `wemall_area` VALUES ('4524309', '2013-07-30 15:39:30', '\0', '涓', '2', '0', '4524307', '\0');
INSERT INTO `wemall_area` VALUES ('4524310', '2013-07-30 15:39:30', '\0', '楸煎嘲', '2', '0', '4524307', '\0');
INSERT INTO `wemall_area` VALUES ('4524311', '2013-07-30 15:39:30', '\0', '冲', '2', '0', '4524307', '\0');
INSERT INTO `wemall_area` VALUES ('4524312', '2013-07-30 15:39:30', '\0', '冲', '2', '0', '4524307', '\0');
INSERT INTO `wemall_area` VALUES ('4524313', '2013-07-30 15:39:30', '\0', '虫', '2', '0', '4524307', '\0');
INSERT INTO `wemall_area` VALUES ('4524314', '2013-07-30 15:39:30', '\0', '冲', '2', '0', '4524307', '\0');
INSERT INTO `wemall_area` VALUES ('4524315', '2013-07-30 15:39:30', '\0', '楣垮ㄥ', '2', '0', '4524307', '\0');
INSERT INTO `wemall_area` VALUES ('4524316', '2013-07-30 15:39:30', '\0', '瀹', '2', '0', '4524307', '\0');
INSERT INTO `wemall_area` VALUES ('4524317', '2013-07-30 15:39:30', '\0', '姘磋娌诲', '2', '0', '4524307', '\0');
INSERT INTO `wemall_area` VALUES ('4524318', '2013-07-30 15:39:31', '\0', '涓姹渚娌诲', '2', '0', '4524307', '\0');
INSERT INTO `wemall_area` VALUES ('4524319', '2013-07-30 15:39:31', '\0', '妗甯', '1', '0', '4524292', '\0');
INSERT INTO `wemall_area` VALUES ('4524320', '2013-07-30 15:39:31', '\0', '甯杈', '2', '0', '4524319', '\0');
INSERT INTO `wemall_area` VALUES ('4524321', '2013-07-30 15:39:31', '\0', '绉宄板', '2', '0', '4524319', '\0');
INSERT INTO `wemall_area` VALUES ('4524322', '2013-07-30 15:39:31', '\0', '褰╁', '2', '0', '4524319', '\0');
INSERT INTO `wemall_area` VALUES ('4524323', '2013-07-30 15:39:31', '\0', '璞″北', '2', '0', '4524319', '\0');
INSERT INTO `wemall_area` VALUES ('4524324', '2013-07-30 15:39:31', '\0', '涓', '2', '0', '4524319', '\0');
INSERT INTO `wemall_area` VALUES ('4524325', '2013-07-30 15:39:31', '\0', '灞卞', '2', '0', '4524319', '\0');
INSERT INTO `wemall_area` VALUES ('4524326', '2013-07-30 15:39:31', '\0', '虫', '2', '0', '4524319', '\0');
INSERT INTO `wemall_area` VALUES ('4524327', '2013-07-30 15:39:31', '\0', '涓存', '2', '0', '4524319', '\0');
INSERT INTO `wemall_area` VALUES ('4524328', '2013-07-30 15:39:31', '\0', '靛', '2', '0', '4524319', '\0');
INSERT INTO `wemall_area` VALUES ('4524329', '2013-07-30 15:39:31', '\0', 'ㄥ', '2', '0', '4524319', '\0');
INSERT INTO `wemall_area` VALUES ('4524330', '2013-07-30 15:39:31', '\0', '村', '2', '0', '4524319', '\0');
INSERT INTO `wemall_area` VALUES ('4524331', '2013-07-30 15:39:32', '\0', '姘哥', '2', '0', '4524319', '\0');
INSERT INTO `wemall_area` VALUES ('4524332', '2013-07-30 15:39:32', '\0', '冲', '2', '0', '4524319', '\0');
INSERT INTO `wemall_area` VALUES ('4524333', '2013-07-30 15:39:32', '\0', '榫娌诲', '2', '0', '4524319', '\0');
INSERT INTO `wemall_area` VALUES ('4524334', '2013-07-30 15:39:32', '\0', '璧婧', '2', '0', '4524319', '\0');
INSERT INTO `wemall_area` VALUES ('4524335', '2013-07-30 15:39:32', '\0', '骞充', '2', '0', '4524319', '\0');
INSERT INTO `wemall_area` VALUES ('4524336', '2013-07-30 15:39:32', '\0', '插', '2', '0', '4524319', '\0');
INSERT INTO `wemall_area` VALUES ('4524337', '2013-07-30 15:39:32', '\0', '舵娌诲', '2', '0', '4524319', '\0');
INSERT INTO `wemall_area` VALUES ('4524338', '2013-07-30 15:39:32', '\0', '姊у甯', '1', '0', '4524292', '\0');
INSERT INTO `wemall_area` VALUES ('4524339', '2013-07-30 15:39:32', '\0', '甯杈', '2', '0', '4524338', '\0');
INSERT INTO `wemall_area` VALUES ('4524340', '2013-07-30 15:39:32', '\0', '涓绉', '2', '0', '4524338', '\0');
INSERT INTO `wemall_area` VALUES ('4524341', '2013-07-30 15:39:32', '\0', '跺北', '2', '0', '4524338', '\0');
INSERT INTO `wemall_area` VALUES ('4524342', '2013-07-30 15:39:32', '\0', '挎床', '2', '0', '4524338', '\0');
INSERT INTO `wemall_area` VALUES ('4524343', '2013-07-30 15:39:33', '\0', '姊у', '2', '0', '4524338', '\0');
INSERT INTO `wemall_area` VALUES ('4524344', '2013-07-30 15:39:33', '\0', 'ゅ', '2', '0', '4524338', '\0');
INSERT INTO `wemall_area` VALUES ('4524345', '2013-07-30 15:39:33', '\0', '灞卞', '2', '0', '4524338', '\0');
INSERT INTO `wemall_area` VALUES ('4524346', '2013-07-30 15:39:33', '\0', '宀婧甯', '2', '0', '4524338', '\0');
INSERT INTO `wemall_area` VALUES ('4524347', '2013-07-30 15:39:33', '\0', '娴峰', '1', '0', '4524292', '\0');
INSERT INTO `wemall_area` VALUES ('4524348', '2013-07-30 15:39:33', '\0', '甯杈', '2', '0', '4524347', '\0');
INSERT INTO `wemall_area` VALUES ('4524349', '2013-07-30 15:39:33', '\0', '娴峰', '2', '0', '4524347', '\0');
INSERT INTO `wemall_area` VALUES ('4524350', '2013-07-30 15:39:33', '\0', '舵捣', '2', '0', '4524347', '\0');
INSERT INTO `wemall_area` VALUES ('4524351', '2013-07-30 15:39:33', '\0', '灞辨腐', '2', '0', '4524347', '\0');
INSERT INTO `wemall_area` VALUES ('4524352', '2013-07-30 15:39:33', '\0', '娴', '2', '0', '4524347', '\0');
INSERT INTO `wemall_area` VALUES ('4524353', '2013-07-30 15:39:33', '\0', '插娓甯', '1', '0', '4524292', '\0');
INSERT INTO `wemall_area` VALUES ('4524354', '2013-07-30 15:39:34', '\0', '甯杈', '2', '0', '4524353', '\0');
INSERT INTO `wemall_area` VALUES ('4524355', '2013-07-30 15:39:34', '\0', '娓ｅ', '2', '0', '4524353', '\0');
INSERT INTO `wemall_area` VALUES ('4524356', '2013-07-30 15:39:34', '\0', '插', '2', '0', '4524353', '\0');
INSERT INTO `wemall_area` VALUES ('4524357', '2013-07-30 15:39:34', '\0', '涓', '2', '0', '4524353', '\0');
INSERT INTO `wemall_area` VALUES ('4524358', '2013-07-30 15:39:34', '\0', '涓村', '2', '0', '4524353', '\0');
INSERT INTO `wemall_area` VALUES ('4524359', '2013-07-30 15:39:34', '\0', '宸甯', '1', '0', '4524292', '\0');
INSERT INTO `wemall_area` VALUES ('4524360', '2013-07-30 15:39:34', '\0', '甯杈', '2', '0', '4524359', '\0');
INSERT INTO `wemall_area` VALUES ('4524361', '2013-07-30 15:39:34', '\0', '', '2', '0', '4524359', '\0');
INSERT INTO `wemall_area` VALUES ('4524362', '2013-07-30 15:39:34', '\0', '', '2', '0', '4524359', '\0');
INSERT INTO `wemall_area` VALUES ('4524363', '2013-07-30 15:39:34', '\0', '靛北', '2', '0', '4524359', '\0');
INSERT INTO `wemall_area` VALUES ('4524364', '2013-07-30 15:39:34', '\0', '娴', '2', '0', '4524359', '\0');
INSERT INTO `wemall_area` VALUES ('4524365', '2013-07-30 15:39:34', '\0', '璐垫腐甯', '1', '0', '4524292', '\0');
INSERT INTO `wemall_area` VALUES ('4524366', '2013-07-30 15:39:34', '\0', '甯杈', '2', '0', '4524365', '\0');
INSERT INTO `wemall_area` VALUES ('4524367', '2013-07-30 15:39:35', '\0', '娓', '2', '0', '4524365', '\0');
INSERT INTO `wemall_area` VALUES ('4524368', '2013-07-30 15:39:35', '\0', '娓', '2', '0', '4524365', '\0');
INSERT INTO `wemall_area` VALUES ('4524369', '2013-07-30 15:39:35', '\0', '瑕濉', '2', '0', '4524365', '\0');
INSERT INTO `wemall_area` VALUES ('4524370', '2013-07-30 15:39:35', '\0', '骞冲', '2', '0', '4524365', '\0');
INSERT INTO `wemall_area` VALUES ('4524371', '2013-07-30 15:39:35', '\0', '妗骞冲', '2', '0', '4524365', '\0');
INSERT INTO `wemall_area` VALUES ('4524372', '2013-07-30 15:39:35', '\0', '甯', '1', '0', '4524292', '\0');
INSERT INTO `wemall_area` VALUES ('4524373', '2013-07-30 15:39:35', '\0', '甯杈', '2', '0', '4524372', '\0');
INSERT INTO `wemall_area` VALUES ('4524374', '2013-07-30 15:39:35', '\0', '宸', '2', '0', '4524372', '\0');
INSERT INTO `wemall_area` VALUES ('4524375', '2013-07-30 15:39:35', '\0', '瀹瑰', '2', '0', '4524372', '\0');
INSERT INTO `wemall_area` VALUES ('4524376', '2013-07-30 15:39:35', '\0', '宸', '2', '0', '4524372', '\0');
INSERT INTO `wemall_area` VALUES ('4524377', '2013-07-30 15:39:35', '\0', '藉', '2', '0', '4524372', '\0');
INSERT INTO `wemall_area` VALUES ('4524378', '2013-07-30 15:39:35', '\0', '翠', '2', '0', '4524372', '\0');
INSERT INTO `wemall_area` VALUES ('4524379', '2013-07-30 15:39:35', '\0', '娴甯', '2', '0', '4524372', '\0');
INSERT INTO `wemall_area` VALUES ('4524380', '2013-07-30 15:39:35', '\0', '捐插', '1', '0', '4524292', '\0');
INSERT INTO `wemall_area` VALUES ('4524381', '2013-07-30 15:39:36', '\0', '甯杈', '2', '0', '4524380', '\0');
INSERT INTO `wemall_area` VALUES ('4524382', '2013-07-30 15:39:36', '\0', '虫', '2', '0', '4524380', '\0');
INSERT INTO `wemall_area` VALUES ('4524383', '2013-07-30 15:39:36', '\0', '伴冲', '2', '0', '4524380', '\0');
INSERT INTO `wemall_area` VALUES ('4524384', '2013-07-30 15:39:36', '\0', '颁', '2', '0', '4524380', '\0');
INSERT INTO `wemall_area` VALUES ('4524385', '2013-07-30 15:39:36', '\0', '骞虫', '2', '0', '4524380', '\0');
INSERT INTO `wemall_area` VALUES ('4524386', '2013-07-30 15:39:36', '\0', '寰蜂', '2', '0', '4524380', '\0');
INSERT INTO `wemall_area` VALUES ('4524387', '2013-07-30 15:39:36', '\0', '瑗垮', '2', '0', '4524380', '\0');
INSERT INTO `wemall_area` VALUES ('4524388', '2013-07-30 15:39:36', '\0', 'ｅ″', '2', '0', '4524380', '\0');
INSERT INTO `wemall_area` VALUES ('4524389', '2013-07-30 15:39:36', '\0', '浜', '2', '0', '4524380', '\0');
INSERT INTO `wemall_area` VALUES ('4524390', '2013-07-30 15:39:36', '\0', '涔涓', '2', '0', '4524380', '\0');
INSERT INTO `wemall_area` VALUES ('4524391', '2013-07-30 15:39:36', '\0', '版', '2', '0', '4524380', '\0');
INSERT INTO `wemall_area` VALUES ('4524392', '2013-07-30 15:39:36', '\0', '瑗挎', '2', '0', '4524380', '\0');
INSERT INTO `wemall_area` VALUES ('4524393', '2013-07-30 15:39:36', '\0', '娌诲', '2', '0', '4524380', '\0');
INSERT INTO `wemall_area` VALUES ('4524394', '2013-07-30 15:39:37', '\0', '璐哄甯', '1', '0', '4524292', '\0');
INSERT INTO `wemall_area` VALUES ('4524395', '2013-07-30 15:39:37', '\0', '甯杈', '2', '0', '4524394', '\0');
INSERT INTO `wemall_area` VALUES ('4524396', '2013-07-30 15:39:37', '\0', '姝ュ', '2', '0', '4524394', '\0');
INSERT INTO `wemall_area` VALUES ('4524397', '2013-07-30 15:39:37', '\0', '骞虫绠＄', '2', '0', '4524394', '\0');
INSERT INTO `wemall_area` VALUES ('4524398', '2013-07-30 15:39:37', '\0', '骞冲', '2', '0', '4524394', '\0');
INSERT INTO `wemall_area` VALUES ('4524399', '2013-07-30 15:39:37', '\0', '灞卞', '2', '0', '4524394', '\0');
INSERT INTO `wemall_area` VALUES ('4524400', '2013-07-30 15:39:37', '\0', '瀵宸舵娌诲', '2', '0', '4524394', '\0');
INSERT INTO `wemall_area` VALUES ('4524401', '2013-07-30 15:39:37', '\0', '娌虫甯', '1', '0', '4524292', '\0');
INSERT INTO `wemall_area` VALUES ('4524402', '2013-07-30 15:39:37', '\0', '甯杈', '2', '0', '4524401', '\0');
INSERT INTO `wemall_area` VALUES ('4524403', '2013-07-30 15:39:37', '\0', '姹', '2', '0', '4524401', '\0');
INSERT INTO `wemall_area` VALUES ('4524404', '2013-07-30 15:39:37', '\0', '涓瑰', '2', '0', '4524401', '\0');
INSERT INTO `wemall_area` VALUES ('4524405', '2013-07-30 15:39:37', '\0', '澶╁敞', '2', '0', '4524401', '\0');
INSERT INTO `wemall_area` VALUES ('4524406', '2013-07-30 15:39:37', '\0', 'ゅ北', '2', '0', '4524401', '\0');
INSERT INTO `wemall_area` VALUES ('4524407', '2013-07-30 15:39:38', '\0', '涓板', '2', '0', '4524401', '\0');
INSERT INTO `wemall_area` VALUES ('4524408', '2013-07-30 15:39:38', '\0', '缃浠浣娌诲', '2', '0', '4524401', '\0');
INSERT INTO `wemall_area` VALUES ('4524409', '2013-07-30 15:39:38', '\0', '姹姣娌诲', '2', '0', '4524401', '\0');
INSERT INTO `wemall_area` VALUES ('4524410', '2013-07-30 15:39:38', '\0', '宸撮┈舵娌诲', '2', '0', '4524401', '\0');
INSERT INTO `wemall_area` VALUES ('4524411', '2013-07-30 15:39:38', '\0', '藉舵娌诲', '2', '0', '4524401', '\0');
INSERT INTO `wemall_area` VALUES ('4524412', '2013-07-30 15:39:38', '\0', '澶у舵娌诲', '2', '0', '4524401', '\0');
INSERT INTO `wemall_area` VALUES ('4524413', '2013-07-30 15:39:38', '\0', '瀹宸甯', '2', '0', '4524401', '\0');
INSERT INTO `wemall_area` VALUES ('4524414', '2013-07-30 15:39:38', '\0', 'ュ惧', '1', '0', '4524292', '\0');
INSERT INTO `wemall_area` VALUES ('4524415', '2013-07-30 15:39:38', '\0', '甯杈', '2', '0', '4524414', '\0');
INSERT INTO `wemall_area` VALUES ('4524416', '2013-07-30 15:39:38', '\0', '村惧', '2', '0', '4524414', '\0');
INSERT INTO `wemall_area` VALUES ('4524417', '2013-07-30 15:39:38', '\0', '蹇诲', '2', '0', '4524414', '\0');
INSERT INTO `wemall_area` VALUES ('4524418', '2013-07-30 15:39:38', '\0', '璞″', '2', '0', '4524414', '\0');
INSERT INTO `wemall_area` VALUES ('4524419', '2013-07-30 15:39:38', '\0', '姝瀹ｅ', '2', '0', '4524414', '\0');
INSERT INTO `wemall_area` VALUES ('4524420', '2013-07-30 15:39:39', '\0', '绉舵娌诲', '2', '0', '4524414', '\0');
INSERT INTO `wemall_area` VALUES ('4524421', '2013-07-30 15:39:39', '\0', '灞卞', '2', '0', '4524414', '\0');
INSERT INTO `wemall_area` VALUES ('4524422', '2013-07-30 15:39:39', '\0', '宕宸甯', '1', '0', '4524292', '\0');
INSERT INTO `wemall_area` VALUES ('4524423', '2013-07-30 15:39:39', '\0', '甯杈', '2', '0', '4524422', '\0');
INSERT INTO `wemall_area` VALUES ('4524424', '2013-07-30 15:39:39', '\0', '姹娲插', '2', '0', '4524422', '\0');
INSERT INTO `wemall_area` VALUES ('4524425', '2013-07-30 15:39:39', '\0', '剁互', '2', '0', '4524422', '\0');
INSERT INTO `wemall_area` VALUES ('4524426', '2013-07-30 15:39:39', '\0', '瀹', '2', '0', '4524422', '\0');
INSERT INTO `wemall_area` VALUES ('4524427', '2013-07-30 15:39:39', '\0', '榫宸', '2', '0', '4524422', '\0');
INSERT INTO `wemall_area` VALUES ('4524428', '2013-07-30 15:39:39', '\0', '澶ф板', '2', '0', '4524422', '\0');
INSERT INTO `wemall_area` VALUES ('4524429', '2013-07-30 15:39:39', '\0', '澶╃', '2', '0', '4524422', '\0');
INSERT INTO `wemall_area` VALUES ('4524430', '2013-07-30 15:39:39', '\0', '绁ュ', '2', '0', '4524422', '\0');
INSERT INTO `wemall_area` VALUES ('4524431', '2013-07-30 15:39:39', '\0', '娴峰', '0', '0', null, '\0');
INSERT INTO `wemall_area` VALUES ('4524432', '2013-07-30 15:39:39', '\0', '娴峰ｅ', '1', '0', '4524431', '\0');
INSERT INTO `wemall_area` VALUES ('4524433', '2013-07-30 15:39:40', '\0', '甯杈', '2', '0', '4524432', '\0');
INSERT INTO `wemall_area` VALUES ('4524434', '2013-07-30 15:39:40', '\0', '绉卞', '2', '0', '4524432', '\0');
INSERT INTO `wemall_area` VALUES ('4524435', '2013-07-30 15:39:40', '\0', '榫', '2', '0', '4524432', '\0');
INSERT INTO `wemall_area` VALUES ('4524436', '2013-07-30 15:39:40', '\0', '煎北', '2', '0', '4524432', '\0');
INSERT INTO `wemall_area` VALUES ('4524437', '2013-07-30 15:39:40', '\0', '缇板', '2', '0', '4524432', '\0');
INSERT INTO `wemall_area` VALUES ('4524438', '2013-07-30 15:39:40', '\0', '涓浜甯', '1', '0', '4524431', '\0');
INSERT INTO `wemall_area` VALUES ('4524439', '2013-07-30 15:39:40', '\0', '甯杈', '2', '0', '4524438', '\0');
INSERT INTO `wemall_area` VALUES ('4524440', '2013-07-30 15:39:40', '\0', '磋跨骇琛垮哄', '1', '0', '4524431', '\0');
INSERT INTO `wemall_area` VALUES ('4524441', '2013-07-30 15:39:40', '\0', '浜灞卞', '2', '0', '4524440', '\0');
INSERT INTO `wemall_area` VALUES ('4524442', '2013-07-30 15:39:40', '\0', '兼捣甯', '2', '0', '4524440', '\0');
INSERT INTO `wemall_area` VALUES ('4524443', '2013-07-30 15:39:40', '\0', '宸甯', '2', '0', '4524440', '\0');
INSERT INTO `wemall_area` VALUES ('4524444', '2013-07-30 15:39:40', '\0', '甯', '2', '0', '4524440', '\0');
INSERT INTO `wemall_area` VALUES ('4524445', '2013-07-30 15:39:40', '\0', '涓瀹甯', '2', '0', '4524440', '\0');
INSERT INTO `wemall_area` VALUES ('4524446', '2013-07-30 15:39:41', '\0', '涓瑰', '2', '0', '4524440', '\0');
INSERT INTO `wemall_area` VALUES ('4524447', '2013-07-30 15:39:41', '\0', '瀹瀹', '2', '0', '4524440', '\0');
INSERT INTO `wemall_area` VALUES ('4524448', '2013-07-30 15:39:41', '\0', '灞', '2', '0', '4524440', '\0');
INSERT INTO `wemall_area` VALUES ('4524449', '2013-07-30 15:39:41', '\0', '婢杩', '2', '0', '4524440', '\0');
INSERT INTO `wemall_area` VALUES ('4524450', '2013-07-30 15:39:41', '\0', '涓撮', '2', '0', '4524440', '\0');
INSERT INTO `wemall_area` VALUES ('4524451', '2013-07-30 15:39:41', '\0', '芥榛娌诲', '2', '0', '4524440', '\0');
INSERT INTO `wemall_area` VALUES ('4524452', '2013-07-30 15:39:41', '\0', '姹榛娌诲', '2', '0', '4524440', '\0');
INSERT INTO `wemall_area` VALUES ('4524453', '2013-07-30 15:39:41', '\0', '涔涓榛娌诲', '2', '0', '4524440', '\0');
INSERT INTO `wemall_area` VALUES ('4524454', '2013-07-30 15:39:41', '\0', '垫按榛娌诲', '2', '0', '4524440', '\0');
INSERT INTO `wemall_area` VALUES ('4524455', '2013-07-30 15:39:41', '\0', '淇浜榛娌诲', '2', '0', '4524440', '\0');
INSERT INTO `wemall_area` VALUES ('4524456', '2013-07-30 15:39:41', '\0', '间腑榛娌诲', '2', '0', '4524440', '\0');
INSERT INTO `wemall_area` VALUES ('4524457', '2013-07-30 15:39:41', '\0', '瑗挎缇ゅ', '2', '0', '4524440', '\0');
INSERT INTO `wemall_area` VALUES ('4524458', '2013-07-30 15:39:41', '\0', '娌缇ゅ', '2', '0', '4524440', '\0');
INSERT INTO `wemall_area` VALUES ('4524459', '2013-07-30 15:39:42', '\0', '涓娌缇ゅ宀绀舵捣', '2', '0', '4524440', '\0');
INSERT INTO `wemall_area` VALUES ('4524460', '2013-07-30 15:39:42', '\0', '搴甯', '0', '0', null, '');
INSERT INTO `wemall_area` VALUES ('4524461', '2013-07-30 15:39:42', '\0', '搴甯', '1', '0', '4524460', '\0');
INSERT INTO `wemall_area` VALUES ('4524462', '2013-07-30 15:39:42', '\0', '涓宸', '2', '0', '4524461', '\0');
INSERT INTO `wemall_area` VALUES ('4524463', '2013-07-30 15:39:42', '\0', '娑靛', '2', '0', '4524461', '\0');
INSERT INTO `wemall_area` VALUES ('4524464', '2013-07-30 15:39:42', '\0', '娓涓', '2', '0', '4524461', '\0');
INSERT INTO `wemall_area` VALUES ('4524465', '2013-07-30 15:39:42', '\0', '澶ф浮ｅ', '2', '0', '4524461', '\0');
INSERT INTO `wemall_area` VALUES ('4524466', '2013-07-30 15:39:42', '\0', '姹', '2', '0', '4524461', '\0');
INSERT INTO `wemall_area` VALUES ('4524467', '2013-07-30 15:39:42', '\0', '娌', '2', '0', '4524461', '\0');
INSERT INTO `wemall_area` VALUES ('4524468', '2013-07-30 15:39:42', '\0', '涔榫″', '2', '0', '4524461', '\0');
INSERT INTO `wemall_area` VALUES ('4524469', '2013-07-30 15:39:42', '\0', '宀稿', '2', '0', '4524461', '\0');
INSERT INTO `wemall_area` VALUES ('4524470', '2013-07-30 15:39:42', '\0', '纰', '2', '0', '4524461', '\0');
INSERT INTO `wemall_area` VALUES ('4524471', '2013-07-30 15:39:43', '\0', '涓', '2', '0', '4524461', '\0');
INSERT INTO `wemall_area` VALUES ('4524472', '2013-07-30 15:39:43', '\0', '妗ュ', '2', '0', '4524461', '\0');
INSERT INTO `wemall_area` VALUES ('4524473', '2013-07-30 15:39:43', '\0', '娓', '2', '0', '4524461', '\0');
INSERT INTO `wemall_area` VALUES ('4524474', '2013-07-30 15:39:43', '\0', '宸村', '2', '0', '4524461', '\0');
INSERT INTO `wemall_area` VALUES ('4524475', '2013-07-30 15:39:43', '\0', '榛姹', '2', '0', '4524461', '\0');
INSERT INTO `wemall_area` VALUES ('4524476', '2013-07-30 15:39:43', '\0', '垮垮', '2', '0', '4524461', '\0');
INSERT INTO `wemall_area` VALUES ('4524477', '2013-07-30 15:39:43', '\0', '姹娲ュ', '2', '0', '4524461', '\0');
INSERT INTO `wemall_area` VALUES ('4524478', '2013-07-30 15:39:43', '\0', '宸', '2', '0', '4524461', '\0');
INSERT INTO `wemall_area` VALUES ('4524479', '2013-07-30 15:39:43', '\0', '姘稿', '2', '0', '4524461', '\0');
INSERT INTO `wemall_area` VALUES ('4524480', '2013-07-30 15:39:43', '\0', '宸', '2', '0', '4524461', '\0');
INSERT INTO `wemall_area` VALUES ('4524482', '2013-07-30 15:39:43', '\0', '缍姹', '2', '0', '4524461', '\0');
INSERT INTO `wemall_area` VALUES ('4524483', '2013-07-30 15:39:44', '\0', '娼煎', '2', '0', '4524461', '\0');
INSERT INTO `wemall_area` VALUES ('4524484', '2013-07-30 15:39:44', '\0', '姊', '2', '0', '4524461', '\0');
INSERT INTO `wemall_area` VALUES ('4524485', '2013-07-30 15:39:44', '\0', '澶ц冻', '2', '0', '4524461', '\0');
INSERT INTO `wemall_area` VALUES ('4524486', '2013-07-30 15:39:44', '\0', 'ｆ', '2', '0', '4524461', '\0');
INSERT INTO `wemall_area` VALUES ('4524487', '2013-07-30 15:39:44', '\0', 'у北', '2', '0', '4524461', '\0');
INSERT INTO `wemall_area` VALUES ('4524488', '2013-07-30 15:39:44', '\0', '姊骞冲', '2', '0', '4524461', '\0');
INSERT INTO `wemall_area` VALUES ('4524489', '2013-07-30 15:39:44', '\0', 'ｅ', '2', '0', '4524461', '\0');
INSERT INTO `wemall_area` VALUES ('4524490', '2013-07-30 15:39:44', '\0', '涓伴藉', '2', '0', '4524461', '\0');
INSERT INTO `wemall_area` VALUES ('4524491', '2013-07-30 15:39:44', '\0', '姹', '2', '0', '4524461', '\0');
INSERT INTO `wemall_area` VALUES ('4524492', '2013-07-30 15:39:44', '\0', '姝', '2', '0', '4524461', '\0');
INSERT INTO `wemall_area` VALUES ('4524493', '2013-07-30 15:39:44', '\0', '蹇', '2', '0', '4524461', '\0');
INSERT INTO `wemall_area` VALUES ('4524494', '2013-07-30 15:39:44', '\0', '寮', '2', '0', '4524461', '\0');
INSERT INTO `wemall_area` VALUES ('4524495', '2013-07-30 15:39:44', '\0', '浜冲', '2', '0', '4524461', '\0');
INSERT INTO `wemall_area` VALUES ('4524496', '2013-07-30 15:39:45', '\0', '濂', '2', '0', '4524461', '\0');
INSERT INTO `wemall_area` VALUES ('4524497', '2013-07-30 15:39:45', '\0', '宸灞卞', '2', '0', '4524461', '\0');
INSERT INTO `wemall_area` VALUES ('4524498', '2013-07-30 15:39:45', '\0', '宸婧', '2', '0', '4524461', '\0');
INSERT INTO `wemall_area` VALUES ('4524499', '2013-07-30 15:39:45', '\0', '虫卞瀹舵娌诲', '2', '0', '4524461', '\0');
INSERT INTO `wemall_area` VALUES ('4524500', '2013-07-30 15:39:45', '\0', '绉灞卞瀹舵娌诲', '2', '0', '4524461', '\0');
INSERT INTO `wemall_area` VALUES ('4524501', '2013-07-30 15:39:45', '\0', '冲瀹舵娌诲', '2', '0', '4524461', '\0');
INSERT INTO `wemall_area` VALUES ('4524502', '2013-07-30 15:39:45', '\0', '褰姘磋瀹舵娌诲', '2', '0', '4524461', '\0');
INSERT INTO `wemall_area` VALUES ('4524503', '2013-07-30 15:39:45', '\0', '宸', '0', '0', null, '\0');
INSERT INTO `wemall_area` VALUES ('4524504', '2013-07-30 15:39:45', '\0', '藉', '1', '0', '4524503', '\0');
INSERT INTO `wemall_area` VALUES ('4524505', '2013-07-30 15:39:45', '\0', '甯杈', '2', '0', '4524504', '\0');
INSERT INTO `wemall_area` VALUES ('4524506', '2013-07-30 15:39:45', '\0', '姹', '2', '0', '4524504', '\0');
INSERT INTO `wemall_area` VALUES ('4524507', '2013-07-30 15:39:45', '\0', '缇', '2', '0', '4524504', '\0');
INSERT INTO `wemall_area` VALUES ('4524508', '2013-07-30 15:39:45', '\0', '', '2', '0', '4524504', '\0');
INSERT INTO `wemall_area` VALUES ('4524509', '2013-07-30 15:39:46', '\0', '姝渚', '2', '0', '4524504', '\0');
INSERT INTO `wemall_area` VALUES ('4524510', '2013-07-30 15:39:46', '\0', '', '2', '0', '4524504', '\0');
INSERT INTO `wemall_area` VALUES ('4524511', '2013-07-30 15:39:46', '\0', '榫娉椹垮', '2', '0', '4524504', '\0');
INSERT INTO `wemall_area` VALUES ('4524512', '2013-07-30 15:39:46', '\0', '芥', '2', '0', '4524504', '\0');
INSERT INTO `wemall_area` VALUES ('4524513', '2013-07-30 15:39:46', '\0', '伴藉', '2', '0', '4524504', '\0');
INSERT INTO `wemall_area` VALUES ('4524514', '2013-07-30 15:39:46', '\0', '娓╂', '2', '0', '4524504', '\0');
INSERT INTO `wemall_area` VALUES ('4524515', '2013-07-30 15:39:46', '\0', '', '2', '0', '4524504', '\0');
INSERT INTO `wemall_area` VALUES ('4524516', '2013-07-30 15:39:46', '\0', '娴', '2', '0', '4524504', '\0');
INSERT INTO `wemall_area` VALUES ('4524517', '2013-07-30 15:39:46', '\0', '', '2', '0', '4524504', '\0');
INSERT INTO `wemall_area` VALUES ('4524518', '2013-07-30 15:39:46', '\0', '澶ч', '2', '0', '4524504', '\0');
INSERT INTO `wemall_area` VALUES ('4524519', '2013-07-30 15:39:46', '\0', '叉', '2', '0', '4524504', '\0');
INSERT INTO `wemall_area` VALUES ('4524520', '2013-07-30 15:39:46', '\0', '版触', '2', '0', '4524504', '\0');
INSERT INTO `wemall_area` VALUES ('4524521', '2013-07-30 15:39:47', '\0', '芥板', '2', '0', '4524504', '\0');
INSERT INTO `wemall_area` VALUES ('4524522', '2013-07-30 15:39:47', '\0', '褰宸甯', '2', '0', '4524504', '\0');
INSERT INTO `wemall_area` VALUES ('4524523', '2013-07-30 15:39:47', '\0', '宕甯', '2', '0', '4524504', '\0');
INSERT INTO `wemall_area` VALUES ('4524524', '2013-07-30 15:39:47', '\0', '宕宸甯', '2', '0', '4524504', '\0');
INSERT INTO `wemall_area` VALUES ('4524525', '2013-07-30 15:39:47', '\0', '璐″', '1', '0', '4524503', '\0');
INSERT INTO `wemall_area` VALUES ('4524526', '2013-07-30 15:39:47', '\0', '甯杈', '2', '0', '4524525', '\0');
INSERT INTO `wemall_area` VALUES ('4524527', '2013-07-30 15:39:47', '\0', '娴浜', '2', '0', '4524525', '\0');
INSERT INTO `wemall_area` VALUES ('4524528', '2013-07-30 15:39:47', '\0', '璐′', '2', '0', '4524525', '\0');
INSERT INTO `wemall_area` VALUES ('4524529', '2013-07-30 15:39:47', '\0', '澶у', '2', '0', '4524525', '\0');
INSERT INTO `wemall_area` VALUES ('4524530', '2013-07-30 15:39:47', '\0', '娌挎哗', '2', '0', '4524525', '\0');
INSERT INTO `wemall_area` VALUES ('4524531', '2013-07-30 15:39:47', '\0', 'ｅ', '2', '0', '4524525', '\0');
INSERT INTO `wemall_area` VALUES ('4524532', '2013-07-30 15:39:47', '\0', '瀵椤哄', '2', '0', '4524525', '\0');
INSERT INTO `wemall_area` VALUES ('4524533', '2013-07-30 15:39:48', '\0', '卞', '1', '0', '4524503', '\0');
INSERT INTO `wemall_area` VALUES ('4524534', '2013-07-30 15:39:48', '\0', '甯杈', '2', '0', '4524533', '\0');
INSERT INTO `wemall_area` VALUES ('4524535', '2013-07-30 15:39:48', '\0', '涓', '2', '0', '4524533', '\0');
INSERT INTO `wemall_area` VALUES ('4524536', '2013-07-30 15:39:48', '\0', '瑗垮', '2', '0', '4524533', '\0');
INSERT INTO `wemall_area` VALUES ('4524537', '2013-07-30 15:39:48', '\0', '浠', '2', '0', '4524533', '\0');
INSERT INTO `wemall_area` VALUES ('4524538', '2013-07-30 15:39:48', '\0', '绫虫', '2', '0', '4524533', '\0');
INSERT INTO `wemall_area` VALUES ('4524539', '2013-07-30 15:39:48', '\0', '杈瑰', '2', '0', '4524533', '\0');
INSERT INTO `wemall_area` VALUES ('4524540', '2013-07-30 15:39:48', '\0', '娉稿甯', '1', '0', '4524503', '\0');
INSERT INTO `wemall_area` VALUES ('4524541', '2013-07-30 15:39:48', '\0', '甯杈', '2', '0', '4524540', '\0');
INSERT INTO `wemall_area` VALUES ('4524542', '2013-07-30 15:39:48', '\0', '姹冲', '2', '0', '4524540', '\0');
INSERT INTO `wemall_area` VALUES ('4524543', '2013-07-30 15:39:48', '\0', '绾虫邯', '2', '0', '4524540', '\0');
INSERT INTO `wemall_area` VALUES ('4524544', '2013-07-30 15:39:48', '\0', '榫椹娼', '2', '0', '4524540', '\0');
INSERT INTO `wemall_area` VALUES ('4524545', '2013-07-30 15:39:48', '\0', '娉稿', '2', '0', '4524540', '\0');
INSERT INTO `wemall_area` VALUES ('4524546', '2013-07-30 15:39:49', '\0', '姹', '2', '0', '4524540', '\0');
INSERT INTO `wemall_area` VALUES ('4524547', '2013-07-30 15:39:49', '\0', '姘稿', '2', '0', '4524540', '\0');
INSERT INTO `wemall_area` VALUES ('4524548', '2013-07-30 15:39:49', '\0', 'よ哄', '2', '0', '4524540', '\0');
INSERT INTO `wemall_area` VALUES ('4524549', '2013-07-30 15:39:49', '\0', '寰烽冲', '1', '0', '4524503', '\0');
INSERT INTO `wemall_area` VALUES ('4524550', '2013-07-30 15:39:49', '\0', '甯杈', '2', '0', '4524549', '\0');
INSERT INTO `wemall_area` VALUES ('4524551', '2013-07-30 15:39:49', '\0', '冲', '2', '0', '4524549', '\0');
INSERT INTO `wemall_area` VALUES ('4524552', '2013-07-30 15:39:49', '\0', '涓姹', '2', '0', '4524549', '\0');
INSERT INTO `wemall_area` VALUES ('4524553', '2013-07-30 15:39:49', '\0', '缃姹', '2', '0', '4524549', '\0');
INSERT INTO `wemall_area` VALUES ('4524554', '2013-07-30 15:39:49', '\0', '骞挎甯', '2', '0', '4524549', '\0');
INSERT INTO `wemall_area` VALUES ('4524555', '2013-07-30 15:39:49', '\0', '浠″', '2', '0', '4524549', '\0');
INSERT INTO `wemall_area` VALUES ('4524556', '2013-07-30 15:39:49', '\0', '缁电瑰', '2', '0', '4524549', '\0');
INSERT INTO `wemall_area` VALUES ('4524557', '2013-07-30 15:39:49', '\0', '缁甸冲', '1', '0', '4524503', '\0');
INSERT INTO `wemall_area` VALUES ('4524558', '2013-07-30 15:39:50', '\0', '甯杈', '2', '0', '4524557', '\0');
INSERT INTO `wemall_area` VALUES ('4524559', '2013-07-30 15:39:50', '\0', '娑', '2', '0', '4524557', '\0');
INSERT INTO `wemall_area` VALUES ('4524560', '2013-07-30 15:39:50', '\0', '娓镐', '2', '0', '4524557', '\0');
INSERT INTO `wemall_area` VALUES ('4524561', '2013-07-30 15:39:50', '\0', '涓板', '2', '0', '4524557', '\0');
INSERT INTO `wemall_area` VALUES ('4524562', '2013-07-30 15:39:50', '\0', '浜', '2', '0', '4524557', '\0');
INSERT INTO `wemall_area` VALUES ('4524563', '2013-07-30 15:39:50', '\0', '瀹', '2', '0', '4524557', '\0');
INSERT INTO `wemall_area` VALUES ('4524564', '2013-07-30 15:39:50', '\0', '姊娼煎', '2', '0', '4524557', '\0');
INSERT INTO `wemall_area` VALUES ('4524565', '2013-07-30 15:39:50', '\0', '宸缇娌诲', '2', '0', '4524557', '\0');
INSERT INTO `wemall_area` VALUES ('4524566', '2013-07-30 15:39:50', '\0', '骞虫', '2', '0', '4524557', '\0');
INSERT INTO `wemall_area` VALUES ('4524567', '2013-07-30 15:39:50', '\0', '姹娌瑰', '2', '0', '4524557', '\0');
INSERT INTO `wemall_area` VALUES ('4524568', '2013-07-30 15:39:50', '\0', '骞垮甯', '1', '0', '4524503', '\0');
INSERT INTO `wemall_area` VALUES ('4524569', '2013-07-30 15:39:50', '\0', '甯杈', '2', '0', '4524568', '\0');
INSERT INTO `wemall_area` VALUES ('4524570', '2013-07-30 15:39:50', '\0', '╁', '2', '0', '4524568', '\0');
INSERT INTO `wemall_area` VALUES ('4524571', '2013-07-30 15:39:51', '\0', '', '2', '0', '4524568', '\0');
INSERT INTO `wemall_area` VALUES ('4524572', '2013-07-30 15:39:51', '\0', '澶╁', '2', '0', '4524568', '\0');
INSERT INTO `wemall_area` VALUES ('4524573', '2013-07-30 15:39:51', '\0', '鸿', '2', '0', '4524568', '\0');
INSERT INTO `wemall_area` VALUES ('4524574', '2013-07-30 15:39:51', '\0', '宸', '2', '0', '4524568', '\0');
INSERT INTO `wemall_area` VALUES ('4524575', '2013-07-30 15:39:51', '\0', '', '2', '0', '4524568', '\0');
INSERT INTO `wemall_area` VALUES ('4524576', '2013-07-30 15:39:51', '\0', '婧', '2', '0', '4524568', '\0');
INSERT INTO `wemall_area` VALUES ('4524577', '2013-07-30 15:39:51', '\0', '瀹甯', '1', '0', '4524503', '\0');
INSERT INTO `wemall_area` VALUES ('4524578', '2013-07-30 15:39:51', '\0', '甯杈', '2', '0', '4524577', '\0');
INSERT INTO `wemall_area` VALUES ('4524579', '2013-07-30 15:39:51', '\0', '瑰北', '2', '0', '4524577', '\0');
INSERT INTO `wemall_area` VALUES ('4524580', '2013-07-30 15:39:51', '\0', '瀹灞', '2', '0', '4524577', '\0');
INSERT INTO `wemall_area` VALUES ('4524581', '2013-07-30 15:39:51', '\0', '婧', '2', '0', '4524577', '\0');
INSERT INTO `wemall_area` VALUES ('4524582', '2013-07-30 15:39:51', '\0', '灏娲', '2', '0', '4524577', '\0');
INSERT INTO `wemall_area` VALUES ('4524583', '2013-07-30 15:39:52', '\0', '澶ц卞', '2', '0', '4524577', '\0');
INSERT INTO `wemall_area` VALUES ('4524584', '2013-07-30 15:39:52', '\0', '姹甯', '1', '0', '4524503', '\0');
INSERT INTO `wemall_area` VALUES ('4524585', '2013-07-30 15:39:52', '\0', '甯杈', '2', '0', '4524584', '\0');
INSERT INTO `wemall_area` VALUES ('4524586', '2013-07-30 15:39:52', '\0', '甯涓', '2', '0', '4524584', '\0');
INSERT INTO `wemall_area` VALUES ('4524587', '2013-07-30 15:39:52', '\0', '涓村', '2', '0', '4524584', '\0');
INSERT INTO `wemall_area` VALUES ('4524588', '2013-07-30 15:39:52', '\0', '濞杩', '2', '0', '4524584', '\0');
INSERT INTO `wemall_area` VALUES ('4524589', '2013-07-30 15:39:52', '\0', '璧涓', '2', '0', '4524584', '\0');
INSERT INTO `wemall_area` VALUES ('4524590', '2013-07-30 15:39:52', '\0', '', '2', '0', '4524584', '\0');
INSERT INTO `wemall_area` VALUES ('4524591', '2013-07-30 15:39:52', '\0', '涔灞卞', '1', '0', '4524503', '\0');
INSERT INTO `wemall_area` VALUES ('4524592', '2013-07-30 15:39:52', '\0', '甯杈', '2', '0', '4524591', '\0');
INSERT INTO `wemall_area` VALUES ('4524593', '2013-07-30 15:39:52', '\0', '甯涓', '2', '0', '4524591', '\0');
INSERT INTO `wemall_area` VALUES ('4524594', '2013-07-30 15:39:52', '\0', '娌婀惧', '2', '0', '4524591', '\0');
INSERT INTO `wemall_area` VALUES ('4524595', '2013-07-30 15:39:52', '\0', '浜妗ュ', '2', '0', '4524591', '\0');
INSERT INTO `wemall_area` VALUES ('4524596', '2013-07-30 15:39:53', '\0', 'ｆ渤', '2', '0', '4524591', '\0');
INSERT INTO `wemall_area` VALUES ('4524597', '2013-07-30 15:39:53', '\0', '涓哄', '2', '0', '4524591', '\0');
INSERT INTO `wemall_area` VALUES ('4524598', '2013-07-30 15:39:53', '\0', '浜', '2', '0', '4524591', '\0');
INSERT INTO `wemall_area` VALUES ('4524599', '2013-07-30 15:39:53', '\0', '澶规', '2', '0', '4524591', '\0');
INSERT INTO `wemall_area` VALUES ('4524600', '2013-07-30 15:39:53', '\0', '娌宸', '2', '0', '4524591', '\0');
INSERT INTO `wemall_area` VALUES ('4524601', '2013-07-30 15:39:53', '\0', '宄ㄨ竟褰娌诲', '2', '0', '4524591', '\0');
INSERT INTO `wemall_area` VALUES ('4524602', '2013-07-30 15:39:53', '\0', '椹杈瑰娌诲', '2', '0', '4524591', '\0');
INSERT INTO `wemall_area` VALUES ('4524603', '2013-07-30 15:39:53', '\0', '宄ㄧ灞卞', '2', '0', '4524591', '\0');
INSERT INTO `wemall_area` VALUES ('4524604', '2013-07-30 15:39:53', '\0', '甯', '1', '0', '4524503', '\0');
INSERT INTO `wemall_area` VALUES ('4524605', '2013-07-30 15:39:54', '\0', '甯杈', '2', '0', '4524604', '\0');
INSERT INTO `wemall_area` VALUES ('4524606', '2013-07-30 15:39:54', '\0', '椤哄', '2', '0', '4524604', '\0');
INSERT INTO `wemall_area` VALUES ('4524607', '2013-07-30 15:39:54', '\0', '楂', '2', '0', '4524604', '\0');
INSERT INTO `wemall_area` VALUES ('4524608', '2013-07-30 15:39:54', '\0', '靛', '2', '0', '4524604', '\0');
INSERT INTO `wemall_area` VALUES ('4524609', '2013-07-30 15:39:54', '\0', 'ㄥ', '2', '0', '4524604', '\0');
INSERT INTO `wemall_area` VALUES ('4524610', '2013-07-30 15:39:54', '\0', 'ュ北', '2', '0', '4524604', '\0');
INSERT INTO `wemall_area` VALUES ('4524611', '2013-07-30 15:39:54', '\0', '瀹', '2', '0', '4524604', '\0');
INSERT INTO `wemall_area` VALUES ('4524612', '2013-07-30 15:39:54', '\0', '浠', '2', '0', '4524604', '\0');
INSERT INTO `wemall_area` VALUES ('4524613', '2013-07-30 15:39:54', '\0', '瑗垮', '2', '0', '4524604', '\0');
INSERT INTO `wemall_area` VALUES ('4524614', '2013-07-30 15:39:54', '\0', '涓甯', '2', '0', '4524604', '\0');
INSERT INTO `wemall_area` VALUES ('4524615', '2013-07-30 15:39:54', '\0', '灞卞', '1', '0', '4524503', '\0');
INSERT INTO `wemall_area` VALUES ('4524616', '2013-07-30 15:39:54', '\0', '甯杈', '2', '0', '4524615', '\0');
INSERT INTO `wemall_area` VALUES ('4524617', '2013-07-30 15:39:55', '\0', '涓″', '2', '0', '4524615', '\0');
INSERT INTO `wemall_area` VALUES ('4524618', '2013-07-30 15:39:55', '\0', '浠瀵垮', '2', '0', '4524615', '\0');
INSERT INTO `wemall_area` VALUES ('4524619', '2013-07-30 15:39:55', '\0', '褰灞卞', '2', '0', '4524615', '\0');
INSERT INTO `wemall_area` VALUES ('4524620', '2013-07-30 15:39:55', '\0', '娲', '2', '0', '4524615', '\0');
INSERT INTO `wemall_area` VALUES ('4524621', '2013-07-30 15:39:55', '\0', '涓规１', '2', '0', '4524615', '\0');
INSERT INTO `wemall_area` VALUES ('4524622', '2013-07-30 15:39:55', '\0', '绁', '2', '0', '4524615', '\0');
INSERT INTO `wemall_area` VALUES ('4524623', '2013-07-30 15:39:55', '\0', '瀹瀹惧', '1', '0', '4524503', '\0');
INSERT INTO `wemall_area` VALUES ('4524624', '2013-07-30 15:39:55', '\0', '甯杈', '2', '0', '4524623', '\0');
INSERT INTO `wemall_area` VALUES ('4524625', '2013-07-30 15:39:55', '\0', '缈灞', '2', '0', '4524623', '\0');
INSERT INTO `wemall_area` VALUES ('4524626', '2013-07-30 15:39:55', '\0', '瀹瀹惧', '2', '0', '4524623', '\0');
INSERT INTO `wemall_area` VALUES ('4524627', '2013-07-30 15:39:55', '\0', '婧', '2', '0', '4524623', '\0');
INSERT INTO `wemall_area` VALUES ('4524628', '2013-07-30 15:39:55', '\0', '姹瀹', '2', '0', '4524623', '\0');
INSERT INTO `wemall_area` VALUES ('4524629', '2013-07-30 15:39:55', '\0', '垮', '2', '0', '4524623', '\0');
INSERT INTO `wemall_area` VALUES ('4524630', '2013-07-30 15:39:56', '\0', '楂', '2', '0', '4524623', '\0');
INSERT INTO `wemall_area` VALUES ('4524631', '2013-07-30 15:39:56', '\0', '', '2', '0', '4524623', '\0');
INSERT INTO `wemall_area` VALUES ('4524632', '2013-07-30 15:39:56', '\0', '绛杩', '2', '0', '4524623', '\0');
INSERT INTO `wemall_area` VALUES ('4524633', '2013-07-30 15:39:56', '\0', '存', '2', '0', '4524623', '\0');
INSERT INTO `wemall_area` VALUES ('4524634', '2013-07-30 15:39:56', '\0', '灞灞卞', '2', '0', '4524623', '\0');
INSERT INTO `wemall_area` VALUES ('4524635', '2013-07-30 15:39:56', '\0', '骞垮甯', '1', '0', '4524503', '\0');
INSERT INTO `wemall_area` VALUES ('4524636', '2013-07-30 15:39:56', '\0', '甯杈', '2', '0', '4524635', '\0');
INSERT INTO `wemall_area` VALUES ('4524637', '2013-07-30 15:39:56', '\0', '骞垮', '2', '0', '4524635', '\0');
INSERT INTO `wemall_area` VALUES ('4524638', '2013-07-30 15:39:56', '\0', '宀虫', '2', '0', '4524635', '\0');
INSERT INTO `wemall_area` VALUES ('4524639', '2013-07-30 15:39:56', '\0', '姝', '2', '0', '4524635', '\0');
INSERT INTO `wemall_area` VALUES ('4524640', '2013-07-30 15:39:56', '\0', '绘按', '2', '0', '4524635', '\0');
INSERT INTO `wemall_area` VALUES ('4524641', '2013-07-30 15:39:56', '\0', 'ュ', '2', '0', '4524635', '\0');
INSERT INTO `wemall_area` VALUES ('4524642', '2013-07-30 15:39:56', '\0', '杈惧甯', '1', '0', '4524503', '\0');
INSERT INTO `wemall_area` VALUES ('4524643', '2013-07-30 15:39:57', '\0', '甯杈', '2', '0', '4524642', '\0');
INSERT INTO `wemall_area` VALUES ('4524644', '2013-07-30 15:39:57', '\0', '宸', '2', '0', '4524642', '\0');
INSERT INTO `wemall_area` VALUES ('4524645', '2013-07-30 15:39:57', '\0', '杈惧', '2', '0', '4524642', '\0');
INSERT INTO `wemall_area` VALUES ('4524646', '2013-07-30 15:39:57', '\0', '瀹ｆ', '2', '0', '4524642', '\0');
INSERT INTO `wemall_area` VALUES ('4524647', '2013-07-30 15:39:57', '\0', '寮姹', '2', '0', '4524642', '\0');
INSERT INTO `wemall_area` VALUES ('4524648', '2013-07-30 15:39:57', '\0', '澶х瑰', '2', '0', '4524642', '\0');
INSERT INTO `wemall_area` VALUES ('4524649', '2013-07-30 15:39:57', '\0', '娓', '2', '0', '4524642', '\0');
INSERT INTO `wemall_area` VALUES ('4524650', '2013-07-30 15:39:57', '\0', '涓婧甯', '2', '0', '4524642', '\0');
INSERT INTO `wemall_area` VALUES ('4524651', '2013-07-30 15:39:57', '\0', '瀹甯', '1', '0', '4524503', '\0');
INSERT INTO `wemall_area` VALUES ('4524652', '2013-07-30 15:39:57', '\0', '甯杈', '2', '0', '4524651', '\0');
INSERT INTO `wemall_area` VALUES ('4524653', '2013-07-30 15:39:57', '\0', 'ㄥ', '2', '0', '4524651', '\0');
INSERT INTO `wemall_area` VALUES ('4524654', '2013-07-30 15:39:57', '\0', '灞卞', '2', '0', '4524651', '\0');
INSERT INTO `wemall_area` VALUES ('4524655', '2013-07-30 15:39:58', '\0', 'ョ', '2', '0', '4524651', '\0');
INSERT INTO `wemall_area` VALUES ('4524656', '2013-07-30 15:39:58', '\0', '姹婧', '2', '0', '4524651', '\0');
INSERT INTO `wemall_area` VALUES ('4524657', '2013-07-30 15:39:58', '\0', '虫', '2', '0', '4524651', '\0');
INSERT INTO `wemall_area` VALUES ('4524658', '2013-07-30 15:39:58', '\0', '澶╁ㄥ', '2', '0', '4524651', '\0');
INSERT INTO `wemall_area` VALUES ('4524659', '2013-07-30 15:39:58', '\0', '灞卞', '2', '0', '4524651', '\0');
INSERT INTO `wemall_area` VALUES ('4524660', '2013-07-30 15:39:58', '\0', '瀹村', '2', '0', '4524651', '\0');
INSERT INTO `wemall_area` VALUES ('4524661', '2013-07-30 15:39:58', '\0', '宸翠腑甯', '1', '0', '4524503', '\0');
INSERT INTO `wemall_area` VALUES ('4524662', '2013-07-30 15:39:58', '\0', '甯杈', '2', '0', '4524661', '\0');
INSERT INTO `wemall_area` VALUES ('4524663', '2013-07-30 15:39:58', '\0', '宸村', '2', '0', '4524661', '\0');
INSERT INTO `wemall_area` VALUES ('4524664', '2013-07-30 15:39:58', '\0', '姹', '2', '0', '4524661', '\0');
INSERT INTO `wemall_area` VALUES ('4524665', '2013-07-30 15:39:58', '\0', '姹', '2', '0', '4524661', '\0');
INSERT INTO `wemall_area` VALUES ('4524666', '2013-07-30 15:39:58', '\0', '骞虫', '2', '0', '4524661', '\0');
INSERT INTO `wemall_area` VALUES ('4524667', '2013-07-30 15:39:59', '\0', '璧冲', '1', '0', '4524503', '\0');
INSERT INTO `wemall_area` VALUES ('4524668', '2013-07-30 15:39:59', '\0', '甯杈', '2', '0', '4524667', '\0');
INSERT INTO `wemall_area` VALUES ('4524669', '2013-07-30 15:39:59', '\0', '姹', '2', '0', '4524667', '\0');
INSERT INTO `wemall_area` VALUES ('4524670', '2013-07-30 15:39:59', '\0', '瀹宀冲', '2', '0', '4524667', '\0');
INSERT INTO `wemall_area` VALUES ('4524671', '2013-07-30 15:39:59', '\0', '涔冲', '2', '0', '4524667', '\0');
INSERT INTO `wemall_area` VALUES ('4524672', '2013-07-30 15:39:59', '\0', '绠冲', '2', '0', '4524667', '\0');
INSERT INTO `wemall_area` VALUES ('4524673', '2013-07-30 15:39:59', '\0', '垮缇娌诲', '1', '0', '4524503', '\0');
INSERT INTO `wemall_area` VALUES ('4524674', '2013-07-30 15:39:59', '\0', '姹跺', '2', '0', '4524673', '\0');
INSERT INTO `wemall_area` VALUES ('4524675', '2013-07-30 15:39:59', '\0', '', '2', '0', '4524673', '\0');
INSERT INTO `wemall_area` VALUES ('4524676', '2013-07-30 15:39:59', '\0', '', '2', '0', '4524673', '\0');
INSERT INTO `wemall_area` VALUES ('4524677', '2013-07-30 15:39:59', '\0', '炬', '2', '0', '4524673', '\0');
INSERT INTO `wemall_area` VALUES ('4524678', '2013-07-30 15:39:59', '\0', '涔瀵ㄦ', '2', '0', '4524673', '\0');
INSERT INTO `wemall_area` VALUES ('4524679', '2013-07-30 15:40:00', '\0', '宸', '2', '0', '4524673', '\0');
INSERT INTO `wemall_area` VALUES ('4524680', '2013-07-30 15:40:00', '\0', '灏', '2', '0', '4524673', '\0');
INSERT INTO `wemall_area` VALUES ('4524681', '2013-07-30 15:40:00', '\0', '榛姘村', '2', '0', '4524673', '\0');
INSERT INTO `wemall_area` VALUES ('4524682', '2013-07-30 15:40:00', '\0', '椹灏搴峰', '2', '0', '4524673', '\0');
INSERT INTO `wemall_area` VALUES ('4524683', '2013-07-30 15:40:00', '\0', '澹ゅ', '2', '0', '4524673', '\0');
INSERT INTO `wemall_area` VALUES ('4524684', '2013-07-30 15:40:00', '\0', '垮', '2', '0', '4524673', '\0');
INSERT INTO `wemall_area` VALUES ('4524685', '2013-07-30 15:40:00', '\0', 'ュ', '2', '0', '4524673', '\0');
INSERT INTO `wemall_area` VALUES ('4524686', '2013-07-30 15:40:00', '\0', '绾㈠', '2', '0', '4524673', '\0');
INSERT INTO `wemall_area` VALUES ('4524687', '2013-07-30 15:40:00', '\0', '瀛娌诲', '1', '0', '4524503', '\0');
INSERT INTO `wemall_area` VALUES ('4524688', '2013-07-30 15:40:00', '\0', '搴峰', '2', '0', '4524687', '\0');
INSERT INTO `wemall_area` VALUES ('4524689', '2013-07-30 15:40:00', '\0', '娉稿', '2', '0', '4524687', '\0');
INSERT INTO `wemall_area` VALUES ('4524690', '2013-07-30 15:40:00', '\0', '涓瑰反', '2', '0', '4524687', '\0');
INSERT INTO `wemall_area` VALUES ('4524691', '2013-07-30 15:40:01', '\0', '涔榫', '2', '0', '4524687', '\0');
INSERT INTO `wemall_area` VALUES ('4524692', '2013-07-30 15:40:01', '\0', '姹', '2', '0', '4524687', '\0');
INSERT INTO `wemall_area` VALUES ('4524693', '2013-07-30 15:40:01', '\0', '瀛', '2', '0', '4524687', '\0');
INSERT INTO `wemall_area` VALUES ('4524694', '2013-07-30 15:40:01', '\0', '', '2', '0', '4524687', '\0');
INSERT INTO `wemall_area` VALUES ('4524695', '2013-07-30 15:40:01', '\0', '瀛', '2', '0', '4524687', '\0');
INSERT INTO `wemall_area` VALUES ('4524696', '2013-07-30 15:40:01', '\0', '伴', '2', '0', '4524687', '\0');
INSERT INTO `wemall_area` VALUES ('4524697', '2013-07-30 15:40:01', '\0', '寰锋煎', '2', '0', '4524687', '\0');
INSERT INTO `wemall_area` VALUES ('4524698', '2013-07-30 15:40:01', '\0', '界', '2', '0', '4524687', '\0');
INSERT INTO `wemall_area` VALUES ('4524699', '2013-07-30 15:40:01', '\0', '虫', '2', '0', '4524687', '\0');
INSERT INTO `wemall_area` VALUES ('4524700', '2013-07-30 15:40:01', '\0', '茶揪', '2', '0', '4524687', '\0');
INSERT INTO `wemall_area` VALUES ('4524701', '2013-07-30 15:40:01', '\0', '濉', '2', '0', '4524687', '\0');
INSERT INTO `wemall_area` VALUES ('4524702', '2013-07-30 15:40:01', '\0', '宸村', '2', '0', '4524687', '\0');
INSERT INTO `wemall_area` VALUES ('4524703', '2013-07-30 15:40:02', '\0', '涔″', '2', '0', '4524687', '\0');
INSERT INTO `wemall_area` VALUES ('4524704', '2013-07-30 15:40:02', '\0', '绋诲', '2', '0', '4524687', '\0');
INSERT INTO `wemall_area` VALUES ('4524705', '2013-07-30 15:40:02', '\0', '寰ｅ', '2', '0', '4524687', '\0');
INSERT INTO `wemall_area` VALUES ('4524706', '2013-07-30 15:40:02', '\0', '灞卞娌诲', '1', '0', '4524503', '\0');
INSERT INTO `wemall_area` VALUES ('4524707', '2013-07-30 15:40:02', '\0', '瑗挎甯', '2', '0', '4524706', '\0');
INSERT INTO `wemall_area` VALUES ('4524708', '2013-07-30 15:40:02', '\0', 'ㄩ娌诲', '2', '0', '4524706', '\0');
INSERT INTO `wemall_area` VALUES ('4524709', '2013-07-30 15:40:02', '\0', '婧', '2', '0', '4524706', '\0');
INSERT INTO `wemall_area` VALUES ('4524710', '2013-07-30 15:40:02', '\0', '寰锋', '2', '0', '4524706', '\0');
INSERT INTO `wemall_area` VALUES ('4524711', '2013-07-30 15:40:02', '\0', '浼', '2', '0', '4524706', '\0');
INSERT INTO `wemall_area` VALUES ('4524712', '2013-07-30 15:40:02', '\0', '浼涓', '2', '0', '4524706', '\0');
INSERT INTO `wemall_area` VALUES ('4524713', '2013-07-30 15:40:02', '\0', '瀹', '2', '0', '4524706', '\0');
INSERT INTO `wemall_area` VALUES ('4524714', '2013-07-30 15:40:02', '\0', '煎', '2', '0', '4524706', '\0');
INSERT INTO `wemall_area` VALUES ('4524715', '2013-07-30 15:40:03', '\0', '甯', '2', '0', '4524706', '\0');
INSERT INTO `wemall_area` VALUES ('4524716', '2013-07-30 15:40:03', '\0', '冲', '2', '0', '4524706', '\0');
INSERT INTO `wemall_area` VALUES ('4524717', '2013-07-30 15:40:03', '\0', '瑙', '2', '0', '4524706', '\0');
INSERT INTO `wemall_area` VALUES ('4524718', '2013-07-30 15:40:03', '\0', '寰峰', '2', '0', '4524706', '\0');
INSERT INTO `wemall_area` VALUES ('4524719', '2013-07-30 15:40:03', '\0', '瀹', '2', '0', '4524706', '\0');
INSERT INTO `wemall_area` VALUES ('4524720', '2013-07-30 15:40:03', '\0', '瓒瑗垮', '2', '0', '4524706', '\0');
INSERT INTO `wemall_area` VALUES ('4524721', '2013-07-30 15:40:03', '\0', '娲', '2', '0', '4524706', '\0');
INSERT INTO `wemall_area` VALUES ('4524722', '2013-07-30 15:40:03', '\0', '缇濮', '2', '0', '4524706', '\0');
INSERT INTO `wemall_area` VALUES ('4524723', '2013-07-30 15:40:03', '\0', '锋尝', '2', '0', '4524706', '\0');
INSERT INTO `wemall_area` VALUES ('4524724', '2013-07-30 15:40:03', '\0', '璐靛', '0', '0', null, '\0');
INSERT INTO `wemall_area` VALUES ('4524725', '2013-07-30 15:40:03', '\0', '璐甸冲', '1', '0', '4524724', '\0');
INSERT INTO `wemall_area` VALUES ('4524726', '2013-07-30 15:40:03', '\0', '甯杈', '2', '0', '4524725', '\0');
INSERT INTO `wemall_area` VALUES ('4524727', '2013-07-30 15:40:04', '\0', '', '2', '0', '4524725', '\0');
INSERT INTO `wemall_area` VALUES ('4524728', '2013-07-30 15:40:04', '\0', '浜宀╁', '2', '0', '4524725', '\0');
INSERT INTO `wemall_area` VALUES ('4524729', '2013-07-30 15:40:04', '\0', '辨邯', '2', '0', '4524725', '\0');
INSERT INTO `wemall_area` VALUES ('4524730', '2013-07-30 15:40:04', '\0', '涔褰', '2', '0', '4524725', '\0');
INSERT INTO `wemall_area` VALUES ('4524731', '2013-07-30 15:40:04', '\0', '戒', '2', '0', '4524725', '\0');
INSERT INTO `wemall_area` VALUES ('4524732', '2013-07-30 15:40:04', '\0', '灏娌冲', '2', '0', '4524725', '\0');
INSERT INTO `wemall_area` VALUES ('4524733', '2013-07-30 15:40:04', '\0', '寮冲', '2', '0', '4524725', '\0');
INSERT INTO `wemall_area` VALUES ('4524734', '2013-07-30 15:40:04', '\0', '藉', '2', '0', '4524725', '\0');
INSERT INTO `wemall_area` VALUES ('4524735', '2013-07-30 15:40:04', '\0', '淇', '2', '0', '4524725', '\0');
INSERT INTO `wemall_area` VALUES ('4524736', '2013-07-30 15:40:04', '\0', '娓甯', '2', '0', '4524725', '\0');
INSERT INTO `wemall_area` VALUES ('4524737', '2013-07-30 15:40:05', '\0', '姘村', '1', '0', '4524724', '\0');
INSERT INTO `wemall_area` VALUES ('4524738', '2013-07-30 15:40:05', '\0', '灞卞', '2', '0', '4524737', '\0');
INSERT INTO `wemall_area` VALUES ('4524739', '2013-07-30 15:40:05', '\0', '瑰', '2', '0', '4524737', '\0');
INSERT INTO `wemall_area` VALUES ('4524740', '2013-07-30 15:40:05', '\0', '姘村', '2', '0', '4524737', '\0');
INSERT INTO `wemall_area` VALUES ('4524741', '2013-07-30 15:40:05', '\0', '', '2', '0', '4524737', '\0');
INSERT INTO `wemall_area` VALUES ('4524742', '2013-07-30 15:40:05', '\0', '典甯', '1', '0', '4524724', '\0');
INSERT INTO `wemall_area` VALUES ('4524743', '2013-07-30 15:40:05', '\0', '甯杈', '2', '0', '4524742', '\0');
INSERT INTO `wemall_area` VALUES ('4524744', '2013-07-30 15:40:05', '\0', '绾㈣卞', '2', '0', '4524742', '\0');
INSERT INTO `wemall_area` VALUES ('4524745', '2013-07-30 15:40:05', '\0', '姹宸', '2', '0', '4524742', '\0');
INSERT INTO `wemall_area` VALUES ('4524746', '2013-07-30 15:40:05', '\0', '典', '2', '0', '4524742', '\0');
INSERT INTO `wemall_area` VALUES ('4524747', '2013-07-30 15:40:05', '\0', '妗姊', '2', '0', '4524742', '\0');
INSERT INTO `wemall_area` VALUES ('4524748', '2013-07-30 15:40:05', '\0', '缁ラ冲', '2', '0', '4524742', '\0');
INSERT INTO `wemall_area` VALUES ('4524749', '2013-07-30 15:40:06', '\0', '姝ｅ', '2', '0', '4524742', '\0');
INSERT INTO `wemall_area` VALUES ('4524750', '2013-07-30 15:40:06', '\0', '浠′浆娌诲', '2', '0', '4524742', '\0');
INSERT INTO `wemall_area` VALUES ('4524751', '2013-07-30 15:40:06', '\0', '″浠′浆娌诲', '2', '0', '4524742', '\0');
INSERT INTO `wemall_area` VALUES ('4524752', '2013-07-30 15:40:06', '\0', 'ゅ', '2', '0', '4524742', '\0');
INSERT INTO `wemall_area` VALUES ('4524753', '2013-07-30 15:40:06', '\0', '婀娼', '2', '0', '4524742', '\0');
INSERT INTO `wemall_area` VALUES ('4524754', '2013-07-30 15:40:06', '\0', '浣搴', '2', '0', '4524742', '\0');
INSERT INTO `wemall_area` VALUES ('4524755', '2013-07-30 15:40:06', '\0', '涔姘村', '2', '0', '4524742', '\0');
INSERT INTO `wemall_area` VALUES ('4524756', '2013-07-30 15:40:06', '\0', '璧ゆ按甯', '2', '0', '4524742', '\0');
INSERT INTO `wemall_area` VALUES ('4524757', '2013-07-30 15:40:06', '\0', '浠甯', '2', '0', '4524742', '\0');
INSERT INTO `wemall_area` VALUES ('4524758', '2013-07-30 15:40:06', '\0', '瀹椤哄', '1', '0', '4524724', '\0');
INSERT INTO `wemall_area` VALUES ('4524759', '2013-07-30 15:40:06', '\0', '甯杈', '2', '0', '4524758', '\0');
INSERT INTO `wemall_area` VALUES ('4524760', '2013-07-30 15:40:07', '\0', '瑗跨', '2', '0', '4524758', '\0');
INSERT INTO `wemall_area` VALUES ('4524761', '2013-07-30 15:40:07', '\0', '骞冲', '2', '0', '4524758', '\0');
INSERT INTO `wemall_area` VALUES ('4524762', '2013-07-30 15:40:07', '\0', '瀹', '2', '0', '4524758', '\0');
INSERT INTO `wemall_area` VALUES ('4524763', '2013-07-30 15:40:07', '\0', '瀹甯渚娌诲', '2', '0', '4524758', '\0');
INSERT INTO `wemall_area` VALUES ('4524764', '2013-07-30 15:40:07', '\0', '冲箔甯渚娌诲', '2', '0', '4524758', '\0');
INSERT INTO `wemall_area` VALUES ('4524765', '2013-07-30 15:40:07', '\0', '绱浜甯渚娌诲', '2', '0', '4524758', '\0');
INSERT INTO `wemall_area` VALUES ('4524766', '2013-07-30 15:40:07', '\0', '浠板', '1', '0', '4524724', '\0');
INSERT INTO `wemall_area` VALUES ('4524767', '2013-07-30 15:40:07', '\0', '浠甯', '2', '0', '4524766', '\0');
INSERT INTO `wemall_area` VALUES ('4524768', '2013-07-30 15:40:07', '\0', '姹ｅ', '2', '0', '4524766', '\0');
INSERT INTO `wemall_area` VALUES ('4524769', '2013-07-30 15:40:07', '\0', '灞渚娌诲', '2', '0', '4524766', '\0');
INSERT INTO `wemall_area` VALUES ('4524770', '2013-07-30 15:40:07', '\0', '抽″', '2', '0', '4524766', '\0');
INSERT INTO `wemall_area` VALUES ('4524771', '2013-07-30 15:40:07', '\0', '', '2', '0', '4524766', '\0');
INSERT INTO `wemall_area` VALUES ('4524772', '2013-07-30 15:40:08', '\0', '版瀹舵娌诲', '2', '0', '4524766', '\0');
INSERT INTO `wemall_area` VALUES ('4524773', '2013-07-30 15:40:08', '\0', '寰锋', '2', '0', '4524766', '\0');
INSERT INTO `wemall_area` VALUES ('4524774', '2013-07-30 15:40:08', '\0', '娌挎渤瀹舵娌诲', '2', '0', '4524766', '\0');
INSERT INTO `wemall_area` VALUES ('4524775', '2013-07-30 15:40:08', '\0', '炬娌诲', '2', '0', '4524766', '\0');
INSERT INTO `wemall_area` VALUES ('4524776', '2013-07-30 15:40:08', '\0', '涓灞辩瑰', '2', '0', '4524766', '\0');
INSERT INTO `wemall_area` VALUES ('4524777', '2013-07-30 15:40:08', '\0', '榛瑗垮甯渚娌诲', '1', '0', '4524724', '\0');
INSERT INTO `wemall_area` VALUES ('4524778', '2013-07-30 15:40:08', '\0', '翠甯', '2', '0', '4524777', '\0');
INSERT INTO `wemall_area` VALUES ('4524779', '2013-07-30 15:40:08', '\0', '翠', '2', '0', '4524777', '\0');
INSERT INTO `wemall_area` VALUES ('4524780', '2013-07-30 15:40:08', '\0', '瀹', '2', '0', '4524777', '\0');
INSERT INTO `wemall_area` VALUES ('4524781', '2013-07-30 15:40:08', '\0', '撮', '2', '0', '4524777', '\0');
INSERT INTO `wemall_area` VALUES ('4524782', '2013-07-30 15:40:08', '\0', '璐涓板', '2', '0', '4524777', '\0');
INSERT INTO `wemall_area` VALUES ('4524783', '2013-07-30 15:40:08', '\0', '璋', '2', '0', '4524777', '\0');
INSERT INTO `wemall_area` VALUES ('4524784', '2013-07-30 15:40:09', '\0', '浜ㄥ', '2', '0', '4524777', '\0');
INSERT INTO `wemall_area` VALUES ('4524785', '2013-07-30 15:40:09', '\0', '瀹榫', '2', '0', '4524777', '\0');
INSERT INTO `wemall_area` VALUES ('4524786', '2013-07-30 15:40:09', '\0', '姣板', '1', '0', '4524724', '\0');
INSERT INTO `wemall_area` VALUES ('4524787', '2013-07-30 15:40:09', '\0', '姣甯', '2', '0', '4524786', '\0');
INSERT INTO `wemall_area` VALUES ('4524788', '2013-07-30 15:40:09', '\0', '澶ф瑰', '2', '0', '4524786', '\0');
INSERT INTO `wemall_area` VALUES ('4524789', '2013-07-30 15:40:09', '\0', '榛瑗垮', '2', '0', '4524786', '\0');
INSERT INTO `wemall_area` VALUES ('4524790', '2013-07-30 15:40:09', '\0', '娌', '2', '0', '4524786', '\0');
INSERT INTO `wemall_area` VALUES ('4524791', '2013-07-30 15:40:09', '\0', '缁', '2', '0', '4524786', '\0');
INSERT INTO `wemall_area` VALUES ('4524792', '2013-07-30 15:40:09', '\0', '绾抽', '2', '0', '4524786', '\0');
INSERT INTO `wemall_area` VALUES ('4524793', '2013-07-30 15:40:09', '\0', '濞瀹褰娌诲', '2', '0', '4524786', '\0');
INSERT INTO `wemall_area` VALUES ('4524794', '2013-07-30 15:40:09', '\0', '璧绔', '2', '0', '4524786', '\0');
INSERT INTO `wemall_area` VALUES ('4524795', '2013-07-30 15:40:10', '\0', '榛涓渚娌诲', '1', '0', '4524724', '\0');
INSERT INTO `wemall_area` VALUES ('4524796', '2013-07-30 15:40:10', '\0', '甯', '2', '0', '4524795', '\0');
INSERT INTO `wemall_area` VALUES ('4524797', '2013-07-30 15:40:10', '\0', '榛骞冲', '2', '0', '4524795', '\0');
INSERT INTO `wemall_area` VALUES ('4524798', '2013-07-30 15:40:10', '\0', '界', '2', '0', '4524795', '\0');
INSERT INTO `wemall_area` VALUES ('4524799', '2013-07-30 15:40:10', '\0', '涓绌', '2', '0', '4524795', '\0');
INSERT INTO `wemall_area` VALUES ('4524800', '2013-07-30 15:40:10', '\0', '杩', '2', '0', '4524795', '\0');
INSERT INTO `wemall_area` VALUES ('4524801', '2013-07-30 15:40:10', '\0', '宀宸╁', '2', '0', '4524795', '\0');
INSERT INTO `wemall_area` VALUES ('4524802', '2013-07-30 15:40:10', '\0', '澶╂卞', '2', '0', '4524795', '\0');
INSERT INTO `wemall_area` VALUES ('4524803', '2013-07-30 15:40:10', '\0', '灞', '2', '0', '4524795', '\0');
INSERT INTO `wemall_area` VALUES ('4524804', '2013-07-30 15:40:10', '\0', '娌冲', '2', '0', '4524795', '\0');
INSERT INTO `wemall_area` VALUES ('4524805', '2013-07-30 15:40:10', '\0', '版', '2', '0', '4524795', '\0');
INSERT INTO `wemall_area` VALUES ('4524806', '2013-07-30 15:40:10', '\0', '榛骞冲', '2', '0', '4524795', '\0');
INSERT INTO `wemall_area` VALUES ('4524807', '2013-07-30 15:40:11', '\0', '姒姹', '2', '0', '4524795', '\0');
INSERT INTO `wemall_area` VALUES ('4524808', '2013-07-30 15:40:11', '\0', '浠姹', '2', '0', '4524795', '\0');
INSERT INTO `wemall_area` VALUES ('4524809', '2013-07-30 15:40:11', '\0', '峰北', '2', '0', '4524795', '\0');
INSERT INTO `wemall_area` VALUES ('4524810', '2013-07-30 15:40:11', '\0', '楹绘', '2', '0', '4524795', '\0');
INSERT INTO `wemall_area` VALUES ('4524811', '2013-07-30 15:40:11', '\0', '涓瑰ㄥ', '2', '0', '4524795', '\0');
INSERT INTO `wemall_area` VALUES ('4524812', '2013-07-30 15:40:11', '\0', '榛甯渚娌诲', '1', '0', '4524724', '\0');
INSERT INTO `wemall_area` VALUES ('4524813', '2013-07-30 15:40:11', '\0', '藉甯', '2', '0', '4524812', '\0');
INSERT INTO `wemall_area` VALUES ('4524814', '2013-07-30 15:40:11', '\0', '绂娉甯', '2', '0', '4524812', '\0');
INSERT INTO `wemall_area` VALUES ('4524815', '2013-07-30 15:40:11', '\0', '娉㈠', '2', '0', '4524812', '\0');
INSERT INTO `wemall_area` VALUES ('4524816', '2013-07-30 15:40:11', '\0', '璐靛', '2', '0', '4524812', '\0');
INSERT INTO `wemall_area` VALUES ('4524817', '2013-07-30 15:40:11', '\0', '瀹', '2', '0', '4524812', '\0');
INSERT INTO `wemall_area` VALUES ('4524818', '2013-07-30 15:40:12', '\0', '灞卞', '2', '0', '4524812', '\0');
INSERT INTO `wemall_area` VALUES ('4524819', '2013-07-30 15:40:12', '\0', '骞冲', '2', '0', '4524812', '\0');
INSERT INTO `wemall_area` VALUES ('4524820', '2013-07-30 15:40:12', '\0', '缃稿', '2', '0', '4524812', '\0');
INSERT INTO `wemall_area` VALUES ('4524821', '2013-07-30 15:40:12', '\0', '块『', '2', '0', '4524812', '\0');
INSERT INTO `wemall_area` VALUES ('4524822', '2013-07-30 15:40:12', '\0', '榫', '2', '0', '4524812', '\0');
INSERT INTO `wemall_area` VALUES ('4524823', '2013-07-30 15:40:12', '\0', '姘村', '2', '0', '4524812', '\0');
INSERT INTO `wemall_area` VALUES ('4524824', '2013-07-30 15:40:12', '\0', '涓芥按娌诲', '2', '0', '4524812', '\0');
INSERT INTO `wemall_area` VALUES ('4524825', '2013-07-30 15:40:12', '\0', '浜', '0', '0', null, '\0');
INSERT INTO `wemall_area` VALUES ('4524826', '2013-07-30 15:40:12', '\0', '甯', '1', '0', '4524825', '\0');
INSERT INTO `wemall_area` VALUES ('4524827', '2013-07-30 15:40:12', '\0', '甯杈', '2', '0', '4524826', '\0');
INSERT INTO `wemall_area` VALUES ('4524828', '2013-07-30 15:40:12', '\0', '浜', '2', '0', '4524826', '\0');
INSERT INTO `wemall_area` VALUES ('4524829', '2013-07-30 15:40:13', '\0', '榫', '2', '0', '4524826', '\0');
INSERT INTO `wemall_area` VALUES ('4524830', '2013-07-30 15:40:13', '\0', '瀹娓″', '2', '0', '4524826', '\0');
INSERT INTO `wemall_area` VALUES ('4524831', '2013-07-30 15:40:13', '\0', '瑗垮北', '2', '0', '4524826', '\0');
INSERT INTO `wemall_area` VALUES ('4524832', '2013-07-30 15:40:13', '\0', '涓宸', '2', '0', '4524826', '\0');
INSERT INTO `wemall_area` VALUES ('4524833', '2013-07-30 15:40:13', '\0', '璐″', '2', '0', '4524826', '\0');
INSERT INTO `wemall_area` VALUES ('4524834', '2013-07-30 15:40:13', '\0', '瀹', '2', '0', '4524826', '\0');
INSERT INTO `wemall_area` VALUES ('4524835', '2013-07-30 15:40:13', '\0', '瀵姘', '2', '0', '4524826', '\0');
INSERT INTO `wemall_area` VALUES ('4524836', '2013-07-30 15:40:13', '\0', '瀹', '2', '0', '4524826', '\0');
INSERT INTO `wemall_area` VALUES ('4524837', '2013-07-30 15:40:13', '\0', '虫褰娌诲', '2', '0', '4524826', '\0');
INSERT INTO `wemall_area` VALUES ('4524838', '2013-07-30 15:40:13', '\0', '宓╂', '2', '0', '4524826', '\0');
INSERT INTO `wemall_area` VALUES ('4524839', '2013-07-30 15:40:13', '\0', '绂褰娌诲', '2', '0', '4524826', '\0');
INSERT INTO `wemall_area` VALUES ('4524840', '2013-07-30 15:40:13', '\0', '瀵荤稿褰娌诲', '2', '0', '4524826', '\0');
INSERT INTO `wemall_area` VALUES ('4524841', '2013-07-30 15:40:14', '\0', '瀹瀹甯', '2', '0', '4524826', '\0');
INSERT INTO `wemall_area` VALUES ('4524842', '2013-07-30 15:40:14', '\0', '查甯', '1', '0', '4524825', '\0');
INSERT INTO `wemall_area` VALUES ('4524843', '2013-07-30 15:40:14', '\0', '甯杈', '2', '0', '4524842', '\0');
INSERT INTO `wemall_area` VALUES ('4524844', '2013-07-30 15:40:14', '\0', '楹楹', '2', '0', '4524842', '\0');
INSERT INTO `wemall_area` VALUES ('4524845', '2013-07-30 15:40:14', '\0', '椹榫', '2', '0', '4524842', '\0');
INSERT INTO `wemall_area` VALUES ('4524846', '2013-07-30 15:40:14', '\0', '', '2', '0', '4524842', '\0');
INSERT INTO `wemall_area` VALUES ('4524847', '2013-07-30 15:40:14', '\0', '甯瀹', '2', '0', '4524842', '\0');
INSERT INTO `wemall_area` VALUES ('4524848', '2013-07-30 15:40:14', '\0', '缃骞冲', '2', '0', '4524842', '\0');
INSERT INTO `wemall_area` VALUES ('4524849', '2013-07-30 15:40:14', '\0', '瀵婧', '2', '0', '4524842', '\0');
INSERT INTO `wemall_area` VALUES ('4524850', '2013-07-30 15:40:14', '\0', '浼娉藉', '2', '0', '4524842', '\0');
INSERT INTO `wemall_area` VALUES ('4524851', '2013-07-30 15:40:14', '\0', '娌剧', '2', '0', '4524842', '\0');
INSERT INTO `wemall_area` VALUES ('4524852', '2013-07-30 15:40:15', '\0', '瀹ｅ甯', '2', '0', '4524842', '\0');
INSERT INTO `wemall_area` VALUES ('4524853', '2013-07-30 15:40:15', '\0', '婧甯', '1', '0', '4524825', '\0');
INSERT INTO `wemall_area` VALUES ('4524854', '2013-07-30 15:40:15', '\0', '甯杈', '2', '0', '4524853', '\0');
INSERT INTO `wemall_area` VALUES ('4524855', '2013-07-30 15:40:15', '\0', '绾㈠', '2', '0', '4524853', '\0');
INSERT INTO `wemall_area` VALUES ('4524856', '2013-07-30 15:40:15', '\0', '姹宸', '2', '0', '4524853', '\0');
INSERT INTO `wemall_area` VALUES ('4524857', '2013-07-30 15:40:15', '\0', '婢姹', '2', '0', '4524853', '\0');
INSERT INTO `wemall_area` VALUES ('4524858', '2013-07-30 15:40:15', '\0', '娴峰', '2', '0', '4524853', '\0');
INSERT INTO `wemall_area` VALUES ('4524859', '2013-07-30 15:40:15', '\0', '瀹', '2', '0', '4524853', '\0');
INSERT INTO `wemall_area` VALUES ('4524860', '2013-07-30 15:40:15', '\0', 'ㄥ', '2', '0', '4524853', '\0');
INSERT INTO `wemall_area` VALUES ('4524861', '2013-07-30 15:40:15', '\0', '宄ㄥ北褰娌诲', '2', '0', '4524853', '\0');
INSERT INTO `wemall_area` VALUES ('4524862', '2013-07-30 15:40:15', '\0', '板钩褰ｆ娌诲', '2', '0', '4524853', '\0');
INSERT INTO `wemall_area` VALUES ('4524863', '2013-07-30 15:40:16', '\0', '姹灏兼褰ｆ娌诲', '2', '0', '4524853', '\0');
INSERT INTO `wemall_area` VALUES ('4524864', '2013-07-30 15:40:16', '\0', '淇灞卞', '1', '0', '4524825', '\0');
INSERT INTO `wemall_area` VALUES ('4524865', '2013-07-30 15:40:16', '\0', '甯杈', '2', '0', '4524864', '\0');
INSERT INTO `wemall_area` VALUES ('4524866', '2013-07-30 15:40:16', '\0', '冲', '2', '0', '4524864', '\0');
INSERT INTO `wemall_area` VALUES ('4524867', '2013-07-30 15:40:16', '\0', '界稿', '2', '0', '4524864', '\0');
INSERT INTO `wemall_area` VALUES ('4524868', '2013-07-30 15:40:16', '\0', '惧插', '2', '0', '4524864', '\0');
INSERT INTO `wemall_area` VALUES ('4524869', '2013-07-30 15:40:16', '\0', '榫靛', '2', '0', '4524864', '\0');
INSERT INTO `wemall_area` VALUES ('4524870', '2013-07-30 15:40:16', '\0', '瀹', '2', '0', '4524864', '\0');
INSERT INTO `wemall_area` VALUES ('4524871', '2013-07-30 15:40:16', '\0', '甯', '1', '0', '4524825', '\0');
INSERT INTO `wemall_area` VALUES ('4524872', '2013-07-30 15:40:16', '\0', '甯杈', '2', '0', '4524871', '\0');
INSERT INTO `wemall_area` VALUES ('4524873', '2013-07-30 15:40:16', '\0', '冲', '2', '0', '4524871', '\0');
INSERT INTO `wemall_area` VALUES ('4524874', '2013-07-30 15:40:17', '\0', '椴稿', '2', '0', '4524871', '\0');
INSERT INTO `wemall_area` VALUES ('4524875', '2013-07-30 15:40:17', '\0', '宸у跺', '2', '0', '4524871', '\0');
INSERT INTO `wemall_area` VALUES ('4524876', '2013-07-30 15:40:17', '\0', '娲ュ', '2', '0', '4524871', '\0');
INSERT INTO `wemall_area` VALUES ('4524877', '2013-07-30 15:40:17', '\0', '澶у冲', '2', '0', '4524871', '\0');
INSERT INTO `wemall_area` VALUES ('4524878', '2013-07-30 15:40:17', '\0', '姘稿', '2', '0', '4524871', '\0');
INSERT INTO `wemall_area` VALUES ('4524879', '2013-07-30 15:40:17', '\0', '缁ユ', '2', '0', '4524871', '\0');
INSERT INTO `wemall_area` VALUES ('4524880', '2013-07-30 15:40:17', '\0', '', '2', '0', '4524871', '\0');
INSERT INTO `wemall_area` VALUES ('4524881', '2013-07-30 15:40:17', '\0', '褰', '2', '0', '4524871', '\0');
INSERT INTO `wemall_area` VALUES ('4524882', '2013-07-30 15:40:17', '\0', '濞淇″', '2', '0', '4524871', '\0');
INSERT INTO `wemall_area` VALUES ('4524883', '2013-07-30 15:40:17', '\0', '姘村', '2', '0', '4524871', '\0');
INSERT INTO `wemall_area` VALUES ('4524884', '2013-07-30 15:40:17', '\0', '涓芥甯', '1', '0', '4524825', '\0');
INSERT INTO `wemall_area` VALUES ('4524885', '2013-07-30 15:40:18', '\0', '甯杈', '2', '0', '4524884', '\0');
INSERT INTO `wemall_area` VALUES ('4524886', '2013-07-30 15:40:18', '\0', 'ゅ', '2', '0', '4524884', '\0');
INSERT INTO `wemall_area` VALUES ('4524887', '2013-07-30 15:40:18', '\0', '榫绾宠タ娌诲', '2', '0', '4524884', '\0');
INSERT INTO `wemall_area` VALUES ('4524888', '2013-07-30 15:40:18', '\0', '姘歌', '2', '0', '4524884', '\0');
INSERT INTO `wemall_area` VALUES ('4524889', '2013-07-30 15:40:18', '\0', '', '2', '0', '4524884', '\0');
INSERT INTO `wemall_area` VALUES ('4524890', '2013-07-30 15:40:18', '\0', '瀹褰娌诲', '2', '0', '4524884', '\0');
INSERT INTO `wemall_area` VALUES ('4524891', '2013-07-30 15:40:18', '\0', '娲卞', '1', '0', '4524825', '\0');
INSERT INTO `wemall_area` VALUES ('4524892', '2013-07-30 15:40:18', '\0', '甯杈', '2', '0', '4524891', '\0');
INSERT INTO `wemall_area` VALUES ('4524893', '2013-07-30 15:40:18', '\0', '', '2', '0', '4524891', '\0');
INSERT INTO `wemall_area` VALUES ('4524894', '2013-07-30 15:40:18', '\0', '瀹娲卞灏兼褰娌诲', '2', '0', '4524891', '\0');
INSERT INTO `wemall_area` VALUES ('4524895', '2013-07-30 15:40:19', '\0', '澧ㄦ灏兼娌诲', '2', '0', '4524891', '\0');
INSERT INTO `wemall_area` VALUES ('4524896', '2013-07-30 15:40:19', '\0', '涓褰娌诲', '2', '0', '4524891', '\0');
INSERT INTO `wemall_area` VALUES ('4524897', '2013-07-30 15:40:19', '\0', '璋峰ｆ褰娌诲', '2', '0', '4524891', '\0');
INSERT INTO `wemall_area` VALUES ('4524898', '2013-07-30 15:40:19', '\0', '娌褰灏兼绁娌诲', '2', '0', '4524891', '\0');
INSERT INTO `wemall_area` VALUES ('4524899', '2013-07-30 15:40:19', '\0', '姹灏兼褰娌诲', '2', '0', '4524891', '\0');
INSERT INTO `wemall_area` VALUES ('4524900', '2013-07-30 15:40:19', '\0', '瀛杩ｆ绁浣ゆ娌诲', '2', '0', '4524891', '\0');
INSERT INTO `wemall_area` VALUES ('4524901', '2013-07-30 15:40:19', '\0', '婢娌ф绁娌诲', '2', '0', '4524891', '\0');
INSERT INTO `wemall_area` VALUES ('4524902', '2013-07-30 15:40:19', '\0', '瑗跨浣ゆ娌诲', '2', '0', '4524891', '\0');
INSERT INTO `wemall_area` VALUES ('4524903', '2013-07-30 15:40:19', '\0', '涓存钵甯', '1', '0', '4524825', '\0');
INSERT INTO `wemall_area` VALUES ('4524904', '2013-07-30 15:40:19', '\0', '甯杈', '2', '0', '4524903', '\0');
INSERT INTO `wemall_area` VALUES ('4524905', '2013-07-30 15:40:19', '\0', '涓寸', '2', '0', '4524903', '\0');
INSERT INTO `wemall_area` VALUES ('4524906', '2013-07-30 15:40:20', '\0', 'ゅ', '2', '0', '4524903', '\0');
INSERT INTO `wemall_area` VALUES ('4524907', '2013-07-30 15:40:20', '\0', '浜', '2', '0', '4524903', '\0');
INSERT INTO `wemall_area` VALUES ('4524908', '2013-07-30 15:40:20', '\0', '姘稿痉', '2', '0', '4524903', '\0');
INSERT INTO `wemall_area` VALUES ('4524909', '2013-07-30 15:40:20', '\0', '搴峰', '2', '0', '4524903', '\0');
INSERT INTO `wemall_area` VALUES ('4524910', '2013-07-30 15:40:20', '\0', '姹绁浣ゆ甯ｆ娌诲', '2', '0', '4524903', '\0');
INSERT INTO `wemall_area` VALUES ('4524911', '2013-07-30 15:40:20', '\0', '块┈ｆ浣ゆ娌诲', '2', '0', '4524903', '\0');
INSERT INTO `wemall_area` VALUES ('4524912', '2013-07-30 15:40:20', '\0', '娌ф浣ゆ娌诲', '2', '0', '4524903', '\0');
INSERT INTO `wemall_area` VALUES ('4524913', '2013-07-30 15:40:20', '\0', '妤褰娌诲', '1', '0', '4524825', '\0');
INSERT INTO `wemall_area` VALUES ('4524914', '2013-07-30 15:40:20', '\0', '妤甯', '2', '0', '4524913', '\0');
INSERT INTO `wemall_area` VALUES ('4524915', '2013-07-30 15:40:20', '\0', '', '2', '0', '4524913', '\0');
INSERT INTO `wemall_area` VALUES ('4524916', '2013-07-30 15:40:20', '\0', '瀹', '2', '0', '4524913', '\0');
INSERT INTO `wemall_area` VALUES ('4524917', '2013-07-30 15:40:21', '\0', '', '2', '0', '4524913', '\0');
INSERT INTO `wemall_area` VALUES ('4524918', '2013-07-30 15:40:21', '\0', '濮瀹', '2', '0', '4524913', '\0');
INSERT INTO `wemall_area` VALUES ('4524919', '2013-07-30 15:40:21', '\0', '澶у', '2', '0', '4524913', '\0');
INSERT INTO `wemall_area` VALUES ('4524920', '2013-07-30 15:40:21', '\0', '姘镐', '2', '0', '4524913', '\0');
INSERT INTO `wemall_area` VALUES ('4524921', '2013-07-30 15:40:21', '\0', '璋', '2', '0', '4524913', '\0');
INSERT INTO `wemall_area` VALUES ('4524922', '2013-07-30 15:40:21', '\0', '姝瀹', '2', '0', '4524913', '\0');
INSERT INTO `wemall_area` VALUES ('4524923', '2013-07-30 15:40:21', '\0', '绂涓板', '2', '0', '4524913', '\0');
INSERT INTO `wemall_area` VALUES ('4524924', '2013-07-30 15:40:21', '\0', '绾㈡渤灏兼褰娌诲', '1', '0', '4524825', '\0');
INSERT INTO `wemall_area` VALUES ('4524925', '2013-07-30 15:40:21', '\0', '涓у', '2', '0', '4524924', '\0');
INSERT INTO `wemall_area` VALUES ('4524926', '2013-07-30 15:40:21', '\0', '寮杩甯', '2', '0', '4524924', '\0');
INSERT INTO `wemall_area` VALUES ('4524927', '2013-07-30 15:40:21', '\0', '甯', '2', '0', '4524924', '\0');
INSERT INTO `wemall_area` VALUES ('4524928', '2013-07-30 15:40:22', '\0', '灞杈硅娌诲', '2', '0', '4524924', '\0');
INSERT INTO `wemall_area` VALUES ('4524929', '2013-07-30 15:40:22', '\0', '寤烘按', '2', '0', '4524924', '\0');
INSERT INTO `wemall_area` VALUES ('4524930', '2013-07-30 15:40:22', '\0', '冲', '2', '0', '4524924', '\0');
INSERT INTO `wemall_area` VALUES ('4524931', '2013-07-30 15:40:22', '\0', '寮ュ', '2', '0', '4524924', '\0');
INSERT INTO `wemall_area` VALUES ('4524932', '2013-07-30 15:40:22', '\0', '娉歌タ', '2', '0', '4524924', '\0');
INSERT INTO `wemall_area` VALUES ('4524933', '2013-07-30 15:40:22', '\0', '冲', '2', '0', '4524924', '\0');
INSERT INTO `wemall_area` VALUES ('4524934', '2013-07-30 15:40:22', '\0', '绾㈡渤', '2', '0', '4524924', '\0');
INSERT INTO `wemall_area` VALUES ('4524935', '2013-07-30 15:40:22', '\0', '骞宠舵ｆ娌诲', '2', '0', '4524924', '\0');
INSERT INTO `wemall_area` VALUES ('4524936', '2013-07-30 15:40:22', '\0', '缁挎ュ', '2', '0', '4524924', '\0');
INSERT INTO `wemall_area` VALUES ('4524937', '2013-07-30 15:40:22', '\0', '娌冲ｇ舵娌诲', '2', '0', '4524924', '\0');
INSERT INTO `wemall_area` VALUES ('4524938', '2013-07-30 15:40:22', '\0', '灞卞．娌诲', '1', '0', '4524825', '\0');
INSERT INTO `wemall_area` VALUES ('4524939', '2013-07-30 15:40:23', '\0', '灞卞', '2', '0', '4524938', '\0');
INSERT INTO `wemall_area` VALUES ('4524940', '2013-07-30 15:40:23', '\0', '灞卞', '2', '0', '4524938', '\0');
INSERT INTO `wemall_area` VALUES ('4524941', '2013-07-30 15:40:23', '\0', '瑗跨村', '2', '0', '4524938', '\0');
INSERT INTO `wemall_area` VALUES ('4524942', '2013-07-30 15:40:23', '\0', '楹绘″', '2', '0', '4524938', '\0');
INSERT INTO `wemall_area` VALUES ('4524943', '2013-07-30 15:40:23', '\0', '椹冲', '2', '0', '4524938', '\0');
INSERT INTO `wemall_area` VALUES ('4524944', '2013-07-30 15:40:23', '\0', '涓', '2', '0', '4524938', '\0');
INSERT INTO `wemall_area` VALUES ('4524945', '2013-07-30 15:40:23', '\0', '骞垮', '2', '0', '4524938', '\0');
INSERT INTO `wemall_area` VALUES ('4524946', '2013-07-30 15:40:23', '\0', '瀵瀹', '2', '0', '4524938', '\0');
INSERT INTO `wemall_area` VALUES ('4524947', '2013-07-30 15:40:23', '\0', '瑗垮绾冲ｆ娌诲', '1', '0', '4524825', '\0');
INSERT INTO `wemall_area` VALUES ('4524948', '2013-07-30 15:40:23', '\0', '娲甯', '2', '0', '4524947', '\0');
INSERT INTO `wemall_area` VALUES ('4524949', '2013-07-30 15:40:23', '\0', '娴峰', '2', '0', '4524947', '\0');
INSERT INTO `wemall_area` VALUES ('4524950', '2013-07-30 15:40:24', '\0', '', '2', '0', '4524947', '\0');
INSERT INTO `wemall_area` VALUES ('4524951', '2013-07-30 15:40:24', '\0', '澶х芥娌诲', '1', '0', '4524825', '\0');
INSERT INTO `wemall_area` VALUES ('4524952', '2013-07-30 15:40:24', '\0', '澶х甯', '2', '0', '4524951', '\0');
INSERT INTO `wemall_area` VALUES ('4524953', '2013-07-30 15:40:24', '\0', '婕炬褰娌诲', '2', '0', '4524951', '\0');
INSERT INTO `wemall_area` VALUES ('4524954', '2013-07-30 15:40:24', '\0', '绁ヤ', '2', '0', '4524951', '\0');
INSERT INTO `wemall_area` VALUES ('4524955', '2013-07-30 15:40:24', '\0', '瀹惧', '2', '0', '4524951', '\0');
INSERT INTO `wemall_area` VALUES ('4524956', '2013-07-30 15:40:24', '\0', '寮ユ浮', '2', '0', '4524951', '\0');
INSERT INTO `wemall_area` VALUES ('4524957', '2013-07-30 15:40:24', '\0', '娑у娌诲', '2', '0', '4524951', '\0');
INSERT INTO `wemall_area` VALUES ('4524958', '2013-07-30 15:40:24', '\0', '宸灞卞娌诲', '2', '0', '4524951', '\0');
INSERT INTO `wemall_area` VALUES ('4524959', '2013-07-30 15:40:24', '\0', '姘稿钩', '2', '0', '4524951', '\0');
INSERT INTO `wemall_area` VALUES ('4524960', '2013-07-30 15:40:25', '\0', '浜榫', '2', '0', '4524951', '\0');
INSERT INTO `wemall_area` VALUES ('4524961', '2013-07-30 15:40:25', '\0', '娲辨', '2', '0', '4524951', '\0');
INSERT INTO `wemall_area` VALUES ('4524962', '2013-07-30 15:40:25', '\0', '宸', '2', '0', '4524951', '\0');
INSERT INTO `wemall_area` VALUES ('4524963', '2013-07-30 15:40:25', '\0', '楣ゅ', '2', '0', '4524951', '\0');
INSERT INTO `wemall_area` VALUES ('4524964', '2013-07-30 15:40:25', '\0', '寰峰ｆ棰娌诲', '1', '0', '4524825', '\0');
INSERT INTO `wemall_area` VALUES ('4524965', '2013-07-30 15:40:25', '\0', '涓藉', '2', '0', '4524964', '\0');
INSERT INTO `wemall_area` VALUES ('4524966', '2013-07-30 15:40:25', '\0', '甯', '2', '0', '4524964', '\0');
INSERT INTO `wemall_area` VALUES ('4524967', '2013-07-30 15:40:25', '\0', '姊娌冲', '2', '0', '4524964', '\0');
INSERT INTO `wemall_area` VALUES ('4524968', '2013-07-30 15:40:25', '\0', '姹', '2', '0', '4524964', '\0');
INSERT INTO `wemall_area` VALUES ('4524969', '2013-07-30 15:40:25', '\0', '宸', '2', '0', '4524964', '\0');
INSERT INTO `wemall_area` VALUES ('4524970', '2013-07-30 15:40:25', '\0', '姹虫娌诲', '1', '0', '4524825', '\0');
INSERT INTO `wemall_area` VALUES ('4524971', '2013-07-30 15:40:26', '\0', '娉告按', '2', '0', '4524970', '\0');
INSERT INTO `wemall_area` VALUES ('4524972', '2013-07-30 15:40:26', '\0', '绂璐″', '2', '0', '4524970', '\0');
INSERT INTO `wemall_area` VALUES ('4524973', '2013-07-30 15:40:26', '\0', '璐″北榫娌诲', '2', '0', '4524970', '\0');
INSERT INTO `wemall_area` VALUES ('4524974', '2013-07-30 15:40:26', '\0', '板芥绫虫娌诲', '2', '0', '4524970', '\0');
INSERT INTO `wemall_area` VALUES ('4524975', '2013-07-30 15:40:26', '\0', '杩搴娌诲', '1', '0', '4524825', '\0');
INSERT INTO `wemall_area` VALUES ('4524976', '2013-07-30 15:40:26', '\0', '棣奸', '2', '0', '4524975', '\0');
INSERT INTO `wemall_area` VALUES ('4524977', '2013-07-30 15:40:26', '\0', '寰烽', '2', '0', '4524975', '\0');
INSERT INTO `wemall_area` VALUES ('4524978', '2013-07-30 15:40:26', '\0', '缁磋タ虫娌诲', '2', '0', '4524975', '\0');
INSERT INTO `wemall_area` VALUES ('4524979', '2013-07-30 15:40:26', '\0', '瑗胯娌诲', '0', '0', null, '\0');
INSERT INTO `wemall_area` VALUES ('4524980', '2013-07-30 15:40:26', '\0', 'ㄥ', '1', '0', '4524979', '\0');
INSERT INTO `wemall_area` VALUES ('4524981', '2013-07-30 15:40:26', '\0', '甯杈', '2', '0', '4524980', '\0');
INSERT INTO `wemall_area` VALUES ('4524982', '2013-07-30 15:40:27', '\0', '冲', '2', '0', '4524980', '\0');
INSERT INTO `wemall_area` VALUES ('4524983', '2013-07-30 15:40:27', '\0', 'ㄥ', '2', '0', '4524980', '\0');
INSERT INTO `wemall_area` VALUES ('4524984', '2013-07-30 15:40:27', '\0', '褰', '2', '0', '4524980', '\0');
INSERT INTO `wemall_area` VALUES ('4524985', '2013-07-30 15:40:27', '\0', '灏兼ㄥ', '2', '0', '4524980', '\0');
INSERT INTO `wemall_area` VALUES ('4524986', '2013-07-30 15:40:27', '\0', '叉按', '2', '0', '4524980', '\0');
INSERT INTO `wemall_area` VALUES ('4524987', '2013-07-30 15:40:27', '\0', '榫寰峰', '2', '0', '4524980', '\0');
INSERT INTO `wemall_area` VALUES ('4524988', '2013-07-30 15:40:27', '\0', '杈惧', '2', '0', '4524980', '\0');
INSERT INTO `wemall_area` VALUES ('4524989', '2013-07-30 15:40:27', '\0', '澧ㄧ瑰伐″', '2', '0', '4524980', '\0');
INSERT INTO `wemall_area` VALUES ('4524990', '2013-07-30 15:40:27', '\0', '藉板', '1', '0', '4524979', '\0');
INSERT INTO `wemall_area` VALUES ('4524991', '2013-07-30 15:40:27', '\0', '藉', '2', '0', '4524990', '\0');
INSERT INTO `wemall_area` VALUES ('4524992', '2013-07-30 15:40:27', '\0', '姹杈惧', '2', '0', '4524990', '\0');
INSERT INTO `wemall_area` VALUES ('4524993', '2013-07-30 15:40:28', '\0', '璐¤', '2', '0', '4524990', '\0');
INSERT INTO `wemall_area` VALUES ('4524994', '2013-07-30 15:40:28', '\0', '绫讳榻', '2', '0', '4524990', '\0');
INSERT INTO `wemall_area` VALUES ('4524995', '2013-07-30 15:40:28', '\0', '涓', '2', '0', '4524990', '\0');
INSERT INTO `wemall_area` VALUES ('4524996', '2013-07-30 15:40:28', '\0', '瀵', '2', '0', '4524990', '\0');
INSERT INTO `wemall_area` VALUES ('4524997', '2013-07-30 15:40:28', '\0', '瀹垮', '2', '0', '4524990', '\0');
INSERT INTO `wemall_area` VALUES ('4524998', '2013-07-30 15:40:28', '\0', '宸璐″', '2', '0', '4524990', '\0');
INSERT INTO `wemall_area` VALUES ('4524999', '2013-07-30 15:40:28', '\0', '搴峰', '2', '0', '4524990', '\0');
INSERT INTO `wemall_area` VALUES ('4525000', '2013-07-30 15:40:28', '\0', '娲', '2', '0', '4524990', '\0');
INSERT INTO `wemall_area` VALUES ('4525001', '2013-07-30 15:40:28', '\0', '杈瑰', '2', '0', '4524990', '\0');
INSERT INTO `wemall_area` VALUES ('4525002', '2013-07-30 15:40:28', '\0', '灞卞板', '1', '0', '4524979', '\0');
INSERT INTO `wemall_area` VALUES ('4525003', '2013-07-30 15:40:28', '\0', '涔涓', '2', '0', '4525002', '\0');
INSERT INTO `wemall_area` VALUES ('4525004', '2013-07-30 15:40:29', '\0', '', '2', '0', '4525002', '\0');
INSERT INTO `wemall_area` VALUES ('4525005', '2013-07-30 15:40:29', '\0', '璐″', '2', '0', '4525002', '\0');
INSERT INTO `wemall_area` VALUES ('4525006', '2013-07-30 15:40:29', '\0', '妗ュ', '2', '0', '4525002', '\0');
INSERT INTO `wemall_area` VALUES ('4525007', '2013-07-30 15:40:29', '\0', '肩', '2', '0', '4525002', '\0');
INSERT INTO `wemall_area` VALUES ('4525008', '2013-07-30 15:40:29', '\0', '叉惧', '2', '0', '4525002', '\0');
INSERT INTO `wemall_area` VALUES ('4525009', '2013-07-30 15:40:29', '\0', '缇', '2', '0', '4525002', '\0');
INSERT INTO `wemall_area` VALUES ('4525010', '2013-07-30 15:40:29', '\0', '娲', '2', '0', '4525002', '\0');
INSERT INTO `wemall_area` VALUES ('4525011', '2013-07-30 15:40:29', '\0', 'ュ', '2', '0', '4525002', '\0');
INSERT INTO `wemall_area` VALUES ('4525012', '2013-07-30 15:40:29', '\0', '瀛', '2', '0', '4525002', '\0');
INSERT INTO `wemall_area` VALUES ('4525013', '2013-07-30 15:40:29', '\0', 'ｅ', '2', '0', '4525002', '\0');
INSERT INTO `wemall_area` VALUES ('4525014', '2013-07-30 15:40:29', '\0', '娴″', '2', '0', '4525002', '\0');
INSERT INTO `wemall_area` VALUES ('4525015', '2013-07-30 15:40:30', '\0', 'ュ板', '1', '0', '4524979', '\0');
INSERT INTO `wemall_area` VALUES ('4525016', '2013-07-30 15:40:30', '\0', 'ュ甯', '2', '0', '4525015', '\0');
INSERT INTO `wemall_area` VALUES ('4525017', '2013-07-30 15:40:30', '\0', 'ㄦ', '2', '0', '4525015', '\0');
INSERT INTO `wemall_area` VALUES ('4525018', '2013-07-30 15:40:30', '\0', '姹瀛', '2', '0', '4525015', '\0');
INSERT INTO `wemall_area` VALUES ('4525019', '2013-07-30 15:40:30', '\0', '瀹ュ', '2', '0', '4525015', '\0');
INSERT INTO `wemall_area` VALUES ('4525020', '2013-07-30 15:40:30', '\0', 'ㄨ喀', '2', '0', '4525015', '\0');
INSERT INTO `wemall_area` VALUES ('4525021', '2013-07-30 15:40:30', '\0', '瀛', '2', '0', '4525015', '\0');
INSERT INTO `wemall_area` VALUES ('4525022', '2013-07-30 15:40:30', '\0', '浠', '2', '0', '4525015', '\0');
INSERT INTO `wemall_area` VALUES ('4525023', '2013-07-30 15:40:30', '\0', '璋㈤ㄥ', '2', '0', '4525015', '\0');
INSERT INTO `wemall_area` VALUES ('4525024', '2013-07-30 15:40:30', '\0', '芥', '2', '0', '4525015', '\0');
INSERT INTO `wemall_area` VALUES ('4525025', '2013-07-30 15:40:30', '\0', '浠甯', '2', '0', '4525015', '\0');
INSERT INTO `wemall_area` VALUES ('4525026', '2013-07-30 15:40:31', '\0', '搴烽┈', '2', '0', '4525015', '\0');
INSERT INTO `wemall_area` VALUES ('4525027', '2013-07-30 15:40:31', '\0', '瀹缁', '2', '0', '4525015', '\0');
INSERT INTO `wemall_area` VALUES ('4525028', '2013-07-30 15:40:31', '\0', '浠插反', '2', '0', '4525015', '\0');
INSERT INTO `wemall_area` VALUES ('4525029', '2013-07-30 15:40:31', '\0', '浜涓', '2', '0', '4525015', '\0');
INSERT INTO `wemall_area` VALUES ('4525030', '2013-07-30 15:40:31', '\0', '', '2', '0', '4525015', '\0');
INSERT INTO `wemall_area` VALUES ('4525031', '2013-07-30 15:40:31', '\0', 'ㄥ', '2', '0', '4525015', '\0');
INSERT INTO `wemall_area` VALUES ('4525032', '2013-07-30 15:40:31', '\0', 'ㄥ', '2', '0', '4525015', '\0');
INSERT INTO `wemall_area` VALUES ('4525033', '2013-07-30 15:40:31', '\0', '宀宸村', '2', '0', '4525015', '\0');
INSERT INTO `wemall_area` VALUES ('4525034', '2013-07-30 15:40:31', '\0', 'ｆ插板', '1', '0', '4524979', '\0');
INSERT INTO `wemall_area` VALUES ('4525035', '2013-07-30 15:40:31', '\0', 'ｆ插', '2', '0', '4525034', '\0');
INSERT INTO `wemall_area` VALUES ('4525036', '2013-07-30 15:40:32', '\0', '榛', '2', '0', '4525034', '\0');
INSERT INTO `wemall_area` VALUES ('4525037', '2013-07-30 15:40:32', '\0', '姣濡', '2', '0', '4525034', '\0');
INSERT INTO `wemall_area` VALUES ('4525038', '2013-07-30 15:40:32', '\0', 'ｅ', '2', '0', '4525034', '\0');
INSERT INTO `wemall_area` VALUES ('4525039', '2013-07-30 15:40:32', '\0', '瀹澶', '2', '0', '4525034', '\0');
INSERT INTO `wemall_area` VALUES ('4525040', '2013-07-30 15:40:32', '\0', '虫', '2', '0', '4525034', '\0');
INSERT INTO `wemall_area` VALUES ('4525041', '2013-07-30 15:40:32', '\0', '绱㈠', '2', '0', '4525034', '\0');
INSERT INTO `wemall_area` VALUES ('4525042', '2013-07-30 15:40:32', '\0', '', '2', '0', '4525034', '\0');
INSERT INTO `wemall_area` VALUES ('4525043', '2013-07-30 15:40:32', '\0', '宸撮', '2', '0', '4525034', '\0');
INSERT INTO `wemall_area` VALUES ('4525044', '2013-07-30 15:40:32', '\0', '灏肩', '2', '0', '4525034', '\0');
INSERT INTO `wemall_area` VALUES ('4525045', '2013-07-30 15:40:32', '\0', '块板', '1', '0', '4524979', '\0');
INSERT INTO `wemall_area` VALUES ('4525046', '2013-07-30 15:40:32', '\0', '板', '2', '0', '4525045', '\0');
INSERT INTO `wemall_area` VALUES ('4525047', '2013-07-30 15:40:33', '\0', '杈惧', '2', '0', '4525045', '\0');
INSERT INTO `wemall_area` VALUES ('4525048', '2013-07-30 15:40:33', '\0', '跺', '2', '0', '4525045', '\0');
INSERT INTO `wemall_area` VALUES ('4525049', '2013-07-30 15:40:33', '\0', 'ュ', '2', '0', '4525045', '\0');
INSERT INTO `wemall_area` VALUES ('4525050', '2013-07-30 15:40:33', '\0', '╁', '2', '0', '4525045', '\0');
INSERT INTO `wemall_area` VALUES ('4525051', '2013-07-30 15:40:33', '\0', '瑰', '2', '0', '4525045', '\0');
INSERT INTO `wemall_area` VALUES ('4525052', '2013-07-30 15:40:33', '\0', 'ゅ', '2', '0', '4525045', '\0');
INSERT INTO `wemall_area` VALUES ('4525053', '2013-07-30 15:40:33', '\0', '板', '1', '0', '4524979', '\0');
INSERT INTO `wemall_area` VALUES ('4525054', '2013-07-30 15:40:33', '\0', '', '2', '0', '4525053', '\0');
INSERT INTO `wemall_area` VALUES ('4525055', '2013-07-30 15:40:33', '\0', '宸ュ姹杈惧', '2', '0', '4525053', '\0');
INSERT INTO `wemall_area` VALUES ('4525056', '2013-07-30 15:40:33', '\0', '绫虫', '2', '0', '4525053', '\0');
INSERT INTO `wemall_area` VALUES ('4525057', '2013-07-30 15:40:34', '\0', '澧ㄨ卞', '2', '0', '4525053', '\0');
INSERT INTO `wemall_area` VALUES ('4525058', '2013-07-30 15:40:34', '\0', '娉㈠', '2', '0', '4525053', '\0');
INSERT INTO `wemall_area` VALUES ('4525059', '2013-07-30 15:40:34', '\0', '瀵', '2', '0', '4525053', '\0');
INSERT INTO `wemall_area` VALUES ('4525060', '2013-07-30 15:40:34', '\0', '', '2', '0', '4525053', '\0');
INSERT INTO `wemall_area` VALUES ('4525061', '2013-07-30 15:40:34', '\0', '瑗跨', '0', '0', null, '\0');
INSERT INTO `wemall_area` VALUES ('4525062', '2013-07-30 15:40:34', '\0', '瑗垮甯', '1', '0', '4525061', '\0');
INSERT INTO `wemall_area` VALUES ('4525063', '2013-07-30 15:40:34', '\0', '甯杈', '2', '0', '4525062', '\0');
INSERT INTO `wemall_area` VALUES ('4525064', '2013-07-30 15:40:34', '\0', '板', '2', '0', '4525062', '\0');
INSERT INTO `wemall_area` VALUES ('4525065', '2013-07-30 15:40:34', '\0', '纰', '2', '0', '4525062', '\0');
INSERT INTO `wemall_area` VALUES ('4525066', '2013-07-30 15:40:34', '\0', '叉', '2', '0', '4525062', '\0');
INSERT INTO `wemall_area` VALUES ('4525067', '2013-07-30 15:40:35', '\0', '妗ュ', '2', '0', '4525062', '\0');
INSERT INTO `wemall_area` VALUES ('4525068', '2013-07-30 15:40:35', '\0', '澶', '2', '0', '4525062', '\0');
INSERT INTO `wemall_area` VALUES ('4525069', '2013-07-30 15:40:35', '\0', '濉', '2', '0', '4525062', '\0');
INSERT INTO `wemall_area` VALUES ('4525070', '2013-07-30 15:40:35', '\0', '', '2', '0', '4525062', '\0');
INSERT INTO `wemall_area` VALUES ('4525071', '2013-07-30 15:40:35', '\0', '涓存郊', '2', '0', '4525062', '\0');
INSERT INTO `wemall_area` VALUES ('4525072', '2013-07-30 15:40:35', '\0', '垮', '2', '0', '4525062', '\0');
INSERT INTO `wemall_area` VALUES ('4525073', '2013-07-30 15:40:35', '\0', '板', '2', '0', '4525062', '\0');
INSERT INTO `wemall_area` VALUES ('4525074', '2013-07-30 15:40:35', '\0', 'ㄨ冲', '2', '0', '4525062', '\0');
INSERT INTO `wemall_area` VALUES ('4525075', '2013-07-30 15:40:35', '\0', '峰', '2', '0', '4525062', '\0');
INSERT INTO `wemall_area` VALUES ('4525076', '2013-07-30 15:40:35', '\0', '楂靛', '2', '0', '4525062', '\0');
INSERT INTO `wemall_area` VALUES ('4525077', '2013-07-30 15:40:35', '\0', '宸甯', '1', '0', '4525061', '\0');
INSERT INTO `wemall_area` VALUES ('4525078', '2013-07-30 15:40:36', '\0', '甯杈', '2', '0', '4525077', '\0');
INSERT INTO `wemall_area` VALUES ('4525079', '2013-07-30 15:40:36', '\0', '', '2', '0', '4525077', '\0');
INSERT INTO `wemall_area` VALUES ('4525080', '2013-07-30 15:40:36', '\0', '板板', '2', '0', '4525077', '\0');
INSERT INTO `wemall_area` VALUES ('4525081', '2013-07-30 15:40:36', '\0', '宸', '2', '0', '4525077', '\0');
INSERT INTO `wemall_area` VALUES ('4525082', '2013-07-30 15:40:36', '\0', '瀹', '2', '0', '4525077', '\0');
INSERT INTO `wemall_area` VALUES ('4525083', '2013-07-30 15:40:36', '\0', '瀹楦″', '1', '0', '4525061', '\0');
INSERT INTO `wemall_area` VALUES ('4525084', '2013-07-30 15:40:36', '\0', '甯杈', '2', '0', '4525083', '\0');
INSERT INTO `wemall_area` VALUES ('4525085', '2013-07-30 15:40:36', '\0', '娓婊ㄥ', '2', '0', '4525083', '\0');
INSERT INTO `wemall_area` VALUES ('4525086', '2013-07-30 15:40:36', '\0', '板', '2', '0', '4525083', '\0');
INSERT INTO `wemall_area` VALUES ('4525087', '2013-07-30 15:40:36', '\0', '浠', '2', '0', '4525083', '\0');
INSERT INTO `wemall_area` VALUES ('4525088', '2013-07-30 15:40:37', '\0', 'ょ', '2', '0', '4525083', '\0');
INSERT INTO `wemall_area` VALUES ('4525089', '2013-07-30 15:40:37', '\0', '宀灞卞', '2', '0', '4525083', '\0');
INSERT INTO `wemall_area` VALUES ('4525090', '2013-07-30 15:40:37', '\0', '堕', '2', '0', '4525083', '\0');
INSERT INTO `wemall_area` VALUES ('4525091', '2013-07-30 15:40:37', '\0', '', '2', '0', '4525083', '\0');
INSERT INTO `wemall_area` VALUES ('4525092', '2013-07-30 15:40:37', '\0', '', '2', '0', '4525083', '\0');
INSERT INTO `wemall_area` VALUES ('4525093', '2013-07-30 15:40:37', '\0', '冲', '2', '0', '4525083', '\0');
INSERT INTO `wemall_area` VALUES ('4525094', '2013-07-30 15:40:37', '\0', '楹娓稿', '2', '0', '4525083', '\0');
INSERT INTO `wemall_area` VALUES ('4525095', '2013-07-30 15:40:37', '\0', 'ゅ', '2', '0', '4525083', '\0');
INSERT INTO `wemall_area` VALUES ('4525096', '2013-07-30 15:40:37', '\0', '澶藉', '2', '0', '4525083', '\0');
INSERT INTO `wemall_area` VALUES ('4525097', '2013-07-30 15:40:37', '\0', '搁冲', '1', '0', '4525061', '\0');
INSERT INTO `wemall_area` VALUES ('4525098', '2013-07-30 15:40:38', '\0', '甯杈', '2', '0', '4525097', '\0');
INSERT INTO `wemall_area` VALUES ('4525099', '2013-07-30 15:40:38', '\0', '绉藉', '2', '0', '4525097', '\0');
INSERT INTO `wemall_area` VALUES ('4525100', '2013-07-30 15:40:38', '\0', 'ㄩ靛', '2', '0', '4525097', '\0');
INSERT INTO `wemall_area` VALUES ('4525101', '2013-07-30 15:40:38', '\0', '娓', '2', '0', '4525097', '\0');
INSERT INTO `wemall_area` VALUES ('4525102', '2013-07-30 15:40:38', '\0', '涓', '2', '0', '4525097', '\0');
INSERT INTO `wemall_area` VALUES ('4525103', '2013-07-30 15:40:38', '\0', '娉鹃冲', '2', '0', '4525097', '\0');
INSERT INTO `wemall_area` VALUES ('4525104', '2013-07-30 15:40:38', '\0', '涔惧', '2', '0', '4525097', '\0');
INSERT INTO `wemall_area` VALUES ('4525105', '2013-07-30 15:40:38', '\0', '绀兼', '2', '0', '4525097', '\0');
INSERT INTO `wemall_area` VALUES ('4525106', '2013-07-30 15:40:38', '\0', '姘稿垮', '2', '0', '4525097', '\0');
INSERT INTO `wemall_area` VALUES ('4525107', '2013-07-30 15:40:38', '\0', '褰', '2', '0', '4525097', '\0');
INSERT INTO `wemall_area` VALUES ('4525108', '2013-07-30 15:40:38', '\0', '挎', '2', '0', '4525097', '\0');
INSERT INTO `wemall_area` VALUES ('4525109', '2013-07-30 15:40:39', '\0', '', '2', '0', '4525097', '\0');
INSERT INTO `wemall_area` VALUES ('4525110', '2013-07-30 15:40:39', '\0', '娣冲', '2', '0', '4525097', '\0');
INSERT INTO `wemall_area` VALUES ('4525111', '2013-07-30 15:40:39', '\0', '姝', '2', '0', '4525097', '\0');
INSERT INTO `wemall_area` VALUES ('4525112', '2013-07-30 15:40:39', '\0', '村钩甯', '2', '0', '4525097', '\0');
INSERT INTO `wemall_area` VALUES ('4525113', '2013-07-30 15:40:39', '\0', '娓甯', '1', '0', '4525061', '\0');
INSERT INTO `wemall_area` VALUES ('4525114', '2013-07-30 15:40:39', '\0', '甯杈', '2', '0', '4525113', '\0');
INSERT INTO `wemall_area` VALUES ('4525115', '2013-07-30 15:40:39', '\0', '涓存腑', '2', '0', '4525113', '\0');
INSERT INTO `wemall_area` VALUES ('4525116', '2013-07-30 15:40:39', '\0', '', '2', '0', '4525113', '\0');
INSERT INTO `wemall_area` VALUES ('4525117', '2013-07-30 15:40:39', '\0', '娼煎冲', '2', '0', '4525113', '\0');
INSERT INTO `wemall_area` VALUES ('4525118', '2013-07-30 15:40:39', '\0', '澶ц', '2', '0', '4525113', '\0');
INSERT INTO `wemall_area` VALUES ('4525119', '2013-07-30 15:40:40', '\0', '冲', '2', '0', '4525113', '\0');
INSERT INTO `wemall_area` VALUES ('4525120', '2013-07-30 15:40:40', '\0', '婢', '2', '0', '4525113', '\0');
INSERT INTO `wemall_area` VALUES ('4525121', '2013-07-30 15:40:40', '\0', '插', '2', '0', '4525113', '\0');
INSERT INTO `wemall_area` VALUES ('4525122', '2013-07-30 15:40:40', '\0', '芥按', '2', '0', '4525113', '\0');
INSERT INTO `wemall_area` VALUES ('4525123', '2013-07-30 15:40:40', '\0', '瀵骞冲', '2', '0', '4525113', '\0');
INSERT INTO `wemall_area` VALUES ('4525124', '2013-07-30 15:40:40', '\0', '╁甯', '2', '0', '4525113', '\0');
INSERT INTO `wemall_area` VALUES ('4525125', '2013-07-30 15:40:40', '\0', '村', '2', '0', '4525113', '\0');
INSERT INTO `wemall_area` VALUES ('4525126', '2013-07-30 15:40:40', '\0', '寤跺甯', '1', '0', '4525061', '\0');
INSERT INTO `wemall_area` VALUES ('4525127', '2013-07-30 15:40:40', '\0', '甯杈', '2', '0', '4525126', '\0');
INSERT INTO `wemall_area` VALUES ('4525128', '2013-07-30 15:40:40', '\0', '瀹濉', '2', '0', '4525126', '\0');
INSERT INTO `wemall_area` VALUES ('4525129', '2013-07-30 15:40:40', '\0', '寤堕垮', '2', '0', '4525126', '\0');
INSERT INTO `wemall_area` VALUES ('4525130', '2013-07-30 15:40:41', '\0', '寤跺', '2', '0', '4525126', '\0');
INSERT INTO `wemall_area` VALUES ('4525131', '2013-07-30 15:40:41', '\0', '瀛垮', '2', '0', '4525126', '\0');
INSERT INTO `wemall_area` VALUES ('4525132', '2013-07-30 15:40:41', '\0', '瀹濉', '2', '0', '4525126', '\0');
INSERT INTO `wemall_area` VALUES ('4525133', '2013-07-30 15:40:41', '\0', '蹇涓瑰', '2', '0', '4525126', '\0');
INSERT INTO `wemall_area` VALUES ('4525134', '2013-07-30 15:40:41', '\0', '磋捣', '2', '0', '4525126', '\0');
INSERT INTO `wemall_area` VALUES ('4525135', '2013-07-30 15:40:41', '\0', '娉', '2', '0', '4525126', '\0');
INSERT INTO `wemall_area` VALUES ('4525136', '2013-07-30 15:40:41', '\0', '瀵', '2', '0', '4525126', '\0');
INSERT INTO `wemall_area` VALUES ('4525137', '2013-07-30 15:40:41', '\0', '娲宸', '2', '0', '4525126', '\0');
INSERT INTO `wemall_area` VALUES ('4525138', '2013-07-30 15:40:41', '\0', '瀹宸', '2', '0', '4525126', '\0');
INSERT INTO `wemall_area` VALUES ('4525139', '2013-07-30 15:40:41', '\0', '榛榫', '2', '0', '4525126', '\0');
INSERT INTO `wemall_area` VALUES ('4525140', '2013-07-30 15:40:42', '\0', '榛靛', '2', '0', '4525126', '\0');
INSERT INTO `wemall_area` VALUES ('4525141', '2013-07-30 15:40:42', '\0', '姹涓甯', '1', '0', '4525061', '\0');
INSERT INTO `wemall_area` VALUES ('4525142', '2013-07-30 15:40:42', '\0', '甯杈', '2', '0', '4525141', '\0');
INSERT INTO `wemall_area` VALUES ('4525143', '2013-07-30 15:40:42', '\0', '姹板', '2', '0', '4525141', '\0');
INSERT INTO `wemall_area` VALUES ('4525144', '2013-07-30 15:40:42', '\0', '', '2', '0', '4525141', '\0');
INSERT INTO `wemall_area` VALUES ('4525145', '2013-07-30 15:40:42', '\0', '哄', '2', '0', '4525141', '\0');
INSERT INTO `wemall_area` VALUES ('4525146', '2013-07-30 15:40:42', '\0', '娲', '2', '0', '4525141', '\0');
INSERT INTO `wemall_area` VALUES ('4525147', '2013-07-30 15:40:42', '\0', '瑗夸埂', '2', '0', '4525141', '\0');
INSERT INTO `wemall_area` VALUES ('4525148', '2013-07-30 15:40:42', '\0', '', '2', '0', '4525141', '\0');
INSERT INTO `wemall_area` VALUES ('4525149', '2013-07-30 15:40:42', '\0', '瀹寮哄', '2', '0', '4525141', '\0');
INSERT INTO `wemall_area` VALUES ('4525150', '2013-07-30 15:40:43', '\0', 'ラ冲', '2', '0', '4525141', '\0');
INSERT INTO `wemall_area` VALUES ('4525151', '2013-07-30 15:40:43', '\0', '宸村', '2', '0', '4525141', '\0');
INSERT INTO `wemall_area` VALUES ('4525152', '2013-07-30 15:40:43', '\0', '', '2', '0', '4525141', '\0');
INSERT INTO `wemall_area` VALUES ('4525153', '2013-07-30 15:40:43', '\0', '浣', '2', '0', '4525141', '\0');
INSERT INTO `wemall_area` VALUES ('4525154', '2013-07-30 15:40:43', '\0', '姒甯', '1', '0', '4525061', '\0');
INSERT INTO `wemall_area` VALUES ('4525155', '2013-07-30 15:40:43', '\0', '甯杈', '2', '0', '4525154', '\0');
INSERT INTO `wemall_area` VALUES ('4525156', '2013-07-30 15:40:43', '\0', '姒冲', '2', '0', '4525154', '\0');
INSERT INTO `wemall_area` VALUES ('4525157', '2013-07-30 15:40:43', '\0', '绁ㄥ', '2', '0', '4525154', '\0');
INSERT INTO `wemall_area` VALUES ('4525158', '2013-07-30 15:40:43', '\0', '搴璋峰', '2', '0', '4525154', '\0');
INSERT INTO `wemall_area` VALUES ('4525159', '2013-07-30 15:40:43', '\0', '妯灞卞', '2', '0', '4525154', '\0');
INSERT INTO `wemall_area` VALUES ('4525160', '2013-07-30 15:40:43', '\0', '杈瑰', '2', '0', '4525154', '\0');
INSERT INTO `wemall_area` VALUES ('4525161', '2013-07-30 15:40:44', '\0', '瀹杈瑰', '2', '0', '4525154', '\0');
INSERT INTO `wemall_area` VALUES ('4525162', '2013-07-30 15:40:44', '\0', '缁ュ痉', '2', '0', '4525154', '\0');
INSERT INTO `wemall_area` VALUES ('4525163', '2013-07-30 15:40:44', '\0', '绫宠', '2', '0', '4525154', '\0');
INSERT INTO `wemall_area` VALUES ('4525164', '2013-07-30 15:40:44', '\0', '浣冲', '2', '0', '4525154', '\0');
INSERT INTO `wemall_area` VALUES ('4525165', '2013-07-30 15:40:44', '\0', '村″', '2', '0', '4525154', '\0');
INSERT INTO `wemall_area` VALUES ('4525166', '2013-07-30 15:40:44', '\0', '娓娑у', '2', '0', '4525154', '\0');
INSERT INTO `wemall_area` VALUES ('4525167', '2013-07-30 15:40:44', '\0', '瀛娲插', '2', '0', '4525154', '\0');
INSERT INTO `wemall_area` VALUES ('4525168', '2013-07-30 15:40:44', '\0', '瀹搴峰', '1', '0', '4525061', '\0');
INSERT INTO `wemall_area` VALUES ('4525169', '2013-07-30 15:40:44', '\0', '甯杈', '2', '0', '4525168', '\0');
INSERT INTO `wemall_area` VALUES ('4525170', '2013-07-30 15:40:44', '\0', '姹婊ㄥ', '2', '0', '4525168', '\0');
INSERT INTO `wemall_area` VALUES ('4525171', '2013-07-30 15:40:45', '\0', '姹村', '2', '0', '4525168', '\0');
INSERT INTO `wemall_area` VALUES ('4525172', '2013-07-30 15:40:45', '\0', '虫', '2', '0', '4525168', '\0');
INSERT INTO `wemall_area` VALUES ('4525173', '2013-07-30 15:40:45', '\0', '瀹', '2', '0', '4525168', '\0');
INSERT INTO `wemall_area` VALUES ('4525174', '2013-07-30 15:40:45', '\0', '绱冲', '2', '0', '4525168', '\0');
INSERT INTO `wemall_area` VALUES ('4525175', '2013-07-30 15:40:45', '\0', '宀', '2', '0', '4525168', '\0');
INSERT INTO `wemall_area` VALUES ('4525176', '2013-07-30 15:40:45', '\0', '骞冲╁', '2', '0', '4525168', '\0');
INSERT INTO `wemall_area` VALUES ('4525177', '2013-07-30 15:40:45', '\0', '', '2', '0', '4525168', '\0');
INSERT INTO `wemall_area` VALUES ('4525178', '2013-07-30 15:40:45', '\0', '冲', '2', '0', '4525168', '\0');
INSERT INTO `wemall_area` VALUES ('4525179', '2013-07-30 15:40:45', '\0', '芥渤', '2', '0', '4525168', '\0');
INSERT INTO `wemall_area` VALUES ('4525180', '2013-07-30 15:40:45', '\0', '娲甯', '1', '0', '4525061', '\0');
INSERT INTO `wemall_area` VALUES ('4525181', '2013-07-30 15:40:46', '\0', '甯杈', '2', '0', '4525180', '\0');
INSERT INTO `wemall_area` VALUES ('4525182', '2013-07-30 15:40:46', '\0', '宸', '2', '0', '4525180', '\0');
INSERT INTO `wemall_area` VALUES ('4525183', '2013-07-30 15:40:46', '\0', '娲', '2', '0', '4525180', '\0');
INSERT INTO `wemall_area` VALUES ('4525184', '2013-07-30 15:40:46', '\0', '涓瑰ゅ', '2', '0', '4525180', '\0');
INSERT INTO `wemall_area` VALUES ('4525185', '2013-07-30 15:40:46', '\0', '', '2', '0', '4525180', '\0');
INSERT INTO `wemall_area` VALUES ('4525186', '2013-07-30 15:40:46', '\0', '灞遍冲', '2', '0', '4525180', '\0');
INSERT INTO `wemall_area` VALUES ('4525187', '2013-07-30 15:40:46', '\0', '瀹', '2', '0', '4525180', '\0');
INSERT INTO `wemall_area` VALUES ('4525188', '2013-07-30 15:40:46', '\0', '姘村', '2', '0', '4525180', '\0');
INSERT INTO `wemall_area` VALUES ('4525189', '2013-07-30 15:40:46', '\0', '', '0', '0', null, '\0');
INSERT INTO `wemall_area` VALUES ('4525190', '2013-07-30 15:40:46', '\0', '板甯', '1', '0', '4525189', '\0');
INSERT INTO `wemall_area` VALUES ('4525191', '2013-07-30 15:40:47', '\0', '甯杈', '2', '0', '4525190', '\0');
INSERT INTO `wemall_area` VALUES ('4525192', '2013-07-30 15:40:47', '\0', '冲', '2', '0', '4525190', '\0');
INSERT INTO `wemall_area` VALUES ('4525193', '2013-07-30 15:40:47', '\0', '涓娌冲', '2', '0', '4525190', '\0');
INSERT INTO `wemall_area` VALUES ('4525194', '2013-07-30 15:40:47', '\0', '瑗垮哄', '2', '0', '4525190', '\0');
INSERT INTO `wemall_area` VALUES ('4525195', '2013-07-30 15:40:47', '\0', '瀹瀹', '2', '0', '4525190', '\0');
INSERT INTO `wemall_area` VALUES ('4525196', '2013-07-30 15:40:47', '\0', '绾㈠ゅ', '2', '0', '4525190', '\0');
INSERT INTO `wemall_area` VALUES ('4525197', '2013-07-30 15:40:47', '\0', '姘哥诲', '2', '0', '4525190', '\0');
INSERT INTO `wemall_area` VALUES ('4525198', '2013-07-30 15:40:47', '\0', '板', '2', '0', '4525190', '\0');
INSERT INTO `wemall_area` VALUES ('4525199', '2013-07-30 15:40:47', '\0', '姒涓', '2', '0', '4525190', '\0');
INSERT INTO `wemall_area` VALUES ('4525200', '2013-07-30 15:40:47', '\0', '宄冲', '1', '0', '4525189', '\0');
INSERT INTO `wemall_area` VALUES ('4525201', '2013-07-30 15:40:47', '\0', '甯杈', '2', '0', '4525200', '\0');
INSERT INTO `wemall_area` VALUES ('4525202', '2013-07-30 15:40:48', '\0', '甯', '1', '0', '4525189', '\0');
INSERT INTO `wemall_area` VALUES ('4525203', '2013-07-30 15:40:48', '\0', '甯杈', '2', '0', '4525202', '\0');
INSERT INTO `wemall_area` VALUES ('4525204', '2013-07-30 15:40:48', '\0', '宸', '2', '0', '4525202', '\0');
INSERT INTO `wemall_area` VALUES ('4525205', '2013-07-30 15:40:48', '\0', '姘告', '2', '0', '4525202', '\0');
INSERT INTO `wemall_area` VALUES ('4525206', '2013-07-30 15:40:48', '\0', '介跺', '1', '0', '4525189', '\0');
INSERT INTO `wemall_area` VALUES ('4525207', '2013-07-30 15:40:48', '\0', '甯杈', '2', '0', '4525206', '\0');
INSERT INTO `wemall_area` VALUES ('4525208', '2013-07-30 15:40:48', '\0', '介跺', '2', '0', '4525206', '\0');
INSERT INTO `wemall_area` VALUES ('4525209', '2013-07-30 15:40:48', '\0', '骞冲', '2', '0', '4525206', '\0');
INSERT INTO `wemall_area` VALUES ('4525210', '2013-07-30 15:40:48', '\0', '杩', '2', '0', '4525206', '\0');
INSERT INTO `wemall_area` VALUES ('4525211', '2013-07-30 15:40:48', '\0', '浼瀹', '2', '0', '4525206', '\0');
INSERT INTO `wemall_area` VALUES ('4525212', '2013-07-30 15:40:49', '\0', '娉板', '2', '0', '4525206', '\0');
INSERT INTO `wemall_area` VALUES ('4525213', '2013-07-30 15:40:49', '\0', '澶╂按甯', '1', '0', '4525189', '\0');
INSERT INTO `wemall_area` VALUES ('4525214', '2013-07-30 15:40:49', '\0', '甯杈', '2', '0', '4525213', '\0');
INSERT INTO `wemall_area` VALUES ('4525215', '2013-07-30 15:40:49', '\0', '绉宸', '2', '0', '4525213', '\0');
INSERT INTO `wemall_area` VALUES ('4525216', '2013-07-30 15:40:49', '\0', '楹绉', '2', '0', '4525213', '\0');
INSERT INTO `wemall_area` VALUES ('4525217', '2013-07-30 15:40:49', '\0', '娓姘村', '2', '0', '4525213', '\0');
INSERT INTO `wemall_area` VALUES ('4525218', '2013-07-30 15:40:49', '\0', '绉瀹', '2', '0', '4525213', '\0');
INSERT INTO `wemall_area` VALUES ('4525219', '2013-07-30 15:40:49', '\0', '璋峰', '2', '0', '4525213', '\0');
INSERT INTO `wemall_area` VALUES ('4525220', '2013-07-30 15:40:49', '\0', '姝灞卞', '2', '0', '4525213', '\0');
INSERT INTO `wemall_area` VALUES ('4525221', '2013-07-30 15:40:49', '\0', '寮瀹跺娌诲', '2', '0', '4525213', '\0');
INSERT INTO `wemall_area` VALUES ('4525222', '2013-07-30 15:40:50', '\0', '姝濞甯', '1', '0', '4525189', '\0');
INSERT INTO `wemall_area` VALUES ('4525223', '2013-07-30 15:40:50', '\0', '甯杈', '2', '0', '4525222', '\0');
INSERT INTO `wemall_area` VALUES ('4525224', '2013-07-30 15:40:50', '\0', '宸', '2', '0', '4525222', '\0');
INSERT INTO `wemall_area` VALUES ('4525225', '2013-07-30 15:40:50', '\0', '姘ゅ', '2', '0', '4525222', '\0');
INSERT INTO `wemall_area` VALUES ('4525226', '2013-07-30 15:40:50', '\0', 'ゆ氮', '2', '0', '4525222', '\0');
INSERT INTO `wemall_area` VALUES ('4525227', '2013-07-30 15:40:50', '\0', '澶╃娌诲', '2', '0', '4525222', '\0');
INSERT INTO `wemall_area` VALUES ('4525228', '2013-07-30 15:40:50', '\0', '寮甯', '1', '0', '4525189', '\0');
INSERT INTO `wemall_area` VALUES ('4525229', '2013-07-30 15:40:50', '\0', '甯杈', '2', '0', '4525228', '\0');
INSERT INTO `wemall_area` VALUES ('4525230', '2013-07-30 15:40:50', '\0', '宸', '2', '0', '4525228', '\0');
INSERT INTO `wemall_area` VALUES ('4525231', '2013-07-30 15:40:50', '\0', '瑁烘娌诲', '2', '0', '4525228', '\0');
INSERT INTO `wemall_area` VALUES ('4525232', '2013-07-30 15:40:51', '\0', '姘涔', '2', '0', '4525228', '\0');
INSERT INTO `wemall_area` VALUES ('4525233', '2013-07-30 15:40:51', '\0', '涓存辰', '2', '0', '4525228', '\0');
INSERT INTO `wemall_area` VALUES ('4525234', '2013-07-30 15:40:51', '\0', '楂板', '2', '0', '4525228', '\0');
INSERT INTO `wemall_area` VALUES ('4525235', '2013-07-30 15:40:51', '\0', '灞变腹', '2', '0', '4525228', '\0');
INSERT INTO `wemall_area` VALUES ('4525236', '2013-07-30 15:40:51', '\0', '骞冲甯', '1', '0', '4525189', '\0');
INSERT INTO `wemall_area` VALUES ('4525237', '2013-07-30 15:40:51', '\0', '甯杈', '2', '0', '4525236', '\0');
INSERT INTO `wemall_area` VALUES ('4525238', '2013-07-30 15:40:51', '\0', '宕宄', '2', '0', '4525236', '\0');
INSERT INTO `wemall_area` VALUES ('4525239', '2013-07-30 15:40:51', '\0', '娉惧', '2', '0', '4525236', '\0');
INSERT INTO `wemall_area` VALUES ('4525240', '2013-07-30 15:40:51', '\0', '靛板', '2', '0', '4525236', '\0');
INSERT INTO `wemall_area` VALUES ('4525241', '2013-07-30 15:40:51', '\0', '宕淇″', '2', '0', '4525236', '\0');
INSERT INTO `wemall_area` VALUES ('4525242', '2013-07-30 15:40:52', '\0', '浜', '2', '0', '4525236', '\0');
INSERT INTO `wemall_area` VALUES ('4525243', '2013-07-30 15:40:52', '\0', '搴娴', '2', '0', '4525236', '\0');
INSERT INTO `wemall_area` VALUES ('4525244', '2013-07-30 15:40:52', '\0', '瀹', '2', '0', '4525236', '\0');
INSERT INTO `wemall_area` VALUES ('4525245', '2013-07-30 15:40:52', '\0', '娉甯', '1', '0', '4525189', '\0');
INSERT INTO `wemall_area` VALUES ('4525246', '2013-07-30 15:40:52', '\0', '甯杈', '2', '0', '4525245', '\0');
INSERT INTO `wemall_area` VALUES ('4525247', '2013-07-30 15:40:52', '\0', '宸', '2', '0', '4525245', '\0');
INSERT INTO `wemall_area` VALUES ('4525248', '2013-07-30 15:40:52', '\0', '濉', '2', '0', '4525245', '\0');
INSERT INTO `wemall_area` VALUES ('4525249', '2013-07-30 15:40:52', '\0', '宸', '2', '0', '4525245', '\0');
INSERT INTO `wemall_area` VALUES ('4525250', '2013-07-30 15:40:52', '\0', 'ゆ娌诲', '2', '0', '4525245', '\0');
INSERT INTO `wemall_area` VALUES ('4525251', '2013-07-30 15:40:52', '\0', '垮濉ㄥ娌诲', '2', '0', '4525245', '\0');
INSERT INTO `wemall_area` VALUES ('4525252', '2013-07-30 15:40:52', '\0', 'ㄥ', '2', '0', '4525245', '\0');
INSERT INTO `wemall_area` VALUES ('4525253', '2013-07-30 15:40:53', '\0', '甯', '2', '0', '4525245', '\0');
INSERT INTO `wemall_area` VALUES ('4525254', '2013-07-30 15:40:53', '\0', '搴冲', '1', '0', '4525189', '\0');
INSERT INTO `wemall_area` VALUES ('4525255', '2013-07-30 15:40:53', '\0', '甯杈', '2', '0', '4525254', '\0');
INSERT INTO `wemall_area` VALUES ('4525256', '2013-07-30 15:40:53', '\0', '瑗垮嘲', '2', '0', '4525254', '\0');
INSERT INTO `wemall_area` VALUES ('4525257', '2013-07-30 15:40:53', '\0', '搴', '2', '0', '4525254', '\0');
INSERT INTO `wemall_area` VALUES ('4525258', '2013-07-30 15:40:53', '\0', '', '2', '0', '4525254', '\0');
INSERT INTO `wemall_area` VALUES ('4525259', '2013-07-30 15:40:53', '\0', '姹', '2', '0', '4525254', '\0');
INSERT INTO `wemall_area` VALUES ('4525260', '2013-07-30 15:40:53', '\0', '姘村', '2', '0', '4525254', '\0');
INSERT INTO `wemall_area` VALUES ('4525261', '2013-07-30 15:40:53', '\0', '姝ｅ', '2', '0', '4525254', '\0');
INSERT INTO `wemall_area` VALUES ('4525262', '2013-07-30 15:40:53', '\0', '瀹', '2', '0', '4525254', '\0');
INSERT INTO `wemall_area` VALUES ('4525263', '2013-07-30 15:40:54', '\0', '', '2', '0', '4525254', '\0');
INSERT INTO `wemall_area` VALUES ('4525264', '2013-07-30 15:40:54', '\0', '瀹瑗垮', '1', '0', '4525189', '\0');
INSERT INTO `wemall_area` VALUES ('4525265', '2013-07-30 15:40:54', '\0', '甯杈', '2', '0', '4525264', '\0');
INSERT INTO `wemall_area` VALUES ('4525266', '2013-07-30 15:40:54', '\0', '瀹瀹', '2', '0', '4525264', '\0');
INSERT INTO `wemall_area` VALUES ('4525267', '2013-07-30 15:40:54', '\0', '娓', '2', '0', '4525264', '\0');
INSERT INTO `wemall_area` VALUES ('4525268', '2013-07-30 15:40:54', '\0', '瑗垮', '2', '0', '4525264', '\0');
INSERT INTO `wemall_area` VALUES ('4525269', '2013-07-30 15:40:54', '\0', '娓婧', '2', '0', '4525264', '\0');
INSERT INTO `wemall_area` VALUES ('4525270', '2013-07-30 15:40:54', '\0', '涓存串', '2', '0', '4525264', '\0');
INSERT INTO `wemall_area` VALUES ('4525271', '2013-07-30 15:40:54', '\0', '婕冲', '2', '0', '4525264', '\0');
INSERT INTO `wemall_area` VALUES ('4525272', '2013-07-30 15:40:54', '\0', '宀峰', '2', '0', '4525264', '\0');
INSERT INTO `wemall_area` VALUES ('4525273', '2013-07-30 15:40:55', '\0', '甯', '1', '0', '4525189', '\0');
INSERT INTO `wemall_area` VALUES ('4525274', '2013-07-30 15:40:55', '\0', '甯杈', '2', '0', '4525273', '\0');
INSERT INTO `wemall_area` VALUES ('4525275', '2013-07-30 15:40:55', '\0', '姝藉', '2', '0', '4525273', '\0');
INSERT INTO `wemall_area` VALUES ('4525276', '2013-07-30 15:40:55', '\0', '', '2', '0', '4525273', '\0');
INSERT INTO `wemall_area` VALUES ('4525277', '2013-07-30 15:40:55', '\0', '', '2', '0', '4525273', '\0');
INSERT INTO `wemall_area` VALUES ('4525278', '2013-07-30 15:40:55', '\0', '瀹', '2', '0', '4525273', '\0');
INSERT INTO `wemall_area` VALUES ('4525279', '2013-07-30 15:40:55', '\0', '搴峰', '2', '0', '4525273', '\0');
INSERT INTO `wemall_area` VALUES ('4525280', '2013-07-30 15:40:55', '\0', '瑗垮', '2', '0', '4525273', '\0');
INSERT INTO `wemall_area` VALUES ('4525281', '2013-07-30 15:40:55', '\0', '绀煎', '2', '0', '4525273', '\0');
INSERT INTO `wemall_area` VALUES ('4525282', '2013-07-30 15:40:55', '\0', '寰藉', '2', '0', '4525273', '\0');
INSERT INTO `wemall_area` VALUES ('4525283', '2013-07-30 15:40:56', '\0', '涓ゅ', '2', '0', '4525273', '\0');
INSERT INTO `wemall_area` VALUES ('4525284', '2013-07-30 15:40:56', '\0', '涓村娌诲', '1', '0', '4525189', '\0');
INSERT INTO `wemall_area` VALUES ('4525285', '2013-07-30 15:40:56', '\0', '涓村甯', '2', '0', '4525284', '\0');
INSERT INTO `wemall_area` VALUES ('4525286', '2013-07-30 15:40:56', '\0', '涓村', '2', '0', '4525284', '\0');
INSERT INTO `wemall_area` VALUES ('4525287', '2013-07-30 15:40:56', '\0', '搴蜂', '2', '0', '4525284', '\0');
INSERT INTO `wemall_area` VALUES ('4525288', '2013-07-30 15:40:56', '\0', '姘搁', '2', '0', '4525284', '\0');
INSERT INTO `wemall_area` VALUES ('4525289', '2013-07-30 15:40:56', '\0', '骞挎渤', '2', '0', '4525284', '\0');
INSERT INTO `wemall_area` VALUES ('4525290', '2013-07-30 15:40:56', '\0', '垮', '2', '0', '4525284', '\0');
INSERT INTO `wemall_area` VALUES ('4525291', '2013-07-30 15:40:56', '\0', '涓涔℃娌诲', '2', '0', '4525284', '\0');
INSERT INTO `wemall_area` VALUES ('4525292', '2013-07-30 15:40:56', '\0', '绉冲北淇瀹涓涔℃娌诲', '2', '0', '4525284', '\0');
INSERT INTO `wemall_area` VALUES ('4525293', '2013-07-30 15:40:57', '\0', '娌诲', '1', '0', '4525189', '\0');
INSERT INTO `wemall_area` VALUES ('4525294', '2013-07-30 15:40:57', '\0', '浣甯', '2', '0', '4525293', '\0');
INSERT INTO `wemall_area` VALUES ('4525295', '2013-07-30 15:40:57', '\0', '涓存江', '2', '0', '4525293', '\0');
INSERT INTO `wemall_area` VALUES ('4525296', '2013-07-30 15:40:57', '\0', '灏煎', '2', '0', '4525293', '\0');
INSERT INTO `wemall_area` VALUES ('4525297', '2013-07-30 15:40:57', '\0', '插', '2', '0', '4525293', '\0');
INSERT INTO `wemall_area` VALUES ('4525298', '2013-07-30 15:40:57', '\0', '杩ㄥ', '2', '0', '4525293', '\0');
INSERT INTO `wemall_area` VALUES ('4525299', '2013-07-30 15:40:57', '\0', '插', '2', '0', '4525293', '\0');
INSERT INTO `wemall_area` VALUES ('4525300', '2013-07-30 15:40:57', '\0', '纰插', '2', '0', '4525293', '\0');
INSERT INTO `wemall_area` VALUES ('4525301', '2013-07-30 15:40:57', '\0', '澶娌冲', '2', '0', '4525293', '\0');
INSERT INTO `wemall_area` VALUES ('4525302', '2013-07-30 15:40:57', '\0', '娴风', '0', '0', null, '\0');
INSERT INTO `wemall_area` VALUES ('4525303', '2013-07-30 15:40:58', '\0', '瑗垮甯', '1', '0', '4525302', '\0');
INSERT INTO `wemall_area` VALUES ('4525304', '2013-07-30 15:40:58', '\0', '甯杈', '2', '0', '4525303', '\0');
INSERT INTO `wemall_area` VALUES ('4525305', '2013-07-30 15:40:58', '\0', '涓', '2', '0', '4525303', '\0');
INSERT INTO `wemall_area` VALUES ('4525306', '2013-07-30 15:40:58', '\0', '涓', '2', '0', '4525303', '\0');
INSERT INTO `wemall_area` VALUES ('4525307', '2013-07-30 15:40:58', '\0', '瑗垮', '2', '0', '4525303', '\0');
INSERT INTO `wemall_area` VALUES ('4525308', '2013-07-30 15:40:58', '\0', '', '2', '0', '4525303', '\0');
INSERT INTO `wemall_area` VALUES ('4525309', '2013-07-30 15:40:58', '\0', '澶ч娌诲', '2', '0', '4525303', '\0');
INSERT INTO `wemall_area` VALUES ('4525310', '2013-07-30 15:40:58', '\0', '婀涓', '2', '0', '4525303', '\0');
INSERT INTO `wemall_area` VALUES ('4525311', '2013-07-30 15:40:58', '\0', '婀婧', '2', '0', '4525303', '\0');
INSERT INTO `wemall_area` VALUES ('4525312', '2013-07-30 15:40:58', '\0', '娴蜂板', '1', '0', '4525302', '\0');
INSERT INTO `wemall_area` VALUES ('4525313', '2013-07-30 15:40:59', '\0', '骞冲', '2', '0', '4525312', '\0');
INSERT INTO `wemall_area` VALUES ('4525314', '2013-07-30 15:40:59', '\0', '姘娌诲', '2', '0', '4525312', '\0');
INSERT INTO `wemall_area` VALUES ('4525315', '2013-07-30 15:40:59', '\0', '涔藉', '2', '0', '4525312', '\0');
INSERT INTO `wemall_area` VALUES ('4525316', '2013-07-30 15:40:59', '\0', '浜╁娌诲', '2', '0', '4525312', '\0');
INSERT INTO `wemall_area` VALUES ('4525317', '2013-07-30 15:40:59', '\0', '娌诲', '2', '0', '4525312', '\0');
INSERT INTO `wemall_area` VALUES ('4525318', '2013-07-30 15:40:59', '\0', '寰娌诲', '2', '0', '4525312', '\0');
INSERT INTO `wemall_area` VALUES ('4525319', '2013-07-30 15:40:59', '\0', '娴峰娌诲', '1', '0', '4525302', '\0');
INSERT INTO `wemall_area` VALUES ('4525320', '2013-07-30 15:40:59', '\0', 'ㄦ娌诲', '2', '0', '4525319', '\0');
INSERT INTO `wemall_area` VALUES ('4525321', '2013-07-30 15:40:59', '\0', '绁杩', '2', '0', '4525319', '\0');
INSERT INTO `wemall_area` VALUES ('4525322', '2013-07-30 15:40:59', '\0', '娴锋', '2', '0', '4525319', '\0');
INSERT INTO `wemall_area` VALUES ('4525323', '2013-07-30 15:41:00', '\0', '瀵', '2', '0', '4525319', '\0');
INSERT INTO `wemall_area` VALUES ('4525324', '2013-07-30 15:41:00', '\0', '榛娌诲', '1', '0', '4525302', '\0');
INSERT INTO `wemall_area` VALUES ('4525325', '2013-07-30 15:41:00', '\0', '浠', '2', '0', '4525324', '\0');
INSERT INTO `wemall_area` VALUES ('4525326', '2013-07-30 15:41:00', '\0', '灏', '2', '0', '4525324', '\0');
INSERT INTO `wemall_area` VALUES ('4525327', '2013-07-30 15:41:00', '\0', '娉藉', '2', '0', '4525324', '\0');
INSERT INTO `wemall_area` VALUES ('4525328', '2013-07-30 15:41:00', '\0', '娌冲ゆ娌诲', '2', '0', '4525324', '\0');
INSERT INTO `wemall_area` VALUES ('4525329', '2013-07-30 15:41:00', '\0', '娴峰娌诲', '1', '0', '4525302', '\0');
INSERT INTO `wemall_area` VALUES ('4525330', '2013-07-30 15:41:00', '\0', '卞', '2', '0', '4525329', '\0');
INSERT INTO `wemall_area` VALUES ('4525331', '2013-07-30 15:41:00', '\0', '寰峰', '2', '0', '4525329', '\0');
INSERT INTO `wemall_area` VALUES ('4525332', '2013-07-30 15:41:00', '\0', '璐靛痉', '2', '0', '4525329', '\0');
INSERT INTO `wemall_area` VALUES ('4525333', '2013-07-30 15:41:01', '\0', '存捣', '2', '0', '4525329', '\0');
INSERT INTO `wemall_area` VALUES ('4525334', '2013-07-30 15:41:01', '\0', '璐靛', '2', '0', '4525329', '\0');
INSERT INTO `wemall_area` VALUES ('4525335', '2013-07-30 15:41:01', '\0', '娲娌诲', '1', '0', '4525302', '\0');
INSERT INTO `wemall_area` VALUES ('4525336', '2013-07-30 15:41:01', '\0', '娌', '2', '0', '4525335', '\0');
INSERT INTO `wemall_area` VALUES ('4525337', '2013-07-30 15:41:01', '\0', '', '2', '0', '4525335', '\0');
INSERT INTO `wemall_area` VALUES ('4525338', '2013-07-30 15:41:01', '\0', '寰峰', '2', '0', '4525335', '\0');
INSERT INTO `wemall_area` VALUES ('4525339', '2013-07-30 15:41:01', '\0', '杈炬ュ', '2', '0', '4525335', '\0');
INSERT INTO `wemall_area` VALUES ('4525340', '2013-07-30 15:41:01', '\0', '涔娌诲', '2', '0', '4525335', '\0');
INSERT INTO `wemall_area` VALUES ('4525341', '2013-07-30 15:41:01', '\0', '澶', '2', '0', '4525335', '\0');
INSERT INTO `wemall_area` VALUES ('4525342', '2013-07-30 15:41:01', '\0', '娌诲', '1', '0', '4525302', '\0');
INSERT INTO `wemall_area` VALUES ('4525343', '2013-07-30 15:41:01', '\0', '', '2', '0', '4525342', '\0');
INSERT INTO `wemall_area` VALUES ('4525344', '2013-07-30 15:41:02', '\0', '澶', '2', '0', '4525342', '\0');
INSERT INTO `wemall_area` VALUES ('4525345', '2013-07-30 15:41:02', '\0', '绉板', '2', '0', '4525342', '\0');
INSERT INTO `wemall_area` VALUES ('4525346', '2013-07-30 15:41:02', '\0', '娌诲', '2', '0', '4525342', '\0');
INSERT INTO `wemall_area` VALUES ('4525347', '2013-07-30 15:41:02', '\0', '璋', '2', '0', '4525342', '\0');
INSERT INTO `wemall_area` VALUES ('4525348', '2013-07-30 15:41:02', '\0', '查夯卞', '2', '0', '4525342', '\0');
INSERT INTO `wemall_area` VALUES ('4525349', '2013-07-30 15:41:02', '\0', '娴疯タゆ娌诲', '1', '0', '4525302', '\0');
INSERT INTO `wemall_area` VALUES ('4525350', '2013-07-30 15:41:02', '\0', '煎ㄥ', '2', '0', '4525349', '\0');
INSERT INTO `wemall_area` VALUES ('4525351', '2013-07-30 15:41:02', '\0', '寰蜂护甯', '2', '0', '4525349', '\0');
INSERT INTO `wemall_area` VALUES ('4525352', '2013-07-30 15:41:02', '\0', '涔板', '2', '0', '4525349', '\0');
INSERT INTO `wemall_area` VALUES ('4525353', '2013-07-30 15:41:02', '\0', '藉板', '2', '0', '4525349', '\0');
INSERT INTO `wemall_area` VALUES ('4525354', '2013-07-30 15:41:03', '\0', '澶╁郴', '2', '0', '4525349', '\0');
INSERT INTO `wemall_area` VALUES ('4525355', '2013-07-30 15:41:03', '\0', '瀹澶娌诲', '0', '0', null, '\0');
INSERT INTO `wemall_area` VALUES ('4525356', '2013-07-30 15:41:03', '\0', '跺甯', '1', '0', '4525355', '\0');
INSERT INTO `wemall_area` VALUES ('4525357', '2013-07-30 15:41:03', '\0', '甯杈', '2', '0', '4525356', '\0');
INSERT INTO `wemall_area` VALUES ('4525358', '2013-07-30 15:41:03', '\0', '村', '2', '0', '4525356', '\0');
INSERT INTO `wemall_area` VALUES ('4525359', '2013-07-30 15:41:03', '\0', '瑗垮', '2', '0', '4525356', '\0');
INSERT INTO `wemall_area` VALUES ('4525360', '2013-07-30 15:41:03', '\0', 'ゅ', '2', '0', '4525356', '\0');
INSERT INTO `wemall_area` VALUES ('4525361', '2013-07-30 15:41:03', '\0', '姘稿', '2', '0', '4525356', '\0');
INSERT INTO `wemall_area` VALUES ('4525362', '2013-07-30 15:41:03', '\0', '璐哄板', '2', '0', '4525356', '\0');
INSERT INTO `wemall_area` VALUES ('4525363', '2013-07-30 15:41:04', '\0', '垫甯', '2', '0', '4525356', '\0');
INSERT INTO `wemall_area` VALUES ('4525364', '2013-07-30 15:41:04', '\0', '冲村北甯', '1', '0', '4525355', '\0');
INSERT INTO `wemall_area` VALUES ('4525365', '2013-07-30 15:41:04', '\0', '甯杈', '2', '0', '4525364', '\0');
INSERT INTO `wemall_area` VALUES ('4525366', '2013-07-30 15:41:04', '\0', '澶фｅ', '2', '0', '4525364', '\0');
INSERT INTO `wemall_area` VALUES ('4525367', '2013-07-30 15:41:04', '\0', '', '2', '0', '4525364', '\0');
INSERT INTO `wemall_area` VALUES ('4525368', '2013-07-30 15:41:04', '\0', '骞崇', '2', '0', '4525364', '\0');
INSERT INTO `wemall_area` VALUES ('4525369', '2013-07-30 15:41:04', '\0', '村甯', '1', '0', '4525355', '\0');
INSERT INTO `wemall_area` VALUES ('4525370', '2013-07-30 15:41:04', '\0', '甯杈', '2', '0', '4525369', '\0');
INSERT INTO `wemall_area` VALUES ('4525371', '2013-07-30 15:41:04', '\0', '╅', '2', '0', '4525369', '\0');
INSERT INTO `wemall_area` VALUES ('4525372', '2013-07-30 15:41:04', '\0', '绾㈠哄″', '2', '0', '4525369', '\0');
INSERT INTO `wemall_area` VALUES ('4525373', '2013-07-30 15:41:05', '\0', '姹', '2', '0', '4525369', '\0');
INSERT INTO `wemall_area` VALUES ('4525374', '2013-07-30 15:41:05', '\0', '蹇', '2', '0', '4525369', '\0');
INSERT INTO `wemall_area` VALUES ('4525375', '2013-07-30 15:41:05', '\0', '宄″', '2', '0', '4525369', '\0');
INSERT INTO `wemall_area` VALUES ('4525376', '2013-07-30 15:41:05', '\0', '哄甯', '1', '0', '4525355', '\0');
INSERT INTO `wemall_area` VALUES ('4525377', '2013-07-30 15:41:05', '\0', '甯杈', '2', '0', '4525376', '\0');
INSERT INTO `wemall_area` VALUES ('4525378', '2013-07-30 15:41:05', '\0', '宸', '2', '0', '4525376', '\0');
INSERT INTO `wemall_area` VALUES ('4525379', '2013-07-30 15:41:05', '\0', '瑗垮', '2', '0', '4525376', '\0');
INSERT INTO `wemall_area` VALUES ('4525380', '2013-07-30 15:41:05', '\0', '寰峰', '2', '0', '4525376', '\0');
INSERT INTO `wemall_area` VALUES ('4525381', '2013-07-30 15:41:05', '\0', '娉炬', '2', '0', '4525376', '\0');
INSERT INTO `wemall_area` VALUES ('4525382', '2013-07-30 15:41:06', '\0', '褰冲', '2', '0', '4525376', '\0');
INSERT INTO `wemall_area` VALUES ('4525383', '2013-07-30 15:41:06', '\0', '涓甯', '1', '0', '4525355', '\0');
INSERT INTO `wemall_area` VALUES ('4525384', '2013-07-30 15:41:06', '\0', '甯杈', '2', '0', '4525383', '\0');
INSERT INTO `wemall_area` VALUES ('4525385', '2013-07-30 15:41:06', '\0', '娌″ご', '2', '0', '4525383', '\0');
INSERT INTO `wemall_area` VALUES ('4525386', '2013-07-30 15:41:06', '\0', '涓瀹', '2', '0', '4525383', '\0');
INSERT INTO `wemall_area` VALUES ('4525387', '2013-07-30 15:41:06', '\0', '娴峰', '2', '0', '4525383', '\0');
INSERT INTO `wemall_area` VALUES ('4525388', '2013-07-30 15:41:06', '\0', '扮缁村惧娌诲', '0', '0', null, '\0');
INSERT INTO `wemall_area` VALUES ('4525389', '2013-07-30 15:41:06', '\0', '涔椴ㄩ甯', '1', '0', '4525388', '\0');
INSERT INTO `wemall_area` VALUES ('4525390', '2013-07-30 15:41:06', '\0', '甯杈', '2', '0', '4525389', '\0');
INSERT INTO `wemall_area` VALUES ('4525391', '2013-07-30 15:41:06', '\0', '澶╁北', '2', '0', '4525389', '\0');
INSERT INTO `wemall_area` VALUES ('4525392', '2013-07-30 15:41:07', '\0', '娌渚宸村', '2', '0', '4525389', '\0');
INSERT INTO `wemall_area` VALUES ('4525393', '2013-07-30 15:41:07', '\0', '板', '2', '0', '4525389', '\0');
INSERT INTO `wemall_area` VALUES ('4525394', '2013-07-30 15:41:07', '\0', '姘寸（娌', '2', '0', '4525389', '\0');
INSERT INTO `wemall_area` VALUES ('4525395', '2013-07-30 15:41:07', '\0', '澶村悲娌冲', '2', '0', '4525389', '\0');
INSERT INTO `wemall_area` VALUES ('4525396', '2013-07-30 15:41:07', '\0', '杈惧', '2', '0', '4525389', '\0');
INSERT INTO `wemall_area` VALUES ('4525397', '2013-07-30 15:41:07', '\0', '绫充', '2', '0', '4525389', '\0');
INSERT INTO `wemall_area` VALUES ('4525398', '2013-07-30 15:41:07', '\0', '涔椴ㄩ', '2', '0', '4525389', '\0');
INSERT INTO `wemall_area` VALUES ('4525399', '2013-07-30 15:41:07', '\0', '渚甯', '1', '0', '4525388', '\0');
INSERT INTO `wemall_area` VALUES ('4525400', '2013-07-30 15:41:07', '\0', '甯杈', '2', '0', '4525399', '\0');
INSERT INTO `wemall_area` VALUES ('4525401', '2013-07-30 15:41:07', '\0', '灞卞', '2', '0', '4525399', '\0');
INSERT INTO `wemall_area` VALUES ('4525402', '2013-07-30 15:41:08', '\0', '渚', '2', '0', '4525399', '\0');
INSERT INTO `wemall_area` VALUES ('4525403', '2013-07-30 15:41:08', '\0', '界⒈婊╁', '2', '0', '4525399', '\0');
INSERT INTO `wemall_area` VALUES ('4525404', '2013-07-30 15:41:08', '\0', '涔灏绂惧', '2', '0', '4525399', '\0');
INSERT INTO `wemall_area` VALUES ('4525405', '2013-07-30 15:41:08', '\0', '椴板', '1', '0', '4525388', '\0');
INSERT INTO `wemall_area` VALUES ('4525406', '2013-07-30 15:41:08', '\0', '椴甯', '2', '0', '4525405', '\0');
INSERT INTO `wemall_area` VALUES ('4525407', '2013-07-30 15:41:08', '\0', '', '2', '0', '4525405', '\0');
INSERT INTO `wemall_area` VALUES ('4525408', '2013-07-30 15:41:08', '\0', '', '2', '0', '4525405', '\0');
INSERT INTO `wemall_area` VALUES ('4525409', '2013-07-30 15:41:08', '\0', '瀵板', '1', '0', '4525388', '\0');
INSERT INTO `wemall_area` VALUES ('4525410', '2013-07-30 15:41:08', '\0', '瀵甯', '2', '0', '4525409', '\0');
INSERT INTO `wemall_area` VALUES ('4525411', '2013-07-30 15:41:08', '\0', '宸撮ゅㄥ娌诲', '2', '0', '4525409', '\0');
INSERT INTO `wemall_area` VALUES ('4525412', '2013-07-30 15:41:09', '\0', '浼惧', '2', '0', '4525409', '\0');
INSERT INTO `wemall_area` VALUES ('4525413', '2013-07-30 15:41:09', '\0', '娌诲', '1', '0', '4525388', '\0');
INSERT INTO `wemall_area` VALUES ('4525414', '2013-07-30 15:41:09', '\0', '甯', '2', '0', '4525413', '\0');
INSERT INTO `wemall_area` VALUES ('4525415', '2013-07-30 15:41:09', '\0', '搴峰', '2', '0', '4525413', '\0');
INSERT INTO `wemall_area` VALUES ('4525416', '2013-07-30 15:41:09', '\0', '煎惧', '2', '0', '4525413', '\0');
INSERT INTO `wemall_area` VALUES ('4525417', '2013-07-30 15:41:09', '\0', '绾虫', '2', '0', '4525413', '\0');
INSERT INTO `wemall_area` VALUES ('4525418', '2013-07-30 15:41:09', '\0', '濂板', '2', '0', '4525413', '\0');
INSERT INTO `wemall_area` VALUES ('4525419', '2013-07-30 15:41:09', '\0', 'ㄨㄥ', '2', '0', '4525413', '\0');
INSERT INTO `wemall_area` VALUES ('4525420', '2013-07-30 15:41:09', '\0', 'ㄥㄥ娌诲', '2', '0', '4525413', '\0');
INSERT INTO `wemall_area` VALUES ('4525421', '2013-07-30 15:41:09', '\0', '灏濉よ娌诲', '1', '0', '4525388', '\0');
INSERT INTO `wemall_area` VALUES ('4525422', '2013-07-30 15:41:10', '\0', '涔甯', '2', '0', '4525421', '\0');
INSERT INTO `wemall_area` VALUES ('4525423', '2013-07-30 15:41:10', '\0', '绮炬渤', '2', '0', '4525421', '\0');
INSERT INTO `wemall_area` VALUES ('4525424', '2013-07-30 15:41:10', '\0', '娓╂', '2', '0', '4525421', '\0');
INSERT INTO `wemall_area` VALUES ('4525425', '2013-07-30 15:41:10', '\0', '宸撮抽妤よ娌诲', '1', '0', '4525388', '\0');
INSERT INTO `wemall_area` VALUES ('4525426', '2013-07-30 15:41:10', '\0', '搴灏甯', '2', '0', '4525425', '\0');
INSERT INTO `wemall_area` VALUES ('4525427', '2013-07-30 15:41:10', '\0', '杞板', '2', '0', '4525425', '\0');
INSERT INTO `wemall_area` VALUES ('4525428', '2013-07-30 15:41:10', '\0', '灏', '2', '0', '4525425', '\0');
INSERT INTO `wemall_area` VALUES ('4525429', '2013-07-30 15:41:10', '\0', 'ョ', '2', '0', '4525425', '\0');
INSERT INTO `wemall_area` VALUES ('4525430', '2013-07-30 15:41:10', '\0', '涓', '2', '0', '4525425', '\0');
INSERT INTO `wemall_area` VALUES ('4525431', '2013-07-30 15:41:11', '\0', '娌诲', '2', '0', '4525425', '\0');
INSERT INTO `wemall_area` VALUES ('4525432', '2013-07-30 15:41:11', '\0', '', '2', '0', '4525425', '\0');
INSERT INTO `wemall_area` VALUES ('4525433', '2013-07-30 15:41:11', '\0', '纭', '2', '0', '4525425', '\0');
INSERT INTO `wemall_area` VALUES ('4525434', '2013-07-30 15:41:11', '\0', '婀', '2', '0', '4525425', '\0');
INSERT INTO `wemall_area` VALUES ('4525435', '2013-07-30 15:41:11', '\0', '垮板', '1', '0', '4525388', '\0');
INSERT INTO `wemall_area` VALUES ('4525436', '2013-07-30 15:41:11', '\0', '垮甯', '2', '0', '4525435', '\0');
INSERT INTO `wemall_area` VALUES ('4525437', '2013-07-30 15:41:11', '\0', '娓╁垮', '2', '0', '4525435', '\0');
INSERT INTO `wemall_area` VALUES ('4525438', '2013-07-30 15:41:11', '\0', '搴杞', '2', '0', '4525435', '\0');
INSERT INTO `wemall_area` VALUES ('4525439', '2013-07-30 15:41:11', '\0', '娌', '2', '0', '4525435', '\0');
INSERT INTO `wemall_area` VALUES ('4525440', '2013-07-30 15:41:11', '\0', '板', '2', '0', '4525435', '\0');
INSERT INTO `wemall_area` VALUES ('4525441', '2013-07-30 15:41:12', '\0', '', '2', '0', '4525435', '\0');
INSERT INTO `wemall_area` VALUES ('4525442', '2013-07-30 15:41:12', '\0', '涔浠', '2', '0', '4525435', '\0');
INSERT INTO `wemall_area` VALUES ('4525443', '2013-07-30 15:41:12', '\0', '跨', '2', '0', '4525435', '\0');
INSERT INTO `wemall_area` VALUES ('4525444', '2013-07-30 15:41:12', '\0', '', '2', '0', '4525435', '\0');
INSERT INTO `wemall_area` VALUES ('4525445', '2013-07-30 15:41:12', '\0', '瀛灏瀛娌诲', '1', '0', '4525388', '\0');
INSERT INTO `wemall_area` VALUES ('4525446', '2013-07-30 15:41:12', '\0', '垮句甯', '2', '0', '4525445', '\0');
INSERT INTO `wemall_area` VALUES ('4525447', '2013-07-30 15:41:12', '\0', '垮跺', '2', '0', '4525445', '\0');
INSERT INTO `wemall_area` VALUES ('4525448', '2013-07-30 15:41:12', '\0', '垮濂', '2', '0', '4525445', '\0');
INSERT INTO `wemall_area` VALUES ('4525449', '2013-07-30 15:41:12', '\0', '涔板', '2', '0', '4525445', '\0');
INSERT INTO `wemall_area` VALUES ('4525450', '2013-07-30 15:41:13', '\0', '浠板', '1', '0', '4525388', '\0');
INSERT INTO `wemall_area` VALUES ('4525451', '2013-07-30 15:41:13', '\0', '浠甯', '2', '0', '4525450', '\0');
INSERT INTO `wemall_area` VALUES ('4525452', '2013-07-30 15:41:13', '\0', '', '2', '0', '4525450', '\0');
INSERT INTO `wemall_area` VALUES ('4525453', '2013-07-30 15:41:13', '\0', '', '2', '0', '4525450', '\0');
INSERT INTO `wemall_area` VALUES ('4525454', '2013-07-30 15:41:13', '\0', '卞娌', '2', '0', '4525450', '\0');
INSERT INTO `wemall_area` VALUES ('4525455', '2013-07-30 15:41:13', '\0', '娉芥', '2', '0', '4525450', '\0');
INSERT INTO `wemall_area` VALUES ('4525456', '2013-07-30 15:41:13', '\0', '杞', '2', '0', '4525450', '\0');
INSERT INTO `wemall_area` VALUES ('4525457', '2013-07-30 15:41:13', '\0', '跺', '2', '0', '4525450', '\0');
INSERT INTO `wemall_area` VALUES ('4525458', '2013-07-30 15:41:13', '\0', '楹', '2', '0', '4525450', '\0');
INSERT INTO `wemall_area` VALUES ('4525459', '2013-07-30 15:41:13', '\0', '宀虫婀', '2', '0', '4525450', '\0');
INSERT INTO `wemall_area` VALUES ('4525460', '2013-07-30 15:41:14', '\0', '浼藉', '2', '0', '4525450', '\0');
INSERT INTO `wemall_area` VALUES ('4525461', '2013-07-30 15:41:14', '\0', '宸存', '2', '0', '4525450', '\0');
INSERT INTO `wemall_area` VALUES ('4525462', '2013-07-30 15:41:14', '\0', '濉浠搴灏骞插娌诲', '2', '0', '4525450', '\0');
INSERT INTO `wemall_area` VALUES ('4525463', '2013-07-30 15:41:14', '\0', '板板', '1', '0', '4525388', '\0');
INSERT INTO `wemall_area` VALUES ('4525464', '2013-07-30 15:41:14', '\0', '板', '2', '0', '4525463', '\0');
INSERT INTO `wemall_area` VALUES ('4525465', '2013-07-30 15:41:14', '\0', '板', '2', '0', '4525463', '\0');
INSERT INTO `wemall_area` VALUES ('4525466', '2013-07-30 15:41:14', '\0', '澧ㄧ', '2', '0', '4525463', '\0');
INSERT INTO `wemall_area` VALUES ('4525467', '2013-07-30 15:41:14', '\0', '灞卞', '2', '0', '4525463', '\0');
INSERT INTO `wemall_area` VALUES ('4525468', '2013-07-30 15:41:14', '\0', '娲娴', '2', '0', '4525463', '\0');
INSERT INTO `wemall_area` VALUES ('4525469', '2013-07-30 15:41:14', '\0', '绛', '2', '0', '4525463', '\0');
INSERT INTO `wemall_area` VALUES ('4525470', '2013-07-30 15:41:15', '\0', '浜板', '2', '0', '4525463', '\0');
INSERT INTO `wemall_area` VALUES ('4525471', '2013-07-30 15:41:15', '\0', '姘涓板', '2', '0', '4525463', '\0');
INSERT INTO `wemall_area` VALUES ('4525472', '2013-07-30 15:41:15', '\0', '浼ㄥ娌诲', '1', '0', '4525388', '\0');
INSERT INTO `wemall_area` VALUES ('4525473', '2013-07-30 15:41:15', '\0', '浼瀹甯', '2', '0', '4525472', '\0');
INSERT INTO `wemall_area` VALUES ('4525474', '2013-07-30 15:41:15', '\0', '濂灞甯', '2', '0', '4525472', '\0');
INSERT INTO `wemall_area` VALUES ('4525475', '2013-07-30 15:41:15', '\0', '浼瀹', '2', '0', '4525472', '\0');
INSERT INTO `wemall_area` VALUES ('4525476', '2013-07-30 15:41:15', '\0', '瀵甯ュ′集娌诲', '2', '0', '4525472', '\0');
INSERT INTO `wemall_area` VALUES ('4525477', '2013-07-30 15:41:15', '\0', '', '2', '0', '4525472', '\0');
INSERT INTO `wemall_area` VALUES ('4525478', '2013-07-30 15:41:15', '\0', '宸╃', '2', '0', '4525472', '\0');
INSERT INTO `wemall_area` VALUES ('4525479', '2013-07-30 15:41:16', '\0', '版', '2', '0', '4525472', '\0');
INSERT INTO `wemall_area` VALUES ('4525480', '2013-07-30 15:41:16', '\0', '', '2', '0', '4525472', '\0');
INSERT INTO `wemall_area` VALUES ('4525481', '2013-07-30 15:41:16', '\0', '瑰', '2', '0', '4525472', '\0');
INSERT INTO `wemall_area` VALUES ('4525482', '2013-07-30 15:41:16', '\0', '灏煎', '2', '0', '4525472', '\0');
INSERT INTO `wemall_area` VALUES ('4525483', '2013-07-30 15:41:16', '\0', '濉板', '1', '0', '4525388', '\0');
INSERT INTO `wemall_area` VALUES ('4525484', '2013-07-30 15:41:16', '\0', '濉甯', '2', '0', '4525483', '\0');
INSERT INTO `wemall_area` VALUES ('4525485', '2013-07-30 15:41:16', '\0', '涔甯', '2', '0', '4525483', '\0');
INSERT INTO `wemall_area` VALUES ('4525486', '2013-07-30 15:41:16', '\0', '棰', '2', '0', '4525483', '\0');
INSERT INTO `wemall_area` VALUES ('4525487', '2013-07-30 15:41:16', '\0', '娌婀惧', '2', '0', '4525483', '\0');
INSERT INTO `wemall_area` VALUES ('4525488', '2013-07-30 15:41:17', '\0', '', '2', '0', '4525483', '\0');
INSERT INTO `wemall_area` VALUES ('4525489', '2013-07-30 15:41:17', '\0', '瑁姘', '2', '0', '4525483', '\0');
INSERT INTO `wemall_area` VALUES ('4525490', '2013-07-30 15:41:17', '\0', '甯璧灏よ娌诲', '2', '0', '4525483', '\0');
INSERT INTO `wemall_area` VALUES ('4525491', '2013-07-30 15:41:17', '\0', '垮娉板板', '1', '0', '4525388', '\0');
INSERT INTO `wemall_area` VALUES ('4525492', '2013-07-30 15:41:17', '\0', '垮娉板', '2', '0', '4525491', '\0');
INSERT INTO `wemall_area` VALUES ('4525493', '2013-07-30 15:41:17', '\0', '甯灏娲ュ', '2', '0', '4525491', '\0');
INSERT INTO `wemall_area` VALUES ('4525494', '2013-07-30 15:41:17', '\0', '瀵村', '2', '0', '4525491', '\0');
INSERT INTO `wemall_area` VALUES ('4525495', '2013-07-30 15:41:17', '\0', '绂娴峰', '2', '0', '4525491', '\0');
INSERT INTO `wemall_area` VALUES ('4525496', '2013-07-30 15:41:17', '\0', '宸存渤', '2', '0', '4525491', '\0');
INSERT INTO `wemall_area` VALUES ('4525497', '2013-07-30 15:41:17', '\0', '娌冲', '2', '0', '4525491', '\0');
INSERT INTO `wemall_area` VALUES ('4525498', '2013-07-30 15:41:18', '\0', 'ㄤ', '2', '0', '4525491', '\0');
INSERT INTO `wemall_area` VALUES ('4525499', '2013-07-30 15:41:18', '\0', '娌诲虹磋跨骇琛垮哄', '1', '0', '4525388', '\0');
INSERT INTO `wemall_area` VALUES ('4525500', '2013-07-30 15:41:18', '\0', '虫渤瀛甯', '2', '0', '4525499', '\0');
INSERT INTO `wemall_area` VALUES ('4525501', '2013-07-30 15:41:18', '\0', '挎灏甯', '2', '0', '4525499', '\0');
INSERT INTO `wemall_area` VALUES ('4525502', '2013-07-30 15:41:18', '\0', '炬ㄨ甯', '2', '0', '4525499', '\0');
INSERT INTO `wemall_area` VALUES ('4525503', '2013-07-30 15:41:18', '\0', '浜瀹舵甯', '2', '0', '4525499', '\0');

-- ----------------------------
-- Table structure for wemall_article
-- ----------------------------
DROP TABLE IF EXISTS `wemall_article`;
CREATE TABLE `wemall_article` (
  `id` bigint(20) NOT NULL AUTO_INCREMENT,
  `addTime` datetime DEFAULT NULL,
  `deleteStatus` bit(1) NOT NULL,
  `content` longtext,
  `display` bit(1) NOT NULL,
  `mark` varchar(255) DEFAULT NULL,
  `sequence` int(11) NOT NULL,
  `title` varchar(255) DEFAULT NULL,
  `url` varchar(255) DEFAULT NULL,
  `articleClass_id` bigint(20) DEFAULT NULL,
  PRIMARY KEY (`id`),
  KEY `FK226D0CC544EDEDD1` (`articleClass_id`),
  CONSTRAINT `FK226D0CC544EDEDD1` FOREIGN KEY (`articleClass_id`) REFERENCES `wemall_articleclass` (`id`)
) ENGINE=InnoDB AUTO_INCREMENT=196624 DEFAULT CHARSET=utf8;

-- ----------------------------
-- Records of wemall_article
-- ----------------------------
INSERT INTO `wemall_article` VALUES ('32776', '2013-12-23 21:44:01', '\0', '<p style=\"text-indent:24pt;\">\r\n	<span></span><span style=\"font-family:浠垮_GB2312;color:black;font-size:16pt;\"><span style=\"font-family:SimSun;color:#999999;font-size:16px;\">shop绉告涓瀹堕扮涓革卞浣</span><span style=\"font-family:SimSun;color:#999999;font-size:16px;\">web</span><span style=\"font-family:SimSun;color:#999999;font-size:16px;\">寮琛涓ュ涓瀹躲藉寮婧妗</span><span style=\"font-family:SimSun;color:#999999;font-size:16px;\">EasyJWeb</span><span style=\"font-family:SimSun;color:#999999;font-size:16px;\">濮浜恒</span><span style=\"font-family:SimSun;color:#999999;font-size:16px;\">CSDN</span></span><span style=\"font-family:SimSun;color:#999999;font-size:16px;\">&nbsp;</span><span style=\"font-family:SimSun;color:#999999;font-size:16px;\"> Java</span><span style=\"font-family:浠垮_GB2312;color:black;font-size:16pt;\"><span style=\"font-family:SimSun;color:#999999;font-size:16px;\">璁哄涓汇靛宸ヤ虹绀</span><span style=\"font-family:SimSun;color:#999999;font-size:16px;\">Java</span><span style=\"font-family:SimSun;color:#999999;font-size:16px;\">涓瀹朵涓浣卞绔浜</span><span style=\"font-family:SimSun;color:#999999;font-size:16px;\">2010</span><span style=\"font-family:SimSun;color:#999999;font-size:16px;\">骞达涓瀹舵渚涓涓杞浠舵°缃缁″浼涓绾цВ虫规</span><span style=\"font-family:SimSun;color:#999999;font-size:16px;\">IT</span><span style=\"font-family:SimSun;color:#999999;font-size:16px;\">℃渚哥瓒宠涓锛涓ㄤ浜</span><span style=\"font-family:SimSun;color:#999999;font-size:16px;\">web</span><span style=\"font-family:SimSun;color:#999999;font-size:16px;\">寮绯荤涓℃★哥夸汉涔涓璇淇＄ョ绛ワ哥稿涓′负㈠藉澶瀹㈡锋渚ㄦ逛楂璐ㄧ淇℃绯荤°缁煎涓＄郴缁ㄨ㈡″°</span><span></span></span> \r\n</p>\r\n<p style=\"text-indent:32pt;\">\r\n	<span style=\"font-family:浠垮_GB2312;color:black;font-size:16pt;\"><span style=\"font-family:SimSun;color:#999999;font-size:16px;\">shop灏杩杞浠舵涓</span><span style=\"font-family:SimSun;color:#999999;font-size:16px;\">IT</span><span style=\"font-family:SimSun;color:#999999;font-size:16px;\">＄哥锛涓烘垮浼涓瀹㈡锋渚楂淇℃瑙ｅ虫规绛★骞堕杩浼绉ㄨ㈡″寮哄ぇ</span><span style=\"font-family:SimSun;color:#999999;font-size:16px;\">IT</span><span style=\"font-family:SimSun;color:#999999;font-size:16px;\">′绯伙骞朵浼浜涓瀹㈡蜂＄姝ｅ父楂杩琛浠涓哄㈡锋渚涓浠浠绾涓</span><span style=\"font-family:SimSun;color:#999999;font-size:16px;\">IT</span><span style=\"font-family:SimSun;color:#999999;font-size:16px;\">★瀵瑰㈡疯姹锛渚</span><span style=\"font-family:SimSun;color:#999999;font-size:16px;\">IT</span><span style=\"font-family:SimSun;color:#999999;font-size:16px;\">绯荤ㄨ绛缁存ゃ杩ュㄥ缁煎ㄩ㈢涓绔寮</span><span style=\"font-family:SimSun;color:#999999;font-size:16px;\">IT</span><span style=\"font-family:SimSun;color:#999999;font-size:16px;\">°</span></span><span style=\"font-family:SimSun;color:#999999;font-size:16px;\">&nbsp;</span> \r\n</p>\r\n<p>\r\n	<b><span style=\"font-family:妤蜂_GB2312;font-size:16pt;\"><span style=\"font-family:SimSun;color:#999999;font-size:16px;\">充浠锛</span><span></span></span></b> \r\n</p>\r\n<p>\r\n	<span style=\"font-family:Arial;font-size:16pt;\"><span style=\"font-family:SimSun;color:#999999;font-size:16px;\">&nbsp;&nbsp;&nbsp;</span><span style=\"font-family:SimSun;color:#999999;font-size:16px;\">&nbsp; </span></span><span style=\"font-family:SimSun;color:#999999;font-size:16px;\">姹ユ拌锛浣浠瓒冲插ご锛</span><span style=\"font-family:SimSun;color:#999999;font-size:16px;\">&nbsp;</span><span style=\"font-family:浠垮_GB2312;font-size:16pt;\"></span> \r\n</p>\r\n<p>\r\n	<span style=\"font-family:Arial;font-size:16pt;\"><span style=\"font-family:SimSun;color:#999999;font-size:16px;\">&nbsp;&nbsp;&nbsp;</span><span style=\"font-family:SimSun;color:#999999;font-size:16px;\">&nbsp; </span></span><span style=\"font-family:浠垮_GB2312;font-size:16pt;\"><span style=\"font-family:SimSun;color:#999999;font-size:16px;\">涓拌锛浣浠瓒冲婵锛</span><span></span></span> \r\n</p>\r\n<p>\r\n	<span style=\"font-family:Arial;font-size:16pt;\"><span style=\"font-family:SimSun;color:#999999;font-size:16px;\">&nbsp;&nbsp;&nbsp;</span><span style=\"font-family:SimSun;color:#999999;font-size:16px;\">&nbsp; </span></span><span style=\"font-family:浠垮_GB2312;font-size:16pt;\"><span style=\"font-family:SimSun;color:#999999;font-size:16px;\">伴剧锛浣浠姝ｇ‘瑰锛</span><span></span></span> \r\n</p>\r\n<p>\r\n	<span style=\"font-family:Arial;font-size:16pt;\"><span style=\"font-family:SimSun;color:#999999;font-size:16px;\">&nbsp;&nbsp;&nbsp;</span><span style=\"font-family:SimSun;color:#999999;font-size:16px;\">&nbsp; </span></span><span style=\"font-family:SimSun;color:#999999;font-size:16px;\">缁杩堕寸娲绀硷浠涓骞磋交蹇虹婵锛骞磋交浠涓惧ワ┿</span><span style=\"font-family:Arial;font-size:16pt;\"></span> \r\n</p>\r\n<p>\r\n	<b><span style=\"font-family:SimSun;color:#999999;font-size:16px;\">浠</span></b><span style=\"font-family:Arial;font-size:16pt;\"></span> \r\n</p>\r\n<p>\r\n	<span style=\"font-family:浠垮_GB2312;font-size:16pt;\"><span style=\"font-family:SimSun;color:#999999;font-size:16px;\">璇淇</span><span style=\"font-family:SimSun;color:#999999;font-size:16px;\">:</span><span style=\"font-family:SimSun;color:#999999;font-size:16px;\">璇淇℃浠瀹韬绔戒锛蹇璇浜浼涓宸ヤ璐ｃ</span></span><span style=\"font-family:SimSun;color:#999999;font-size:16px;\">&nbsp;</span><span style=\"font-family:浠垮_GB2312;font-size:16pt;\"></span> \r\n</p>\r\n<p>\r\n	<span style=\"font-family:浠垮_GB2312;font-size:16pt;\"><span style=\"font-family:SimSun;color:#999999;font-size:16px;\">涓</span><span style=\"font-family:SimSun;color:#999999;font-size:16px;\">:</span><span style=\"font-family:SimSun;color:#999999;font-size:16px;\">涓伴俱涓楂瀹锛杩芥版濂姐</span></span><span style=\"font-family:Arial;font-size:16pt;\"></span> \r\n</p>\r\n<p>\r\n	<span style=\"font-family:浠垮_GB2312;font-size:16pt;\"><span style=\"font-family:SimSun;color:#999999;font-size:16px;\"></span><span style=\"font-family:SimSun;color:#999999;font-size:16px;\">:</span><span style=\"font-family:SimSun;color:#999999;font-size:16px;\">涓瓒瓒杩伙涓杩锛浜瀛涔荤笺</span></span><span style=\"font-family:Arial;font-size:16pt;\"></span> \r\n</p>\r\n<p>\r\n	<b><span style=\"font-family:妤蜂_GB2312;font-size:16pt;\"><span style=\"font-family:SimSun;color:#999999;font-size:16px;\">浠瀹</span><span></span></span></b> \r\n</p>\r\n<p>\r\n	<span style=\"font-family:SimSun;color:#999999;font-size:16px;\"></span><span style=\"font-family:SimSun;color:#999999;font-size:16px;\">&nbsp;</span><span style=\"font-family:SimSun;color:#999999;font-size:16px;\">浠ヤ汉涓烘</span><span style=\"font-family:Arial;font-size:16pt;\"></span> \r\n</p>\r\n<p>\r\n	<span style=\"font-family:SimSun;color:#999999;font-size:16px;\"></span><span style=\"font-family:SimSun;color:#999999;font-size:16px;\">&nbsp;</span><span style=\"font-family:SimSun;color:#999999;font-size:16px;\">浠ュ㈡蜂负涓蹇</span><span style=\"font-family:SimSun;color:#999999;font-size:16px;\">&nbsp;</span><span style=\"font-family:浠垮_GB2312;font-size:16pt;\"></span> \r\n</p>\r\n<p>\r\n	<span style=\"font-family:SimSun;color:#999999;font-size:16px;\"></span><span style=\"font-family:SimSun;color:#999999;font-size:16px;\">&nbsp;</span><span style=\"font-family:SimSun;color:#999999;font-size:16px;\">浠ョヨ涓哄ㄥ</span><span style=\"font-family:SimSun;color:#999999;font-size:16px;\">&nbsp;</span><span style=\"font-family:浠垮_GB2312;font-size:16pt;\"></span> \r\n</p>\r\n<p>\r\n	<b><span style=\"font-family:妤蜂_GB2312;font-size:16pt;\"><span style=\"font-family:SimSun;color:#999999;font-size:16px;\">浠</span><span></span></span></b> \r\n</p>\r\n<p style=\"text-indent:32.25pt;\">\r\n	<span style=\"font-family:浠垮_GB2312;font-size:16pt;\"><span style=\"font-family:SimSun;font-size:16px;\"><span></span><span style=\"color:#999999;\">寮姣涓娆捐╃ㄦ锋弧杞浠朵骇</span></span><span></span></span><span style=\"font-family:浠垮_GB2312;font-size:16pt;\"><span style=\"font-family:SimSun;font-size:16px;\"></span></span> \r\n</p>\r\n<p style=\"text-indent:32.25pt;\">\r\n	<span style=\"font-family:浠垮_GB2312;font-size:16pt;\"><span style=\"font-family:SimSun;color:#999999;font-size:16px;\">涓哄㈡锋渚婊℃</span><span></span></span><span style=\"font-family:浠垮_GB2312;font-size:16pt;\"><span style=\"font-family:SimSun;font-size:16px;\"><br />\r\n</span></span>\r\n</p>\r\n<p style=\"text-indent:32.25pt;\">\r\n	<span style=\"font-family:浠垮_GB2312;font-size:16pt;\"><span style=\"font-family:SimSun;font-size:16px;\"><span style=\"font-family:浠垮_GB2312;color:#999999;font-size:16pt;\"><span style=\"font-family:SimSun;color:#999999;font-size:16px;\">涓虹ぞ浼灏借宸辩涓浠借矗浠</span></span><br />\r\n</span><span></span><span></span></span>\r\n</p>', '', 'about', '0', '充shopping', '', '163841');
INSERT INTO `wemall_article` VALUES ('196617', '2016-03-31 14:52:47', '\0', 'shop2.0涓绾', '', '', '0', 'shop2.0涓绾', '', '163842');
INSERT INTO `wemall_article` VALUES ('196618', '2016-03-31 14:53:37', '\0', '寰淇WAP涓绾匡娆㈣骞垮ぇ椤惧㈠磋', '', '', '0', '寰淇WAP涓绾匡娆㈣骞垮ぇ椤惧㈠磋', '', '1');
INSERT INTO `wemall_article` VALUES ('196619', '2016-03-31 14:54:22', '\0', '充瀹瑁棰锛浜哄浼璇缁瑙ｅ崇', '', '', '0', '充瀹瑁棰锛浜哄浼璇缁瑙ｅ', '', '1');
INSERT INTO `wemall_article` VALUES ('196620', '2016-03-31 14:55:18', '\0', '杩淇澶稿bug', '', '', '0', '杩淇澶bug锛ㄥㄦ绀虹澧娴璇', '', '1');
INSERT INTO `wemall_article` VALUES ('196621', '2016-03-31 14:55:51', '\0', 'app璁″宸茬', '', '', '0', 'app璁″宸茬', '', '163841');
INSERT INTO `wemall_article` VALUES ('196622', '2016-03-31 14:56:19', '\0', '浠ｇ涓板ㄥ娉ㄩ', '', '', '0', '浠ｇ涓板ㄥ娉ㄩ', '', '1');
INSERT INTO `wemall_article` VALUES ('196623', '2016-03-31 15:04:26', '\0', '杩浼ュ井淇℃浠锛板pc浠瑰', '', '', '0', '杩浼ュ井淇℃锛板pc浠', '', '1');

-- ----------------------------
-- Table structure for wemall_articleclass
-- ----------------------------
DROP TABLE IF EXISTS `wemall_articleclass`;
CREATE TABLE `wemall_articleclass` (
  `id` bigint(20) NOT NULL AUTO_INCREMENT,
  `addTime` datetime DEFAULT NULL,
  `deleteStatus` bit(1) NOT NULL,
  `className` varchar(255) DEFAULT NULL,
  `level` int(11) NOT NULL,
  `mark` varchar(255) DEFAULT NULL,
  `sequence` int(11) NOT NULL,
  `sysClass` bit(1) NOT NULL,
  `parent_id` bigint(20) DEFAULT NULL,
  PRIMARY KEY (`id`),
  KEY `FK29AACFD3987F7269` (`parent_id`),
  CONSTRAINT `FK29AACFD3987F7269` FOREIGN KEY (`parent_id`) REFERENCES `wemall_articleclass` (`id`)
) ENGINE=InnoDB AUTO_INCREMENT=163844 DEFAULT CHARSET=utf8;

-- ----------------------------
-- Records of wemall_articleclass
-- ----------------------------
INSERT INTO `wemall_articleclass` VALUES ('1', '2013-08-23 16:13:51', '\0', '伴', '0', 'news', '1', '', null);
INSERT INTO `wemall_articleclass` VALUES ('98304', '2013-08-25 10:18:49', '\0', '甯╀腑蹇 ', '0', 'help', '2', '', null);
INSERT INTO `wemall_articleclass` VALUES ('98306', '2013-08-25 10:21:10', '\0', '搴涓讳瀹', '0', 'seller', '3', '', null);
INSERT INTO `wemall_articleclass` VALUES ('98307', '2013-08-25 10:21:26', '\0', '浠瑰', '0', 'pay', '4', '', null);
INSERT INTO `wemall_articleclass` VALUES ('131072', '2013-08-25 10:23:18', '\0', ' ', '0', 'sold', '5', '', null);
INSERT INTO `wemall_articleclass` VALUES ('163840', '2013-08-25 10:29:55', '\0', '瀹㈡涓蹇', '0', 'service', '6', '', null);
INSERT INTO `wemall_articleclass` VALUES ('163841', '2013-08-25 10:30:08', '\0', '充浠', '0', 'about', '8', '', null);
INSERT INTO `wemall_articleclass` VALUES ('163842', '2015-02-26 10:15:06', '\0', '版涓璺', '0', 'newuser', '0', '', null);
INSERT INTO `wemall_articleclass` VALUES ('163843', '2015-02-26 10:25:33', '\0', '硅叉', '0', 'feature', '7', '', null);

-- ----------------------------
-- Table structure for wemall_bargain
-- ----------------------------
DROP TABLE IF EXISTS `wemall_bargain`;
CREATE TABLE `wemall_bargain` (
  `id` bigint(20) NOT NULL AUTO_INCREMENT,
  `addTime` datetime DEFAULT NULL,
  `deleteStatus` bit(1) NOT NULL,
  `bargain_time` date DEFAULT NULL,
  `maximum` int(11) DEFAULT '0',
  `rebate` decimal(3,2) DEFAULT NULL,
  `state` longtext,
  PRIMARY KEY (`id`),
  UNIQUE KEY `id` (`id`)
) ENGINE=InnoDB AUTO_INCREMENT=3 DEFAULT CHARSET=utf8;

-- ----------------------------
-- Records of wemall_bargain
-- ----------------------------
INSERT INTO `wemall_bargain` VALUES ('2', '2014-09-26 16:59:50', '\0', '2014-09-29', '300', '6.00', '藉澶ч瀹');

-- ----------------------------
-- Table structure for wemall_bargain_goods
-- ----------------------------
DROP TABLE IF EXISTS `wemall_bargain_goods`;
CREATE TABLE `wemall_bargain_goods` (
  `id` bigint(20) NOT NULL AUTO_INCREMENT,
  `addTime` datetime DEFAULT NULL,
  `deleteStatus` bit(1) NOT NULL,
  `bg_price` decimal(12,2) DEFAULT NULL,
  `bg_status` int(11) NOT NULL,
  `bg_time` date DEFAULT NULL,
  `bg_admin_user_id` bigint(20) DEFAULT NULL,
  `bg_goods_id` bigint(20) DEFAULT NULL,
  `bg_count` int(11) DEFAULT '1',
  `bg_rebate` decimal(3,1) DEFAULT NULL,
  `audit_time` datetime DEFAULT NULL,
  PRIMARY KEY (`id`),
  UNIQUE KEY `id` (`id`),
  KEY `FKECBE5852AB0DFB98` (`bg_admin_user_id`),
  KEY `FKECBE585282133C8C` (`bg_goods_id`),
  CONSTRAINT `FKECBE585282133C8C` FOREIGN KEY (`bg_goods_id`) REFERENCES `wemall_goods` (`id`),
  CONSTRAINT `FKECBE5852AB0DFB98` FOREIGN KEY (`bg_admin_user_id`) REFERENCES `wemall_user` (`id`)
) ENGINE=InnoDB AUTO_INCREMENT=59 DEFAULT CHARSET=utf8;

-- ----------------------------
-- Records of wemall_bargain_goods
-- ----------------------------
INSERT INTO `wemall_bargain_goods` VALUES ('1', '2014-09-25 21:50:50', '\0', '480.00', '1', '2014-09-26', null, '98391', '0', '8.0', '2014-09-25 14:24:36');
INSERT INTO `wemall_bargain_goods` VALUES ('2', '2014-09-25 11:37:55', '\0', '675.00', '1', '2014-09-26', null, '98451', '0', '7.5', '2014-09-25 14:24:37');
INSERT INTO `wemall_bargain_goods` VALUES ('3', '2014-09-25 11:37:56', '\0', '112.50', '1', '2014-09-26', null, '98448', '0', '7.5', '2014-09-25 14:24:36');
INSERT INTO `wemall_bargain_goods` VALUES ('4', '2014-09-25 11:37:56', '\0', '270.00', '1', '2014-09-26', null, '98443', '0', '7.5', '2014-09-25 14:24:36');
INSERT INTO `wemall_bargain_goods` VALUES ('5', '2014-09-25 11:37:56', '\0', '3000.00', '1', '2014-09-26', null, '98437', '0', '7.5', '2014-09-25 14:24:37');
INSERT INTO `wemall_bargain_goods` VALUES ('6', '2014-09-25 11:37:56', '\0', '4249.50', '1', '2014-09-26', null, '98432', '0', '7.5', '2014-09-25 14:24:37');
INSERT INTO `wemall_bargain_goods` VALUES ('7', '2014-09-25 11:37:56', '\0', '2749.50', '1', '2014-09-26', null, '98430', '0', '7.5', '2014-09-25 14:24:37');
INSERT INTO `wemall_bargain_goods` VALUES ('8', '2014-09-26 15:02:27', '\0', '3200.00', '1', '2014-09-27', null, '98456', '0', '8.0', '2014-09-26 15:04:22');
INSERT INTO `wemall_bargain_goods` VALUES ('9', '2014-09-26 15:02:28', '\0', '2880.00', '1', '2014-09-27', null, '98455', '0', '8.0', '2014-09-26 15:04:21');
INSERT INTO `wemall_bargain_goods` VALUES ('10', '2014-09-26 15:02:28', '\0', '6392.00', '1', '2014-09-27', null, '98454', '0', '8.0', '2014-09-26 15:04:21');
INSERT INTO `wemall_bargain_goods` VALUES ('11', '2014-09-26 15:02:29', '\0', '15110.40', '1', '2014-09-27', null, '98453', '0', '8.0', '2014-09-26 15:04:21');
INSERT INTO `wemall_bargain_goods` VALUES ('12', '2014-09-26 15:02:29', '\0', '1568.00', '1', '2014-09-27', null, '98452', '0', '8.0', '2014-09-26 15:04:20');
INSERT INTO `wemall_bargain_goods` VALUES ('13', '2014-09-26 15:02:29', '\0', '560.00', '1', '2014-09-27', null, '98450', '0', '8.0', '2014-09-26 15:04:20');
INSERT INTO `wemall_bargain_goods` VALUES ('14', '2014-09-26 15:02:29', '\0', '292.80', '1', '2014-09-27', null, '98449', '0', '8.0', '2014-09-26 15:04:20');
INSERT INTO `wemall_bargain_goods` VALUES ('15', '2014-09-26 15:02:29', '\0', '1568.00', '1', '2014-09-27', null, '98447', '0', '8.0', '2014-09-26 15:04:19');
INSERT INTO `wemall_bargain_goods` VALUES ('16', '2014-09-26 15:02:29', '\0', '640.00', '1', '2014-09-27', null, '98446', '0', '8.0', '2014-09-26 15:04:19');
INSERT INTO `wemall_bargain_goods` VALUES ('17', '2014-09-26 15:02:29', '\0', '364.00', '1', '2014-09-27', null, '98445', '0', '8.0', '2014-09-26 15:04:19');
INSERT INTO `wemall_bargain_goods` VALUES ('18', '2014-09-26 15:02:30', '\0', '240.00', '1', '2014-09-27', null, '98444', '0', '8.0', '2014-09-26 15:04:18');
INSERT INTO `wemall_bargain_goods` VALUES ('19', '2014-09-26 15:02:30', '\0', '320.00', '1', '2014-09-27', null, '98442', '0', '8.0', '2014-09-26 15:04:18');
INSERT INTO `wemall_bargain_goods` VALUES ('20', '2014-09-27 16:12:13', '\0', '24.00', '0', '2014-09-28', null, '98441', '0', '8.0', null);
INSERT INTO `wemall_bargain_goods` VALUES ('21', '2014-09-27 16:12:14', '\0', '28.80', '0', '2014-09-28', null, '98440', '0', '8.0', null);
INSERT INTO `wemall_bargain_goods` VALUES ('22', '2014-09-27 16:12:15', '\0', '23.20', '1', '2014-09-28', '1', '98439', '0', '8.0', '2014-09-27 16:13:08');
INSERT INTO `wemall_bargain_goods` VALUES ('23', '2014-09-27 16:12:15', '\0', '7910.40', '1', '2014-09-28', '1', '98438', '0', '8.0', '2014-09-27 16:13:07');
INSERT INTO `wemall_bargain_goods` VALUES ('24', '2014-09-27 16:12:15', '\0', '3999.20', '1', '2014-09-28', '1', '98436', '0', '8.0', '2014-09-27 16:13:06');
INSERT INTO `wemall_bargain_goods` VALUES ('25', '2014-09-27 16:12:16', '\0', '799.20', '1', '2014-09-28', '1', '98435', '0', '8.0', '2014-09-27 16:13:06');
INSERT INTO `wemall_bargain_goods` VALUES ('26', '2014-09-27 16:12:16', '\0', '3840.00', '1', '2014-09-28', '1', '98434', '0', '8.0', '2014-09-27 16:13:05');
INSERT INTO `wemall_bargain_goods` VALUES ('27', '2014-09-27 16:12:16', '\0', '1599.20', '1', '2014-09-28', '1', '98433', '0', '8.0', '2014-09-27 16:13:05');
INSERT INTO `wemall_bargain_goods` VALUES ('28', '2014-09-27 16:12:17', '\0', '2932.80', '1', '2014-09-28', '1', '98431', '0', '8.0', '2014-09-27 16:13:04');
INSERT INTO `wemall_bargain_goods` VALUES ('29', '2014-09-27 16:12:17', '\0', '3992.00', '1', '2014-09-28', '1', '98429', '0', '8.0', '2014-09-27 16:13:04');
INSERT INTO `wemall_bargain_goods` VALUES ('30', '2014-09-27 16:12:17', '\0', '52.80', '1', '2014-09-28', '1', '98428', '0', '8.0', '2014-09-27 16:12:45');
INSERT INTO `wemall_bargain_goods` VALUES ('31', '2014-09-27 16:12:18', '\0', '48.00', '1', '2014-09-28', '1', '98427', '0', '8.0', '2014-09-27 16:12:45');
INSERT INTO `wemall_bargain_goods` VALUES ('32', '2014-09-27 16:12:18', '\0', '3644.00', '1', '2014-09-28', '1', '98426', '0', '8.0', '2014-09-27 16:12:44');
INSERT INTO `wemall_bargain_goods` VALUES ('33', '2014-09-27 16:12:18', '\0', '5955.20', '1', '2014-09-28', '1', '98425', '0', '8.0', '2014-09-27 16:12:44');
INSERT INTO `wemall_bargain_goods` VALUES ('34', '2014-09-27 16:12:19', '\0', '7999.20', '1', '2014-09-28', '1', '98424', '0', '8.0', '2014-09-27 16:12:43');
INSERT INTO `wemall_bargain_goods` VALUES ('35', '2014-09-27 16:12:19', '\0', '4000.00', '1', '2014-09-28', '1', '98423', '0', '8.0', '2014-09-27 16:12:43');
INSERT INTO `wemall_bargain_goods` VALUES ('36', '2014-09-27 16:12:19', '\0', '3635.20', '1', '2014-09-28', '1', '98422', '0', '8.0', '2014-09-27 16:12:44');
INSERT INTO `wemall_bargain_goods` VALUES ('37', '2014-09-27 16:12:20', '\0', '3200.00', '1', '2014-09-28', '1', '98421', '0', '8.0', '2014-09-27 16:12:42');
INSERT INTO `wemall_bargain_goods` VALUES ('38', '2014-09-27 16:12:20', '\0', '1066.40', '1', '2014-09-28', '1', '98420', '0', '8.0', '2014-09-27 16:12:42');
INSERT INTO `wemall_bargain_goods` VALUES ('39', '2014-09-27 16:12:20', '\0', '640.00', '1', '2014-09-28', '1', '98419', '0', '8.0', '2014-09-27 16:12:42');
INSERT INTO `wemall_bargain_goods` VALUES ('40', '2014-09-27 16:12:21', '\0', '444.00', '1', '2014-09-28', '1', '98418', '0', '8.0', '2014-09-27 16:12:41');
INSERT INTO `wemall_bargain_goods` VALUES ('41', '2014-09-27 16:12:21', '\0', '1200.00', '1', '2014-09-28', '1', '98417', '0', '8.0', '2014-09-27 16:12:41');
INSERT INTO `wemall_bargain_goods` VALUES ('42', '2015-02-28 17:29:06', '\0', '2880.00', '-2', '2015-03-01', '1', '98455', '0', '8.0', '2015-02-28 17:31:21');
INSERT INTO `wemall_bargain_goods` VALUES ('43', '2015-02-28 17:29:06', '\0', '1568.00', '1', '2015-03-01', '1', '98452', '0', '8.0', '2015-02-28 17:32:07');
INSERT INTO `wemall_bargain_goods` VALUES ('44', '2015-02-28 17:29:06', '\0', '364.00', '1', '2015-03-01', '1', '98445', '0', '8.0', '2015-02-28 17:32:07');
INSERT INTO `wemall_bargain_goods` VALUES ('45', '2015-02-28 17:29:06', '\0', '800.00', '1', '2015-03-01', '1', '98415', '0', '8.0', '2015-02-28 17:32:07');
INSERT INTO `wemall_bargain_goods` VALUES ('46', '2015-02-28 17:29:06', '\0', '1332.80', '1', '2015-03-01', '1', '98413', '0', '8.0', '2015-02-28 17:32:07');
INSERT INTO `wemall_bargain_goods` VALUES ('47', '2015-02-28 17:29:06', '\0', '712.00', '1', '2015-03-01', '1', '98412', '0', '8.0', '2015-02-28 17:31:22');
INSERT INTO `wemall_bargain_goods` VALUES ('48', '2015-02-28 17:29:06', '\0', '640.00', '1', '2015-03-01', '1', '98411', '0', '8.0', '2015-02-28 17:31:22');
INSERT INTO `wemall_bargain_goods` VALUES ('49', '2015-02-28 17:29:06', '\0', '480.00', '1', '2015-03-01', '1', '98410', '0', '8.0', '2015-02-28 17:31:22');
INSERT INTO `wemall_bargain_goods` VALUES ('50', '2015-02-28 17:29:06', '\0', '3910.40', '1', '2015-03-01', '1', '98407', '0', '8.0', '2015-02-28 17:31:21');
INSERT INTO `wemall_bargain_goods` VALUES ('51', '2015-02-28 17:29:06', '\0', '308.80', '1', '2015-03-01', '1', '98406', '0', '8.0', '2015-02-28 17:31:21');
INSERT INTO `wemall_bargain_goods` VALUES ('52', '2015-02-28 17:29:06', '\0', '100.80', '1', '2015-03-01', '1', '98404', '0', '8.0', '2015-02-28 17:31:21');
INSERT INTO `wemall_bargain_goods` VALUES ('53', '2015-02-28 17:29:06', '\0', '3199.20', '1', '2015-03-01', '1', '98403', '0', '8.0', '2015-02-28 17:31:21');
INSERT INTO `wemall_bargain_goods` VALUES ('54', '2015-02-28 17:29:06', '\0', '453.60', '1', '2015-03-01', '1', '98402', '0', '8.0', '2015-02-28 17:31:21');
INSERT INTO `wemall_bargain_goods` VALUES ('55', '2015-02-28 17:29:06', '\0', '18.40', '1', '2015-03-01', '1', '98400', '0', '8.0', '2015-02-28 17:31:21');
INSERT INTO `wemall_bargain_goods` VALUES ('56', '2015-02-28 17:29:06', '\0', '480.00', '1', '2015-03-01', '1', '98399', '0', '8.0', '2015-02-28 17:31:21');
INSERT INTO `wemall_bargain_goods` VALUES ('57', '2015-02-28 17:29:06', '\0', '80.00', '1', '2015-03-01', '1', '98397', '0', '8.0', '2015-02-28 17:31:21');
INSERT INTO `wemall_bargain_goods` VALUES ('58', '2015-02-28 17:29:06', '\0', '190.40', '1', '2015-03-01', '1', '98396', '0', '8.0', '2015-02-28 17:32:07');

-- ----------------------------
-- Table structure for wemall_brandcategory
-- ----------------------------
DROP TABLE IF EXISTS `wemall_brandcategory`;
CREATE TABLE `wemall_brandcategory` (
  `id` bigint(20) NOT NULL AUTO_INCREMENT,
  `addTime` datetime DEFAULT NULL,
  `deleteStatus` bit(1) NOT NULL,
  `name` varchar(255) DEFAULT NULL,
  `sequence` int(11) NOT NULL,
  PRIMARY KEY (`id`)
) ENGINE=InnoDB AUTO_INCREMENT=5 DEFAULT CHARSET=utf8;

-- ----------------------------
-- Records of wemall_brandcategory
-- ----------------------------
INSERT INTO `wemall_brandcategory` VALUES ('1', '2013-12-24 09:50:45', '\0', '疯', '0');
INSERT INTO `wemall_brandcategory` VALUES ('2', '2013-12-24 09:59:10', '\0', '濂宠', '0');
INSERT INTO `wemall_brandcategory` VALUES ('3', '2013-12-24 10:07:10', '\0', '扮', '0');
INSERT INTO `wemall_brandcategory` VALUES ('4', '2013-12-24 10:09:05', '\0', '杩', '0');

-- ----------------------------
-- Table structure for wemall_cart_gsp
-- ----------------------------
DROP TABLE IF EXISTS `wemall_cart_gsp`;
CREATE TABLE `wemall_cart_gsp` (
  `cart_id` bigint(20) NOT NULL,
  `gsp_id` bigint(20) NOT NULL,
  KEY `FK718B005C6B9FD208` (`cart_id`),
  KEY `FK718B005C2F8BE734` (`gsp_id`),
  CONSTRAINT `FK718B005C2F8BE734` FOREIGN KEY (`gsp_id`) REFERENCES `wemall_goodsspecproperty` (`id`),
  CONSTRAINT `FK718B005C6B9FD208` FOREIGN KEY (`cart_id`) REFERENCES `wemall_goodscart` (`id`)
) ENGINE=InnoDB DEFAULT CHARSET=utf8;

-- ----------------------------
-- Records of wemall_cart_gsp
-- ----------------------------
INSERT INTO `wemall_cart_gsp` VALUES ('1', '14');
INSERT INTO `wemall_cart_gsp` VALUES ('1', '32768');
INSERT INTO `wemall_cart_gsp` VALUES ('32768', '3');
INSERT INTO `wemall_cart_gsp` VALUES ('32768', '32769');
INSERT INTO `wemall_cart_gsp` VALUES ('65536', '32772');
INSERT INTO `wemall_cart_gsp` VALUES ('65536', '5');
INSERT INTO `wemall_cart_gsp` VALUES ('65537', '3');
INSERT INTO `wemall_cart_gsp` VALUES ('65537', '32769');
INSERT INTO `wemall_cart_gsp` VALUES ('98304', '3');
INSERT INTO `wemall_cart_gsp` VALUES ('98304', '32768');
INSERT INTO `wemall_cart_gsp` VALUES ('229395', '14');
INSERT INTO `wemall_cart_gsp` VALUES ('229395', '32772');
INSERT INTO `wemall_cart_gsp` VALUES ('229396', '14');
INSERT INTO `wemall_cart_gsp` VALUES ('229396', '32769');
INSERT INTO `wemall_cart_gsp` VALUES ('229397', '14');
INSERT INTO `wemall_cart_gsp` VALUES ('229397', '32769');
INSERT INTO `wemall_cart_gsp` VALUES ('229398', '14');
INSERT INTO `wemall_cart_gsp` VALUES ('229398', '32768');
INSERT INTO `wemall_cart_gsp` VALUES ('229399', '14');
INSERT INTO `wemall_cart_gsp` VALUES ('229399', '32769');
INSERT INTO `wemall_cart_gsp` VALUES ('229400', '14');
INSERT INTO `wemall_cart_gsp` VALUES ('229400', '32772');
INSERT INTO `wemall_cart_gsp` VALUES ('229401', '14');
INSERT INTO `wemall_cart_gsp` VALUES ('229401', '32769');
INSERT INTO `wemall_cart_gsp` VALUES ('229402', '14');
INSERT INTO `wemall_cart_gsp` VALUES ('229402', '32768');
INSERT INTO `wemall_cart_gsp` VALUES ('229407', '14');
INSERT INTO `wemall_cart_gsp` VALUES ('229407', '32769');
INSERT INTO `wemall_cart_gsp` VALUES ('229409', '14');
INSERT INTO `wemall_cart_gsp` VALUES ('229409', '32768');
INSERT INTO `wemall_cart_gsp` VALUES ('229438', '14');
INSERT INTO `wemall_cart_gsp` VALUES ('229438', '32772');
INSERT INTO `wemall_cart_gsp` VALUES ('229441', '14');
INSERT INTO `wemall_cart_gsp` VALUES ('229441', '32768');
INSERT INTO `wemall_cart_gsp` VALUES ('229532', '16');
INSERT INTO `wemall_cart_gsp` VALUES ('229532', '32769');
INSERT INTO `wemall_cart_gsp` VALUES ('229586', '2');
INSERT INTO `wemall_cart_gsp` VALUES ('229586', '32769');
INSERT INTO `wemall_cart_gsp` VALUES ('229587', '3');
INSERT INTO `wemall_cart_gsp` VALUES ('229587', '32769');
INSERT INTO `wemall_cart_gsp` VALUES ('229597', '14');
INSERT INTO `wemall_cart_gsp` VALUES ('229598', '14');
INSERT INTO `wemall_cart_gsp` VALUES ('229599', '14');
INSERT INTO `wemall_cart_gsp` VALUES ('229600', '14');
INSERT INTO `wemall_cart_gsp` VALUES ('229601', '2');
INSERT INTO `wemall_cart_gsp` VALUES ('229608', '14');
INSERT INTO `wemall_cart_gsp` VALUES ('229608', '32768');
INSERT INTO `wemall_cart_gsp` VALUES ('229609', '2');
INSERT INTO `wemall_cart_gsp` VALUES ('229609', '32768');
INSERT INTO `wemall_cart_gsp` VALUES ('229610', '2');
INSERT INTO `wemall_cart_gsp` VALUES ('229610', '32769');
INSERT INTO `wemall_cart_gsp` VALUES ('229611', '2');
INSERT INTO `wemall_cart_gsp` VALUES ('229611', '32772');
INSERT INTO `wemall_cart_gsp` VALUES ('229612', '3');
INSERT INTO `wemall_cart_gsp` VALUES ('229612', '32769');
INSERT INTO `wemall_cart_gsp` VALUES ('229613', '3');
INSERT INTO `wemall_cart_gsp` VALUES ('229615', '14');
INSERT INTO `wemall_cart_gsp` VALUES ('229615', '32768');
INSERT INTO `wemall_cart_gsp` VALUES ('229616', '2');
INSERT INTO `wemall_cart_gsp` VALUES ('229616', '32768');
INSERT INTO `wemall_cart_gsp` VALUES ('229618', '3');
INSERT INTO `wemall_cart_gsp` VALUES ('229618', '32768');
INSERT INTO `wemall_cart_gsp` VALUES ('229619', '2');
INSERT INTO `wemall_cart_gsp` VALUES ('229619', '32769');
INSERT INTO `wemall_cart_gsp` VALUES ('229620', '2');
INSERT INTO `wemall_cart_gsp` VALUES ('229620', '32768');
INSERT INTO `wemall_cart_gsp` VALUES ('229629', '14');
INSERT INTO `wemall_cart_gsp` VALUES ('229629', '32769');
INSERT INTO `wemall_cart_gsp` VALUES ('229631', '14');
INSERT INTO `wemall_cart_gsp` VALUES ('229631', '32768');
INSERT INTO `wemall_cart_gsp` VALUES ('229632', '2');
INSERT INTO `wemall_cart_gsp` VALUES ('229632', '32768');
INSERT INTO `wemall_cart_gsp` VALUES ('229634', '1');
INSERT INTO `wemall_cart_gsp` VALUES ('229635', '3');
INSERT INTO `wemall_cart_gsp` VALUES ('229637', '3');
INSERT INTO `wemall_cart_gsp` VALUES ('229638', '3');
INSERT INTO `wemall_cart_gsp` VALUES ('229640', '2');
INSERT INTO `wemall_cart_gsp` VALUES ('229640', '32768');
INSERT INTO `wemall_cart_gsp` VALUES ('229642', '2');
INSERT INTO `wemall_cart_gsp` VALUES ('229642', '32769');
INSERT INTO `wemall_cart_gsp` VALUES ('229646', '32769');
INSERT INTO `wemall_cart_gsp` VALUES ('229646', '4');
INSERT INTO `wemall_cart_gsp` VALUES ('229673', '3');
INSERT INTO `wemall_cart_gsp` VALUES ('229673', '32769');
INSERT INTO `wemall_cart_gsp` VALUES ('229677', '14');
INSERT INTO `wemall_cart_gsp` VALUES ('229677', '32769');
INSERT INTO `wemall_cart_gsp` VALUES ('229678', '14');
INSERT INTO `wemall_cart_gsp` VALUES ('229678', '32769');
INSERT INTO `wemall_cart_gsp` VALUES ('229679', '14');
INSERT INTO `wemall_cart_gsp` VALUES ('229679', '32769');
INSERT INTO `wemall_cart_gsp` VALUES ('229682', '20');
INSERT INTO `wemall_cart_gsp` VALUES ('229682', '32770');
INSERT INTO `wemall_cart_gsp` VALUES ('229683', '32769');
INSERT INTO `wemall_cart_gsp` VALUES ('229683', '6');
INSERT INTO `wemall_cart_gsp` VALUES ('229689', '20');
INSERT INTO `wemall_cart_gsp` VALUES ('229689', '32773');

-- ----------------------------
-- Table structure for wemall_chatting
-- ----------------------------
DROP TABLE IF EXISTS `wemall_chatting`;
CREATE TABLE `wemall_chatting` (
  `id` bigint(20) NOT NULL AUTO_INCREMENT,
  `addTime` datetime DEFAULT NULL,
  `deleteStatus` bit(1) NOT NULL,
  `type` int(11) DEFAULT '0',
  `user1_id` bigint(20) DEFAULT NULL,
  `user2_id` bigint(20) DEFAULT NULL,
  PRIMARY KEY (`id`),
  UNIQUE KEY `id` (`id`),
  KEY `FKC6DDCF3D16F36727` (`user1_id`),
  KEY `FKC6DDCF3D16F3DB86` (`user2_id`),
  CONSTRAINT `FKC6DDCF3D16F36727` FOREIGN KEY (`user1_id`) REFERENCES `wemall_user` (`id`),
  CONSTRAINT `FKC6DDCF3D16F3DB86` FOREIGN KEY (`user2_id`) REFERENCES `wemall_user` (`id`)
) ENGINE=InnoDB DEFAULT CHARSET=utf8;

-- ----------------------------
-- Records of wemall_chatting
-- ----------------------------

-- ----------------------------
-- Table structure for wemall_chattingfriend
-- ----------------------------
DROP TABLE IF EXISTS `wemall_chattingfriend`;
CREATE TABLE `wemall_chattingfriend` (
  `id` bigint(20) NOT NULL AUTO_INCREMENT,
  `addTime` datetime DEFAULT NULL,
  `deleteStatus` bit(1) NOT NULL,
  `type` int(11) DEFAULT '1',
  `friend_id` bigint(20) DEFAULT NULL,
  `user_id` bigint(20) DEFAULT NULL,
  `friendUser_id` bigint(20) DEFAULT NULL,
  PRIMARY KEY (`id`),
  UNIQUE KEY `id` (`id`),
  KEY `FK9DBC61B5537B6C51` (`user_id`),
  KEY `FK9DBC61B516CF789E` (`friend_id`),
  KEY `FK9DBC61B584EFD3F3` (`friendUser_id`),
  CONSTRAINT `FK9DBC61B516CF789E` FOREIGN KEY (`friend_id`) REFERENCES `wemall_user` (`id`),
  CONSTRAINT `FK9DBC61B5537B6C51` FOREIGN KEY (`user_id`) REFERENCES `wemall_user` (`id`),
  CONSTRAINT `FK9DBC61B584EFD3F3` FOREIGN KEY (`friendUser_id`) REFERENCES `wemall_user` (`id`)
) ENGINE=InnoDB DEFAULT CHARSET=utf8;

-- ----------------------------
-- Records of wemall_chattingfriend
-- ----------------------------

-- ----------------------------
-- Table structure for wemall_chattinglog
-- ----------------------------
DROP TABLE IF EXISTS `wemall_chattinglog`;
CREATE TABLE `wemall_chattinglog` (
  `id` bigint(20) NOT NULL AUTO_INCREMENT,
  `addTime` datetime DEFAULT NULL,
  `deleteStatus` bit(1) NOT NULL,
  `content` longtext,
  `User_id` bigint(20) DEFAULT NULL,
  `chatting_id` bigint(20) DEFAULT NULL,
  `mark` int(11) DEFAULT '0',
  PRIMARY KEY (`id`),
  UNIQUE KEY `id` (`id`),
  KEY `FK4E392EE73236E522` (`chatting_id`),
  KEY `FK4E392EE71E208F02` (`User_id`),
  CONSTRAINT `FK4E392EE71E208F02` FOREIGN KEY (`User_id`) REFERENCES `wemall_user` (`id`),
  CONSTRAINT `FK4E392EE73236E522` FOREIGN KEY (`chatting_id`) REFERENCES `wemall_chatting` (`id`)
) ENGINE=InnoDB DEFAULT CHARSET=utf8;

-- ----------------------------
-- Records of wemall_chattinglog
-- ----------------------------

-- ----------------------------
-- Table structure for wemall_combin_log
-- ----------------------------
DROP TABLE IF EXISTS `wemall_combin_log`;
CREATE TABLE `wemall_combin_log` (
  `id` bigint(20) NOT NULL AUTO_INCREMENT,
  `addTime` datetime DEFAULT NULL,
  `deleteStatus` bit(1) NOT NULL,
  `begin_time` datetime DEFAULT NULL,
  `end_time` datetime DEFAULT NULL,
  `gold` int(11) NOT NULL,
  `store_id` bigint(20) DEFAULT NULL,
  PRIMARY KEY (`id`),
  UNIQUE KEY `id` (`id`),
  KEY `FK1CEAE93C920D7683` (`store_id`),
  CONSTRAINT `FK1CEAE93C920D7683` FOREIGN KEY (`store_id`) REFERENCES `wemall_store` (`id`)
) ENGINE=InnoDB AUTO_INCREMENT=2 DEFAULT CHARSET=utf8;

-- ----------------------------
-- Records of wemall_combin_log
-- ----------------------------
INSERT INTO `wemall_combin_log` VALUES ('1', '2014-10-09 12:13:35', '\0', '2014-10-09 12:13:35', '2015-08-09 12:13:35', '600', '1');

-- ----------------------------
-- Table structure for wemall_complaint
-- ----------------------------
DROP TABLE IF EXISTS `wemall_complaint`;
CREATE TABLE `wemall_complaint` (
  `id` bigint(20) NOT NULL AUTO_INCREMENT,
  `addTime` datetime DEFAULT NULL,
  `deleteStatus` bit(1) NOT NULL,
  `appeal_time` datetime DEFAULT NULL,
  `from_user_content` longtext,
  `handle_content` longtext,
  `handle_time` datetime DEFAULT NULL,
  `status` int(11) NOT NULL,
  `talk_content` longtext,
  `to_user_content` longtext,
  `type` varchar(255) DEFAULT NULL,
  `cs_id` bigint(20) DEFAULT NULL,
  `from_acc1_id` bigint(20) DEFAULT NULL,
  `from_acc2_id` bigint(20) DEFAULT NULL,
  `from_acc3_id` bigint(20) DEFAULT NULL,
  `from_user_id` bigint(20) DEFAULT NULL,
  `handle_user_id` bigint(20) DEFAULT NULL,
  `of_id` bigint(20) DEFAULT NULL,
  `to_acc1_id` bigint(20) DEFAULT NULL,
  `to_acc2_id` bigint(20) DEFAULT NULL,
  `to_acc3_id` bigint(20) DEFAULT NULL,
  `to_user_id` bigint(20) DEFAULT NULL,
  PRIMARY KEY (`id`),
  KEY `FK5F874694BAA5A510` (`to_acc1_id`),
  KEY `FK5F874694D215FBEB` (`handle_user_id`),
  KEY `FK5F874694A5A3993E` (`to_user_id`),
  KEY `FK5F8746942B4D839E` (`from_acc2_id`),
  KEY `FK5F8746942B4D0F3F` (`from_acc1_id`),
  KEY `FK5F874694BAA68DCE` (`to_acc3_id`),
  KEY `FK5F8746942B4DF7FD` (`from_acc3_id`),
  KEY `FK5F874694CCC27273` (`cs_id`),
  KEY `FK5F874694BAA6196F` (`to_acc2_id`),
  KEY `FK5F874694164B036D` (`from_user_id`),
  KEY `FK5F874694E66AF58D` (`of_id`),
  CONSTRAINT `FK5F874694164B036D` FOREIGN KEY (`from_user_id`) REFERENCES `wemall_user` (`id`),
  CONSTRAINT `FK5F8746942B4D0F3F` FOREIGN KEY (`from_acc1_id`) REFERENCES `wemall_accessory` (`id`),
  CONSTRAINT `FK5F8746942B4D839E` FOREIGN KEY (`from_acc2_id`) REFERENCES `wemall_accessory` (`id`),
  CONSTRAINT `FK5F8746942B4DF7FD` FOREIGN KEY (`from_acc3_id`) REFERENCES `wemall_accessory` (`id`),
  CONSTRAINT `FK5F874694A5A3993E` FOREIGN KEY (`to_user_id`) REFERENCES `wemall_user` (`id`),
  CONSTRAINT `FK5F874694BAA5A510` FOREIGN KEY (`to_acc1_id`) REFERENCES `wemall_accessory` (`id`),
  CONSTRAINT `FK5F874694BAA6196F` FOREIGN KEY (`to_acc2_id`) REFERENCES `wemall_accessory` (`id`),
  CONSTRAINT `FK5F874694BAA68DCE` FOREIGN KEY (`to_acc3_id`) REFERENCES `wemall_accessory` (`id`),
  CONSTRAINT `FK5F874694CCC27273` FOREIGN KEY (`cs_id`) REFERENCES `wemall_complaint_subject` (`id`),
  CONSTRAINT `FK5F874694D215FBEB` FOREIGN KEY (`handle_user_id`) REFERENCES `wemall_user` (`id`),
  CONSTRAINT `FK5F874694E66AF58D` FOREIGN KEY (`of_id`) REFERENCES `wemall_orderform` (`id`)
) ENGINE=InnoDB DEFAULT CHARSET=utf8;

-- ----------------------------
-- Records of wemall_complaint
-- ----------------------------

-- ----------------------------
-- Table structure for wemall_complaint_goods
-- ----------------------------
DROP TABLE IF EXISTS `wemall_complaint_goods`;
CREATE TABLE `wemall_complaint_goods` (
  `id` bigint(20) NOT NULL AUTO_INCREMENT,
  `addTime` datetime DEFAULT NULL,
  `deleteStatus` bit(1) NOT NULL,
  `content` longtext,
  `complaint_id` bigint(20) DEFAULT NULL,
  `goods_id` bigint(20) DEFAULT NULL,
  PRIMARY KEY (`id`),
  KEY `FK8F9101EB339519D2` (`goods_id`),
  KEY `FK8F9101EBA599F1B2` (`complaint_id`),
  CONSTRAINT `FK8F9101EB339519D2` FOREIGN KEY (`goods_id`) REFERENCES `wemall_goods` (`id`),
  CONSTRAINT `FK8F9101EBA599F1B2` FOREIGN KEY (`complaint_id`) REFERENCES `wemall_complaint` (`id`)
) ENGINE=InnoDB DEFAULT CHARSET=utf8;

-- ----------------------------
-- Records of wemall_complaint_goods
-- ----------------------------

-- ----------------------------
-- Table structure for wemall_complaint_subject
-- ----------------------------
DROP TABLE IF EXISTS `wemall_complaint_subject`;
CREATE TABLE `wemall_complaint_subject` (
  `id` bigint(20) NOT NULL AUTO_INCREMENT,
  `addTime` datetime DEFAULT NULL,
  `deleteStatus` bit(1) NOT NULL,
  `content` longtext,
  `title` varchar(255) DEFAULT NULL,
  `type` varchar(255) DEFAULT NULL,
  PRIMARY KEY (`id`)
) ENGINE=InnoDB DEFAULT CHARSET=utf8;

-- ----------------------------
-- Records of wemall_complaint_subject
-- ----------------------------

-- ----------------------------
-- Table structure for wemall_consult
-- ----------------------------
DROP TABLE IF EXISTS `wemall_consult`;
CREATE TABLE `wemall_consult` (
  `id` bigint(20) NOT NULL AUTO_INCREMENT,
  `addTime` datetime DEFAULT NULL,
  `deleteStatus` bit(1) NOT NULL,
  `consult_content` longtext,
  `consult_email` varchar(255) DEFAULT NULL,
  `consult_reply` longtext,
  `reply` bit(1) NOT NULL,
  `reply_time` datetime DEFAULT NULL,
  `consult_user_id` bigint(20) DEFAULT NULL,
  `goods_id` bigint(20) DEFAULT NULL,
  `reply_user_id` bigint(20) DEFAULT NULL,
  PRIMARY KEY (`id`),
  KEY `FK86CB3BBB66DC9BFC` (`reply_user_id`),
  KEY `FK86CB3BBBA995E663` (`goods_id`),
  KEY `FK86CB3BBBCAAD62FE` (`consult_user_id`),
  CONSTRAINT `FK86CB3BBB66DC9BFC` FOREIGN KEY (`reply_user_id`) REFERENCES `wemall_user` (`id`),
  CONSTRAINT `FK86CB3BBBA995E663` FOREIGN KEY (`goods_id`) REFERENCES `wemall_goods` (`id`),
  CONSTRAINT `FK86CB3BBBCAAD62FE` FOREIGN KEY (`consult_user_id`) REFERENCES `wemall_user` (`id`)
) ENGINE=InnoDB DEFAULT CHARSET=utf8;

-- ----------------------------
-- Records of wemall_consult
-- ----------------------------

-- ----------------------------
-- Table structure for wemall_coupon
-- ----------------------------
DROP TABLE IF EXISTS `wemall_coupon`;
CREATE TABLE `wemall_coupon` (
  `id` bigint(20) NOT NULL AUTO_INCREMENT,
  `addTime` datetime DEFAULT NULL,
  `deleteStatus` bit(1) NOT NULL,
  `coupon_amount` decimal(12,2) DEFAULT NULL,
  `coupon_begin_time` date DEFAULT NULL,
  `coupon_count` int(11) NOT NULL,
  `coupon_end_time` date DEFAULT NULL,
  `coupon_name` varchar(255) DEFAULT NULL,
  `coupon_order_amount` decimal(12,2) DEFAULT NULL,
  `coupon_acc_id` bigint(20) DEFAULT NULL,
  PRIMARY KEY (`id`),
  UNIQUE KEY `id` (`id`),
  KEY `FK1013FEDD31C9FEBC` (`coupon_acc_id`),
  CONSTRAINT `FK1013FEDD31C9FEBC` FOREIGN KEY (`coupon_acc_id`) REFERENCES `wemall_accessory` (`id`)
) ENGINE=InnoDB AUTO_INCREMENT=4 DEFAULT CHARSET=utf8;

-- ----------------------------
-- Records of wemall_coupon
-- ----------------------------
INSERT INTO `wemall_coupon` VALUES ('1', '2014-09-23 16:42:45', '\0', '5.00', '2014-09-01', '10', '2014-12-31', '5浼', '100.00', '425993');
INSERT INTO `wemall_coupon` VALUES ('2', '2014-09-23 19:52:36', '\0', '10.00', '2014-09-01', '100', '2014-12-31', '10浼', '100.00', '425994');
INSERT INTO `wemall_coupon` VALUES ('3', '2014-09-24 10:39:07', '\0', '20.00', '2014-09-01', '10', '2014-12-31', '20浼', '200.00', '425995');

-- ----------------------------
-- Table structure for wemall_coupon_info
-- ----------------------------
DROP TABLE IF EXISTS `wemall_coupon_info`;
CREATE TABLE `wemall_coupon_info` (
  `id` bigint(20) NOT NULL AUTO_INCREMENT,
  `addTime` datetime DEFAULT NULL,
  `deleteStatus` bit(1) NOT NULL,
  `coupon_sn` varchar(255) DEFAULT NULL,
  `status` int(11) DEFAULT '0',
  `coupon_id` bigint(20) DEFAULT NULL,
  `user_id` bigint(20) DEFAULT NULL,
  PRIMARY KEY (`id`),
  UNIQUE KEY `id` (`id`),
  KEY `FKE4A2D7682F288B1` (`coupon_id`),
  KEY `FKE4A2D76537B6C51` (`user_id`),
  CONSTRAINT `FKE4A2D76537B6C51` FOREIGN KEY (`user_id`) REFERENCES `wemall_user` (`id`),
  CONSTRAINT `FKE4A2D7682F288B1` FOREIGN KEY (`coupon_id`) REFERENCES `wemall_coupon` (`id`)
) ENGINE=InnoDB AUTO_INCREMENT=2 DEFAULT CHARSET=utf8;

-- ----------------------------
-- Records of wemall_coupon_info
-- ----------------------------
INSERT INTO `wemall_coupon_info` VALUES ('1', '2014-09-23 16:42:59', '\0', '3eec33f0-a548-4768-b0d0-3dc152129c03', '1', '1', '1');

-- ----------------------------
-- Table structure for wemall_delivery_goods
-- ----------------------------
DROP TABLE IF EXISTS `wemall_delivery_goods`;
CREATE TABLE `wemall_delivery_goods` (
  `id` bigint(20) NOT NULL AUTO_INCREMENT,
  `addTime` datetime DEFAULT NULL,
  `deleteStatus` bit(1) NOT NULL,
  `d_status` int(11) NOT NULL,
  `d_admin_user_id` bigint(20) DEFAULT NULL,
  `d_delivery_goods_id` bigint(20) DEFAULT NULL,
  `d_goods_id` bigint(20) DEFAULT NULL,
  `d_begin_time` date DEFAULT NULL,
  `d_end_time` date DEFAULT NULL,
  `d_audit_time` datetime DEFAULT NULL,
  `d_refuse_time` datetime DEFAULT NULL,
  PRIMARY KEY (`id`),
  UNIQUE KEY `id` (`id`),
  KEY `FK858B789CC3254733` (`d_delivery_goods_id`),
  KEY `FK858B789C1BAB47DE` (`d_goods_id`),
  KEY `FK858B789C78FFAAC6` (`d_admin_user_id`),
  CONSTRAINT `FK858B789C1BAB47DE` FOREIGN KEY (`d_goods_id`) REFERENCES `wemall_goods` (`id`),
  CONSTRAINT `FK858B789C78FFAAC6` FOREIGN KEY (`d_admin_user_id`) REFERENCES `wemall_user` (`id`),
  CONSTRAINT `FK858B789CC3254733` FOREIGN KEY (`d_delivery_goods_id`) REFERENCES `wemall_goods` (`id`)
) ENGINE=InnoDB AUTO_INCREMENT=12 DEFAULT CHARSET=utf8;

-- ----------------------------
-- Records of wemall_delivery_goods
-- ----------------------------
INSERT INTO `wemall_delivery_goods` VALUES ('2', '2014-09-28 13:28:39', '\0', '1', '1', '32769', '3', '2014-09-28', '2014-11-28', '2014-09-28 16:09:15', null);
INSERT INTO `wemall_delivery_goods` VALUES ('3', '2014-09-28 13:54:57', '\0', '1', '1', '98314', '5', '2014-09-28', '2014-11-28', '2014-09-28 16:09:14', null);
INSERT INTO `wemall_delivery_goods` VALUES ('4', '2014-09-28 13:56:11', '\0', '1', '1', '98370', '7', '2014-09-28', '2014-11-28', '2014-09-28 16:09:14', null);
INSERT INTO `wemall_delivery_goods` VALUES ('5', '2014-09-28 13:56:47', '\0', '1', '1', '32769', '4', '2014-09-28', '2014-11-28', '2014-09-28 16:09:14', null);
INSERT INTO `wemall_delivery_goods` VALUES ('6', '2014-09-28 13:58:31', '\0', '1', '1', '98314', '65539', '2014-09-28', '2014-11-28', '2014-09-28 16:09:12', null);
INSERT INTO `wemall_delivery_goods` VALUES ('7', '2014-11-29 12:07:31', '\0', '1', '1', '98366', '65536', '2014-11-29', '2020-11-28', '2014-11-29 12:10:16', null);
INSERT INTO `wemall_delivery_goods` VALUES ('8', '2014-11-29 12:08:03', '\0', '1', '1', '98314', '98321', '2014-11-29', '2020-11-28', '2014-11-29 12:10:16', null);
INSERT INTO `wemall_delivery_goods` VALUES ('9', '2014-11-29 12:08:48', '\0', '1', '1', '98370', '98344', '2014-11-29', '2020-11-28', '2014-11-29 12:10:16', null);
INSERT INTO `wemall_delivery_goods` VALUES ('10', '2014-11-29 12:09:23', '\0', '1', '1', '98364', '98358', '2014-11-29', '2020-11-28', '2014-11-29 12:10:16', null);
INSERT INTO `wemall_delivery_goods` VALUES ('11', '2015-02-08 17:39:39', '\0', '1', '1', '98366', '98342', '2015-02-08', '2020-11-28', '2015-02-08 17:40:04', null);

-- ----------------------------
-- Table structure for wemall_delivery_log
-- ----------------------------
DROP TABLE IF EXISTS `wemall_delivery_log`;
CREATE TABLE `wemall_delivery_log` (
  `id` bigint(20) NOT NULL AUTO_INCREMENT,
  `addTime` datetime DEFAULT NULL,
  `deleteStatus` bit(1) NOT NULL,
  `begin_time` datetime DEFAULT NULL,
  `end_time` datetime DEFAULT NULL,
  `gold` int(11) NOT NULL,
  `store_id` bigint(20) DEFAULT NULL,
  PRIMARY KEY (`id`),
  UNIQUE KEY `id` (`id`),
  KEY `FK69A11E0A920D7683` (`store_id`),
  CONSTRAINT `FK69A11E0A920D7683` FOREIGN KEY (`store_id`) REFERENCES `wemall_store` (`id`)
) ENGINE=InnoDB AUTO_INCREMENT=3 DEFAULT CHARSET=utf8;

-- ----------------------------
-- Records of wemall_delivery_log
-- ----------------------------
INSERT INTO `wemall_delivery_log` VALUES ('1', '2014-09-28 10:51:36', '\0', '2014-09-28 10:51:36', '2014-11-28 10:51:35', '60', '1');
INSERT INTO `wemall_delivery_log` VALUES ('2', '2014-11-29 12:06:45', '\0', '2014-11-29 12:06:45', '2015-11-28 10:51:35', '360', '1');

-- ----------------------------
-- Table structure for wemall_document
-- ----------------------------
DROP TABLE IF EXISTS `wemall_document`;
CREATE TABLE `wemall_document` (
  `id` bigint(20) NOT NULL AUTO_INCREMENT,
  `addTime` datetime DEFAULT NULL,
  `deleteStatus` bit(1) NOT NULL,
  `content` longtext,
  `mark` varchar(255) DEFAULT NULL,
  `title` varchar(255) DEFAULT NULL,
  PRIMARY KEY (`id`)
) ENGINE=InnoDB AUTO_INCREMENT=65538 DEFAULT CHARSET=utf8;

-- ----------------------------
-- Records of wemall_document
-- ----------------------------
INSERT INTO `wemall_document` VALUES ('1', '2014-02-21 18:26:18', '\0', '<p>\r\n	涓㈣喘杩浣褰搞\r\n</p>\r\n<p>\r\n	浜告ㄥ瑕朵慨规璁锛璁涓达灏浼ㄧ稿抽〉涓甯濡ㄤ瑰ㄧ瀹癸ㄥ涓诲ㄥ姝浣跨ㄥ㈣喘°濡ㄧ户缁浣跨ㄦ★瑙涓烘ュ璁淬\r\n</p>\r\n<p>\r\n	涓濡涓浠讳涓绉褰锛告涓缁姝㈠ㄦ渚¤ユ锛\r\n</p>\r\n1 ㄦ渚涓浜鸿涓瀹锛<br />\r\n2ㄨ璁瑙瀹锛<br />\r\n3 ф垮涓荤￠ㄩㄧ绠¤姹锛<br />\r\n4歌や负ㄧ琛涓鸿㈣喘℃ц川姹规褰\r\n<p>\r\n	灏界℃璁藉朵瑙瀹锛镐跺浠ラ剁姝㈡璁\r\n</p>\r\n<p>\r\n	浜哥姝㈡璁╀浼濡ㄥ虫稿芥ユㄦ璁缁姝㈠ㄨ璁告搴浜浠讳朵┿\r\n</p>\r\n<p>\r\n	ㄧ瑙ｅ苟瀹ㄦュ锛告琛瀵瑰㈣喘璧婧浣涓绾垮\r\n</p>', 'group', '㈣喘璁');
INSERT INTO `wemall_document` VALUES ('32768', '2013-09-17 23:24:19', '\0', '<p>\r\n	瑰ㄦ疯ょ璇绘ㄦ锋″璁(涓绉般璁) 涓℃俱らㄦュ璁℃撅ㄦ浣跨ㄦ缃绔渚稿虫°ㄧ浣跨ㄨ涓哄瑙涓哄规璁ュ锛骞跺ュ璁椤规℃剧绾 <br />\r\n<br />\r\n<strong>涓瀹涔</strong>\r\n</p>\r\n<ol>\r\n	<li>\r\n		\"ㄦ\"绗璁瑙瀹′欢锛靛缃绔绉瑙℃撅浣涓浜璁锛锛骞朵娇ㄦ缃绔涓浜烘烘\r\n	</li>\r\n	<li>\r\n		\"瀹\"ㄦ缃绔涓哄╁ㄦ枫\"涔板\"ㄦ缃绔璐涔扮╁ㄦ枫\r\n	</li>\r\n	<li>\r\n		\"浜\"涔板舵规瀹舵荤浜ゆ瑕姹锛ㄧ瑰堕村烘浼浜ゆ′欢锛寰渚舵虹′欢璐涔拌ヤ氦╁┿\r\n	</li>\r\n</ol>\r\n<p>\r\n	<br />\r\n<br />\r\n<strong>浜ㄦ疯</strong><br />\r\n<br />\r\n绗涓′欢涔涓浜哄瀹浣界宠锋涓烘缃绔ㄦ凤浠ヤ娇ㄦ缃绔°\r\n</p>\r\n<ol>\r\n	<li>\r\n		骞存弧宀锛骞跺锋姘浜╄藉姘浜琛涓鸿藉朵汉锛\r\n	</li>\r\n	<li>\r\n		婊″宀锛浣や汉锛浣涓浠浜舵锛浜浠ヤ功㈠朵汉锛\r\n	</li>\r\n	<li>\r\n		规涓芥寰璁剧版寰娉瑙/瑙绔绔骞跺娉瀛ㄧ搞浼浜涓浣绀惧㈢缁朵缁缁\r\n	</li>\r\n</ol>\r\n<p>\r\n	<br />\r\n姘浜琛涓鸿藉浜恒舵浜琛涓鸿藉浜轰互缁ユ瑰缁ヨ肩缁缁涓褰娉ㄥ涓烘缃绔ㄦ锋瓒杩舵浜╂琛涓鸿藉翠浜浜ゆ锛朵缃绔涔寸璁濮锛缃绔涓缁帮绔虫敞璇ョㄦ凤骞惰拷绌跺朵娇ㄦ缃绔\"\"涓娉寰璐ｄ换<br />\r\n<br />\r\n<strong>涓.ㄦ风╁涔</strong>\r\n</p>\r\n<ol>\r\n	<li>\r\n		ㄦ锋规璁瑙瀹缃绔甯稿宠锛╃ㄦ缃绔缃涓浜ゆ骞冲扮诲╁甯浜ゆ淇℃ヨ㈢╁淇℃璐涔扮╁涓朵ㄦ疯㈢╁涔板ㄦ缃绔绀惧哄甯缃绔虫椿ㄥ浜缃绔渚朵宠璁淇℃°\r\n	</li>\r\n	<li>\r\n		ㄦ锋规瑕存瑰浜ゆ瀵ㄦ峰瀵逛互璇ョㄦ峰杩琛娲诲ㄥ浜浠惰ㄩㄨ矗浠汇\r\n	</li>\r\n	<li>\r\n		ㄦ锋涔＄‘淇缃绔渚浠讳璧娉ㄥ淇℃瀹纭锛浣涓浜瀹濮韬浠借枫绯荤佃板跨绛淇璇缃绔朵ㄦ峰浠ラ杩涓杩拌绯绘瑰涓宸辫琛绯汇讹ㄦ蜂涔″ㄧ稿宠瀹存跺舵存版虫敞璧\r\n	</li>\r\n	<li>\r\n		ㄦ蜂寰浠ヤ换浣褰㈠杞璁╂浠浜轰娇ㄨ宸卞ㄦ缃绔ㄦ峰枫\r\n	</li>\r\n	<li>\r\n		ㄦ锋涔＄‘淇ㄦ缃绔缃涓浜ゆ骞冲颁诲╁甯浜ゆ淇℃瀹纭锛璇瀵兼с\r\n	</li>\r\n	<li>\r\n		ㄦ蜂寰ㄦ缃绔缃涓浜ゆ骞冲颁拱藉剁姝㈤堕╁涓寰涔板渚电浠浜虹ヨ浜ф朵娉╁锛涔涓寰涔板杩绀句卞╃遍寰风╁\r\n	</li>\r\n	<li>\r\n		ㄦ蜂寰ㄦ缃绔甯绫昏娉杩瑙淇℃浣涓浜╁淇℃浜ゆ淇℃绀惧哄瀛╁瑷锛搴虹瑷锛璇浠峰瀹圭\r\n	</li>\r\n	<li>\r\n		ㄦ峰ㄦ缃绔浜ゆ涓搴褰靛璇瀹淇＄ㄥ锛涓寰浠ュ共棰绾电╁浠锋肩涓姝ｅ绔浜瑰颁贡缃涓浜ゆ绉╁锛涓寰浠浜涓缃涓浜ゆ崇涓褰琛涓猴涓寰ㄤ氦骞冲颁甯浠讳杩娉淇℃\r\n	</li>\r\n	<li>\r\n		ㄦ蜂搴涓姝ｅ娈碉浣涓浜浜ゆ浜㈠ソ璇绛瑰锛楂韬浠浜轰俊ㄥ害锛ㄤ姝ｅ娈垫舵璇浠峰朵ㄦ凤浣朵ㄦ蜂俊ㄥ害\r\n	</li>\r\n	<li>\r\n		ㄦ锋胯鸿宸卞ㄤ娇ㄦ缃绔缃涓浜ゆ骞冲板界琛涓洪靛藉舵寰娉瑙缃绔稿宠瀹浠ュ绉绀句卞╃遍寰枫瀵逛浠讳娉寰锛ㄦ峰浠ヨ宸辩涔绔挎稿娉寰璐ｄ换\r\n	</li>\r\n	<li>\r\n		ㄦ峰ㄦ缃绔缃涓浜ゆ杩绋涓濡涓朵ㄦ峰浜ゆ浜х绾绾凤浠ヨ锋缃绔浠涓浜浠ュ璋ㄦ峰板朵ㄦ锋杩娉杩璁琛涓猴浠ュ缃绔涓炬ャ濡ㄦ峰缃涓浜ゆ涓朵ㄦ蜂骇璇璁肩锛ㄦ锋杩告ㄩㄨ姹缃绔渚稿宠\r\n	</li>\r\n	<li>\r\n		ㄦ峰琛挎浜ゆ浜х稿宠垂锛骞朵娉绾崇\r\n	</li>\r\n	<li>\r\n		缁缃绔涔㈠璁革ㄦ蜂寰灏缃绔璧浠ュㄤ氦骞冲颁灞绀虹浠讳淇℃浠ュ躲淇广缈昏绛褰㈠朵琛浣寮灞绀恒\r\n	</li>\r\n	<li>\r\n		ㄦ峰ユ舵ヨ缃绔淇℃锛浣涓浜娲诲ㄤ俊浜ゆ淇℃淇淇℃绛\r\n	</li>\r\n</ol>\r\n<p>\r\n	<br />\r\n<br />\r\n<strong> 缃绔╁涔</strong>\r\n</p>\r\n<ol>\r\n	<li>\r\n		\r\n缃绔涓浼缁涔涓\"\"锛浠涓虹ㄦ锋渚涓涓淇℃浜ゆ杩琛╁涔板骞冲帮褰涔板逛寸浜ゆ濯浠锛涔颁富涓荤浠ｇ浼  \r\n浜恒涓荤缁ュ崇郴浜恒甯ㄦ缃绔涓浜ゆ╁ㄦ疯琛涓浼杩琛浜ゆ╁锛骞堕缃绔瀵逛ㄦ峰荤╁渚淇℃涓绔杩绋锛\r\n缃绔涓浠ョ瑙у讹浜涓浠ョ╁浜ゆ杩绋锛杩浠娆俱娆俱垫淇跺浜ゆ浜椤癸涓涓挎浜ゆ╁瀛ㄥ璐ㄣ╀典互浜ゆ\r\n  瑰饱琛浜ゆ璁藉浜х浠讳璐ｄ换锛瀵逛虹板ㄦ涓╁璐ㄣ瀹ㄦф娉э缃绔涓浜淇璇\r\n	</li>\r\n	<li>\r\n		缃绔涔″ㄧ版姘村钩虹涓纭淇翠釜缃涓浜ゆ骞冲扮姝ｅ父杩琛锛灏藉垮′腑灏涓堕撮跺ㄦ堕村锛淇璇ㄦ风涓浜ゆ娲诲ㄧ椤哄╄琛\r\n	</li>\r\n	<li>\r\n		缃绔涔″圭ㄦ峰ㄦ敞浣跨ㄦ缃绔缃涓浜ゆ骞冲颁腑扮棰靛朵哄澶\r\n	</li>\r\n	<li>\r\n		缃绔瀵圭ㄦ风娉ㄥ璧杩琛ラ锛瀵瑰ㄤ换浣棰娉ㄥ璧锛缃绔洪ヨ㈤ㄦ峰苟瑕姹ㄦ峰鸿В规ｏ存ュ哄缃ょ澶\r\n	</li>\r\n	<li>\r\n		\r\n峰ㄦ缃绔缃涓浜ゆ涓朵ㄦ蜂骇绾绾风锛ㄦ烽杩告ㄩㄦ琛块ㄩㄤф瀹绋搴瑕姹缃绔渚稿宠锛缃绔灏绉骞舵渚宠锛ㄦ峰绾\r\n绾峰ユ缃绔锛缃绔ユ绾绾锋电锛缁瀹℃稿锛缃绔杩靛浠跺佃绯诲绾绾峰逛瑙ｇ绾锋碉骞跺浜瑙ｇ甸杩靛浠朵搁ュ \r\n 广\r\n	</li>\r\n	<li>\r\n		缃涓浜ゆ骞冲扮规э缃绔娌℃涔″规ㄦ风娉ㄥ璧浜ゆ琛涓轰互涓浜ゆ崇朵浜椤硅琛浜瀹℃ワ浣濡浠ヤ褰锛缃绔剁ㄦ风娲诲ㄣㄦ锋稿宠鸿ャ朵腑姝颁腑姝㈠缁璇ョㄦ锋渚★\r\n		<ul>\r\n			<li>\r\n				ㄦ疯璁琚绾冲ユ璁浠讹\r\n			</li>\r\n			<li>\r\n				瀛ㄧㄦ锋朵绗涓归ユ缃绔锛璁や负涓ㄦ锋蜂浜ゆ浜椤瑰ㄨ娉涓褰琛涓猴骞舵渚稿宠锛缃绔娉绯诲拌ョㄦ锋歌楠璇璇ョㄦ峰缃绔渚浠讳璧锛\r\n			</li>\r\n			<li>\r\n				瀛ㄧㄦ锋朵绗涓归ユ缃绔锛璁や负涓ㄦ锋蜂浜ゆ浜椤瑰ㄨ娉涓褰琛涓猴骞舵渚稿宠缃绔浠ユ涓涓浜ゆヨ姘村钩瀵圭稿冲瀹硅琛ゅ锛浠ユ捐や负杩浜瀹规琛涓哄藉规缃绔ㄦ锋缃绔璐㈠℃澶辨娉寰璐ｄ换\r\n			</li>\r\n		</ul>\r\n	</li>\r\n	<li>\r\n		ㄥ缃缁娆鸿琛ㄤ腑锛淇ゅ箍澶хㄦ峰╃锛褰ㄦ蜂妇ヨ宸变氦藉ㄦ鸿浜х浜ゆ浜璁讹缃绔杩琛ㄩ㈠ゆ跺荤稿崇ㄦ疯处凤骞舵稿瑰浜浜鸿韩浠借瑕姹渚浜ゆ稿宠\r\n	</li>\r\n	<li>\r\n		规藉舵寰娉瑙璁瀹瑰缃绔＄浜瀹渚锛浠ヨゅㄦ峰ㄨ娉杩璁琛涓轰互ㄦ缃绔浜ゆ骞冲颁朵涓褰琛涓猴缃绔ㄦ缃绔浜ゆ骞冲板ㄧ绔涓浠ョ缁甯褰㈠甯ㄦ风杩娉琛涓猴骞舵朵哄ょ稿充俊锛椤诲寰ㄦ风\r\n	</li>\r\n	<li>\r\n		\r\n缃绔ㄤョㄦ风涓ゆ朵舵ф藉涓淇℃锛浣涓浜浠ヨ胯垂ㄤ负锛浠ョ浣淇＄ㄤ负锛瀛ㄦ鸿绛舵瀹癸涓缃\r\n  涓浜ゆ虫涓浠ヤ氦涓虹锛瀛ㄦ舵绔浠锋朵璇炬颁贡姝ｅ父浜ゆ绉╁绱锛璇ヤ俊杩卞╃戒弗瀹虫缃绔朵ㄦ峰娉╃\r\n	</li>\r\n	<li>\r\n		\r\n  锋浜缃绔瀹剁ㄧㄧ姘镐璐圭淇℃璁稿浣跨ㄦ╋缃绔瀵硅ユ╄琛锛渚姝ゆ缃绔(ㄩㄦㄤ唤)  \r\n浣跨ㄣ澶躲淇璁瑰甯缈昏ц灞绀虹ㄦ峰绀轰缃绔绫讳俊朵舵淳浣锛浠ョ板ㄥ凡ユュ寮浠讳褰㈠濯浣锛灏涓杩\r\n  淇℃绾冲ュ朵浣\r\n	</li>\r\n</ol>\r\n<p>\r\n	<br />\r\n<br />\r\n<strong>浜＄涓缁姝</strong>\r\n</p>\r\n<ol>\r\n	<li>\r\n		\r\n  缃绔ㄦ锋跺稿虫¤垂ㄧ典锛缃绔琛ㄦ冲浠ヤ换浣  \r\n(浣涓浜缃绔璁や负ㄦ峰凡杩璁瀛㈡涔绮剧锛ㄦ峰ㄨ杩180澶╁诲缃绔绛)  \r\n缁姝㈠圭ㄦ风★骞朵淇瀛ㄦ峰ㄦ缃绔ㄩㄨ锛浣涓浜ㄦ蜂俊淇℃浜ゆ淇℃绛锛舵缃绔琛ㄦ冲锛ㄥ洪ユ涓洪\r\nョ典锛跺姝㈡渚ㄩㄦㄥ°＄姝㈠锛缃绔娌℃涔′负ㄦ蜂ㄦ疯涓涔稿崇浠讳淇℃锛杞浠讳鹃璇绘淇℃缁ㄦ\r\n  绗涓广姝ゅ锛缃绔涓灏辩姝㈠圭ㄦ风¤瀵圭ㄦ锋浠讳绗涓规挎浠讳璐ｄ换\r\n	</li>\r\n	<li>\r\n		濡ㄦ峰缃绔烘敞缃绔娉ㄥㄦ疯韩浠斤缁缃绔瀹℃稿锛辨缃绔娉ㄩ璇ユ敞ㄦ凤ㄦ峰宠Вや缃绔璁崇郴锛浣缃绔浠淇涓╋\r\n		<ul>\r\n			<li>\r\n				ㄦ锋敞锛缃绔淇璇ョㄦ风璧,浣涓浜浠ュㄦ疯搴鸿璧浜ゆ璁板绛\r\n			</li>\r\n			<li>\r\n				ㄦ锋敞锛濡ㄦ峰ㄦ敞ㄦ缃绔浜ゆ骞冲颁瀛ㄨ娉琛涓烘杩璁琛涓猴缃绔浠琛浣挎璁瑙瀹┿\r\n			</li>\r\n		</ul>\r\n	</li>\r\n	<li>\r\n		濡瀛ㄤ碉缃绔浠ラ杩娉ㄩㄦ风瑰缁姝㈡★\r\n		<ul>\r\n			<li>\r\n				ㄧㄦ疯璁稿宠瀹讹缃绔缁姝㈠璇ョㄦ锋渚°缃绔灏ㄤ腑℃堕ョㄦ枫浣濡璇ョㄦ峰ㄨ缃绔缁姝㈡渚″锛涓娆＄存ユ存ユ浠ヤ浜哄涔娉ㄥ涓烘缃绔ㄦ风锛缃绔娆″归㈢姝涓鸿ョㄦ锋渚★\r\n			</li>\r\n			<li>\r\n				涓缃绔扮ㄦ锋敞璧涓涓昏瀹规锛缃绔剁姝涓鸿ョㄦ锋渚★\r\n			</li>\r\n			<li>\r\n				璁缁姝㈡存版讹ㄦ锋纭璁ゆ扮璁\r\n			</li>\r\n			<li>\r\n				跺缃绔璁や负缁姝㈡＄点\r\n			</li>\r\n		</ul>\r\n	</li>\r\n	<li>\r\n		ㄦ疯稿虫寰娉瑙杩璁瑙瀹绛翠娇缃绔涓缁姝㈠圭ㄦ锋＄锛瀵逛′腑缁姝涔ㄦ蜂氦琛涓轰涓澶锛\r\n		<ul>\r\n			<li>\r\n				缃绔冲ㄤ腑缁姝㈠圭ㄦ锋″灏ㄦ疯涓缁姝㈡＄靛ョㄦ蜂氦崇郴癸浣涓浜瀵硅ヤ氦浣灏杈炬浜ゆㄦ,涓璇ヤ氦绔浠风ㄦ凤宸茶揪浜ゆ瑕绾ㄦ枫\r\n			</li>\r\n			<li>\r\n				′腑缁姝涔锛ㄦ峰凡缁涓浼虫缃绔╁灏浜ゆ浜ゆ灏瀹锛缃绔ㄤ腑缁姝㈡＄跺ゆら」╁稿充俊\r\n			</li>\r\n			<li>\r\n				′腑缁姝涔锛ㄦ峰凡缁灏卞朵ㄦ峰哄蜂╁浣鸿绾锛浣浜ゆ灏缁锛缃绔ㄤ腑缁姝㈡＄跺よョㄦ风稿宠绾淇℃\r\n			</li>\r\n		</ul>\r\n	</li>\r\n	<li>\r\n		缃绔ュㄦ风琛涓猴浣涓浜荤ㄦ缃绔绀惧哄甯绛锛渚靛充绗涓圭╂杩浜稿宠瀹锛扮涓圭杩藉挎颁富绠℃哄崇澶讹ㄦ峰璧挎缃绔姝ゆ浜х涓澶卞璐圭ㄣ\r\n	</li>\r\n	<li>\r\n		瀵硅稿虫寰娉瑙杩璁瑙瀹锛涓涓ラㄦ凤缃绔缁姝㈣ョㄦ风跺°\r\n	</li>\r\n</ol>\r\n<p>\r\n	<br />\r\n<br />\r\n<strong>璁淇璁</strong><br />\r\n<br />\r\n璁辨缃绔朵慨璁锛骞跺淇璁㈠璁浜缃绔涔涓锛淇璁㈠℃惧瀹硅惰捣锛骞舵涓烘璁涓ㄥㄦ疯ュㄦ璁淇逛锛浠缁х画浣跨ㄦ缃绔锛瑙涓虹ㄦ锋ュ块靛淇璁㈠璁缃绔琛浣夸慨规涓℃讹涓瀵逛换浣绗涓硅璐ｃ<br />\r\n<br />\r\n<strong>涓 缃绔璐ｄ换 </strong><br />\r\n<br />\r\n褰ㄦ锋ュ璇ュ璁讹ㄦ峰纭浜瑙ｅ苟\r\n</p>\r\n<ol>\r\n	<li>\r\n		缁辨缃绔涓杞芥寰浠讳璧锛辩ㄦ疯琛琛￠骞朵璐椋╋涓杞戒换浣璧瀵艰寸ㄦ风佃绯荤浠讳璧娴澶憋ㄦ峰璐瀹ㄨ矗浠汇\r\n	</li>\r\n	<li>\r\n		ㄦ风辨缃绔寰寤鸿璧璁锛璁哄跺舰寮琛ㄧ帮缁涓璁绀鸿瀹浠讳淇璇\r\n	</li>\r\n	<li>\r\n		轰浠ヤ╂鼎瑾浣跨ㄣ璧澶辨跺褰㈡澶憋缃绔涓挎浠讳存ャ存ャ甯瑰琛ф╃ц匡充娇缃绔宸茶ュ娆捐跨芥э锛\r\n		<ul>\r\n			<li>\r\n				缃绔浣跨ㄦ娉浣跨ㄣ\r\n			</li>\r\n			<li>\r\n				缁辨杩缃绔璐涔版寰浠讳╁锛ユ朵淇℃锛杩琛浜ゆ涔浜х夸唬╁＄璐涔版\r\n			</li>\r\n			<li>\r\n				ㄦ风浼杈璧版锋瀛淬\r\n			</li>\r\n			<li>\r\n				缃绔涓浠讳绗涓逛澹版琛涓恒\r\n			</li>\r\n			<li>\r\n				缃绔跺稿充瀹\r\n			</li>\r\n		</ul>\r\n	</li>\r\n	<li>\r\n		缃绔涓虹ㄦ锋渚涓涓浜ゆ骞冲帮瀵逛ㄦ锋荤浜ゆ╁娉с瀹у跺璐锛浠ュㄦ峰饱琛浜ゆ藉绛锛缃绔涓寰涓璐浠讳淇璐ｄ换ㄦ峰浣跨ㄦ缃绔锛璐涔板讳缃绔浠讳╁锛瀹虫讹缃绔涓璐浠讳琛ュ挎璧胯矗浠汇\r\n	</li>\r\n	<li>\r\n		\r\n缃绔渚涓跺浜缃涓缃绔璧婧炬ワㄦ峰戒姝よ缁冲跺杩ュ缁ョ缃绔锛浣涓琛ㄧず缃绔涓杩浜杩ュ浠讳崇郴跺杩ュ缁ョ缃绔\r\n卞缁ヨ琛璐璐ｏ涓灞浜缃绔у跺璐璐ｈ翠瀵逛瀛ㄦユ浜姝ょ被缃绔璧婧浠讳瀹广骞垮浜у跺璧锛缃绔浜涓浜淇璇璐璐ｃ浣\r\n  ㄦ渚璧浠讳姝ょ被缃绔璧婧甯缁辨ょ被缃绔璧婧峰浠讳瀹广╁℃浜х浠讳瀹虫澶憋缃绔涓璐浠讳存ユ存ョ璐ｄ换\r\n	</li>\r\n</ol>\r\n<p>\r\n	<br />\r\n<br />\r\n<strong>.涓</strong><br />\r\n<br />\r\n涓朵澶浜浠讹浣垮璁灞ヨ涓姐涓蹇瑕涔锛瑰涓挎璐ｄ换绉颁涓涓介瑙涓介垮骞朵藉\r\n瀹㈣碉浣涓浜浜伴姘寸俱俱峰绘伴缃㈠伐村ㄣ娉瀹剧榛瀹㈡诲汇缃缁姣典俊ㄩㄦ绠″躲垮琛涓烘浠讳跺舵浜\r\n  涓洪鹃剧瀹㈣点<br />\r\n<br />\r\n<strong>涔浜璁瑙ｅ虫瑰</strong>\r\n</p>\r\n<ol>\r\n	<li>\r\n		璁朵慨璁㈡с灞ヨ涓璁朵慨璁㈡崇浜瀹锛灏涓浜烘卞芥寰绠¤锛浠讳浜璁浠ㄤ腑浜烘卞芥寰\r\n	</li>\r\n	<li>\r\n		\r\n浣跨ㄦ缃绔℃寮璧蜂缃绔浠讳浜璁锛搴浜ゆ繁充徊瑁濮浼цヤ灞舵浠茶瑙杩琛浠茶稿充璁搴浠茶锛涓寰涓浠讳跺圭浜璁ㄤ换\r\n  浣浠茶涓骞跺锛璇ヤ徊瑁瑁虫缁灞锛瀵瑰瑰绾濡娑浜璁涓浜浠茶瑙ｅ筹ㄦ峰涓浜璁变汉姘娉㈢¤\r\n	</li>\r\n</ol>\r\n<br />', 'agree', 'ㄦ锋″璁');
INSERT INTO `wemall_document` VALUES ('32769', '2013-09-17 23:25:05', '\0', '<p>\r\n	<strong>浠涔瀹璁よ锛</strong>\r\n</p>\r\n<p>\r\n	璁よ搴衡℃涓椤瑰瑰涓昏韩浠界瀹ц°搴涓诲浠ラ杩绔PM佃绠＄EMail瑰 绯诲苟宠疯ラ」璁よ缁杩绠＄瀹℃哥‘璁や搴涓荤瀹韬浠斤灏卞浠ュ璇ラ」璁よ\r\n</p>\r\n<p>\r\n	杩璇ヨよ锛浠ヨ存搴涓昏韩浠界瀹э涓轰拱瀹跺ㄧ缁浜ゆ杩绋涓渚涓瀹淇″淇璇\r\n</p>\r\n<p>\r\n	<strong>璁よ宠风瑰锛</strong>\r\n</p>\r\n<p>\r\n	Email锛XXXX@XX.com\r\n</p>\r\n<p>\r\n	绠＄锛XXXXXX\r\n</p>\r\n<br />', 'realname', '浠涔瀹璁よ');
INSERT INTO `wemall_document` VALUES ('65536', '2013-09-17 23:26:20', '\0', '<p>\r\n	<strong>浠涔瀹浣搴鸿よ锛</strong>\r\n</p>\r\n<p>\r\n	璁よ搴衡℃涓椤瑰瑰涓昏韩浠界瀹ц°搴涓诲浠ラ杩绔PM佃绠＄EMail瑰 绯诲苟宠疯ラ」璁よ缁杩绠＄瀹℃哥‘璁や搴涓荤瀹韬浠斤灏卞浠ュ璇ラ」璁よ\r\n</p>\r\n<p>\r\n	杩璇ヨよ锛浠ヨ存搴涓昏韩浠界瀹э涓轰拱瀹跺ㄧ缁浜ゆ杩绋涓渚涓瀹淇″淇璇\r\n</p>\r\n<p>\r\n	<strong>璁よ宠风瑰锛</strong>\r\n</p>\r\n<p>\r\n	Email锛XXXX@XX.com\r\n</p>\r\n<p>\r\n	绠＄锛XXXXXX\r\n</p>\r\n<br />', 'realstore', '浠涔瀹浣搴鸿よ');
INSERT INTO `wemall_document` VALUES ('65537', '2013-09-17 23:26:43', '\0', '<p>\r\n	浣跨ㄦ告℃椤婚靛℃惧′欢<br />\r\n<br />\r\n1.ㄦ疯<br />\r\n哥′ㄦ寰涓藉绛捐㈠锋娉寰绾涓浜烘渚骞\r\n浠卞朵娇ㄣㄤ跺杩拌瀹涓锛哥′18ㄥ浠ヤ琚涓存舵涓姝㈢ㄦ锋渚濡ㄤ璧硷璇峰夸娇ㄦ哥°姝ゅ锛ㄧ\r\n甯凤淇＄ㄨ浠凤ㄦ峰涓寰朵硅浆璁╂哄澶锛镐规舵夸腑姝㈡缁姝㈡ㄧ甯风┿<br />\r\n<br />\r\n2.ㄧ璧锛浣涓浜娣诲浠讳锛涓寰锛<br />\r\n*锋娆鸿с涓纭疯瀵兼э<br />\r\n*渚电浠讳绗涓硅浣涓╂涓绉瀵朵涓╂琛ㄦ绉锛<br />\r\n*杩浠讳ㄧ娉寰娉瑙锛浣涓浜冲哄ｇ″躲娑璐硅淇ゃ涓姝ｅ绔浜娉姝ц璐告渚/骞宠锤娉寰娉寰娉瑙锛锛<br />\r\n*渚杈辨璇借挨浠浜猴渚靛充浜哄娉瀹癸<br />\r\n*娣绉姐叉璧村舵缃瀹癸<br />\r\n*界村瑰ゃ涓╁奖绉瀵缁ヨЕ寰ㄤ换浣绯荤版涓浜鸿浠讳姣规渚ㄩ┈瀹剁稿脊よ澶娲昏褰╄磋杞浠舵朵佃绋搴锛<br />\r\n<br />\r\n3.杩绾<br />\r\n濡浠ヤ褰锛稿介舵ㄧ娲诲ㄣ绔冲ゆㄧ哥ぞ哄烘虫ㄧ琛涓虹璀鸿ャ朵腑姝颁腑姝㈡缁姝㈡ㄧㄦ疯煎缁ㄦ渚★<br />\r\n(a)ㄨ璁绾冲ユ璁浠讹<br />\r\n(b)告娉歌楠璇ㄥ告渚浠讳璧锛<br />\r\n(c)哥镐俊ㄧ琛涓哄藉规ㄣ哥ㄦ锋搁澶辨娉寰璐ｄ换<br />\r\n<br />\r\n4.璐ｄ换<br />\r\n\r\n搞哥宠稿稿冲浣哥渚搴ㄤ换浣典涓灏卞哥缃绔哥℃璁浜х涓涔崇╂鼎澶辨浠讳瑰存\r\nх瀹筹璁轰互浣绉瑰浜х锛蹇斤挎浠讳璐ｄ换ㄥㄥ氨ㄨ韬琛涓轰娉у挎璐ｄ换ㄥ锛稿哥宠稿稿\r\n瀹浣瀵规哥ㄦ风琛涓虹娉у浜х浠讳缁涓挎璐ｄ换<br />\r\n<br />\r\n5.浠ｇ崇郴<br />\r\nㄦ峰告绔癸璁寤虹涔娌℃绔浠讳浠ｇ浼ャ涓涓绘硅哥ュ崇郴镐涓瀵逛换浣ㄦ峰剁涓浜ゆ琛涓哄烘绀烘榛璁哥ㄨ胯烘淇<br />\r\n<br />\r\n6.涓瑙瀹<br />\r\n璁ㄦ归㈠涓浜烘卞芥寰绠¤璁瑙瀹茬锛濡璁浠讳瑙瀹琚瑁瀹涓烘涓ц锛璇ヨ瀹琚よ朵℃惧浜浠ユц\r\n</p>', 'store', '寮搴璁');

-- ----------------------------
-- Table structure for wemall_dynamic
-- ----------------------------
DROP TABLE IF EXISTS `wemall_dynamic`;
CREATE TABLE `wemall_dynamic` (
  `id` bigint(20) NOT NULL AUTO_INCREMENT,
  `addTime` datetime DEFAULT NULL,
  `deleteStatus` bit(1) NOT NULL,
  `content` longtext,
  `discussNum` int(11) DEFAULT '0',
  `praiseNum` int(11) DEFAULT '0',
  `turnNum` int(11) DEFAULT '0',
  `dissParent_id` bigint(20) DEFAULT NULL,
  `goods_id` bigint(20) DEFAULT NULL,
  `turnParent_id` bigint(20) DEFAULT NULL,
  `user_id` bigint(20) DEFAULT NULL,
  `locked` bit(1) DEFAULT b'0',
  `img_id` bigint(20) DEFAULT NULL,
  `store_id` bigint(20) DEFAULT NULL,
  `display` bit(1) DEFAULT b'1',
  PRIMARY KEY (`id`),
  UNIQUE KEY `id` (`id`),
  KEY `FKCCB9A00EA995E663` (`goods_id`),
  KEY `FKCCB9A00E6ABCD333` (`dissParent_id`),
  KEY `FKCCB9A00E537B6C51` (`user_id`),
  KEY `FKCCB9A00E54ED135B` (`turnParent_id`),
  KEY `FKCCB9A00EEB7ECE12` (`img_id`),
  KEY `FKCCB9A00E920D7683` (`store_id`),
  CONSTRAINT `FKCCB9A00E537B6C51` FOREIGN KEY (`user_id`) REFERENCES `wemall_user` (`id`),
  CONSTRAINT `FKCCB9A00E54ED135B` FOREIGN KEY (`turnParent_id`) REFERENCES `wemall_dynamic` (`id`),
  CONSTRAINT `FKCCB9A00E6ABCD333` FOREIGN KEY (`dissParent_id`) REFERENCES `wemall_dynamic` (`id`),
  CONSTRAINT `FKCCB9A00E920D7683` FOREIGN KEY (`store_id`) REFERENCES `wemall_store` (`id`),
  CONSTRAINT `FKCCB9A00EA995E663` FOREIGN KEY (`goods_id`) REFERENCES `wemall_goods` (`id`),
  CONSTRAINT `FKCCB9A00EEB7ECE12` FOREIGN KEY (`img_id`) REFERENCES `wemall_accessory` (`id`)
) ENGINE=InnoDB AUTO_INCREMENT=14 DEFAULT CHARSET=utf8;

-- ----------------------------
-- Records of wemall_dynamic
-- ----------------------------
INSERT INTO `wemall_dynamic` VALUES ('1', '2014-08-27 10:59:25', '\0', 'test圭圭', '0', '0', '0', null, null, null, '1', '\0', null, null, '\0');
INSERT INTO `wemall_dynamic` VALUES ('2', '2014-08-27 10:59:39', '\0', 'testtest', '0', '0', '0', null, '98304', null, '1', '\0', null, null, '');
INSERT INTO `wemall_dynamic` VALUES ('4', '2014-08-28 10:03:52', '\0', 'tset', '0', '0', '0', '2', null, null, '1', '\0', null, null, '');
INSERT INTO `wemall_dynamic` VALUES ('5', '2014-09-03 18:13:53', '\0', '逛 逛 浠浠  浠', '0', '0', '0', null, null, null, '1', '\0', null, '32768', '');
INSERT INTO `wemall_dynamic` VALUES ('10', '2014-10-10 16:37:46', '\0', '浜涓涓锛杩涓寰涓', '0', '0', '1', null, null, null, '1', '\0', null, null, '');
INSERT INTO `wemall_dynamic` VALUES ('11', '2014-10-10 16:44:25', '\0', '杩涓寰涓锛锛', '0', '2', '0', null, '98455', null, '1', '\0', null, null, '');
INSERT INTO `wemall_dynamic` VALUES ('12', '2014-10-10 16:45:33', '\0', '杞涓涓//杞admin:浜涓涓锛杩涓寰涓', '0', '0', '0', null, null, null, '1', '\0', null, null, '\0');
INSERT INTO `wemall_dynamic` VALUES ('13', '2015-02-28 14:18:47', '\0', 'asdasdas', '0', '0', '0', null, null, null, '32775', '\0', null, null, '');

-- ----------------------------
-- Table structure for wemall_evaluate
-- ----------------------------
DROP TABLE IF EXISTS `wemall_evaluate`;
CREATE TABLE `wemall_evaluate` (
  `id` bigint(20) NOT NULL AUTO_INCREMENT,
  `addTime` datetime DEFAULT NULL,
  `deleteStatus` bit(1) NOT NULL,
  `evaluate_admin_info` longtext,
  `evaluate_buyer_val` int(11) NOT NULL,
  `evaluate_info` longtext,
  `evaluate_seller_info` longtext,
  `evaluate_seller_time` datetime DEFAULT NULL,
  `evaluate_seller_val` int(11) NOT NULL,
  `evaluate_status` int(11) NOT NULL,
  `evaluate_type` varchar(255) DEFAULT NULL,
  `goods_spec` longtext,
  `evaluate_goods_id` bigint(20) DEFAULT NULL,
  `evaluate_seller_user_id` bigint(20) DEFAULT NULL,
  `evaluate_user_id` bigint(20) DEFAULT NULL,
  `of_id` bigint(20) DEFAULT NULL,
  `description_evaluate` decimal(12,2) DEFAULT NULL,
  `service_evaluate` decimal(12,2) DEFAULT NULL,
  `ship_evaluate` decimal(12,2) DEFAULT NULL,
  PRIMARY KEY (`id`),
  KEY `FK7AC70190D56B72A8` (`evaluate_seller_user_id`),
  KEY `FK7AC701901FBBBAB8` (`evaluate_goods_id`),
  KEY `FK7AC7019067CF395C` (`evaluate_user_id`),
  KEY `FK7AC70190E66AF58D` (`of_id`),
  CONSTRAINT `FK7AC701901FBBBAB8` FOREIGN KEY (`evaluate_goods_id`) REFERENCES `wemall_goods` (`id`),
  CONSTRAINT `FK7AC7019067CF395C` FOREIGN KEY (`evaluate_user_id`) REFERENCES `wemall_user` (`id`),
  CONSTRAINT `FK7AC70190D56B72A8` FOREIGN KEY (`evaluate_seller_user_id`) REFERENCES `wemall_user` (`id`),
  CONSTRAINT `FK7AC70190E66AF58D` FOREIGN KEY (`of_id`) REFERENCES `wemall_orderform` (`id`)
) ENGINE=InnoDB AUTO_INCREMENT=4 DEFAULT CHARSET=utf8;

-- ----------------------------
-- Records of wemall_evaluate
-- ----------------------------
INSERT INTO `wemall_evaluate` VALUES ('1', '2014-01-02 18:55:11', '\0', null, '1', ' ㄧ璇浠峰朵涔板剁', null, null, '0', '0', 'goods', '棰:借 灏虹: ', '98412', null, '1', '1', '5.00', '0.00', '0.00');
INSERT INTO `wemall_evaluate` VALUES ('2', '2014-01-02 19:10:45', '\0', null, '0', '', null, null, '0', '0', 'goods', '棰:榛 :37 ', '98410', null, '1', '32768', '4.00', '1.00', '4.50');
INSERT INTO `wemall_evaluate` VALUES ('3', '2014-01-02 19:10:45', '\0', null, '1', '', null, null, '0', '0', 'goods', '', '98406', null, '1', '32768', '5.00', '5.00', '4.00');

-- ----------------------------
-- Table structure for wemall_express_company
-- ----------------------------
DROP TABLE IF EXISTS `wemall_express_company`;
CREATE TABLE `wemall_express_company` (
  `id` bigint(20) NOT NULL AUTO_INCREMENT,
  `addTime` datetime DEFAULT NULL,
  `deleteStatus` bit(1) NOT NULL,
  `company_mark` varchar(255) DEFAULT NULL,
  `company_name` varchar(255) DEFAULT NULL,
  `company_status` int(11) DEFAULT '0',
  `company_sequence` int(11) DEFAULT '0',
  `company_type` varchar(255) DEFAULT 'EXPRESS',
  PRIMARY KEY (`id`),
  UNIQUE KEY `id` (`id`)
) ENGINE=InnoDB AUTO_INCREMENT=29 DEFAULT CHARSET=utf8;

-- ----------------------------
-- Records of wemall_express_company
-- ----------------------------
INSERT INTO `wemall_express_company` VALUES ('1', '2014-08-12 11:49:16', '\0', 'shunfeng', '椤轰赴', '0', '0', 'EXPRESS');
INSERT INTO `wemall_express_company` VALUES ('2', '2014-08-12 11:51:18', '\0', 'shentong', '抽', '0', '1', 'EXPRESS');
INSERT INTO `wemall_express_company` VALUES ('3', '2014-08-12 11:52:55', '\0', 'tiantian', '澶╁ぉ蹇', '0', '2', 'EXPRESS');
INSERT INTO `wemall_express_company` VALUES ('4', '2014-08-12 11:53:27', '\0', 'youzhengguonei', '瑁/骞抽/蜂俊', '0', '4', 'POST');
INSERT INTO `wemall_express_company` VALUES ('6', '2014-08-12 11:55:31', '\0', 'bangsongwuliu', '╂', '0', '5', 'EXPRESS');
INSERT INTO `wemall_express_company` VALUES ('7', '2014-08-12 12:01:12', '\0', 'cces', '甯浼炬锛CCES锛', '0', '6', 'EXPRESS');
INSERT INTO `wemall_express_company` VALUES ('8', '2014-08-12 12:01:37', '\0', 'coe', '涓戒癸COE锛', '0', '7', 'EXPRESS');
INSERT INTO `wemall_express_company` VALUES ('9', '2014-08-12 12:02:10', '\0', 'city100', '甯100', '0', '8', 'EXPRESS');
INSERT INTO `wemall_express_company` VALUES ('10', '2014-08-12 12:02:27', '\0', 'chuanxiwuliu', '浼╂', '0', '9', 'EXPRESS');
INSERT INTO `wemall_express_company` VALUES ('11', '2014-08-12 12:02:46', '\0', 'datianwuliu', '澶х扮╂', '0', '10', 'EXPRESS');
INSERT INTO `wemall_express_company` VALUES ('12', '2014-08-12 12:03:02', '\0', 'debangwuliu', '寰烽╂', '0', '11', 'EXPRESS');
INSERT INTO `wemall_express_company` VALUES ('13', '2014-08-12 12:03:19', '\0', 'dsukuaidi', 'D蹇', '0', '12', 'EXPRESS');
INSERT INTO `wemall_express_company` VALUES ('14', '2014-08-12 12:03:37', '\0', 'disifang', '', '0', '13', 'EXPRESS');
INSERT INTO `wemall_express_company` VALUES ('15', '2014-08-12 12:04:02', '\0', 'ems', 'EMS', '0', '14', 'EMS');
INSERT INTO `wemall_express_company` VALUES ('16', '2014-08-12 12:04:20', '\0', 'feikangda', '椋搴疯揪╂', '0', '15', 'EXPRESS');
INSERT INTO `wemall_express_company` VALUES ('17', '2014-08-12 12:04:36', '\0', 'feikuaida', '椋蹇杈', '0', '16', 'EXPRESS');
INSERT INTO `wemall_express_company` VALUES ('18', '2014-08-12 12:04:53', '\0', 'rufengda', '″㈠椋杈', '0', '17', 'EXPRESS');
INSERT INTO `wemall_express_company` VALUES ('19', '2014-08-12 12:05:12', '\0', 'fengxingtianxia', '椋琛澶╀', '0', '18', 'EXPRESS');
INSERT INTO `wemall_express_company` VALUES ('20', '2014-08-12 12:05:26', '\0', 'feibaokuaidi', '椋璞瑰揩', '0', '19', 'EXPRESS');
INSERT INTO `wemall_express_company` VALUES ('21', '2014-08-12 12:05:59', '\0', 'ganzhongnengda', '娓涓借揪', '0', '20', 'EXPRESS');
INSERT INTO `wemall_express_company` VALUES ('22', '2014-08-12 12:06:21', '\0', 'guotongkuaidi', '介蹇', '0', '21', 'EXPRESS');
INSERT INTO `wemall_express_company` VALUES ('23', '2014-08-12 12:06:43', '\0', 'guangdongyouzhengwuliu', '骞夸', '0', '22', 'EXPRESS');
INSERT INTO `wemall_express_company` VALUES ('24', '2014-08-12 12:07:07', '\0', 'gls', 'GLS', '0', '23', 'EXPRESS');
INSERT INTO `wemall_express_company` VALUES ('25', '2014-08-12 12:07:33', '\0', 'gongsuda', '遍杈', '0', '24', 'EXPRESS');
INSERT INTO `wemall_express_company` VALUES ('26', '2014-08-12 12:08:05', '\0', 'huitongkuaidi', '姹蹇杩', '0', '25', 'EXPRESS');
INSERT INTO `wemall_express_company` VALUES ('27', '2014-08-12 12:08:31', '\0', 'huiqiangkuaidi', '姹寮哄揩', '0', '26', 'EXPRESS');
INSERT INTO `wemall_express_company` VALUES ('28', '2014-08-12 12:08:51', '\0', 'tiandihuayu', '瀹╂', '0', '27', 'EXPRESS');

-- ----------------------------
-- Table structure for wemall_favorite
-- ----------------------------
DROP TABLE IF EXISTS `wemall_favorite`;
CREATE TABLE `wemall_favorite` (
  `id` bigint(20) NOT NULL AUTO_INCREMENT,
  `addTime` datetime DEFAULT NULL,
  `deleteStatus` bit(1) NOT NULL,
  `type` int(11) NOT NULL,
  `goods_id` bigint(20) DEFAULT NULL,
  `store_id` bigint(20) DEFAULT NULL,
  `user_id` bigint(20) DEFAULT NULL,
  PRIMARY KEY (`id`),
  KEY `FKAFC41E93339519D2` (`goods_id`),
  KEY `FKAFC41E931E208F02` (`user_id`),
  KEY `FKAFC41E931C0CA9F2` (`store_id`),
  CONSTRAINT `FKAFC41E931C0CA9F2` FOREIGN KEY (`store_id`) REFERENCES `wemall_store` (`id`),
  CONSTRAINT `FKAFC41E931E208F02` FOREIGN KEY (`user_id`) REFERENCES `wemall_user` (`id`),
  CONSTRAINT `FKAFC41E93339519D2` FOREIGN KEY (`goods_id`) REFERENCES `wemall_goods` (`id`)
) ENGINE=InnoDB AUTO_INCREMENT=131077 DEFAULT CHARSET=utf8;

-- ----------------------------
-- Records of wemall_favorite
-- ----------------------------
INSERT INTO `wemall_favorite` VALUES ('1', '2013-12-30 11:22:24', '\0', '1', null, '1', '32768');
INSERT INTO `wemall_favorite` VALUES ('65536', '2014-01-02 12:31:24', '\0', '1', null, '1', '1');
INSERT INTO `wemall_favorite` VALUES ('98304', '2014-01-02 21:02:07', '\0', '1', null, '32768', '1');
INSERT INTO `wemall_favorite` VALUES ('131072', '2014-02-25 21:33:02', '\0', '0', '98304', null, '1');
INSERT INTO `wemall_favorite` VALUES ('131073', '2014-09-16 18:52:50', '\0', '0', '98448', null, '1');
INSERT INTO `wemall_favorite` VALUES ('131074', '2014-09-22 11:55:13', '\0', '0', '98412', null, '1');
INSERT INTO `wemall_favorite` VALUES ('131075', '2014-10-10 15:26:21', '\0', '0', '3', null, '1');
INSERT INTO `wemall_favorite` VALUES ('131076', '2014-10-12 15:43:40', '\0', '0', '1', null, '1');

-- ----------------------------
-- Table structure for wemall_gold_log
-- ----------------------------
DROP TABLE IF EXISTS `wemall_gold_log`;
CREATE TABLE `wemall_gold_log` (
  `id` bigint(20) NOT NULL AUTO_INCREMENT,
  `addTime` datetime DEFAULT NULL,
  `deleteStatus` bit(1) NOT NULL,
  `gl_admin_content` longtext,
  `gl_admin_time` datetime DEFAULT NULL,
  `gl_content` longtext,
  `gl_count` int(11) NOT NULL,
  `gl_money` int(11) NOT NULL,
  `gl_payment` varchar(255) DEFAULT NULL,
  `gl_type` int(11) NOT NULL,
  `gl_admin_id` bigint(20) DEFAULT NULL,
  `gl_user_id` bigint(20) DEFAULT NULL,
  `gr_id` bigint(20) DEFAULT NULL,
  PRIMARY KEY (`id`),
  KEY `FKEA8877DC9FBF00E8` (`gr_id`),
  KEY `FKEA8877DCE986EF18` (`gl_admin_id`),
  KEY `FKEA8877DC811B8DA8` (`gl_user_id`),
  CONSTRAINT `FKEA8877DC811B8DA8` FOREIGN KEY (`gl_user_id`) REFERENCES `wemall_user` (`id`),
  CONSTRAINT `FKEA8877DC9FBF00E8` FOREIGN KEY (`gr_id`) REFERENCES `wemall_gold_record` (`id`),
  CONSTRAINT `FKEA8877DCE986EF18` FOREIGN KEY (`gl_admin_id`) REFERENCES `wemall_user` (`id`)
) ENGINE=InnoDB AUTO_INCREMENT=12 DEFAULT CHARSET=utf8;

-- ----------------------------
-- Records of wemall_gold_log
-- ----------------------------
INSERT INTO `wemall_gold_log` VALUES ('1', '2014-09-27 17:34:00', '\0', null, null, '绾夸浠', '10000', '1000', 'outline', '0', null, '1', '1');
INSERT INTO `wemall_gold_log` VALUES ('2', '2014-09-27 17:34:30', '\0', '绠＄瀹℃搁甯', '2014-09-27 17:34:30', '绠＄瀹℃搁甯璁板', '10000', '1000', 'outline', '0', '1', '1', null);
INSERT INTO `wemall_gold_log` VALUES ('3', '2014-09-27 17:36:37', '\0', null, null, '绾夸浠', '10000', '1000', 'outline', '0', null, '32768', '2');
INSERT INTO `wemall_gold_log` VALUES ('4', '2014-09-27 17:38:09', '\0', '绠＄瀹℃搁甯', '2014-09-27 17:38:09', '绠＄瀹℃搁甯璁板', '10000', '1000', 'outline', '0', '1', '32768', null);
INSERT INTO `wemall_gold_log` VALUES ('5', '2014-09-28 10:51:35', '\0', null, null, '璐涔颁拱灏遍濂椁', '60', '0', null, '-1', null, '32768', null);
INSERT INTO `wemall_gold_log` VALUES ('6', '2014-10-09 12:13:35', '\0', null, null, '璐涔扮濂椁', '600', '0', null, '-1', null, '32768', null);
INSERT INTO `wemall_gold_log` VALUES ('7', '2014-11-12 15:51:53', '\0', null, null, '璐涔板井淇″', '50', '0', null, '-1', null, '32768', null);
INSERT INTO `wemall_gold_log` VALUES ('8', '2014-11-12 16:19:45', '\0', null, null, '璐涔板井淇″', '50', '0', null, '-1', null, '32768', null);
INSERT INTO `wemall_gold_log` VALUES ('9', '2014-11-29 12:06:44', '\0', null, null, '璐涔颁拱灏遍濂椁', '360', '0', null, '-1', null, '32768', null);
INSERT INTO `wemall_gold_log` VALUES ('10', '2015-02-28 19:28:15', '\0', null, null, '璐涔板井淇″', '50', '0', null, '-1', null, '32768', null);
INSERT INTO `wemall_gold_log` VALUES ('11', '2015-03-01 12:36:02', '\0', null, null, '璐涔板井淇″', '250', '0', null, '-1', null, '32768', null);

-- ----------------------------
-- Table structure for wemall_gold_record
-- ----------------------------
DROP TABLE IF EXISTS `wemall_gold_record`;
CREATE TABLE `wemall_gold_record` (
  `id` bigint(20) NOT NULL AUTO_INCREMENT,
  `addTime` datetime DEFAULT NULL,
  `deleteStatus` bit(1) NOT NULL,
  `gold_admin_info` longtext,
  `gold_admin_time` datetime DEFAULT NULL,
  `gold_count` int(11) NOT NULL,
  `gold_exchange_info` longtext,
  `gold_money` int(11) NOT NULL,
  `gold_pay_status` int(11) NOT NULL,
  `gold_payment` varchar(255) DEFAULT NULL,
  `gold_sn` varchar(255) DEFAULT NULL,
  `gold_status` int(11) NOT NULL,
  `gold_admin_id` bigint(20) DEFAULT NULL,
  `gold_user_id` bigint(20) DEFAULT NULL,
  PRIMARY KEY (`id`),
  KEY `FKE8A430B97C7135FD` (`gold_admin_id`),
  KEY `FKE8A430B94C0A5623` (`gold_user_id`),
  CONSTRAINT `FKE8A430B94C0A5623` FOREIGN KEY (`gold_user_id`) REFERENCES `wemall_user` (`id`),
  CONSTRAINT `FKE8A430B97C7135FD` FOREIGN KEY (`gold_admin_id`) REFERENCES `wemall_user` (`id`)
) ENGINE=InnoDB AUTO_INCREMENT=3 DEFAULT CHARSET=utf8;

-- ----------------------------
-- Records of wemall_gold_record
-- ----------------------------
INSERT INTO `wemall_gold_record` VALUES ('1', '2014-09-27 17:34:00', '\0', '绠＄瀹℃搁甯', '2014-09-27 17:34:29', '10000', '㈤甯10000', '1000', '2', 'outline', 'gold201409271734001', '1', '1', '1');
INSERT INTO `wemall_gold_record` VALUES ('2', '2014-09-27 17:36:36', '\0', '绠＄瀹℃搁甯', '2014-09-27 17:38:09', '10000', '', '1000', '2', 'outline', 'gold2014092717363632768', '1', '1', '32768');

-- ----------------------------
-- Table structure for wemall_goods
-- ----------------------------
DROP TABLE IF EXISTS `wemall_goods`;
CREATE TABLE `wemall_goods` (
  `id` bigint(20) NOT NULL AUTO_INCREMENT,
  `addTime` datetime DEFAULT NULL,
  `deleteStatus` bit(1) NOT NULL,
  `goods_click` int(11) NOT NULL,
  `goods_details` longtext,
  `goods_fee` varchar(255) DEFAULT NULL,
  `goods_inventory` int(11) NOT NULL,
  `goods_inventory_detail` longtext,
  `goods_name` varchar(255) DEFAULT NULL,
  `goods_price` decimal(12,2) DEFAULT NULL,
  `goods_property` longtext,
  `goods_recommend` bit(1) NOT NULL,
  `goods_salenum` int(11) NOT NULL,
  `goods_seller_time` datetime DEFAULT NULL,
  `goods_serial` varchar(255) DEFAULT NULL,
  `goods_status` int(11) NOT NULL,
  `goods_transfee` int(11) NOT NULL,
  `goods_weight` decimal(12,2) DEFAULT NULL,
  `inventory_type` varchar(255) DEFAULT NULL,
  `seo_description` longtext,
  `seo_keywords` varchar(255) DEFAULT NULL,
  `store_price` decimal(12,2) DEFAULT NULL,
  `store_recommend` bit(1) NOT NULL,
  `store_recommend_time` datetime DEFAULT NULL,
  `ztc_admin_content` longtext,
  `ztc_apply_time` datetime DEFAULT NULL,
  `ztc_begin_time` date DEFAULT NULL,
  `ztc_click_num` int(11) NOT NULL,
  `ztc_dredge_price` int(11) NOT NULL,
  `ztc_gold` int(11) NOT NULL,
  `ztc_pay_status` int(11) NOT NULL,
  `ztc_price` int(11) NOT NULL,
  `ztc_status` int(11) NOT NULL,
  `gc_id` bigint(20) DEFAULT NULL,
  `goods_brand_id` bigint(20) DEFAULT NULL,
  `goods_main_photo_id` bigint(20) DEFAULT NULL,
  `goods_store_id` bigint(20) DEFAULT NULL,
  `ztc_admin_id` bigint(20) DEFAULT NULL,
  `goods_collect` int(11) DEFAULT '0',
  `group_buy` int(11) DEFAULT '0',
  `goods_choice_type` int(11) DEFAULT '0',
  `group_id` bigint(20) DEFAULT NULL,
  `activity_status` int(11) DEFAULT '0',
  `bargain_status` int(11) DEFAULT '0',
  `delivery_status` int(11) DEFAULT '0',
  `goods_current_price` decimal(12,2) DEFAULT NULL,
  `goods_volume` decimal(12,2) DEFAULT NULL,
  `ems_trans_fee` decimal(12,2) DEFAULT NULL,
  `express_trans_fee` decimal(12,2) DEFAULT NULL,
  `mail_trans_fee` decimal(12,2) DEFAULT NULL,
  `transport_id` bigint(20) DEFAULT NULL,
  `combin_status` int(11) DEFAULT '0',
  `combin_begin_time` date DEFAULT NULL,
  `combin_end_time` date DEFAULT NULL,
  `combin_price` decimal(12,2) DEFAULT NULL,
  `description_evaluate` decimal(10,0) DEFAULT '5',
  `weixin_shop_hot` bit(1) DEFAULT b'0',
  `weixin_shop_hotTime` date DEFAULT NULL,
  `weixin_shop_recommend` bit(1) DEFAULT b'0',
  `weixin_shop_recommendTime` date DEFAULT NULL,
  PRIMARY KEY (`id`),
  KEY `FK304F7EE5AD5743E0` (`goods_main_photo_id`),
  KEY `FK304F7EE56BDDCC57` (`gc_id`),
  KEY `FK304F7EE51ED8F14C` (`goods_store_id`),
  KEY `FK304F7EE5F140A6A4` (`goods_brand_id`),
  KEY `FK304F7EE5C292B563` (`ztc_admin_id`),
  KEY `FK304F7EE5493829C3` (`group_id`),
  KEY `FK304F7EE5914F1503` (`transport_id`),
  CONSTRAINT `FK304F7EE51ED8F14C` FOREIGN KEY (`goods_store_id`) REFERENCES `wemall_store` (`id`),
  CONSTRAINT `FK304F7EE5493829C3` FOREIGN KEY (`group_id`) REFERENCES `wemall_group` (`id`),
  CONSTRAINT `FK304F7EE56BDDCC57` FOREIGN KEY (`gc_id`) REFERENCES `wemall_goodsclass` (`id`),
  CONSTRAINT `FK304F7EE5914F1503` FOREIGN KEY (`transport_id`) REFERENCES `wemall_transport` (`id`),
  CONSTRAINT `FK304F7EE5AD5743E0` FOREIGN KEY (`goods_main_photo_id`) REFERENCES `wemall_accessory` (`id`),
  CONSTRAINT `FK304F7EE5C292B563` FOREIGN KEY (`ztc_admin_id`) REFERENCES `wemall_user` (`id`),
  CONSTRAINT `FK304F7EE5F140A6A4` FOREIGN KEY (`goods_brand_id`) REFERENCES `wemall_goodsbrand` (`id`)
) ENGINE=InnoDB AUTO_INCREMENT=98461 DEFAULT CHARSET=utf8;

-- ----------------------------
-- Records of wemall_goods
-- ----------------------------
INSERT INTO `wemall_goods` VALUES ('1', '2013-12-24 13:26:55', '\0', '99', '<img alt=\"\" src=\"/shopping/upload/store/1/2016/04/06/d3fd5933-6993-4f06-b17b-1559844b5516.jpg\" /><img alt=\"\" src=\"/shopping/upload/store/1/2016/04/06/75185836-0092-4302-a643-263cd877b4f3.jpg\" /> \r\n<p>\r\n	&nbsp;\r\n</p>', null, '200', '[]', 'Im David16涓板卞ぇ╃ュｇ疯胯浼插濂DQJP11C1', '1280.00', '[{\"val\":\"朵\",\"id\":\"2\",\"name\":\"璐\"}]', '', '0', null, '', '0', '0', '1.20', 'all', '', '', '769.00', '\0', null, null, null, null, '0', '0', '0', '0', '0', '0', '5', '2', '426405', '1', null, '1', '0', '0', null, '0', '0', '1', '769.00', null, '0.00', '0.00', '0.00', null, '0', null, null, null, '5', '\0', null, '\0', null);
INSERT INTO `wemall_goods` VALUES ('3', '2013-12-24 13:31:03', '\0', '214', '<img alt=\"\" src=\"/shopping/upload/store/1/2016/04/06/baee2484-a6ea-41c8-a4d0-13d27e106662.jpg\" /><img alt=\"\" src=\"/shopping/upload/store/1/2016/04/06/10c50eab-707c-4e81-a363-50887e398593.jpg\" /> \r\n<div align=\"center\">\r\n	<br />\r\n</div>', null, '200', '[]', '绉版剧疯 查琛ｇ窘缁 涓垮澶濂', '900.00', '[{\"val\":\"挎撅琛ｉ70-100CM锛\",\"id\":\"3\",\"name\":\"琛ｉ\"}, {\"val\":\"绾妫\",\"id\":\"2\",\"name\":\"璐\"}, {\"val\":\"胯\",\"id\":\"1\",\"name\":\"娆惧\"}]', '', '0', null, '', '0', '0', '2.50', 'all', '', '', '789.00', '\0', null, null, null, null, '0', '0', '0', '0', '0', '0', '5', '3', '426402', '1', null, '1', '0', '0', null, '0', '0', '0', '789.00', null, '20.00', '15.00', '10.00', '2', '0', null, null, null, '5', '\0', null, '\0', null);
INSERT INTO `wemall_goods` VALUES ('4', '2013-12-24 13:32:53', '\0', '28', '<img alt=\"\" src=\"/shopping/upload/store/1/2016/04/06/0da54506-40a9-47f3-9a9c-39ae7f64da38.jpg\" /><img alt=\"\" src=\"/shopping/upload/store/1/2016/04/06/0831ddb2-392e-4ee1-adb0-caf0168150f2.jpg\" />', null, '200', '[]', 'ュｉ胯Tょ峰＋瀹芥惧澶х涓琛ｉ骞寸疯tら╃涓や欢琛琛棰浣', '195.00', '[{\"val\":\"涓挎撅琛ｉ50-70CM锛\",\"id\":\"3\",\"name\":\"琛ｉ\"}, {\"val\":\"绾妫\",\"id\":\"2\",\"name\":\"璐\"}, {\"val\":\"琚\",\"id\":\"1\",\"name\":\"娆惧\"}]', '', '0', null, '', '0', '1', null, 'all', '', '', '65.00', '\0', null, null, null, null, '0', '0', '0', '0', '0', '0', '6', '1', '426422', '1', null, '0', '0', '0', null, '0', '0', '0', '65.00', null, '0.00', '0.00', '0.00', null, '0', null, null, null, '5', '\0', null, '\0', null);
INSERT INTO `wemall_goods` VALUES ('5', '2013-12-24 13:34:33', '\0', '34', '<img alt=\"\" src=\"/shopping/upload/store/1/2016/04/06/81c35a18-7f35-4425-8c17-4058397f8aab.jpg\" /><img alt=\"\" src=\"/shopping/upload/store/1/2016/04/06/46aa5016-06b1-47a5-abf7-d77f4cd81516.jpg\" /><img alt=\"\" src=\"/shopping/upload/store/1/2016/04/06/dbd3be88-6308-4292-a47b-f48eb9915d76.jpg\" />', null, '200', '[]', '椹查胯琛琛 2015绉瑁版剧峰＋淇韬╃兼ヨ‖琛7153307221', '188.00', '[{\"val\":\"涓挎撅琛ｉ50-70CM锛\",\"id\":\"3\",\"name\":\"琛ｉ\"}, {\"val\":\"涓\",\"id\":\"2\",\"name\":\"璐\"}, {\"val\":\"胯\",\"id\":\"1\",\"name\":\"娆惧\"}]', '', '0', null, '', '0', '1', '0.00', 'all', '', '', '148.52', '\0', null, null, null, null, '0', '0', '0', '0', '0', '0', '6', '3', '426432', '1', null, '0', '0', '0', null, '0', '0', '0', '148.52', null, '0.00', '0.00', '0.00', null, '0', null, null, null, '5', '\0', null, '\0', null);
INSERT INTO `wemall_goods` VALUES ('6', '2013-12-24 13:35:42', '\0', '15', '', null, '200', '[]', '娉扮浼叉煎琛琛烽胯纾ㄦ峰＋煎琛琛', '340.00', '[{\"val\":\"涓挎撅琛ｉ50-70CM锛\",\"id\":\"3\",\"name\":\"琛ｉ\"}, {\"val\":\"绾妫\",\"id\":\"2\",\"name\":\"璐\"}, {\"val\":\"胯\",\"id\":\"1\",\"name\":\"娆惧\"}]', '', '0', null, '', '0', '0', '0.50', 'all', '', '', '238.00', '\0', null, null, null, null, '0', '0', '0', '0', '0', '0', '12', '2', '426290', '1', null, '0', '2', '0', '2', '0', '0', '0', '238.00', null, '0.00', '0.00', '0.00', null, '0', null, null, null, '5', '\0', null, '\0', null);
INSERT INTO `wemall_goods` VALUES ('7', '2013-12-24 13:36:46', '\0', '27', '<img alt=\"\" src=\"/shopping/upload/store/1/2016/04/06/36b3b816-675f-48be-b527-85dd8fa72130.jpg\" />', null, '200', '[]', '娓浠╁瀛ｇ峰＋妫琛ｇ烽╃缇芥缁妫峰濂', '338.00', '[]', '', '0', null, '', '0', '0', '3.20', 'all', '', '', '88.00', '\0', null, null, null, null, '0', '0', '0', '0', '0', '0', '7', '1', '426425', '1', null, '0', '0', '0', null, '0', '0', '0', '88.00', null, '0.00', '0.00', '0.00', null, '0', null, null, null, '5', '\0', null, '\0', null);
INSERT INTO `wemall_goods` VALUES ('8', '2013-12-24 13:37:38', '\0', '24', '<img alt=\"\" src=\"/shopping/upload/store/1/2016/04/06/fac15b99-221c-44a9-b8f7-e635351f44ce.jpg\" /><img alt=\"\" src=\"/shopping/upload/store/1/2016/04/06/c151d291-b8c1-47fc-9d55-824cd227553e.jpg\" />', null, '200', '[]', 'abx疯2016ュｆ繁蹭浠瑁ょ峰淇韬涔瑁ゆ疆娴浠9瑁', '259.00', '[{\"val\":\"涓挎撅琛ｉ50-70CM锛\",\"id\":\"3\",\"name\":\"琛ｉ\"}, {\"val\":\"绾妫\",\"id\":\"2\",\"name\":\"璐\"}, {\"val\":\"胯\",\"id\":\"1\",\"name\":\"娆惧\"}]', '', '0', null, '', '0', '0', '1.20', 'all', '', '', '159.00', '\0', null, null, null, null, '0', '0', '0', '0', '0', '0', '12', '2', '426418', '1', null, '0', '0', '0', null, '0', '0', '0', '159.00', null, '0.00', '0.00', '0.00', null, '0', null, null, null, '5', '\0', null, '\0', null);
INSERT INTO `wemall_goods` VALUES ('9', '2013-12-24 13:38:46', '\0', '58', '<img alt=\"\" src=\"/shopping/upload/store/1/2016/04/06/c1c3833b-3e69-4ce7-a707-07dd7e7f4426.jpg\" /><img alt=\"\" src=\"/shopping/upload/store/1/2016/04/06/5c385828-5859-46f7-9f02-e9fada300142.jpg\" />', null, '200', '[]', 'Im David卞ぇ峰＋瑗垮瀛ｈ娆剧疯绾蹭慨韬浼茶タDOJK310A', '1028.00', '[]', '', '0', null, '', '0', '1', '0.00', 'all', '', '', '512.00', '\0', null, null, null, null, '0', '0', '0', '0', '0', '0', '5', '3', '426408', '1', null, '0', '2', '0', '2', '0', '0', '0', '512.00', null, '0.00', '0.00', '0.00', null, '0', null, null, null, '5', '\0', null, '\0', null);
INSERT INTO `wemall_goods` VALUES ('32768', '2013-12-24 13:44:05', '\0', '31', '<img alt=\"\" src=\"/shopping/upload/store/1/2016/04/06/76490221-a46b-45a7-8ff5-5085f5e78d72.jpg\" /><img alt=\"\" src=\"/shopping/upload/store/1/2016/04/06/2dc318e7-05a8-4dcd-8688-b64e8e8bc903.jpg\" />', null, '200', '[]', '椹茬窘缁 2015瑁杞昏缇界澶濂 峰＋淇韬绔棰淇 娼 7251', '895.00', '[]', '', '0', null, '', '0', '0', '1.20', 'all', '', '', '378.00', '\0', null, null, null, null, '0', '0', '0', '0', '0', '0', '7', '2', '426415', '1', null, '0', '0', '0', null, '0', '0', '0', '378.00', null, '0.00', '0.00', '0.00', null, '0', null, null, null, '5', '\0', null, '\0', null);
INSERT INTO `wemall_goods` VALUES ('32769', '2013-12-24 13:46:30', '\0', '49', '<img alt=\"\" src=\"/shopping/upload/store/1/2016/04/06/122eaec7-161c-4776-ae3a-95bf20640560.jpg\" /><img alt=\"\" src=\"/shopping/upload/store/1/2016/04/06/65dcd2c3-0012-47a6-b0de-6ecc90312e10.jpg\" /><img alt=\"\" src=\"/shopping/upload/store/1/2016/04/06/2ddf3df5-7bf6-40c4-8556-9453fdec1ad3.jpg\" /> \r\n<p>\r\n	&nbsp;\r\n</p>', null, '200', '[]', 'ュｅす蜂插濂疯澶瑰琛绔棰澶茬峰＋娆句琛ｉ╃娼疯', '598.00', '[{\"val\":\"娆撅琛ｉ35-50CM锛\",\"id\":\"3\",\"name\":\"琛ｉ\"}, {\"val\":\"涓\",\"id\":\"2\",\"name\":\"璐\"}, {\"val\":\"琚\",\"id\":\"1\",\"name\":\"娆惧\"}]', '', '0', null, '', '0', '0', '0.30', 'all', '', '', '208.00', '\0', null, null, null, null, '0', '0', '0', '0', '0', '0', '8', null, '426428', '1', null, '0', '0', '0', null, '0', '0', '0', '208.00', null, '0.00', '0.00', '0.00', null, '0', null, null, null, '5', '\0', null, '\0', null);
INSERT INTO `wemall_goods` VALUES ('65536', '2013-12-24 14:38:02', '\0', '70', '<span style=\"color:#666666;background-color:#FFFFFF;font-family:tahoma, arial, 寰杞榛, sans-serif;line-height:1.5;\">缁:&nbsp;100g()-150g(涓) &nbsp; &nbsp; &nbsp; &nbsp; &nbsp; &nbsp; &nbsp; &nbsp; &nbsp; &nbsp; &nbsp; &nbsp; &nbsp; &nbsp; &nbsp; &nbsp;</span><span style=\"color:#666666;background-color:#FFFFFF;font-family:tahoma, arial, 寰杞榛, sans-serif;line-height:1.5;\">缁:&nbsp;80% &nbsp; &nbsp; &nbsp; &nbsp; &nbsp; &nbsp; &nbsp; &nbsp; &nbsp; &nbsp; &nbsp; &nbsp; &nbsp; &nbsp; &nbsp; &nbsp; &nbsp; &nbsp; &nbsp; &nbsp; &nbsp; &nbsp; &nbsp; &nbsp; &nbsp; &nbsp; &nbsp; &nbsp; &nbsp; &nbsp; &nbsp; &nbsp; &nbsp; &nbsp;</span><span style=\"color:#666666;background-color:#FFFFFF;font-family:tahoma, arial, 寰杞榛, sans-serif;line-height:1.5;\">璐ㄦ:&nbsp;绾ょ淮100%</span><br />\r\n<span style=\"color:#666666;background-color:#FFFFFF;font-family:tahoma, arial, 寰杞榛, sans-serif;line-height:1.5;\">:&nbsp;niffeilu/濡插 &nbsp; &nbsp; &nbsp; &nbsp; &nbsp; &nbsp; &nbsp; &nbsp; &nbsp; &nbsp; &nbsp; &nbsp; &nbsp; &nbsp; &nbsp; &nbsp; &nbsp; &nbsp; &nbsp; &nbsp; &nbsp; &nbsp;&nbsp;</span><span style=\"color:#666666;background-color:#FFFFFF;font-family:tahoma, arial, 寰杞榛, sans-serif;line-height:1.5;\">璐у:&nbsp;NF14R3702 &nbsp; &nbsp; &nbsp; &nbsp; &nbsp; &nbsp; &nbsp; &nbsp; &nbsp; &nbsp; &nbsp; &nbsp; &nbsp; &nbsp; &nbsp; &nbsp; &nbsp; &nbsp; &nbsp; &nbsp; &nbsp; &nbsp; &nbsp; &nbsp; &nbsp; &nbsp; &nbsp; &nbsp; &nbsp; &nbsp; &nbsp;</span><span style=\"color:#666666;background-color:#FFFFFF;font-family:tahoma, arial, 寰杞榛, sans-serif;line-height:1.5;\">瑁:&nbsp;淇韬</span><br />\r\n<span style=\"color:#666666;background-color:#FFFFFF;font-family:tahoma, arial, 寰杞榛, sans-serif;line-height:1.5;\">:&nbsp; &nbsp; &nbsp; &nbsp; &nbsp; &nbsp; &nbsp; &nbsp; &nbsp; &nbsp; &nbsp; &nbsp; &nbsp; &nbsp; &nbsp; &nbsp; &nbsp; &nbsp; &nbsp; &nbsp; &nbsp; &nbsp; &nbsp; &nbsp; &nbsp; &nbsp; &nbsp; &nbsp; &nbsp; &nbsp;</span><span style=\"color:#666666;background-color:#FFFFFF;font-family:tahoma, arial, 寰杞榛, sans-serif;line-height:1.5;\">椋:&nbsp;缇 &nbsp; &nbsp; &nbsp; &nbsp; &nbsp; &nbsp; &nbsp; &nbsp; &nbsp; &nbsp; &nbsp; &nbsp; &nbsp; &nbsp; &nbsp; &nbsp; &nbsp; &nbsp; &nbsp; &nbsp;&nbsp;<img src=\"http://192.168.2.100:8080/shopping/upload/store/1/2016/04/04/7b0c0465-7e9c-4676-8aa5-19f68eb3d2ba.jpg\" /><img src=\"http://192.168.2.100:8080/shopping/upload/store/1/2016/04/04/0e474a11-ae41-4802-8edb-684e97f58d7c.jpg\" /></span>', null, '200', '[]', '灏濂宠╃娆剧窘缁 介跺杩甯戒叉 澶濂', '508.00', '[{\"val\":\"涓挎撅琛ｉ50-70CM锛\",\"id\":\"3\",\"name\":\"琛ｉ\"}, {\"val\":\"朵\",\"id\":\"2\",\"name\":\"璐\"}, {\"val\":\"胯\",\"id\":\"1\",\"name\":\"娆惧\"}]', '', '0', null, '', '0', '1', '1.00', 'all', '濂宠', '濂宠', '248.00', '\0', null, null, null, null, '0', '0', '0', '0', '0', '0', '13', '4', '426358', '1', null, '0', '0', '0', null, '0', '0', '0', '600.00', '0.00', '0.00', '0.00', '0.00', '2', '0', null, null, null, '5', '\0', null, '\0', null);
INSERT INTO `wemall_goods` VALUES ('65537', '2013-12-24 14:42:52', '\0', '21', '<img alt=\"\" src=\"/shopping/upload/store/1/2016/04/06/f86f77d8-bbf2-4642-bf24-78e2681dd281.jpg\" /><img alt=\"\" src=\"/shopping/upload/store/1/2016/04/06/25adf817-f66a-412a-b8fe-fe2f7e10c086.jpg\" />', null, '200', '[]', '浼朵妾10651澶ゅコ瑁杩琛ｈ缁胯胯涓介鸿璁捐', '300.00', '[{\"val\":\"涓挎撅琛ｉ50-70CM锛\",\"id\":\"3\",\"name\":\"琛ｉ\"}, {\"val\":\"涓\",\"id\":\"2\",\"name\":\"璐\"}, {\"val\":\"胯\",\"id\":\"1\",\"name\":\"娆惧\"}]', '', '0', null, '', '0', '0', '0.30', 'all', '', '', '235.00', '\0', null, null, null, null, '0', '0', '0', '0', '0', '0', '15', '6', '426453', '1', null, '0', '0', '0', null, '0', '0', '0', '235.00', null, '0.00', '0.00', '0.00', null, '0', null, null, null, '5', '\0', null, '\0', null);
INSERT INTO `wemall_goods` VALUES ('65538', '2013-12-24 14:44:02', '\0', '26', '<img alt=\"\" src=\"/shopping/upload/store/1/2016/04/06/ac874dd4-a3d5-4d0d-b398-2b0a293120d5.jpg\" /><img alt=\"\" src=\"/shopping/upload/store/1/2016/04/06/3b461c97-662c-4571-be34-9770f08e9fd5.jpg\" />', null, '200', '[]', '瑁甯板2016ュｆ板濂宠缁ｈ变瑙瑁瀛涓琚绾鸿琛ｈ澶', '259.80', '[{\"val\":\"涓挎撅琛ｉ50-70CM锛\",\"id\":\"3\",\"name\":\"琛ｉ\"}, {\"val\":\"\",\"id\":\"2\",\"name\":\"璐\"}, {\"val\":\"胯\",\"id\":\"1\",\"name\":\"娆惧\"}]', '', '0', null, '', '0', '1', null, 'all', '', '', '259.80', '\0', null, null, null, null, '0', '0', '0', '0', '0', '0', '15', '4', '426440', '1', null, '0', '0', '0', null, '0', '0', '0', '259.80', null, '0.00', '0.00', '0.00', null, '0', null, null, null, '5', '\0', null, '\0', null);
INSERT INTO `wemall_goods` VALUES ('65539', '2013-12-24 14:45:04', '\0', '27', '<img alt=\"\" src=\"/shopping/upload/store/1/2016/04/06/c217031a-1afc-44b5-91a7-702046f8be25.jpg\" /><img alt=\"\" src=\"/shopping/upload/store/1/2016/04/06/f012fceb-0b03-41e4-bf0a-6ee5d13f8d34.jpg\" /><img alt=\"\" src=\"/shopping/upload/store/1/2016/04/06/016349ea-edd9-4568-9d94-bbac322f20bd.jpg\" />', null, '200', '[]', '濮垮绉缁妫琛ｅコ瑁涓挎2015瑁版句慨韬澶濂绉瀛ｉ╃杩甯', '700.00', '[{\"val\":\"挎撅琛ｉ70-100CM锛\",\"id\":\"3\",\"name\":\"琛ｉ\"}, {\"val\":\"胯\",\"id\":\"1\",\"name\":\"娆惧\"}]', '', '0', null, '', '0', '1', '0.00', 'all', '', '', '600.00', '\0', null, null, null, null, '0', '0', '0', '0', '0', '0', '13', '6', '426460', '1', null, '0', '0', '0', null, '0', '0', '0', '600.00', null, '0.00', '0.00', '0.00', null, '0', null, null, null, '5', '\0', null, '\0', null);
INSERT INTO `wemall_goods` VALUES ('65540', '2013-12-24 14:46:22', '\0', '16', '<img alt=\"\" src=\"/shopping/upload/store/1/2016/04/06/6cbb4521-05e8-4805-8397-f13b35ca57da.jpg\" /><img alt=\"\" src=\"/shopping/upload/store/1/2016/04/06/e3f65f06-2e78-4b61-a85f-a600a1097519.jpg\" /><img alt=\"\" src=\"/shopping/upload/store/1/2016/04/06/48ec1ce2-ea51-42dc-a2bc-c1f2be2bd28f.jpg\" />', null, '200', '[]', 'ョ郴琛琛杩琛ｈョ娆2016版炬椋濂宠瑁瀛澶涓挎炬搴a瀛瑁', '180.00', '[{\"val\":\"涓挎撅琛ｉ50-70CM锛\",\"id\":\"3\",\"name\":\"琛ｉ\"}, {\"val\":\"绾妫\",\"id\":\"2\",\"name\":\"璐\"}, {\"val\":\"胯\",\"id\":\"1\",\"name\":\"娆惧\"}]', '', '0', null, '', '0', '1', '0.00', 'all', '', '', '56.00', '\0', null, null, null, null, '0', '0', '0', '0', '0', '0', '15', null, '426459', '1', null, '0', '0', '0', null, '0', '0', '0', '56.00', null, '0.00', '0.00', '0.00', null, '0', null, null, null, '5', '\0', null, '\0', null);
INSERT INTO `wemall_goods` VALUES ('98304', '2013-12-24 14:54:08', '\0', '34', '<img alt=\"\" src=\"/shopping/upload/store/1/2016/04/06/28880105-7886-4946-b2f6-d9feeb9c9b9a.jpg\" /><img alt=\"\" src=\"/shopping/upload/store/1/2016/04/06/308ab591-d4af-4ea7-b416-d227894296c4.jpg\" /><img alt=\"\" src=\"/shopping/upload/store/1/2016/04/06/e7ed3874-46b9-463b-aa0c-5e3136f10a46.jpg\" />', null, '200', '[]', '娆ф床绔2016ヨ板濂宠ュｅ棰涓琚A瀛借茶琛ｈ瀛板甫', '300.00', '[{\"val\":\"\",\"id\":\"2\",\"name\":\"璐\"}]', '', '0', null, '', '0', '0', '0.30', 'all', '', '', '131.00', '\0', null, null, null, null, '0', '0', '0', '0', '0', '0', '17', null, '426450', '1', null, '1', '0', '0', null, '0', '0', '0', '131.00', null, '0.00', '0.00', '0.00', null, '0', null, null, null, '5', '\0', null, '\0', null);
INSERT INTO `wemall_goods` VALUES ('98305', '2013-12-24 14:55:01', '\0', '21', '<img alt=\"\" src=\"/shopping/upload/store/1/2016/04/06/0c5a778f-2004-434d-9b3a-a3744a3ac381.jpg\" /><img alt=\"\" src=\"/shopping/upload/store/1/2016/04/06/98470d39-7fc9-42f0-84a0-5e9976873af3.jpg\" />', null, '200', '[]', '濂宠ュ╃惰颁慨韬棰绾鸿琛ｈA瀛瑁澶х炬琚版炬濂', '700.00', '[{\"val\":\"涓挎撅琛ｉ50-70CM锛\",\"id\":\"3\",\"name\":\"琛ｉ\"}, {\"val\":\"绾妫\",\"id\":\"2\",\"name\":\"璐\"}, {\"val\":\"胯\",\"id\":\"1\",\"name\":\"娆惧\"}]', '', '0', null, '', '0', '1', null, 'all', '', '', '600.00', '\0', null, null, null, null, '0', '0', '0', '0', '0', '0', '14', '8', '426448', '1', null, '0', '0', '0', null, '0', '0', '0', '600.00', null, '0.00', '0.00', '0.00', null, '0', null, null, null, '5', '\0', null, '\0', null);
INSERT INTO `wemall_goods` VALUES ('98306', '2013-12-24 14:58:37', '\0', '17', '', null, '200', '[]', 'shinena澶濞 2013绉版剧借插涓昏╃缈婚淇韬句淇韬杩琛ｈ', '300.00', '[{\"val\":\"挎撅琛ｉ70-100CM锛\",\"id\":\"3\",\"name\":\"琛ｉ\"}, {\"val\":\"涓\",\"id\":\"2\",\"name\":\"璐\"}, {\"val\":\"胯\",\"id\":\"1\",\"name\":\"娆惧\"}]', '', '0', null, '', '0', '0', '1.20', 'all', '', '', '235.00', '\0', null, null, null, null, '0', '0', '0', '0', '0', '0', '17', '6', '426271', '1', null, '0', '0', '0', null, '0', '0', '0', '235.00', null, '0.00', '0.00', '0.00', null, '0', null, null, null, '5', '\0', null, '\0', null);
INSERT INTO `wemall_goods` VALUES ('98307', '2013-12-24 14:59:27', '\0', '23', '<img alt=\"\" src=\"/shopping/upload/store/1/2016/04/06/0a647b48-8b87-48cf-a407-fe5a0ea42249.jpg\" /><img alt=\"\" src=\"/shopping/upload/store/1/2016/04/06/e8e44a16-5ff9-44d1-9615-3487882fb6b8.jpg\" /><img alt=\"\" src=\"/shopping/upload/store/1/2016/04/06/19e9416f-4114-42f1-90d7-754405fc4498.jpg\" /> \r\n<p>\r\n	&nbsp;\r\n</p>', null, '200', '[]', '瑁甯胯2016澶瑁版惧虹唬琚蹇瑁瀛姘璐ㄤ腑挎鹃绾鸿琛ｈ濂虫', '300.00', '[{\"val\":\"涓挎撅琛ｉ50-70CM锛\",\"id\":\"3\",\"name\":\"琛ｉ\"}, {\"val\":\"涓\",\"id\":\"2\",\"name\":\"璐\"}, {\"val\":\"琚\",\"id\":\"1\",\"name\":\"娆惧\"}]', '', '0', null, '', '0', '0', '0.30', 'all', '', '', '199.80', '\0', null, null, null, null, '0', '0', '0', '0', '0', '0', '17', '7', '426444', '1', null, '0', '0', '0', null, '0', '0', '0', '199.80', null, '0.00', '0.00', '0.00', null, '0', null, null, null, '5', '\0', null, '\0', null);
INSERT INTO `wemall_goods` VALUES ('98308', '2013-12-24 15:00:20', '\0', '22', '<img alt=\"\" src=\"/shopping/upload/store/1/2016/04/06/8a7b34ac-712d-4e25-b0a0-10b8dcc46d4e.jpg\" /><img alt=\"\" src=\"/shopping/upload/store/1/2016/04/06/402c7fa2-a501-4b0b-982d-771df9bbae83.jpg\" /><img alt=\"\" src=\"/shopping/upload/store/1/2016/04/06/bb96efb6-5417-494c-a475-f88b5565778d.jpg\" />', null, '200', '[]', '2016版惧コ瑁灏娓扮唬辩借叉ф圭罕琚杩琛ｈ瑁瀛澶瀹芥捐瑁', '300.00', '[{\"val\":\"涓挎撅琛ｉ50-70CM锛\",\"id\":\"3\",\"name\":\"琛ｉ\"}, {\"val\":\"绾妫\",\"id\":\"2\",\"name\":\"璐\"}, {\"val\":\"琚\",\"id\":\"1\",\"name\":\"娆惧\"}]', '', '0', null, '', '0', '1', null, 'all', '', '', '235.00', '\0', null, null, null, null, '0', '0', '0', '0', '0', '0', '17', '8', '426436', '1', null, '1', '0', '0', null, '0', '0', '0', '235.00', null, '0.00', '0.00', '0.00', null, '0', null, null, null, '5', '\0', null, '\0', null);
INSERT INTO `wemall_goods` VALUES ('98309', '2013-12-24 15:01:43', '\0', '18', '', null, '200', '[]', '惰规濉韬琛ｆ浣濂瑁 浜уㄨ藉琛 绉娆', '300.00', '[]', '', '0', null, '', '0', '0', '1.20', 'all', '', '', '235.00', '\0', null, null, null, null, '0', '0', '0', '0', '0', '0', '19', null, '426268', '1', null, '0', '0', '0', null, '0', '0', '0', '235.00', null, '0.00', '0.00', '0.00', null, '0', null, null, null, '5', '\0', null, '\0', null);
INSERT INTO `wemall_goods` VALUES ('98310', '2013-12-24 15:02:47', '\0', '21', '', null, '200', '[]', '缇规濞灞濂崇琚瀹跺琚', '300.00', '[]', '', '0', null, '', '0', '0', '0.50', 'all', '', '', '235.00', '\0', null, null, null, null, '0', '0', '0', '0', '0', '0', '23', null, '426267', '1', null, '0', '0', '0', null, '0', '0', '0', '235.00', null, '0.00', '0.00', '0.00', null, '0', null, null, null, '5', '\0', null, '\0', null);
INSERT INTO `wemall_goods` VALUES ('98311', '2013-12-24 15:03:30', '\0', '14', '', null, '200', '[]', '缇浣濉韬琛ｆ告琚濉韬琛ｅ褰㈣。惰圭伴ㄦ韬琛', '300.00', '[]', '', '0', null, '', '0', '0', '1.20', 'all', '', '', '235.00', '\0', null, null, null, null, '0', '0', '0', '0', '0', '0', '19', null, '426266', '1', null, '0', '0', '0', null, '0', '0', '0', '235.00', null, '0.00', '0.00', '0.00', null, '0', null, null, null, '5', '\0', null, '\0', null);
INSERT INTO `wemall_goods` VALUES ('98312', '2013-12-24 15:04:21', '\0', '14', '', null, '200', '[]', '浣涓瑰ゴ琛ｈ￥疯炬骞宠瑁', '100.00', '[]', '', '0', null, '', '0', '0', '0.30', 'all', '', '', '65.00', '\0', null, null, null, null, '0', '0', '0', '0', '0', '0', '21', null, '426265', '1', null, '0', '0', '0', null, '0', '0', '0', '65.00', null, '0.00', '0.00', '0.00', null, '0', null, null, null, '5', '\0', null, '\0', null);
INSERT INTO `wemall_goods` VALUES ('98313', '2013-12-24 15:05:18', '\0', '15', '', null, '200', '[]', '涓琛 绉琛ｅ瑁 涓峰＋楂棰绮剧汉ㄦ濂瑁 20048D0涓姝ｅ', '300.00', '[{\"val\":\"涓挎撅琛ｉ50-70CM锛\",\"id\":\"3\",\"name\":\"琛ｉ\"}, {\"val\":\"绾妫\",\"id\":\"2\",\"name\":\"璐\"}, {\"val\":\"胯\",\"id\":\"1\",\"name\":\"娆惧\"}]', '', '0', null, '', '0', '0', '0.30', 'all', '', '', '235.00', '\0', null, null, null, null, '0', '0', '0', '0', '0', '0', '23', null, '426264', '1', null, '0', '0', '0', null, '0', '0', '0', '235.00', null, '0.00', '0.00', '0.00', null, '0', null, null, null, '5', '\0', null, '\0', null);
INSERT INTO `wemall_goods` VALUES ('98314', '2013-12-24 15:06:07', '\0', '15', '<p style=\"text-indent:2em;\">\r\n	<span><span><strong><span style=\"font-size:16px;\">浜у: 涓藉ぇ &nbsp; &nbsp; &nbsp; &nbsp; &nbsp; &nbsp; &nbsp; &nbsp; &nbsp; &nbsp; &nbsp; &nbsp; &nbsp; &nbsp; &nbsp; &nbsp; &nbsp; &nbsp; &nbsp; &nbsp; &nbsp; &nbsp;&nbsp;<span>棰插绫:</span><span>缁胯160ML(3-6涓)M</span></span></strong></span></span>\r\n</p>\r\n<p style=\"text-indent:2em;\">\r\n	<span><span><strong><span style=\"font-size:16px;\"><span>: Anantara/╄虹</span>&nbsp; &nbsp; &nbsp; &nbsp; &nbsp; &nbsp; &nbsp; &nbsp; &nbsp; &nbsp; &nbsp; &nbsp; &nbsp; &nbsp; &nbsp; &nbsp; &nbsp; &nbsp; &nbsp; &nbsp; &nbsp; &nbsp; &nbsp;&nbsp;<span>绮160ML(3-6涓)M&nbsp;</span></span></strong></span></span>\r\n</p>\r\n<p style=\"text-indent:2em;\">\r\n	<span><span><strong><span style=\"font-size:16px;\"><span>濂剁舵甯: 涓甯</span> &nbsp; &nbsp; &nbsp; &nbsp; &nbsp; &nbsp; &nbsp; &nbsp; &nbsp; &nbsp; &nbsp; &nbsp; &nbsp; &nbsp; &nbsp; &nbsp; &nbsp;&nbsp;<span>璐: 朵</span><br />\r\n</span></strong></span></span>\r\n</p>\r\n<p style=\"text-indent:2em;\">\r\n	<span><span><strong><span style=\"font-size:16px;\"><span>ｅ澶у: 瀹藉ｅ &nbsp; &nbsp; &nbsp; &nbsp; &nbsp; &nbsp; &nbsp; &nbsp; &nbsp; &nbsp; &nbsp; &nbsp; &nbsp; &nbsp; &nbsp; &nbsp; &nbsp; &nbsp; &nbsp; &nbsp; &nbsp;</span><span>褰㈢: <img src=\"http://192.168.2.100:8080/shopping/upload/store/1/2016/04/04/c5e18ee0-b0ab-4094-bbe7-0ea1f10c5fa5.jpg\" /><img src=\"http://192.168.2.100:8080/shopping/upload/store/1/2016/04/04/cd1aea48-da4a-41d4-b7e6-75d9d0d10159.jpg\" /></span><br />\r\n</span></strong></span></span>\r\n</p>', null, '197', '[]', '╄虹ョ跺ザ跺┐垮瀹瀹藉ｅ甯跨ュザ堕叉茶姘姣濠寸ㄥ', '159.00', '[]', '', '3', null, '', '0', '0', '0.50', 'all', '', '', '138.00', '\0', null, null, null, null, '0', '0', '0', '0', '0', '0', '210', null, '426324', '1', null, '0', '0', '0', null, '0', '0', '0', '138.00', null, '0.00', '0.00', '0.00', null, '0', null, null, null, '5', '\0', null, '\0', null);
INSERT INTO `wemall_goods` VALUES ('98315', '2013-12-24 15:07:00', '\0', '16', '', null, '200', '[]', '濂冲＋缁¤纰х濡淇胯¤。', '300.00', '[]', '', '0', null, '', '0', '0', '2.50', 'all', '', '', '235.00', '\0', null, null, null, null, '0', '0', '0', '0', '0', '0', '22', null, '426262', '1', null, '0', '0', '0', null, '0', '0', '0', '235.00', null, '0.00', '0.00', '0.00', null, '0', null, null, null, '5', '\0', null, '\0', null);
INSERT INTO `wemall_goods` VALUES ('98316', '2013-12-24 15:07:46', '\0', '18', '', null, '200', '[]', ' 绉娆 濂 瀚伴茬缁杩甯界¤。 ¤ 瀹跺', '300.00', '[]', '', '0', null, '', '0', '0', '2.50', 'all', '', '', '235.00', '\0', null, null, null, null, '0', '0', '0', '0', '0', '0', '23', null, '426261', '1', null, '0', '0', '0', null, '0', '0', '0', '235.00', null, '0.00', '0.00', '0.00', null, '0', null, null, null, '5', '\0', null, '\0', null);
INSERT INTO `wemall_goods` VALUES ('98317', '2013-12-24 15:08:30', '\0', '22', '', null, '200', '[]', '辫卞瀛澶规峰＋¤。瀹跺澶规风¤。', '300.00', '[]', '', '0', null, '', '0', '0', '2.50', 'all', '', '', '235.00', '\0', null, null, null, null, '0', '0', '0', '0', '0', '0', '22', null, '426260', '1', null, '0', '0', '0', null, '0', '0', '0', '235.00', null, '0.00', '0.00', '0.00', null, '0', null, null, null, '5', '\0', null, '\0', null);
INSERT INTO `wemall_goods` VALUES ('98318', '2013-12-24 15:09:38', '\0', '12', '', null, '200', '[]', '2013澶瀛ｆ版剧叉硅告宸惧ｈ娴磋', '300.00', '[]', '', '0', null, '', '0', '0', '1.20', 'all', '', '', '235.00', '\0', null, null, null, null, '0', '0', '0', '0', '0', '0', '23', null, '426259', '1', null, '0', '0', '0', null, '0', '0', '0', '235.00', null, '0.00', '0.00', '0.00', null, '0', null, null, null, '5', '\0', null, '\0', null);
INSERT INTO `wemall_goods` VALUES ('98319', '2013-12-24 15:11:02', '\0', '13', '<img alt=\"\" src=\"/shopping/upload/store/1/2016/04/06/e0cb5029-847d-4993-b6f2-cbe5df8344d7.jpg\" /><img alt=\"\" src=\"/shopping/upload/store/1/2016/04/06/46c3cab2-3648-4c10-88cf-d8462e7b278a.jpg\" />', null, '200', '[]', '姝ｅ胯开杈炬adidas涓惰濂抽璐澹冲ご娆句甯烽杩ㄦ块B35832', '400.00', '[]', '', '0', null, '', '0', '1', '1.20', 'all', '', '', '356.00', '\0', null, null, null, null, '0', '0', '0', '0', '0', '0', '32', '11', '426484', '1', null, '0', '0', '0', null, '0', '0', '0', '356.00', null, '0.00', '0.00', '0.00', null, '0', null, null, null, '5', '\0', null, '\0', null);
INSERT INTO `wemall_goods` VALUES ('98320', '2013-12-24 15:14:36', '\0', '13', '', null, '200', '[]', 'NIKE  max 峰璺姝ラ 487982-104', '300.00', '[]', '', '0', null, '', '0', '0', '2.50', 'all', '', '', '235.00', '\0', null, null, null, null, '0', '0', '0', '0', '0', '0', '32', '11', '426257', '1', null, '0', '0', '0', null, '0', '0', '0', '235.00', null, '0.00', '0.00', '0.00', null, '0', null, null, null, '5', '\0', null, '\0', null);
INSERT INTO `wemall_goods` VALUES ('98321', '2013-12-24 15:15:36', '\0', '173', '<img alt=\"\" src=\"/shopping/upload/store/1/2016/04/06/90f1c734-e7b1-49d9-8f96-c6750d774eed.png\" /><img alt=\"\" src=\"/shopping/upload/store/1/2016/04/06/10118ea6-e0a3-4eeb-90a3-df2f15ef319d.jpg\" /><img alt=\"\" src=\"/shopping/upload/store/1/2016/04/06/3e7fb34d-ecce-4ec8-848c-bc44356018a8.jpg\" /><img alt=\"\" src=\"/shopping/upload/store/1/2016/04/06/7854b958-8ad6-4977-aa64-daea769df0f8.jpg\" /> \r\n<p>\r\n	&nbsp;\r\n</p>', null, '200', '[]', '辫卞瀛烽2016ュｄ茬峰＋瀛变鸡浼查锋疆娴块', '700.00', '[]', '', '0', null, '', '0', '0', '2.50', 'all', '', '', '560.00', '\0', null, null, null, null, '0', '0', '0', '0', '0', '0', '30', null, '426386', '1', null, '0', '0', '0', null, '0', '0', '0', '560.00', null, '0.00', '0.00', '0.00', null, '0', null, null, null, '5', '\0', null, '\0', null);
INSERT INTO `wemall_goods` VALUES ('98322', '2013-12-24 15:16:35', '\0', '19', '<img alt=\"\" src=\"/shopping/upload/store/1/2016/04/06/a41bb658-5099-413d-bbeb-75aa808961a7.jpg\" /><img alt=\"\" src=\"/shopping/upload/store/1/2016/04/06/c989a0c3-acf6-4717-a52a-48fdbb88f526.jpg\" />', null, '200', '[]', '姝ｅ胯开杈炬烽2016ュ瀛adidas濂抽澶よ姝ラ姘杩ㄤ查', '489.00', '[]', '', '0', null, '', '0', '1', '2.50', 'all', '', '', '342.30', '\0', null, null, null, null, '0', '0', '0', '0', '0', '0', '33', null, '426487', '1', null, '0', '0', '0', null, '0', '0', '0', '342.30', null, '0.00', '0.00', '0.00', null, '0', null, null, null, '5', '\0', null, '\0', null);
INSERT INTO `wemall_goods` VALUES ('98323', '2013-12-24 15:16:58', '\0', '18', '', null, '500', '[]', 'LISKAMM风 峰杩 姘叉按查峰＋查琛113M', '200.00', '[]', '', '0', null, '', '0', '0', '0.80', 'all', '', '', '180.00', '\0', null, null, null, null, '0', '0', '0', '0', '0', '0', '54', '1', '426253', '1', null, '0', '2', '0', '2', '0', '0', '0', '180.00', null, '0.00', '0.00', '0.00', null, '0', null, null, null, '5', '\0', null, '\0', null);
INSERT INTO `wemall_goods` VALUES ('98324', '2013-12-24 15:19:14', '\0', '10', '', null, '500', '[]', '濉娌SWS 姝ｅ渚ｆ剧瑰淇杞澹虫缁琛', '300.00', '[]', '', '0', null, '', '0', '0', '0.80', 'all', '', '', '150.00', '\0', null, null, null, null, '0', '0', '0', '0', '0', '0', '54', null, '426252', '1', null, '0', '0', '0', null, '0', '0', '0', '150.00', null, '0.00', '0.00', '0.00', null, '0', null, null, null, '5', '\0', null, '\0', null);
INSERT INTO `wemall_goods` VALUES ('98325', '2013-12-24 15:19:29', '\0', '21', '<img alt=\"\" src=\"/shopping/upload/store/1/2016/04/06/29958e55-59bc-4d17-a2c3-08b81fd26ace.jpg\" />', null, '200', '[]', '瑗垮捐变鸡浼查蜂甯骞寸峰＋浼茬烽ュｇ郴甯杞㈢', '318.00', '[]', '', '0', null, '', '0', '1', '0.00', 'all', '', '', '139.00', '\0', null, null, null, null, '0', '0', '0', '0', '0', '0', '30', null, '426480', '1', null, '0', '0', '0', null, '0', '0', '0', '139.00', null, '0.00', '0.00', '0.00', null, '0', null, null, null, '5', '\0', null, '\0', null);
INSERT INTO `wemall_goods` VALUES ('98326', '2013-12-24 15:20:19', '\0', '20', '<img alt=\"\" src=\"/shopping/upload/store/1/2016/04/06/0d5db1df-39d9-4ff7-b480-a81f9ab64516.png\" /><img alt=\"\" src=\"/shopping/upload/store/1/2016/04/06/15d72dee-07b7-4d12-b19b-f1b18f61479a.jpg\" /><img alt=\"\" src=\"/shopping/upload/store/1/2016/04/06/0bfdea32-5790-4b23-aed6-1d2f1f915cd3.jpg\" />', null, '200', '[]', 'ュ姘变鸡峰＋甯甯浼查╃娼浣甯瀛块韫峰 ', '78.00', '[]', '', '0', null, '', '0', '1', '0.00', 'all', '', '', '39.00', '\0', null, null, null, null, '0', '0', '0', '0', '0', '0', '30', null, '426479', '1', null, '0', '0', '0', null, '0', '0', '0', '39.00', null, '0.00', '0.00', '0.00', null, '0', null, null, null, '5', '\0', null, '\0', null);
INSERT INTO `wemall_goods` VALUES ('98327', '2013-12-24 15:20:37', '\0', '10', '', null, '1000', '[]', 'LISKAMM风 峰杩 查叉按查琛', '200.00', '[]', '', '0', null, '', '0', '0', '0.80', 'all', '', '', '189.00', '\0', null, null, null, null, '0', '0', '0', '0', '0', '0', '54', '3', '426249', '1', null, '0', '0', '0', null, '0', '0', '0', '189.00', null, '0.00', '0.00', '0.00', null, '0', null, null, null, '5', '\0', null, '\0', null);
INSERT INTO `wemall_goods` VALUES ('98328', '2013-12-24 15:21:11', '\0', '21', '<img alt=\"\" src=\"/shopping/upload/store/1/2016/04/06/daf3b141-1247-4ec3-9c41-6cfd0565d462.png\" /><img alt=\"\" src=\"/shopping/upload/store/1/2016/04/06/8dd9b578-0b47-4414-aec2-2662573f59e9.jpg\" /><img alt=\"\" src=\"/shopping/upload/store/1/2016/04/06/b0820517-c622-49ca-ab76-d0b74269982a.jpg\" />', null, '22', '[]', '辫卞瀛烽2016ュｄ茬峰＋瀛变鸡浼查锋疆娴块', '429.00', '[]', '', '0', null, '', '0', '1', '0.00', 'all', '', '', '278.00', '\0', null, null, null, null, '0', '0', '0', '0', '0', '0', '30', null, '426474', '1', null, '0', '0', '0', null, '0', '0', '0', '278.00', null, '0.00', '0.00', '0.00', null, '0', null, null, null, '5', '\0', null, '\0', null);
INSERT INTO `wemall_goods` VALUES ('98329', '2013-12-24 15:21:56', '\0', '17', '', null, '200', '[]', '濂ュや 峰缃㈤姘 ュ父浼查纾ㄧ缃㈤绌哄', '700.00', '[]', '', '0', null, '', '0', '0', '1.20', 'all', '', '', '600.00', '\0', null, null, null, null, '0', '0', '0', '0', '0', '0', '30', null, '426247', '1', null, '0', '0', '0', null, '0', '0', '0', '600.00', null, '0.00', '0.00', '0.00', null, '0', null, null, null, '5', '\0', null, '\0', null);
INSERT INTO `wemall_goods` VALUES ('98330', '2013-12-24 15:21:59', '\0', '14', '', null, '1000', '[]', 'Makino稿濂 峰濂虫炬ｅ逛环 涓涓缁 叉按姘涓や欢濂查琛', '300.00', '[]', '', '0', null, '', '0', '0', '0.80', 'all', '', '', '199.00', '\0', null, null, null, null, '0', '0', '0', '0', '0', '0', '54', '1', '426296', '1', null, '0', '0', '0', null, '0', '0', '0', '199.00', null, '0.00', '0.00', '0.00', null, '0', null, null, null, '5', '\0', null, '\0', null);
INSERT INTO `wemall_goods` VALUES ('98331', '2013-12-24 15:22:50', '\0', '34', '', null, '199', '[]', 'Nike 瀹 NIKE FREE TR 6 濂冲璁缁 ', '700.00', '[]', '', '1', null, '', '0', '0', '2.50', 'all', '', '', '600.00', '\0', null, null, null, null, '0', '0', '0', '0', '0', '0', '30', null, '426471', '1', null, '0', '0', '0', null, '0', '0', '0', '600.00', null, '0.00', '0.00', '0.00', null, '0', null, null, null, '5', '\0', null, '\0', null);
INSERT INTO `wemall_goods` VALUES ('98332', '2013-12-24 15:23:30', '\0', '10', '', null, '10000', '[]', '峰杩 濂虫炬绮缁蹇缁蹇', '300.00', '[]', '', '0', null, '', '0', '0', '1.00', 'all', '', '', '150.00', '\0', null, null, null, null, '0', '0', '0', '0', '0', '0', '54', '4', '426246', '1', null, '0', '0', '0', null, '0', '0', '0', '150.00', null, '0.00', '0.00', '0.00', null, '0', null, null, null, '5', '\0', null, '\0', null);
INSERT INTO `wemall_goods` VALUES ('98333', '2013-12-24 15:23:49', '\0', '21', '<img alt=\"\" src=\"/shopping/upload/store/1/2016/04/06/bca45f4d-6289-4c96-92f8-821301f3d06b.jpg\" />', null, '200', '[]', 'Kappa 疯ㄩ峰よ姝ラ绯诲甫 缈绘K0455MM61', '568.00', '[]', '', '0', null, '', '0', '1', '0.00', 'all', '', '', '289.00', '\0', null, null, null, null, '0', '0', '0', '0', '0', '0', '30', null, '426468', '1', null, '0', '0', '0', null, '0', '0', '0', '289.00', null, '0.00', '0.00', '0.00', null, '0', null, null, null, '5', '\0', null, '\0', null);
INSERT INTO `wemall_goods` VALUES ('98334', '2013-12-24 15:24:48', '\0', '21', '', null, '1000', '[]', 'ｅ 濂宠￥ 寸杩峰僵宸ヨ澶琚瑁', '100.00', '[]', '', '0', null, '', '0', '0', '0.80', 'all', '', '', '98.00', '\0', null, null, null, null, '0', '0', '0', '0', '0', '0', '54', '5', '426244', '1', null, '0', '0', '0', null, '0', '0', '0', '98.00', null, '0.00', '0.00', '0.00', null, '0', null, null, null, '5', '\0', null, '\0', null);
INSERT INTO `wemall_goods` VALUES ('98335', '2013-12-24 15:25:19', '\0', '29', '', null, '200', '[]', '¤ 缇涓戒匠浜虹郴 跺绉板缇磋剁澶翠豢缇缇姣娴伴村濂抽村', '300.00', '[]', '', '0', null, '', '0', '0', '2.50', 'all', '', '', '235.00', '\0', null, null, null, null, '0', '0', '0', '0', '0', '0', '41', null, '426243', '1', null, '0', '0', '0', null, '0', '0', '0', '235.00', null, '0.00', '0.00', '0.00', null, '0', null, null, null, '5', '\0', null, '\0', null);
INSERT INTO `wemall_goods` VALUES ('98336', '2013-12-24 15:25:51', '\0', '8', '', null, '100', '[]', '峰杩 濂虫 板 杞澹冲查瑁', '156.00', '[]', '', '0', null, '', '0', '0', '0.80', 'all', '', '', '89.00', '\0', null, null, null, null, '0', '0', '0', '0', '0', '0', '54', '6', '426242', '1', null, '0', '0', '0', null, '0', '0', '0', '89.00', null, '0.00', '0.00', '0.00', null, '0', null, null, null, '5', '\0', null, '\0', null);
INSERT INTO `wemall_goods` VALUES ('98337', '2013-12-24 15:26:00', '\0', '30', '<img alt=\"\" src=\"/shopping/upload/store/1/2016/04/06/46531ee2-e3b9-4620-887e-08cbe7f59a10.png\" /><img alt=\"\" src=\"/shopping/upload/store/1/2016/04/06/1b916d21-0dae-496d-a13e-31a83de367de.jpg\" /><img alt=\"\" src=\"/shopping/upload/store/1/2016/04/06/ee63008e-dc2b-41ad-a40d-5413dc389195.jpg\" />', null, '200', '[]', '楠椹煎¤濂抽 2016骞存ュｆ版句查 澶翠腑璺绮璺', '519.00', '[]', '', '0', null, '', '0', '1', '2.50', 'all', '', '', '289.00', '\0', null, null, null, null, '0', '0', '0', '0', '0', '0', '41', null, '426490', '1', null, '0', '0', '0', null, '0', '0', '0', '289.00', null, '0.00', '0.00', '0.00', null, '0', null, null, null, '5', '\0', null, '\0', null);
INSERT INTO `wemall_goods` VALUES ('98338', '2013-12-24 15:27:54', '\0', '19', '', null, '1000', '[]', '澶姝ｅ 瀛ｇ 版惧灞告缁 峰コ查瑁', '299.00', '[]', '', '0', null, '', '0', '0', '0.80', 'all', '', '', '199.00', '\0', null, null, null, null, '0', '0', '0', '0', '0', '0', '54', '11', '426240', '1', null, '0', '0', '0', null, '0', '0', '0', '199.00', null, '0.00', '0.00', '0.00', null, '0', null, null, null, '5', '\0', null, '\0', null);
INSERT INTO `wemall_goods` VALUES ('98339', '2013-12-24 15:29:22', '\0', '12', '', null, '1000', '[]', '板痉姝ｅ 峰椹插介┈ 锋鹃叉茬传澶绾挎褰遍┈', '123.00', '[]', '', '0', null, '', '0', '0', '1.20', 'all', '', '', '54.00', '\0', null, null, null, null, '0', '0', '0', '0', '0', '0', '54', '4', '426238', '1', null, '0', '0', '0', null, '0', '0', '0', '54.00', null, '0.00', '0.00', '0.00', null, '0', null, null, null, '5', '\0', null, '\0', null);
INSERT INTO `wemall_goods` VALUES ('98340', '2013-12-24 15:30:27', '\0', '21', '', null, '200', '[]', '稿コ姘撮婚绛磋块寸楂璺村濂抽', '700.00', '[]', '', '0', null, '', '0', '0', '2.50', 'all', '', '', '600.00', '\0', null, null, null, null, '0', '0', '0', '0', '0', '0', '42', null, '426237', '1', null, '0', '0', '0', null, '0', '0', '0', '600.00', null, '0.00', '0.00', '0.00', null, '0', null, null, null, '5', '\0', null, '\0', null);
INSERT INTO `wemall_goods` VALUES ('98341', '2013-12-24 15:32:02', '\0', '22', '', null, '200', '[]', '版剧 纾ㄧ椹涓 骞宠瑁搁村コ村', '700.00', '[]', '', '0', null, '', '0', '0', '2.50', 'all', '', '', '600.00', '\0', null, null, null, null, '0', '0', '0', '0', '0', '0', '41', null, '426236', '1', null, '0', '0', '0', null, '0', '0', '0', '600.00', null, '0.00', '0.00', '0.00', null, '0', null, null, null, '5', '\0', null, '\0', null);
INSERT INTO `wemall_goods` VALUES ('98342', '2013-12-24 15:32:48', '\0', '23', '<p style=\"color:#252525;font-family:tahoma, arial, 寰杞榛, sans-serif;background-color:#FFFFFF;\">\r\n	<p style=\"color:#252525;font-family:tahoma, arial, 寰杞榛, sans-serif;background-color:#FFFFFF;\">\r\n		浜у\r\n	</p>\r\n	<div style=\"margin:0px;padding:0px;color:#666666;font-family:tahoma, arial, 寰杞榛, sans-serif;background-color:#FFFFFF;\">\r\n		<div style=\"margin:0px;padding:0px;\">\r\n			<div style=\"margin:0px 0px 36px;padding:0px;\">\r\n				<span style=\"line-height:1.5em;color:#D57622;\">朵</span>\r\n				<ul>\r\n					<li style=\"vertical-align:top;\">\r\n						ㄥ烘锛朵浼\r\n					</li>\r\n					<li style=\"vertical-align:top;\">\r\n						ㄥ硅薄锛骞\r\n					</li>\r\n				</ul>\r\n			</div>\r\n			<div style=\"margin:0px 0px 36px;padding:0px;\">\r\n				<span style=\"line-height:1.5em;color:#D57622;\">宸ヨ/娴琛</span>\r\n				<ul>\r\n					<li style=\"vertical-align:top;\">\r\n						卞炬锛瀛姣板\r\n					</li>\r\n					<li style=\"vertical-align:top;\">\r\n						缁椋硷缇寮浼\r\n					</li>\r\n				</ul>\r\n			</div>\r\n			<div style=\"margin:0px 0px 36px;padding:0px;\">\r\n				<span style=\"line-height:1.5em;color:#D57622;\">抽淇℃</span>\r\n				<ul>\r\n					<li style=\"vertical-align:top;\">\r\n						涓甯骞翠唤瀛ｈ锛2016骞村瀛\r\n					</li>\r\n					<li style=\"vertical-align:top;\">\r\n						锛\r\n					</li>\r\n					<li style=\"vertical-align:top;\">\r\n						璐ㄦ锛妫100%\r\n					</li>\r\n					<li style=\"vertical-align:top;\">\r\n						璐у凤7162217012\r\n					</li>\r\n					<li style=\"vertical-align:top;\">\r\n						娓绫诲锛哄娆(绾夸绾夸介)\r\n					</li>\r\n					<li style=\"vertical-align:top;\">\r\n						㈡绫伙绔硅绾\r\n					</li>\r\n					<li style=\"vertical-align:top;\">\r\n						锛Mark Fairwhale/椹\r\n					</li>\r\n					<li style=\"vertical-align:top;\">\r\n						虹椋硷跺藉\r\n					</li>\r\n				</ul>\r\n			</div>\r\n			<div style=\"margin:0px 0px 36px;padding:0px;\">\r\n				<span style=\"line-height:1.5em;color:#D57622;\">娆惧</span>\r\n				<ul>\r\n					<li style=\"vertical-align:top;\">\r\n						琚匡琚\r\n					</li>\r\n					<li style=\"vertical-align:top;\">\r\n						棰锛棰\r\n					</li>\r\n				</ul>\r\n			</div>\r\n		</div>\r\n	</div>\r\n<img src=\"http://192.168.2.100:8080/shopping/upload/store/1/2016/04/04/c69f3b06-7bb0-4b25-a09d-69a5e3e182d8.jpg\" /><img src=\"http://192.168.2.100:8080/shopping/upload/store/1/2016/04/04/bf6d1bb0-2823-45c6-bd7f-a90a911ea27c.jpg\" />\r\n</p>', null, '122', '[]', '椹茬琚T 2016澶板  淇韬跺板姣绠绾跺琚涓琛', '255.00', '[]', '', '0', null, '', '0', '0', '0.80', 'all', '', '', '148.00', '\0', null, null, null, null, '0', '0', '0', '0', '0', '0', '54', '3', '426353', '1', null, '0', '0', '0', null, '0', '0', '0', '159.00', null, '0.00', '0.00', '0.00', null, '0', null, null, null, '5', '\0', null, '\0', null);
INSERT INTO `wemall_goods` VALUES ('98343', '2013-12-24 15:34:43', '\0', '10', '', null, '1200', '[]', '缇楠涓瀹Camssoo楂甯ㄧ峰诲北', '588.00', '[]', '', '0', null, '', '0', '0', '0.10', 'all', '', '', '255.00', '\0', null, null, null, null, '0', '0', '0', '0', '0', '0', '55', '2', '426234', '1', null, '0', '0', '0', null, '0', '0', '0', '255.00', null, '0.00', '0.00', '0.00', null, '0', null, null, null, '5', '\0', null, '\0', null);
INSERT INTO `wemall_goods` VALUES ('98344', '2013-12-24 15:34:55', '\0', '25', '<img alt=\"\" src=\"/shopping/upload/store/1/2016/04/06/d03f1df2-b63c-4c19-afae-12863d3b2577.png\" /><img alt=\"\" src=\"/shopping/upload/store/1/2016/04/06/64cb69aa-fcaf-4999-97c6-7f0b09ea3d65.jpg\" /><img alt=\"\" src=\"/shopping/upload/store/1/2016/04/06/9de76f68-ca55-45d8-b50e-27250719aad3.jpg\" />', null, '199', '[]', '2016绮璺澶存跺楂璺叉按板 澶瀛ｆ版鹃╃姘撮荤缇涓诲コ', '99.00', '[]', '', '1', null, '', '0', '0', '2.50', 'all', '', '', '76.00', '\0', null, null, null, null, '0', '0', '0', '0', '0', '0', '40', null, '426390', '1', null, '0', '0', '0', null, '0', '0', '0', '76.00', null, '0.00', '0.00', '0.00', null, '0', null, null, null, '5', '\0', null, '\0', null);
INSERT INTO `wemall_goods` VALUES ('98345', '2013-12-24 15:35:49', '\0', '21', '', null, '1000', '[]', '涓瀹跺コ寮瀛ｆ版炬峰淇诲北', '200.00', '[]', '', '0', null, '', '0', '0', '0.10', 'all', '', '', '188.00', '\0', null, null, null, null, '0', '0', '0', '0', '0', '0', '55', '2', '426301', '1', null, '0', '0', '0', null, '0', '0', '0', '188.00', null, '0.00', '0.00', '0.00', null, '0', null, null, null, '5', '\0', null, '\0', null);
INSERT INTO `wemall_goods` VALUES ('98346', '2013-12-24 15:35:49', '\0', '19', '<img alt=\"\" src=\"/shopping/upload/store/1/2016/04/06/ca4897c9-440e-4d53-833b-cdf53f024150.png\" /><img alt=\"\" src=\"/shopping/upload/store/1/2016/04/06/07ed3a0b-e936-4d3f-b9a4-c7463cfc81b1.jpg\" /><img alt=\"\" src=\"/shopping/upload/store/1/2016/04/06/8405f2a2-b9cf-44fa-b9c2-6fb01b76b189.jpg\" />', null, '200', '[]', 'Daphne杈捐濡2016ユ版惧コ 变鸡绠绾绮浣璺澶寸郴甯PU娣卞ｅ', '249.00', '[]', '', '0', null, '', '0', '1', '2.50', 'all', '', '', '189.00', '\0', null, null, null, null, '0', '0', '0', '0', '0', '0', '41', null, '426494', '1', null, '0', '0', '0', null, '0', '0', '0', '189.00', null, '0.00', '0.00', '0.00', null, '0', null, null, null, '5', '\0', null, '\0', null);
INSERT INTO `wemall_goods` VALUES ('98347', '2013-12-24 15:38:26', '\0', '27', '', null, '1000', '[]', '风㈤姘杩ㄩ 峰コ娆捐姝ラ瀛浼查', '255.00', '[]', '', '0', null, '', '0', '0', '0.10', 'all', '', '', '199.00', '\0', null, null, null, null, '0', '0', '0', '0', '0', '0', '55', '11', '426302', '1', null, '0', '0', '0', null, '0', '0', '0', '199.00', null, '0.00', '0.00', '0.00', null, '0', null, null, null, '5', '\0', null, '\0', null);
INSERT INTO `wemall_goods` VALUES ('98348', '2013-12-24 15:40:22', '\0', '23', '', null, '1000', '[]', 'Kappa″拌茬疯交璐ㄨ', '500.00', '[]', '', '0', null, '', '0', '0', '0.10', 'all', '', '', '400.00', '\0', null, null, null, null, '0', '0', '0', '0', '0', '0', '55', '11', '426229', '1', null, '0', '0', '0', null, '0', '0', '0', '400.00', null, '0.00', '0.00', '0.00', null, '0', null, null, null, '5', '\0', null, '\0', null);
INSERT INTO `wemall_goods` VALUES ('98349', '2013-12-24 15:41:59', '\0', '14', '', null, '1000', '[]', '惧妫浣甯杞昏川缃甯姘峰璺姝ラ', '599.00', '[]', '', '0', null, '', '0', '0', '0.10', 'all', '', '', '399.00', '\0', null, null, null, null, '0', '0', '0', '0', '0', '0', '55', null, '426228', '1', null, '0', '0', '0', null, '0', '0', '0', '399.00', null, '0.00', '0.00', '0.00', null, '0', null, null, null, '5', '\0', null, '\0', null);
INSERT INTO `wemall_goods` VALUES ('98350', '2013-12-24 15:43:13', '\0', '10', '', null, '1000', '[]', '杩ㄦ缃浜兼ヨ杞讳究姘璺', '299.00', '[]', '', '0', null, '', '0', '0', '0.10', 'all', '', '', '100.00', '\0', null, null, null, null, '0', '0', '0', '0', '0', '0', '55', null, '426227', '1', null, '0', '0', '0', null, '0', '0', '0', '100.00', null, '0.00', '0.00', '0.00', null, '0', null, null, null, '5', '\0', null, '\0', null);
INSERT INTO `wemall_goods` VALUES ('98351', '2013-12-24 15:44:22', '\0', '23', '', null, '2123', '[]', '璺ㄨ交渚块叉绯诲甫姘缃㈣交璐ㄨ', '500.00', '[]', '', '0', null, '', '0', '0', '0.10', 'all', '', '', '455.00', '\0', null, null, null, null, '0', '0', '0', '0', '0', '0', '55', null, '426303', '1', null, '0', '0', '0', null, '0', '0', '0', '455.00', null, '0.00', '0.00', '0.00', null, '0', null, null, null, '5', '\0', null, '\0', null);
INSERT INTO `wemall_goods` VALUES ('98352', '2013-12-24 15:45:28', '\0', '18', '', null, '1000', '[]', 'Nike 姝ｅ峰跨璺姝ラ', '500.00', '[]', '', '0', null, '', '0', '0', '0.10', 'all', '', '', '400.00', '\0', null, null, null, null, '0', '0', '0', '0', '0', '0', '55', '11', '426225', '1', null, '0', '0', '0', null, '0', '0', '0', '400.00', null, '0.00', '0.00', '0.00', null, '0', null, null, null, '5', '\0', null, '\0', null);
INSERT INTO `wemall_goods` VALUES ('98353', '2013-12-24 15:47:36', '\0', '18', '', null, '1000', '[]', 'CBA涓姝ｅ锋鹃姘峰璺姝ラ杩ㄩ', '500.00', '[]', '', '0', null, '', '0', '0', '0.80', 'all', '', '', '200.00', '\0', null, null, null, null, '0', '0', '0', '0', '0', '0', '55', null, '426224', '1', null, '0', '0', '0', null, '0', '0', '0', '200.00', null, '0.00', '0.00', '0.00', null, '0', null, null, null, '5', '\0', null, '\0', null);
INSERT INTO `wemall_goods` VALUES ('98354', '2013-12-24 15:48:36', '\0', '16', '', null, '100', '[]', 'CBA板涓姝ｅ濂虫渚ｆ惧瀛姘璺', '500.00', '[]', '', '0', null, '', '0', '0', '0.10', 'all', '', '', '488.00', '\0', null, null, null, null, '0', '0', '0', '0', '0', '0', '55', null, '426223', '1', null, '0', '0', '0', null, '0', '0', '0', '488.00', null, '0.00', '0.00', '0.00', null, '0', null, null, null, '5', '\0', null, '\0', null);
INSERT INTO `wemall_goods` VALUES ('98355', '2013-12-24 15:49:37', '\0', '16', '', null, '2312', '[]', 'Adidas 胯开杈炬版剧峰杩ㄨ姝ラ', '600.00', '[]', '', '0', null, '', '0', '0', '0.10', 'all', '', '', '588.00', '\0', null, null, null, null, '0', '0', '0', '0', '0', '0', '55', null, '426300', '1', null, '0', '0', '0', null, '0', '0', '0', '588.00', null, '0.00', '0.00', '0.00', null, '0', null, null, null, '5', '\0', null, '\0', null);
INSERT INTO `wemall_goods` VALUES ('98356', '2013-12-24 15:50:37', '\0', '12', '', null, '5452452', '[]', '361搴 瀹 姝ｅ LM 峰璺姝ラ 锋惧父瑙璺', '600.00', '[]', '', '0', null, '', '0', '0', '0.10', 'all', '', '', '555.00', '\0', null, null, null, null, '0', '0', '0', '0', '0', '0', '55', null, '426221', '1', null, '0', '0', '0', null, '0', '0', '0', '555.00', null, '0.00', '0.00', '0.00', null, '0', null, null, null, '5', '\0', null, '\0', null);
INSERT INTO `wemall_goods` VALUES ('98357', '2013-12-24 15:53:41', '\0', '15', '', null, '200', '[]', '浣璋濂充汉2013绉板椹涓村澶村¤存剧搴濂抽', '700.00', '[]', '', '0', null, '', '0', '0', '2.50', 'all', '', '', '600.00', '\0', null, null, null, null, '0', '0', '0', '0', '0', '0', '41', null, '426220', '1', null, '0', '0', '0', null, '0', '0', '0', '600.00', null, '0.00', '0.00', '0.00', null, '0', null, null, null, '5', '\0', null, '\0', null);
INSERT INTO `wemall_goods` VALUES ('98358', '2013-12-24 15:54:09', '\0', '23', '<img alt=\"\" src=\"/shopping/upload/store/1/2016/04/06/fd8ebe13-6319-4933-987c-26a8ba6d99be.jpg\" /><img alt=\"\" src=\"/shopping/upload/store/1/2016/04/06/a74365f8-1ca9-4d3c-98d8-6745addecf24.gif\" /><img alt=\"\" src=\"/shopping/upload/store/1/2016/04/06/f08cd5eb-c4ce-474e-8126-8d348f7fe0f8.jpg\" />', null, '35453', '[]', '楠椹兼峰ㄨㄥ绡3-4浜 澶茶ラ查ㄥ灞 浼插绡峰瑁', '390.00', '[]', '', '0', null, '', '0', '0', '0.80', 'all', '', '', '189.00', '\0', null, null, null, null, '0', '0', '0', '0', '0', '0', '57', '13', '426395', '1', null, '0', '0', '0', null, '0', '0', '0', '189.00', null, '0.00', '0.00', '0.00', null, '0', null, null, null, '5', '\0', null, '\0', null);
INSERT INTO `wemall_goods` VALUES ('98359', '2013-12-24 15:54:25', '\0', '15', '', null, '200', '[]', '澶骞冲涓 2013板 ¤绌虹甯宸ョ缁楸煎撮 濂抽', '300.00', '[]', '', '0', null, '', '0', '0', '2.50', 'all', '', '', '235.00', '\0', null, null, null, null, '0', '0', '0', '0', '0', '0', '40', null, '426218', '1', null, '0', '0', '0', null, '0', '0', '0', '235.00', null, '0.00', '0.00', '0.00', null, '0', null, null, null, '5', '\0', null, '\0', null);
INSERT INTO `wemall_goods` VALUES ('98360', '2013-12-24 15:55:00', '\0', '17', '', null, '200', '[]', 'ョ郴缇渚ч绾虹罕辨甸茶毒搴娌婊╅濂抽瀛 ', '300.00', '[]', '', '0', null, '', '0', '0', '2.50', 'all', '', '', '238.00', '\0', null, null, null, null, '0', '0', '0', '0', '0', '0', '44', null, '426217', '1', null, '0', '0', '0', null, '0', '0', '0', '238.00', null, '0.00', '0.00', '0.00', null, '0', null, null, null, '5', '\0', null, '\0', null);
INSERT INTO `wemall_goods` VALUES ('98361', '2013-12-24 15:55:33', '\0', '21', '', null, '2', '[]', '浜ゅ缁甯濂抽叉按伴奔村茶毒楂璺ф缁璺缃椹', '300.00', '[]', '', '0', null, '', '0', '0', '0.30', 'all', '', '', '235.00', '\0', null, null, null, null, '0', '0', '0', '0', '0', '0', '40', null, '426216', '1', null, '0', '0', '0', null, '0', '0', '0', '235.00', null, '0.00', '0.00', '0.00', null, '0', null, null, null, '5', '\0', null, '\0', null);
INSERT INTO `wemall_goods` VALUES ('98362', '2013-12-24 15:56:12', '\0', '17', '', null, '41122', '[]', '绔垮瑁 绔垮瑁 2.7绫 娣℃按娴锋按 楸肩 娓', '1000.00', '[]', '', '0', null, '', '0', '0', '0.50', 'all', '', '', '800.00', '\0', null, null, null, null, '0', '0', '0', '0', '0', '0', '63', null, '426215', '1', null, '0', '0', '0', null, '0', '0', '0', '800.00', null, '0.00', '0.00', '0.00', null, '0', null, null, null, '5', '\0', null, '\0', null);
INSERT INTO `wemall_goods` VALUES ('98363', '2013-12-24 15:57:25', '\0', '21', '', null, '5123', '[]', '椁╃хゅ 峰хょ 瀹剁ㄧхゆ らょゆ', '2000.00', '[]', '', '0', null, '', '0', '0', '5.00', 'all', '', '', '1500.00', '\0', null, null, null, null, '0', '0', '0', '0', '0', '0', '62', null, '426213', '1', null, '0', '2', '0', '2', '0', '0', '0', '1500.00', null, '0.00', '0.00', '0.00', null, '0', null, null, null, '5', '\0', null, '\0', null);
INSERT INTO `wemall_goods` VALUES ('98364', '2013-12-24 15:58:19', '\0', '17', '', null, '123', '[]', 'KingCampょ 瀹ㄨㄨ杞 18规 ', '2000.00', '[]', '', '0', null, '', '0', '0', '5.00', 'all', '', '', '1500.00', '\0', null, null, null, null, '0', '0', '0', '0', '0', '0', '62', null, '426212', '1', null, '0', '0', '0', null, '0', '0', '0', '1500.00', null, '0.00', '0.00', '0.00', null, '0', null, null, null, '5', '\0', null, '\0', null);
INSERT INTO `wemall_goods` VALUES ('98365', '2013-12-24 15:59:48', '\0', '16', '', null, '54555', '[]', 'YODO搴逛环缁 扮 叉疆椁175X135CM 峰 瀹ゅ″琛', '120.00', '[]', '', '0', null, '', '0', '0', '0.10', 'all', '', '', '100.00', '\0', null, null, null, null, '0', '0', '0', '0', '0', '0', '61', null, '426211', '1', null, '0', '0', '0', null, '0', '0', '0', '100.00', null, '0.00', '0.00', '0.00', null, '0', null, null, null, '5', '\0', null, '\0', null);
INSERT INTO `wemall_goods` VALUES ('98366', '2013-12-24 16:01:16', '\0', '21', '', null, '1000', '[]', '琛查缁濂', '200.00', '[]', '', '0', null, '', '0', '0', '0.80', 'all', '', '', '100.00', '\0', null, null, null, null, '0', '0', '0', '0', '0', '0', '59', null, '426210', '1', null, '0', '0', '0', null, '0', '0', '0', '100.00', null, '0.00', '0.00', '0.00', null, '0', null, null, null, '5', '\0', null, '\0', null);
INSERT INTO `wemall_goods` VALUES ('98367', '2013-12-24 16:01:30', '\0', '23', '', null, '200', '[]', '绫宠 姝ｅ琛 濂冲＋╁芥跺╃濂宠〃 剁锋琛ㄧ借 剁锋琛', '300.00', '[]', '', '0', null, '', '0', '0', '0.50', 'all', '', '', '178.00', '\0', null, null, null, null, '0', '0', '0', '0', '0', '0', '65536', null, '426209', '1', null, '0', '0', '0', null, '0', '0', '0', '178.00', null, '0.00', '0.00', '0.00', null, '0', null, null, null, '5', '\0', null, '\0', null);
INSERT INTO `wemall_goods` VALUES ('98368', '2013-12-24 16:02:40', '\0', '15', '', null, '1000', '[]', 'BOSMA楦10X42 楂娓 渚挎 骞胯 绛杩 寰澶瑙 楂楂娓 叉按查', '500.00', '[]', '', '0', null, '', '0', '0', '1.10', 'all', '', '', '400.00', '\0', null, null, null, null, '0', '0', '0', '0', '0', '0', '59', null, '426208', '1', null, '0', '0', '0', null, '0', '0', '0', '400.00', null, '0.00', '0.00', '0.00', null, '0', null, null, null, '5', '\0', null, '\0', null);
INSERT INTO `wemall_goods` VALUES ('98369', '2013-12-24 16:07:06', '\0', '18', '', null, '1000', '[]', '胯开杈炬 adidas 涓姝ｅ涓у╁', '300.00', '[]', '', '0', null, '', '0', '0', '0.80', 'all', '', '', '100.00', '\0', null, null, null, null, '0', '0', '0', '0', '0', '0', '65539', null, '426207', '1', null, '0', '0', '0', null, '0', '0', '0', '100.00', null, '0.00', '0.00', '0.00', null, '0', null, null, null, '5', '\0', null, '\0', null);
INSERT INTO `wemall_goods` VALUES ('98370', '2013-12-24 16:07:45', '\0', '15', '', null, '200', '[]', '槌楸兼ゅコ甯板甫濂虫跺炬╃ｅコ澹板甫', '300.00', '[]', '', '0', null, '', '0', '0', '0.50', 'all', '', '', '178.00', '\0', null, null, null, null, '0', '0', '0', '0', '0', '0', '46', null, '426206', '1', null, '0', '0', '0', null, '0', '0', '0', '178.00', null, '0.00', '0.00', '0.00', null, '0', null, null, null, '5', '\0', null, '\0', null);
INSERT INTO `wemall_goods` VALUES ('98371', '2013-12-24 16:08:07', '\0', '10', '', null, '100', '[]', 'Nike 姝ｅ峰濂冲 2013版句腑у╄', '200.00', '[]', '', '0', null, '', '0', '0', '0.80', 'all', '', '', '150.00', '\0', null, null, null, null, '0', '0', '0', '0', '0', '0', '65539', '11', '426205', '1', null, '0', '0', '0', null, '0', '0', '0', '150.00', null, '0.00', '0.00', '0.00', null, '0', null, null, null, '5', '\0', null, '\0', null);
INSERT INTO `wemall_goods` VALUES ('98372', '2013-12-24 16:08:30', '\0', '9', '', null, '200', '[]', '璺浠 2013版惧コ澹板甫 骞虫ｇ甯 跺浼', '330.00', '[]', '', '0', null, '', '0', '0', '0.20', 'all', '', '', '235.00', '\0', null, null, null, null, '0', '0', '0', '0', '0', '0', '46', null, '426204', '1', null, '0', '0', '0', null, '0', '0', '0', '235.00', null, '0.00', '0.00', '0.00', null, '0', null, null, null, '5', '\0', null, '\0', null);
INSERT INTO `wemall_goods` VALUES ('98373', '2013-12-24 16:09:07', '\0', '11', '', null, '200', '[]', '℃兼ｅ峰＋琛 跺叉按㈠甫琛ㄥ甫宠辫〃 峰ュ惰琛ㄧ疯〃', '340.00', '[]', '', '0', null, '', '0', '0', '0.20', 'all', '', '', '235.00', '\0', null, null, null, null, '0', '0', '0', '0', '0', '0', '65536', null, '426203', '1', null, '0', '0', '0', null, '0', '0', '0', '235.00', null, '0.00', '0.00', '0.00', null, '0', null, null, null, '5', '\0', null, '\0', null);
INSERT INTO `wemall_goods` VALUES ('98374', '2013-12-24 16:09:32', '\0', '15', '', null, '123', '[]', '瀹藉杞昏ㄧ郴', '500.00', '[]', '', '0', null, '', '0', '0', '0.80', 'all', '', '', '411.00', '\0', null, null, null, null, '0', '0', '0', '0', '0', '0', '65539', null, '426202', '1', null, '0', '0', '0', null, '0', '0', '0', '411.00', null, '0.00', '0.00', '0.00', null, '0', null, null, null, '5', '\0', null, '\0', null);
INSERT INTO `wemall_goods` VALUES ('98375', '2013-12-24 16:09:45', '\0', '13', '', null, '200', '[]', '╁2013绉瀛ｆ版剧函叉姣绾垮附瀛', '100.00', '[]', '', '0', null, '', '0', '0', '0.20', 'all', '', '', '65.00', '\0', null, null, null, null, '0', '0', '0', '0', '0', '0', '65537', null, '426201', '1', null, '0', '0', '0', null, '0', '0', '0', '65.00', null, '0.00', '0.00', '0.00', null, '0', null, null, null, '5', '\0', null, '\0', null);
INSERT INTO `wemall_goods` VALUES ('98376', '2013-12-24 16:10:49', '\0', '10', '', null, '123', '[]', '缇芥 姝ｅ瓒 5200 濂冲＋涓', '120.00', '[]', '', '0', null, '', '0', '0', '0.10', 'all', '', '', '99.00', '\0', null, null, null, null, '0', '0', '0', '0', '0', '0', '64', null, '426200', '1', null, '0', '2', '0', '2', '0', '0', '0', '99.00', null, '0.00', '0.00', '0.00', null, '0', null, null, null, '5', '\0', null, '\0', null);
INSERT INTO `wemall_goods` VALUES ('98377', '2013-12-24 16:11:00', '\0', '13', '', null, '200', '[]', '濞ゆ 娆х濂冲＋澶抽跺澶插ぇ妗澧ㄩ', '100.00', '[]', '', '0', null, '', '0', '0', '0.20', 'all', '', '', '35.00', '', '2016-04-04 18:24:01', null, null, null, '0', '0', '0', '0', '0', '0', '65538', null, '426199', '1', null, '0', '0', '0', null, '0', '0', '0', '35.00', null, '0.00', '0.00', '0.00', null, '0', null, null, null, '5', '\0', null, '\0', null);
INSERT INTO `wemall_goods` VALUES ('98378', '2013-12-24 16:11:37', '\0', '12', '', null, '200', '[]', '姘存 椤归 濂  ユ渚ｆ浜洪绀 澶х', '120.00', '[]', '', '0', null, '', '0', '0', '0.20', 'all', '', '', '89.00', '\0', null, null, null, null, '0', '0', '0', '0', '0', '0', '65538', null, '426198', '1', null, '0', '0', '0', null, '0', '0', '0', '89.00', null, '0.00', '0.00', '0.00', null, '0', null, null, null, '5', '\0', null, '\0', null);
INSERT INTO `wemall_goods` VALUES ('98379', '2013-12-24 16:12:00', '\0', '20', '', null, '534545', '[]', '绁杩 Joerex㈠朵涔浜濂瑁3涔涔', '100.00', '[]', '', '0', null, '', '0', '0', '0.10', 'all', '', '', '99.00', '\0', null, null, null, null, '0', '0', '0', '0', '0', '0', '65', null, '426197', '1', null, '0', '0', '0', null, '0', '0', '0', '99.00', null, '0.00', '0.00', '0.00', null, '0', null, null, null, '5', '\0', null, '\0', null);
INSERT INTO `wemall_goods` VALUES ('98380', '2013-12-24 16:12:11', '\0', '14', '', null, '200', '[]', '￠害灏茶灏奸 榛插崇佃 峰コ规骞冲', '100.00', '[]', '', '0', null, '', '0', '0', '0.20', 'all', '', '', '38.00', '\0', null, null, null, null, '0', '0', '0', '0', '0', '0', '65538', null, '426196', '1', null, '0', '0', '0', null, '0', '0', '0', '38.00', null, '0.00', '0.00', '0.00', null, '0', null, null, null, '5', '\0', null, '\0', null);
INSERT INTO `wemall_goods` VALUES ('98381', '2013-12-24 16:12:48', '\0', '18', '', null, '200', '[]', '逛环㈣喘 濂崇绘 1.75瓒澹 925绾舵', '170.00', '[]', '', '0', null, '', '0', '0', '0.10', 'all', '', '', '89.00', '', '2016-04-04 18:23:54', null, null, null, '0', '0', '0', '0', '0', '0', '65538', null, '426195', '1', null, '0', '0', '0', null, '0', '0', '0', '89.00', null, '0.00', '0.00', '0.00', null, '0', null, null, null, '5', '\0', null, '\0', null);
INSERT INTO `wemall_goods` VALUES ('98382', '2013-12-24 16:13:21', '\0', '15', '', null, '200', '[]', '卞 925绾惰抽濂 堕グ抽グ 瓒澹 楗板zhned', '125.00', '[]', '', '0', null, '', '0', '0', '0.10', 'all', '', '', '76.00', '', '2016-04-04 18:23:56', null, null, null, '0', '0', '0', '0', '0', '0', '65538', null, '426194', '1', null, '0', '0', '0', null, '0', '0', '0', '76.00', null, '0.00', '0.00', '0.00', null, '0', null, null, null, '5', '\0', null, '\0', null);
INSERT INTO `wemall_goods` VALUES ('98383', '2013-12-24 16:13:33', '\0', '19', '', null, '800', '[]', '姝ｅ STAR涓杈句涓姣璧楂绾ц绾ら5疯纾ㄨ冻', '100.00', '[]', '', '0', null, '', '0', '0', '0.10', 'all', '', '', '66.00', '\0', null, null, null, null, '0', '0', '0', '0', '0', '0', '66', null, '426193', '1', null, '0', '0', '0', null, '0', '0', '0', '66.00', null, '0.00', '0.00', '0.00', null, '0', null, null, null, '5', '\0', null, '\0', null);
INSERT INTO `wemall_goods` VALUES ('98384', '2013-12-24 16:14:13', '\0', '9', '', null, '200', '[]', '版鹃╃  ＄峰 ╁9032-4澶у', '700.00', '[]', '', '0', null, '', '0', '0', '0.20', 'all', '', '', '600.00', '\0', null, null, null, null, '0', '0', '0', '0', '0', '0', '34', null, '426192', '1', null, '0', '0', '0', null, '0', '0', '0', '600.00', null, '0.00', '0.00', '0.00', null, '0', null, null, null, '5', '\0', null, '\0', null);
INSERT INTO `wemall_goods` VALUES ('98385', '2013-12-24 16:14:43', '\0', '16', '', null, '21213', '[]', '杩ｅ告箍绡 纾ㄥBERTER 瓒寮烘 ', '140.00', '[]', '', '0', null, '', '0', '0', '0.10', 'all', '', '', '100.00', '\0', null, null, null, null, '0', '0', '0', '0', '0', '0', '67', null, '426189', '1', null, '0', '0', '0', null, '0', '0', '0', '100.00', null, '0.00', '0.00', '0.00', null, '0', null, null, null, '5', '\0', null, '\0', null);
INSERT INTO `wemall_goods` VALUES ('98386', '2013-12-24 16:15:10', '\0', '10', '', null, '200', '[]', 'ㄥ颁腹杩 肩汗浼茬峰＋℃', '700.00', '[]', '', '0', null, '', '0', '0', '0.20', 'all', '', '', '556.00', '\0', null, null, null, null, '0', '0', '0', '0', '0', '0', '35', null, '426191', '1', null, '0', '0', '0', null, '0', '0', '0', '556.00', null, '0.00', '0.00', '0.00', null, '0', null, null, null, '5', '\0', null, '\0', null);
INSERT INTO `wemall_goods` VALUES ('98387', '2013-12-24 16:17:41', '\0', '9', '', null, '200', '[]', '涓圭 septwolves 涓姝ｅ 版惧   浼 峰 峰＋垮 峰', '700.00', '[]', '', '0', null, '', '0', '0', '0.20', 'all', '', '', '600.00', '\0', null, null, null, null, '0', '0', '0', '0', '0', '0', '36', null, '426186', '1', null, '0', '0', '0', null, '0', '0', '0', '600.00', null, '0.00', '0.00', '0.00', null, '0', null, null, null, '5', '\0', null, '\0', null);
INSERT INTO `wemall_goods` VALUES ('98388', '2013-12-24 16:17:55', '\0', '17', '', null, '1000', '[]', '淇韬韫瑁ょ瑁ゅヨ韩瑁ゅ箍鸿韫瑁 ョ韫瑁', '120.00', '[]', '', '0', null, '', '0', '0', '0.80', 'all', '', '', '99.00', '\0', null, null, null, null, '0', '0', '0', '0', '0', '0', '65540', null, '426182', '1', null, '0', '0', '0', null, '0', '0', '0', '99.00', null, '0.00', '0.00', '0.00', null, '0', null, null, null, '5', '\0', null, '\0', null);
INSERT INTO `wemall_goods` VALUES ('98389', '2013-12-24 16:18:24', '\0', '10', '', null, '200', '[]', '涓圭兼ｅ 峰＋╁  澶界锋炬板 浼茶', '1000.00', '[]', '', '0', null, '', '0', '0', '0.10', 'all', '', '', '890.00', '\0', null, null, null, null, '0', '0', '0', '0', '0', '0', '38', null, '426180', '1', null, '0', '0', '0', null, '0', '0', '0', '890.00', null, '0.00', '0.00', '0.00', null, '0', null, null, null, '5', '\0', null, '\0', null);
INSERT INTO `wemall_goods` VALUES ('98390', '2013-12-24 16:18:45', '\0', '22', '', null, '12132', '[]', '濂崇ユ涓瑁韫琛ㄦ缁韫跨ユ涓瑁', '100.00', '[]', '', '0', null, '', '0', '0', '0.80', 'all', '', '', '88.00', '\0', null, null, null, null, '0', '0', '0', '0', '0', '0', '65540', null, '426184', '1', null, '0', '0', '0', null, '0', '0', '0', '88.00', null, '0.00', '0.00', '0.00', null, '0', null, null, null, '5', '\0', null, '\0', null);
INSERT INTO `wemall_goods` VALUES ('98391', '2013-12-24 16:19:06', '\0', '20', '', null, '200', '[]', '涓圭 septwolves 版惧 涓姝ｅ ′叉跺峰 峰＋╁   绔娆', '700.00', '[]', '', '0', null, '', '1', '0', '0.20', 'all', '', '', '600.00', '\0', null, null, null, null, '0', '0', '0', '0', '0', '0', '38', null, null, '1', null, '0', '0', '0', null, '0', '1', '0', '600.00', null, '0.00', '0.00', '0.00', null, '0', null, null, null, '5', '\0', null, '\0', null);
INSERT INTO `wemall_goods` VALUES ('98392', '2013-12-24 16:19:41', '\0', '28', '', null, '199', '[]', '浠 6671-3 版剧澶ょ缁峰＋妯娆惧╂璺ㄥ骞虫垮', '300.00', '[]', '', '1', null, '', '0', '0', '0.30', 'all', '', '', '178.00', '\0', null, null, null, null, '0', '0', '0', '0', '0', '0', '36', null, '426179', '1', null, '0', '0', '0', null, '0', '0', '0', '178.00', null, '0.00', '0.00', '0.00', null, '0', null, null, null, '5', '\0', null, '\0', null);
INSERT INTO `wemall_goods` VALUES ('98393', '2013-12-24 16:19:59', '\0', '21', '', null, '241', '[]', '版存．8mm叉浼藉瀛浼芥PVC浜浠跺', '122.00', '[]', '', '0', null, '', '0', '0', '0.80', 'all', '', '', '68.00', '\0', null, null, null, null, '0', '0', '0', '0', '0', '0', '65540', null, '426178', '1', null, '0', '0', '0', null, '0', '0', '0', '68.00', null, '0.00', '0.00', '0.00', null, '0', null, null, null, '5', '\0', null, '\0', null);
INSERT INTO `wemall_goods` VALUES ('98394', '2013-12-24 16:20:32', '\0', '10', '', null, '200', '[]', '_Wenger 濞 07_GA-7362-13F00 绗璁版╁ 16卞', '300.00', '[]', '', '0', null, '', '0', '0', '0.20', 'all', '', '', '235.00', '\0', null, null, null, null, '0', '0', '0', '0', '0', '0', '36', '3', '426190', '1', null, '0', '0', '0', null, '0', '0', '0', '235.00', null, '0.00', '0.00', '0.00', null, '0', null, null, null, '5', '\0', null, '\0', null);
INSERT INTO `wemall_goods` VALUES ('98395', '2013-12-24 16:20:50', '\0', '22', '', null, '121', '[]', '煎甯辨佃浣瑁寮娉宠。', '100.00', '[]', '', '0', null, '', '0', '0', '0.80', 'all', '', '', '50.00', '\0', null, null, null, null, '0', '0', '0', '0', '0', '0', '65541', null, '426176', '1', null, '0', '0', '0', null, '0', '0', '0', '50.00', null, '0.00', '0.00', '0.00', null, '0', null, null, null, '5', '\0', null, '\0', null);
INSERT INTO `wemall_goods` VALUES ('98396', '2013-12-24 16:21:15', '\0', '13', '', null, '200', '[]', '娉版兼 TSB227AP 涓介绯诲绗璁版╁ 15.6卞', '340.00', '[]', '', '0', null, '', '0', '0', '0.20', 'all', '', '', '238.00', '\0', null, null, null, null, '0', '0', '0', '0', '0', '0', '36', null, '426175', '1', null, '0', '0', '0', null, '0', '2', '0', '190.40', null, '0.00', '0.00', '0.00', null, '0', null, null, null, '5', '\0', null, '\0', null);
INSERT INTO `wemall_goods` VALUES ('98397', '2013-12-24 16:21:58', '\0', '20', '', null, '21', '[]', '渚叉吵琛 娓╂娉宠杩浣瑁寮濂虫父娉宠。灏歌㈤剧', '200.00', '[]', '', '0', null, '', '0', '0', '0.80', 'all', '', '', '100.00', '\0', null, null, null, null, '0', '0', '0', '0', '0', '0', '65541', null, '426173', '1', null, '0', '0', '0', null, '0', '2', '0', '80.00', null, '0.00', '0.00', '0.00', null, '0', null, null, null, '5', '\0', null, '\0', null);
INSERT INTO `wemall_goods` VALUES ('98398', '2013-12-24 16:21:58', '\0', '15', '', null, '200', '[]', '濞 GA-7303-13F00 绗璁版╁ 15.4卞', '300.00', '[]', '', '0', null, '', '0', '0', '0.20', 'all', '', '', '235.00', '\0', null, null, null, null, '0', '0', '0', '0', '0', '0', '36', '3', '426174', '1', null, '0', '0', '0', null, '0', '0', '0', '235.00', null, '0.00', '0.00', '0.00', null, '0', null, null, null, '5', '\0', null, '\0', null);
INSERT INTO `wemall_goods` VALUES ('98399', '2013-12-24 16:22:40', '\0', '17', '', null, '200', '[]', 'Wenger 濞 GA-7305-14F00 绗璁版╁ 15.6卞', '700.00', '[]', '', '0', null, '', '0', '0', '0.20', 'all', '', '', '600.00', '\0', null, null, null, null, '0', '0', '0', '0', '0', '0', '35', null, '426172', '1', null, '0', '0', '0', null, '0', '2', '0', '480.00', null, '0.00', '0.00', '0.00', null, '0', null, null, null, '5', '\0', null, '\0', null);
INSERT INTO `wemall_goods` VALUES ('98400', '2013-12-24 16:23:23', '\0', '17', '', null, '1212', '[]', '榛璨 sable RS924MPB 濂虫炬父娉崇奸 绌虹', '40.00', '[]', '', '0', null, '', '0', '0', '5.00', 'all', '', '', '23.00', '\0', null, null, null, null, '0', '0', '0', '0', '0', '0', '65541', null, '426171', '1', null, '0', '0', '0', null, '0', '2', '0', '18.40', null, '0.00', '0.00', '0.00', null, '0', null, null, null, '5', '\0', null, '\0', null);
INSERT INTO `wemall_goods` VALUES ('98401', '2013-12-24 16:25:50', '\0', '22', '', null, '1000', '[]', '规iPhone 6锛16GB锛 ㄧ浣楠浠澶х瑰', '5200.00', '[]', '', '0', null, '', '0', '0', '0.10', 'all', '', '', '4999.00', '\0', null, null, null, null, '0', '0', '0', '0', '0', '0', '75', null, '426170', '1', null, '0', '0', '0', '2', '0', '0', '0', '4999.00', null, '0.00', '0.00', '0.00', null, '0', null, null, null, '5', '\0', null, '\0', null);
INSERT INTO `wemall_goods` VALUES ('98402', '2013-12-24 16:26:23', '\0', '26', '', null, '200', '[]', '╃跺濂冲＋╂璺ㄥ', '700.00', '[]', '', '0', null, '', '0', '0', '0.20', 'all', '', '', '567.00', '', '2013-12-24 16:32:36', null, null, null, '0', '0', '0', '0', '0', '0', '38', null, '426169', '1', null, '0', '0', '0', null, '0', '2', '0', '453.60', null, '0.00', '0.00', '0.00', null, '0', null, null, null, '5', '\0', null, '\0', null);
INSERT INTO `wemall_goods` VALUES ('98403', '2013-12-24 16:26:57', '\0', '16', '', null, '1000', '[]', '涓GALAXY Note II N7100锛16GB锛', '4666.00', '[]', '', '0', null, '', '0', '0', '0.10', 'all', '', '', '3999.00', '\0', null, null, null, null, '0', '0', '0', '0', '0', '0', '75', null, '426168', '1', null, '0', '0', '0', null, '0', '2', '0', '3199.20', null, '0.00', '0.00', '0.00', null, '0', null, null, null, '5', '\0', null, '\0', null);
INSERT INTO `wemall_goods` VALUES ('98404', '2013-12-24 16:27:27', '\0', '38', '', null, '200', '[]', '濡宸ュ峰瑁 绾㈠ 澶у ″Э板 濡峰瑁', '290.00', '[]', '', '0', null, '', '0', '0', '0.10', 'all', '', '', '126.00', '', '2013-12-24 16:32:44', null, null, null, '0', '0', '0', '0', '0', '0', '175', null, '426167', '1', null, '0', '0', '0', null, '0', '2', '0', '100.80', null, '0.00', '0.00', '0.00', null, '0', null, null, null, '5', '\0', null, '\0', null);
INSERT INTO `wemall_goods` VALUES ('98405', '2013-12-24 16:27:53', '\0', '13', '', null, '1000', '[]', '涓I9100 GALAXY SII', '4999.00', '[]', '', '0', null, '', '0', '0', '0.10', 'all', '', '', '3999.00', '\0', null, null, null, null, '0', '0', '0', '0', '0', '0', '75', null, '426166', '1', null, '0', '0', '0', null, '0', '0', '0', '3999.00', null, '0.00', '0.00', '0.00', null, '0', null, null, null, '5', '\0', null, '\0', null);
INSERT INTO `wemall_goods` VALUES ('98406', '2013-12-24 16:28:23', '\0', '51', '<p style=\"text-indent:2em;\">\r\n	<span style=\"color:#666666;line-height:1.5;\">涓甯堕:&nbsp;2015骞寸瀛 &nbsp; &nbsp; &nbsp; &nbsp; &nbsp; &nbsp; &nbsp; &nbsp; &nbsp; &nbsp; &nbsp; &nbsp; &nbsp; &nbsp; &nbsp; &nbsp;</span><span style=\"color:#666666;line-height:1.5;\">澶у:&nbsp;涓 &nbsp; &nbsp; &nbsp; &nbsp; &nbsp; &nbsp; &nbsp; &nbsp; &nbsp; &nbsp; &nbsp; &nbsp; &nbsp; &nbsp; &nbsp; &nbsp; &nbsp; &nbsp; &nbsp; &nbsp; &nbsp; &nbsp; &nbsp; &nbsp;</span><span style=\"color:#666666;line-height:1.5;\">娴琛娆惧绉:&nbsp;版</span><br />\r\n<span style=\"color:#666666;line-height:1.5;\">&nbsp; &nbsp; &nbsp;&nbsp;ㄥ硅薄:&nbsp;骞 &nbsp; &nbsp; &nbsp; &nbsp; &nbsp; &nbsp; &nbsp; &nbsp; &nbsp; &nbsp; &nbsp; &nbsp; &nbsp; &nbsp; &nbsp; &nbsp; &nbsp; &nbsp; &nbsp; &nbsp;&nbsp;</span><span style=\"color:#666666;line-height:1.5;\">娓绫诲:&nbsp;绾靛(ㄧ嚎涓) &nbsp; &nbsp; &nbsp; &nbsp; &nbsp;&nbsp;</span><span style=\"color:#666666;line-height:1.5;\">娆惧:&nbsp;</span><br />\r\n<span style=\"color:#666666;line-height:1.5;\">&nbsp; &nbsp; &nbsp;&nbsp;璐ㄥ:&nbsp; &nbsp; &nbsp; &nbsp; &nbsp; &nbsp; &nbsp; &nbsp; &nbsp; &nbsp; &nbsp; &nbsp; &nbsp; &nbsp; &nbsp; &nbsp; &nbsp; &nbsp; &nbsp; &nbsp; &nbsp; &nbsp; &nbsp; &nbsp;&nbsp;</span><span style=\"color:#666666;line-height:1.5;\">╂璐:&nbsp;澶村 &nbsp; &nbsp; &nbsp; &nbsp; &nbsp; &nbsp; &nbsp; &nbsp; &nbsp; &nbsp; &nbsp; &nbsp; &nbsp; &nbsp; &nbsp; &nbsp; &nbsp;</span><span style=\"color:#666666;line-height:1.5;\">ㄤ欢绫诲:&nbsp;瑁稿</span><br />\r\n<span style=\"color:#666666;line-height:1.5;\">&nbsp; &nbsp; &nbsp;&nbsp;瑰:&nbsp; &nbsp; &nbsp; &nbsp; &nbsp; &nbsp; &nbsp; &nbsp; &nbsp; &nbsp; &nbsp; &nbsp; &nbsp; &nbsp; &nbsp; &nbsp; &nbsp; &nbsp; &nbsp; &nbsp; &nbsp;&nbsp;</span><span style=\"color:#666666;line-height:1.5;\">ㄧ:&nbsp;′&nbsp;炬琚&nbsp;鸿&nbsp;澶瑰捐 </span><span style=\"color:#666666;line-height:1.5;\">绠卞澶琚绉绫:&nbsp;琚</span><br />\r\n<span style=\"color:#666666;line-height:1.5;\">&nbsp; &nbsp; &nbsp;&nbsp;娴琛绱:&nbsp;杞缂绾 &nbsp; &nbsp; &nbsp; &nbsp; &nbsp; &nbsp; &nbsp; &nbsp; &nbsp; &nbsp; &nbsp; &nbsp; &nbsp; &nbsp; &nbsp; &nbsp; &nbsp; &nbsp; &nbsp;</span><span style=\"color:#666666;line-height:1.5;\">炬:&nbsp;绾 &nbsp; &nbsp; &nbsp; &nbsp; &nbsp; &nbsp; &nbsp; &nbsp; &nbsp; &nbsp; &nbsp; &nbsp; &nbsp; &nbsp; &nbsp; &nbsp; &nbsp; &nbsp; &nbsp; &nbsp; &nbsp; &nbsp; &nbsp;</span><span style=\"color:#666666;line-height:1.5;\">棰插绫:&nbsp;绫崇&nbsp;瀹&nbsp;榛&nbsp;绾&nbsp;拌&nbsp;绮&nbsp;娴</span><br />\r\n<span style=\"color:#666666;line-height:1.5;\">&nbsp; &nbsp; &nbsp;&nbsp;澶瑰:&nbsp; &nbsp; &nbsp; &nbsp; &nbsp; &nbsp; &nbsp; &nbsp; &nbsp; &nbsp; &nbsp; &nbsp; &nbsp; &nbsp; &nbsp; &nbsp; &nbsp; &nbsp; &nbsp; &nbsp; &nbsp; &nbsp; &nbsp;</span><span style=\"color:#666666;line-height:1.5;\">绠卞纭搴:&nbsp;杞 &nbsp; &nbsp; &nbsp; &nbsp; &nbsp; &nbsp; &nbsp; &nbsp; &nbsp; &nbsp; &nbsp; &nbsp; &nbsp; &nbsp; &nbsp; &nbsp; &nbsp; &nbsp; &nbsp; &nbsp; &nbsp;&nbsp;</span><span style=\"color:#666666;line-height:1.5;\">:&nbsp;</span><br />\r\n<span style=\"color:#666666;line-height:1.5;\">&nbsp; &nbsp; &nbsp;&nbsp;:&nbsp;ㄦ &nbsp; &nbsp; &nbsp; &nbsp; &nbsp; &nbsp; &nbsp; &nbsp; &nbsp; &nbsp; &nbsp; &nbsp; &nbsp; &nbsp; &nbsp; &nbsp; &nbsp; &nbsp; &nbsp; &nbsp; &nbsp; &nbsp; &nbsp;&nbsp;</span><span style=\"color:#666666;line-height:1.5;\">ㄥ烘:&nbsp;浼 &nbsp; &nbsp; &nbsp; &nbsp; &nbsp; &nbsp; &nbsp; &nbsp; &nbsp; &nbsp; &nbsp; &nbsp; &nbsp; &nbsp; &nbsp; &nbsp; &nbsp; &nbsp; &nbsp; &nbsp;</span><span style=\"color:#666666;line-height:1.5;\">:&nbsp;GOOT锛DIYA/ょ浜</span><br />\r\n<span style=\"color:#666666;line-height:1.5;\">&nbsp; &nbsp; &nbsp;&nbsp;璐у:&nbsp;89314 &nbsp; &nbsp; &nbsp; &nbsp; &nbsp; &nbsp; &nbsp; &nbsp; &nbsp; &nbsp; &nbsp; &nbsp; &nbsp; &nbsp; &nbsp; &nbsp; &nbsp; &nbsp; &nbsp; &nbsp; &nbsp; &nbsp;</span><span style=\"color:#666666;line-height:1.5;\">椋:&nbsp;娆х跺 &nbsp; &nbsp; &nbsp; &nbsp; &nbsp; &nbsp; &nbsp; &nbsp; &nbsp; &nbsp; &nbsp; &nbsp; &nbsp; &nbsp; &nbsp; &nbsp; &nbsp; &nbsp; &nbsp; &nbsp;&nbsp;</span><span style=\"color:#666666;line-height:1.5;\">褰㈢:&nbsp;妯娆炬瑰舰</span><br />\r\n<span style=\"color:#666666;line-height:1.5;\">&nbsp; &nbsp; &nbsp;&nbsp;╁甫峰:&nbsp;</span><br />\r\n<span style=\"color:#666666;line-height:1.5;\">&nbsp; &nbsp; &nbsp;&nbsp;<img src=\"http://192.168.2.100:8080/shopping/upload/store/1/2016/04/04/4be02ba5-3032-496c-bf8a-237d99304b9a.jpg\" /><img src=\"http://192.168.2.100:8080/shopping/upload/store/1/2016/04/04/7a6dd5a2-2728-49e6-9d41-42cfd5c51a21.jpg\" />璐:&nbsp;娑ょ憾</span><br />\r\n</p>', null, '198', '[{\"id\":\"\",\"price\":\"0\",\"count\":\"0\"}]', '濂冲澶村濂冲＋2016版炬跺╂澶у', '580.00', '[]', '', '2', null, '', '0', '0', '0.50', 'spec', '', '', '299.00', '', '2013-12-24 16:32:52', null, null, null, '0', '0', '0', '0', '0', '0', '36', null, '426330', '1', null, '0', '0', '0', null, '0', '2', '0', '308.80', null, '0.00', '0.00', '0.00', null, '0', null, null, null, '5', '\0', null, '\0', null);
INSERT INTO `wemall_goods` VALUES ('98407', '2013-12-24 16:28:53', '\0', '17', '', null, '10000', '[]', '涓GALAXY Note I9220', '5000.00', '[]', '', '0', null, '', '0', '0', '0.10', 'all', '', '', '4888.00', '\0', null, null, null, null, '0', '0', '0', '0', '0', '0', '75', null, '426164', '1', null, '0', '0', '0', null, '0', '2', '0', '3910.40', null, '0.00', '0.00', '0.00', null, '0', null, null, null, '5', '\0', null, '\0', null);
INSERT INTO `wemall_goods` VALUES ('98408', '2013-12-24 16:29:23', '\0', '64', '<img alt=\"\" src=\"/shopping/upload/store/1/2016/04/06/e6472ca4-5ee1-4a33-b79b-f07a925c660a.png\" /><img alt=\"\" src=\"/shopping/upload/store/1/2016/04/06/62e3ea94-4504-4554-895b-60a48a15daf0.jpg\" /><img alt=\"\" src=\"/shopping/upload/store/1/2016/04/06/696b1d3d-20bd-4b49-a3e8-b1da3b6ed2cd.jpg\" />', null, '200', '[]', '16版剧烽ユ疆娴浼查烽姘甯甯变鸡杩ㄧ烽块娼', '389.00', '[]', '', '0', null, '', '0', '1', '0.50', 'all', '', '', '99.00', '', '2013-12-24 16:32:59', null, null, null, '0', '0', '0', '0', '0', '0', '32', null, '426465', '1', null, '0', '2', '0', '2', '0', '0', '0', '99.00', null, '0.00', '0.00', '0.00', null, '0', null, null, null, '5', '\0', null, '\0', null);
INSERT INTO `wemall_goods` VALUES ('98409', '2013-12-24 16:30:01', '\0', '22', '', null, '1000', '[]', 'HTC One S android4.0绯荤 瓒兼', '4000.00', '[]', '', '0', null, '', '0', '0', '0.10', 'all', '', '', '3000.00', '\0', null, null, null, null, '0', '0', '0', '0', '0', '0', '76', '10', '426162', '1', null, '0', '2', '0', '2', '0', '0', '0', '3000.00', null, '0.00', '0.00', '0.00', null, '0', null, null, null, '5', '\0', null, '\0', null);
INSERT INTO `wemall_goods` VALUES ('98410', '2013-12-24 16:30:12', '\0', '87', '<p style=\"text-align:justify;\">\r\n	<p>\r\n		<div style=\"text-align:left;\">\r\n			<span style=\"background-color:#FFFFFF;font-family:tahoma, arial, \'Hiragino Sans GB\', 瀹浣, sans-serif;line-height:1.5;\">寤褰:&nbsp;A &nbsp; &nbsp; &nbsp; &nbsp; &nbsp; &nbsp; &nbsp; &nbsp; &nbsp; &nbsp; &nbsp; &nbsp; &nbsp; &nbsp; &nbsp; &nbsp; &nbsp; &nbsp; &nbsp; &nbsp; &nbsp; &nbsp; &nbsp; &nbsp; &nbsp; &nbsp; &nbsp; &nbsp; &nbsp; &nbsp;&nbsp;</span><span style=\"background-color:#FFFFFF;font-family:tahoma, arial, \'Hiragino Sans GB\', 瀹浣, sans-serif;line-height:1.5;\">璐у:&nbsp;CM6136 &nbsp; &nbsp; &nbsp; &nbsp; &nbsp; &nbsp; &nbsp; &nbsp; &nbsp; &nbsp; &nbsp; &nbsp; &nbsp; &nbsp; &nbsp; &nbsp; &nbsp; &nbsp; &nbsp; &nbsp;&nbsp;</span><span style=\"background-color:#FFFFFF;font-family:tahoma, arial, \'Hiragino Sans GB\', 瀹浣, sans-serif;line-height:1.5;\">椋:&nbsp;琛澶</span><br />\r\n<span style=\"background-color:#FFFFFF;font-family:tahoma, arial, \'Hiragino Sans GB\', 瀹浣, sans-serif;line-height:1.5;\">琛澶:&nbsp;娆х &nbsp; &nbsp; &nbsp; &nbsp; &nbsp; &nbsp; &nbsp; &nbsp; &nbsp; &nbsp; &nbsp; &nbsp; &nbsp; &nbsp; &nbsp; &nbsp; &nbsp; &nbsp; &nbsp; &nbsp; &nbsp; &nbsp; &nbsp; &nbsp; &nbsp; &nbsp; &nbsp; &nbsp; &nbsp; &nbsp;</span><span style=\"background-color:#FFFFFF;font-family:tahoma, arial, \'Hiragino Sans GB\', 瀹浣, sans-serif;line-height:1.5;\">缁褰㈠:&nbsp;浠 &nbsp; &nbsp; &nbsp; &nbsp; &nbsp; &nbsp; &nbsp; &nbsp; &nbsp; &nbsp; &nbsp; &nbsp; &nbsp; &nbsp; &nbsp; &nbsp; &nbsp; &nbsp; &nbsp; &nbsp;</span><span style=\"background-color:#FFFFFF;font-family:tahoma, arial, \'Hiragino Sans GB\', 瀹浣, sans-serif;line-height:1.5;\">瑁:&nbsp;瑁</span><br />\r\n<span style=\"background-color:#FFFFFF;font-family:tahoma, arial, \'Hiragino Sans GB\', 瀹浣, sans-serif;line-height:1.5;\">娆惧:&nbsp;朵/other &nbsp; &nbsp; &nbsp; &nbsp; &nbsp; &nbsp; &nbsp; &nbsp; &nbsp; &nbsp; &nbsp; &nbsp; &nbsp; &nbsp; &nbsp; &nbsp; &nbsp; &nbsp; &nbsp; &nbsp; &nbsp; &nbsp; &nbsp; &nbsp; &nbsp;&nbsp;</span><span style=\"line-height:1.5;background-color:#FFFFFF;font-family:tahoma, arial, \'Hiragino Sans GB\', 瀹浣, sans-serif;\">琚:&nbsp;</span><span style=\"line-height:1.5;background-color:#FFFFFF;font-family:tahoma, arial, \'Hiragino Sans GB\', 瀹浣, sans-serif;\">浜琚 &nbsp; &nbsp; &nbsp; &nbsp; &nbsp; &nbsp; &nbsp; &nbsp; &nbsp; &nbsp; &nbsp; &nbsp; &nbsp; &nbsp; &nbsp; &nbsp; &nbsp; &nbsp; &nbsp; &nbsp; &nbsp;&nbsp;</span><span style=\"background-color:#FFFFFF;font-family:tahoma, arial, \'Hiragino Sans GB\', 瀹浣, sans-serif;line-height:1.5;\">棰:&nbsp;棰</span><br />\r\n<span style=\"background-color:#FFFFFF;font-family:tahoma, arial, \'Hiragino Sans GB\', 瀹浣, sans-serif;line-height:1.5;\">琚:&nbsp;甯歌 &nbsp; &nbsp; &nbsp; &nbsp; &nbsp; &nbsp; &nbsp; &nbsp; &nbsp; &nbsp; &nbsp; &nbsp; &nbsp; &nbsp; &nbsp; &nbsp; &nbsp; &nbsp; &nbsp; &nbsp; &nbsp; &nbsp; &nbsp; &nbsp; &nbsp; &nbsp; &nbsp; &nbsp; &nbsp; &nbsp;</span><span style=\"background-color:#FFFFFF;font-family:tahoma, arial, \'Hiragino Sans GB\', 瀹浣, sans-serif;line-height:1.5;\">板:&nbsp;涓 &nbsp; &nbsp; &nbsp; &nbsp; &nbsp; &nbsp; &nbsp; &nbsp; &nbsp; &nbsp; &nbsp; &nbsp; &nbsp; &nbsp; &nbsp; &nbsp; &nbsp; &nbsp; &nbsp; &nbsp; &nbsp; &nbsp;&nbsp;</span><span style=\"background-color:#FFFFFF;font-family:tahoma, arial, \'Hiragino Sans GB\', 瀹浣, sans-serif;line-height:1.5;\">琛ｉㄨ:&nbsp;</span><br />\r\n<span style=\"background-color:#FFFFFF;font-family:tahoma, arial, \'Hiragino Sans GB\', 瀹浣, sans-serif;line-height:1.5;\">瑁:&nbsp;A瀛瑁 &nbsp; &nbsp; &nbsp; &nbsp; &nbsp; &nbsp; &nbsp; &nbsp; &nbsp; &nbsp; &nbsp; &nbsp; &nbsp; &nbsp; &nbsp; &nbsp; &nbsp; &nbsp; &nbsp; &nbsp; &nbsp; &nbsp; &nbsp; &nbsp; &nbsp; &nbsp; &nbsp; &nbsp; &nbsp;</span><span style=\"background-color:#FFFFFF;font-family:tahoma, arial, \'Hiragino Sans GB\', 瀹浣, sans-serif;line-height:1.5;\">炬:&nbsp;朵 &nbsp; &nbsp; &nbsp; &nbsp; &nbsp; &nbsp; &nbsp; &nbsp; &nbsp; &nbsp; &nbsp; &nbsp; &nbsp; &nbsp; &nbsp; &nbsp; &nbsp; &nbsp; &nbsp; &nbsp; &nbsp; &nbsp;&nbsp;</span><span style=\"background-color:#FFFFFF;font-family:tahoma, arial, \'Hiragino Sans GB\', 瀹浣, sans-serif;line-height:1.5;\">娴琛绱/宸ヨ:&nbsp;兼 绾辩</span><br />\r\n<span style=\"background-color:#FFFFFF;font-family:tahoma, arial, \'Hiragino Sans GB\', 瀹浣, sans-serif;line-height:1.5;\">:&nbsp;辨 &nbsp; &nbsp; &nbsp; &nbsp; &nbsp; &nbsp; &nbsp; &nbsp; &nbsp; &nbsp; &nbsp; &nbsp; &nbsp; &nbsp; &nbsp; &nbsp; &nbsp; &nbsp; &nbsp; &nbsp; &nbsp; &nbsp; &nbsp; &nbsp; &nbsp; &nbsp; &nbsp;</span><span style=\"background-color:#FFFFFF;font-family:tahoma, arial, \'Hiragino Sans GB\', 瀹浣, sans-serif;line-height:1.5;\">㈡:&nbsp;朵 &nbsp; &nbsp; &nbsp; &nbsp; &nbsp; &nbsp; &nbsp; &nbsp; &nbsp; &nbsp; &nbsp; &nbsp; &nbsp; &nbsp; &nbsp; &nbsp; &nbsp; &nbsp; &nbsp; &nbsp; &nbsp; &nbsp;&nbsp;</span><span style=\"background-color:#FFFFFF;font-family:tahoma, arial, \'Hiragino Sans GB\', 瀹浣, sans-serif;line-height:1.5;\">:&nbsp;95%浠ヤ</span><br />\r\n<span style=\"background-color:#FFFFFF;font-family:tahoma, arial, \'Hiragino Sans GB\', 瀹浣, sans-serif;line-height:1.5;\">璐:&nbsp;娑ょ憾 &nbsp; &nbsp; &nbsp; &nbsp; &nbsp; &nbsp; &nbsp; &nbsp; &nbsp; &nbsp; &nbsp; &nbsp; &nbsp; &nbsp; &nbsp; &nbsp; &nbsp; &nbsp; &nbsp; &nbsp; &nbsp; &nbsp; &nbsp; &nbsp; &nbsp; &nbsp; &nbsp; &nbsp; &nbsp; &nbsp;</span><span style=\"background-color:#FFFFFF;font-family:tahoma, arial, \'Hiragino Sans GB\', 瀹浣, sans-serif;line-height:1.5;\">ㄥ勾榫:&nbsp;18-24ㄥ &nbsp; &nbsp; &nbsp; &nbsp; &nbsp; &nbsp; &nbsp; &nbsp; &nbsp; &nbsp; &nbsp; &nbsp; &nbsp; &nbsp; &nbsp;&nbsp;</span><span style=\"background-color:#FFFFFF;font-family:tahoma, arial, \'Hiragino Sans GB\', 瀹浣, sans-serif;line-height:1.5;\">骞翠唤瀛ｈ:&nbsp;2016骞存ュ</span><br />\r\n<span style=\"background-color:#FFFFFF;font-family:tahoma, arial, \'Hiragino Sans GB\', 瀹浣, sans-serif;line-height:1.5;\">棰插绫:&nbsp;榛 借 &nbsp; &nbsp; &nbsp; &nbsp; &nbsp; &nbsp; &nbsp; &nbsp; &nbsp; &nbsp; &nbsp; &nbsp; &nbsp; &nbsp; &nbsp; &nbsp; &nbsp; &nbsp; &nbsp; &nbsp; &nbsp; &nbsp; &nbsp;&nbsp;</span><span style=\"background-color:#FFFFFF;font-family:tahoma, arial, \'Hiragino Sans GB\', 瀹浣, sans-serif;line-height:1.5;\">灏虹:&nbsp;S M L XL</span><br />\r\n<br />\r\n		</div>\r\n	</p>\r\n</p>\r\n<p style=\"text-align:justify;\">\r\n	<img src=\"http://192.168.2.100:8080/shopping/upload/store/1/2016/04/04/97a9c200-6ce3-4249-9f1c-e06f459bf396.jpg\" /><img src=\"http://192.168.2.100:8080/shopping/upload/store/1/2016/04/04/30d94382-c90b-4fc3-9a6d-df4aa916f826.jpg\" /><img src=\"http://192.168.2.100:8080/shopping/upload/store/1/2016/04/04/efcce0b7-5058-4bda-8f0e-92defc192a0a.jpg\" /><img src=\"http://192.168.2.100:8080/shopping/upload/store/1/2016/04/04/60d1f6d3-cc24-46a3-9bb5-ea3b798d9a63.jpg\" /><img src=\"http://192.168.2.100:8080/shopping/upload/store/1/2016/04/04/878b1495-c07a-4ce1-9e18-058031098555.jpg\" /><img src=\"http://192.168.2.100:8080/shopping/upload/store/1/2016/04/04/b1bc4c7a-53df-442f-81d0-a95b641c2726.jpg\" />\r\n</p>\r\n<p>\r\n	<br />\r\n</p>', null, '186', '[]', '娆ф床绔2016ヨ板濂宠ュｅ棰涓琚A瀛借茶琛ｈ瀛板甫', '300.00', '[]', '', '14', null, '', '0', '0', '0.20', 'all', '', '', '131.00', '', '2013-12-24 16:33:39', null, null, null, '0', '0', '0', '0', '0', '0', '17', '2', '426310', '1', null, '0', '0', '0', null, '0', '2', '0', '480.00', null, '0.00', '0.00', '0.00', '2', '0', null, null, null, '4', '\0', null, '\0', null);
INSERT INTO `wemall_goods` VALUES ('98411', '2013-12-24 16:31:05', '\0', '9', '', null, '21212', '[]', '涓U9508锛ｈ哥变韩锛 android4.0绯荤 瓒兼', '1000.00', '[]', '', '0', null, '', '0', '0', '0.10', 'all', '', '', '800.00', '\0', null, null, null, null, '0', '0', '0', '0', '0', '0', '76', null, '426159', '1', null, '0', '0', '0', null, '0', '2', '0', '640.00', null, '0.00', '0.00', '0.00', null, '0', null, null, null, '5', '\0', null, '\0', null);
INSERT INTO `wemall_goods` VALUES ('98412', '2013-12-24 16:31:13', '\0', '672', '<p align=\"center\" style=\"text-align:left;\">\r\n	&nbsp;<strong><span style=\"font-size:16px;\">&nbsp;</span></strong><span><strong><span style=\"font-size:16px;\">璐у: 5646 &nbsp; &nbsp; &nbsp; &nbsp; &nbsp; &nbsp; &nbsp; &nbsp; &nbsp; &nbsp; &nbsp; &nbsp; &nbsp; &nbsp; &nbsp; &nbsp; &nbsp; &nbsp; &nbsp; &nbsp; &nbsp; &nbsp; &nbsp; &nbsp; &nbsp; &nbsp; &nbsp; &nbsp;</span></strong><strong><span style=\"font-size:16px;\">&nbsp;</span></strong><strong><span style=\"font-size:16px;\">: 辨 &nbsp; &nbsp; &nbsp; &nbsp; &nbsp; &nbsp; &nbsp; &nbsp; &nbsp; &nbsp; &nbsp; &nbsp; &nbsp; &nbsp; </span></strong><strong><span style=\"font-size:16px;\">骞翠唤瀛ｈ: 2016骞村瀛 &nbsp; &nbsp; &nbsp; &nbsp; &nbsp;</span></strong><strong><span style=\"font-size:16px;\">棰插绫: 借 绱 &nbsp; &nbsp; &nbsp; &nbsp; &nbsp; &nbsp; &nbsp; &nbsp; &nbsp; &nbsp; &nbsp; &nbsp; &nbsp; &nbsp; &nbsp; &nbsp; &nbsp; &nbsp; &nbsp; &nbsp; &nbsp;</span></strong><strong><span style=\"font-size:16px;\">&nbsp;<img src=\"http://192.168.2.100:8080/shopping/upload/store/1/2016/04/04/9f02c287-0962-4d4d-a474-5c7328199651.jpg\" /><img src=\"http://192.168.2.100:8080/shopping/upload/store/1/2016/04/04/f0cc1d42-ad62-4274-bad1-879db5d3c9ce.jpg\" /></span></strong><strong><span style=\"font-size:16px;\">灏虹: S M L XL</span></strong></span><strong><span style=\"font-size:16px;\"></span></strong> \r\n</p>\r\n<p align=\"center\">\r\n	<span></span> \r\n</p>\r\n<p>\r\n	<br />\r\n</p>\r\n<p>\r\n	<br />\r\n</p>', null, '195', '[]', '2016╃板 濂宠缁ｈ遍涓琚杩琛ｈ濂冲＋搴A瀛瑁瀛', '288.00', '[{\"val\":\"涓挎撅琛ｉ50-70CM锛\",\"id\":\"3\",\"name\":\"琛ｉ\"}, {\"val\":\"绾妫\",\"id\":\"2\",\"name\":\"璐\"}, {\"val\":\"胯\",\"id\":\"1\",\"name\":\"娆惧\"}]', '', '5', null, '5646', '0', '0', '0.30', 'all', '', '', '178.00', '', '2013-12-24 16:33:47', null, null, null, '0', '0', '0', '0', '0', '0', '17', '8', '426319', '1', null, '1', '0', '0', null, '0', '2', '0', '712.00', null, '0.00', '0.00', '0.00', '2', '0', null, null, null, '5', '\0', null, '\0', null);
INSERT INTO `wemall_goods` VALUES ('98413', '2013-12-24 16:31:58', '\0', '14', '', null, '212121', '[]', '绱㈠凹LT26i锛Xperia S锛android4.0绯荤 瓒兼', '2000.00', '[]', '', '0', null, '', '0', '0', '0.10', 'all', '', '', '1666.00', '\0', null, null, null, null, '0', '0', '0', '0', '0', '0', '76', null, '426156', '1', null, '0', '0', '0', null, '0', '2', '0', '1332.80', null, '0.00', '0.00', '0.00', null, '0', null, null, null, '5', '\0', null, '\0', null);
INSERT INTO `wemall_goods` VALUES ('98414', '2013-12-24 16:32:50', '\0', '14', '', null, '232', '[]', '绱㈠凹辩淇X10i android4.0绯荤 瓒兼', '1200.00', '[]', '', '0', null, '', '0', '0', '0.10', 'all', '', '', '999.00', '\0', null, null, null, null, '0', '0', '0', '0', '0', '0', '76', null, '426155', '1', null, '0', '0', '0', null, '0', '0', '0', '999.00', null, '0.00', '0.00', '0.00', null, '0', null, null, null, '5', '\0', null, '\0', null);
INSERT INTO `wemall_goods` VALUES ('98415', '2013-12-24 16:33:53', '\0', '23', '', null, '1212', '[]', '椋╂郸W832 android4.0绯荤 瓒兼', '1233.00', '[]', '', '0', null, '', '0', '0', '0.10', 'all', '', '', '1000.00', '\0', null, null, null, null, '0', '0', '0', '0', '0', '0', '77', null, '426152', '1', null, '0', '0', '0', null, '0', '2', '0', '800.00', null, '0.00', '0.00', '0.00', null, '0', null, null, null, '5', '\0', null, '\0', null);
INSERT INTO `wemall_goods` VALUES ('98416', '2013-12-24 16:34:43', '\0', '21', '', null, '212121', '[]', '椋╂郸W736 android4.0绯荤 瓒兼', '2300.00', '[]', '', '0', null, '', '0', '0', '0.10', 'all', '', '', '1200.00', '\0', null, null, null, null, '0', '0', '0', '0', '0', '0', '77', null, '426151', '1', null, '0', '0', '0', null, '0', '0', '0', '1200.00', null, '0.00', '0.00', '0.00', null, '0', null, null, null, '5', '\0', null, '\0', null);
INSERT INTO `wemall_goods` VALUES ('98417', '2013-12-24 16:36:09', '\0', '12', '', null, '1000', '[]', '濂ユ宸存锛OLYMPUS锛 XZ-1 扮告 借', '2000.00', '[]', '', '0', null, '', '0', '0', '0.80', 'all', '', '', '1500.00', '\0', null, null, null, null, '0', '0', '0', '0', '0', '0', '79', null, '426150', '1', null, '0', '0', '0', null, '0', '2', '0', '1500.00', null, '0.00', '0.00', '0.00', null, '0', null, null, null, '5', '\0', null, '\0', null);
INSERT INTO `wemall_goods` VALUES ('98418', '2013-12-24 16:37:26', '\0', '14', '', null, '12121', '[]', ' ラㄨ涓浜涔 瓒兼т环姣 ｈ逛环 涓ST66', '1000.00', '[]', '', '0', null, '', '0', '0', '0.80', 'all', '', '', '555.00', '\0', null, null, null, null, '0', '0', '0', '0', '0', '0', '79', null, '426149', '1', null, '0', '0', '0', null, '0', '2', '0', '555.00', null, '0.00', '0.00', '0.00', null, '0', null, null, null, '5', '\0', null, '\0', null);
INSERT INTO `wemall_goods` VALUES ('98419', '2013-12-24 16:38:26', '\0', '9', '', null, '21212', '[]', '涓ST77 ラㄨ浣抽 瓒兼т环姣', '1200.00', '[]', '', '0', null, '', '0', '0', '0.80', 'all', '', '', '800.00', '\0', null, null, null, null, '0', '0', '0', '0', '0', '0', '79', null, '426148', '1', null, '0', '0', '0', null, '0', '2', '0', '800.00', null, '0.00', '0.00', '0.00', null, '0', null, null, null, '5', '\0', null, '\0', null);
INSERT INTO `wemall_goods` VALUES ('98420', '2013-12-24 16:39:23', '\0', '14', '', null, '54545', '[]', 'Luxmedia 14-Z12S', '2000.00', '[]', '', '0', null, '', '0', '0', '0.80', 'all', '', '', '1333.00', '\0', null, null, null, null, '0', '0', '0', '0', '0', '0', '79', null, '426147', '1', null, '0', '0', '0', null, '0', '2', '0', '1333.00', null, '0.00', '0.00', '0.00', null, '0', null, null, null, '5', '\0', null, '\0', null);
INSERT INTO `wemall_goods` VALUES ('98421', '2013-12-24 16:40:34', '\0', '11', '', null, '315', '[]', '灏煎悍锛Nikon锛 D3100 濂AF-S DX 18-55mm f3.5-5.6G ', '5000.00', '[]', '', '0', null, '', '0', '0', '1.10', 'all', '', '', '4000.00', '\0', null, null, null, null, '0', '0', '0', '0', '0', '0', '81', null, '426146', '1', null, '0', '0', '0', null, '0', '2', '0', '4000.00', null, '0.00', '0.00', '0.00', null, '0', null, null, null, '5', '\0', null, '\0', null);
INSERT INTO `wemall_goods` VALUES ('98422', '2013-12-24 16:41:35', '\0', '21', '', null, '5454564', '[]', '浣宠60D х浣虫 1600涓绱 瓒兼т环姣', '5000.00', '[]', '', '0', null, '', '0', '0', '1.20', 'all', '', '', '4544.00', '\0', null, null, null, null, '0', '0', '0', '0', '0', '0', '81', null, '426145', '1', null, '0', '0', '0', null, '0', '2', '0', '4544.00', null, '0.00', '0.00', '0.00', null, '0', null, null, null, '5', '\0', null, '\0', null);
INSERT INTO `wemall_goods` VALUES ('98423', '2013-12-24 16:42:42', '\0', '12', '', null, '3131', '[]', '瀵澹S4530 涓涓褰卞浣浠风告', '6000.00', '[]', '', '0', null, '', '0', '0', '1.20', 'all', '', '', '5000.00', '\0', null, null, null, null, '0', '0', '0', '0', '0', '0', '81', null, '426144', '1', null, '0', '0', '0', null, '0', '2', '0', '5000.00', null, '0.00', '0.00', '0.00', null, '0', null, null, null, '5', '\0', null, '\0', null);
INSERT INTO `wemall_goods` VALUES ('98424', '2013-12-24 16:43:40', '\0', '17', '', null, '10000', '[]', '绱㈠凹PMW-100 ｈ浼1200绱', '10000.00', '[]', '', '0', null, '', '0', '0', '0.30', 'all', '', '', '9999.00', '\0', null, null, null, null, '0', '0', '0', '0', '0', '0', '82', null, '426143', '1', null, '0', '0', '0', null, '0', '2', '0', '9999.00', null, '0.00', '0.00', '0.00', null, '0', null, null, null, '5', '\0', null, '\0', null);
INSERT INTO `wemall_goods` VALUES ('98425', '2013-12-24 16:44:45', '\0', '10', '', null, '544', '[]', '绱㈠凹HDR-XR260E 瓒1200涓绱', '8000.00', '[]', '', '0', null, '', '0', '0', '0.50', 'all', '', '', '7444.00', '\0', null, null, null, null, '0', '0', '0', '0', '0', '0', '82', null, '426142', '1', null, '0', '0', '0', null, '0', '2', '0', '7444.00', null, '0.00', '0.00', '0.00', null, '0', null, null, null, '5', '\0', null, '\0', null);
INSERT INTO `wemall_goods` VALUES ('98426', '2013-12-24 16:45:42', '\0', '11', '', null, '10000', '[]', '娴峰DC-T9 璁板规淮杩 楂娓版ㄥぉ', '5000.00', '[]', '', '0', null, '', '0', '0', '0.10', 'all', '', '', '4555.00', '\0', null, null, null, null, '0', '0', '0', '0', '0', '0', '82', null, '426141', '1', null, '0', '0', '0', null, '0', '2', '0', '4555.00', null, '0.00', '0.00', '0.00', null, '0', null, null, null, '5', '\0', null, '\0', null);
INSERT INTO `wemall_goods` VALUES ('98427', '2013-12-24 16:47:46', '\0', '17', '', null, '455', '[]', '榄澹板冲 澹伴崇浣虫惧', '100.00', '[]', '', '0', null, '', '0', '0', '0.10', 'all', '', '', '60.00', '\0', null, null, null, null, '0', '0', '0', '0', '0', '0', '90', null, '426140', '1', null, '0', '0', '0', null, '0', '2', '0', '60.00', null, '0.00', '0.00', '0.00', null, '0', null, null, null, '5', '\0', null, '\0', null);
INSERT INTO `wemall_goods` VALUES ('98428', '2013-12-24 16:49:14', '\0', '15', '', null, '1000', '[]', '澹椤DataTraveler HyperX 3.0锛256GB锛', '80.00', '[]', '', '0', null, '', '0', '0', '2.00', 'all', '', '', '66.00', '\0', null, null, null, null, '0', '0', '0', '0', '0', '0', '83', null, '426139', '1', null, '0', '0', '0', null, '0', '2', '0', '66.00', null, '0.00', '0.00', '0.00', null, '0', null, null, null, '5', '\0', null, '\0', null);
INSERT INTO `wemall_goods` VALUES ('98429', '2013-12-24 16:52:19', '\0', '10', '', null, '532', '[]', ' IdeaCentreQ180 D2700 2G32GWJ-7B 佃涓绘', '5000.00', '[]', '', '0', null, '', '0', '0', '1.00', 'all', '', '', '4990.00', '\0', null, null, null, null, '0', '0', '0', '0', '0', '0', '97', null, '426138', '1', null, '0', '0', '0', null, '0', '2', '0', '4990.00', null, '0.00', '0.00', '0.00', null, '0', null, null, null, '5', '\0', null, '\0', null);
INSERT INTO `wemall_goods` VALUES ('98430', '2013-12-24 16:53:22', '\0', '10', '', null, '5454', '[]', 'A45EI321VD-SL 涓浠I5 3210 绗璁版 ', '4000.00', '[]', '', '0', null, '', '0', '0', '0.80', 'all', '', '', '3666.00', '\0', null, null, null, null, '0', '0', '0', '0', '0', '0', '97', '14', '426137', '1', null, '0', '0', '0', null, '0', '1', '0', '3666.00', null, '0.00', '0.00', '0.00', null, '0', null, null, null, '5', '\0', null, '\0', null);
INSERT INTO `wemall_goods` VALUES ('98431', '2013-12-24 16:54:42', '\0', '12', '', null, '546', '[]', 'Pavilion т环姣瓒奸╄绾х璁版', '4999.00', '[]', '', '0', null, '', '0', '0', '0.80', 'all', '', '', '3666.00', '\0', null, null, null, null, '0', '0', '0', '0', '0', '0', '97', null, '426136', '1', null, '0', '0', '0', null, '0', '2', '0', '3666.00', null, '0.00', '0.00', '0.00', null, '0', null, null, null, '5', '\0', null, '\0', null);
INSERT INTO `wemall_goods` VALUES ('98432', '2013-12-24 16:55:49', '\0', '13', '', null, '553', '[]', 'ThinkPad 浣冲 涓浜', '6000.00', '[]', '', '0', null, '', '0', '0', '0.80', 'all', '', '', '5666.00', '\0', null, null, null, null, '0', '0', '0', '0', '0', '0', '97', '14', '426135', '1', null, '0', '0', '0', null, '0', '1', '0', '5666.00', null, '0.00', '0.00', '0.00', null, '0', null, null, null, '5', '\0', null, '\0', null);
INSERT INTO `wemall_goods` VALUES ('98433', '2013-12-24 16:56:47', '\0', '15', '', null, '36213', '[]', '村Inspiron ℃浣抽╄间', '2122.00', '[]', '', '0', null, '', '0', '0', '0.80', 'all', '', '', '1999.00', '\0', null, null, null, null, '0', '0', '0', '0', '0', '0', '97', null, '426133', '1', null, '0', '0', '0', null, '0', '2', '0', '1999.00', null, '0.00', '0.00', '0.00', null, '0', null, null, null, '5', '\0', null, '\0', null);
INSERT INTO `wemall_goods` VALUES ('98434', '2013-12-24 16:58:01', '\0', '17', '', null, '53435', '[]', '浣浠锋艰间 纭CM6870-C32C', '5100.00', '[]', '', '0', null, '', '0', '0', '1.10', 'all', '', '', '4800.00', '\0', null, null, null, null, '0', '0', '0', '0', '0', '0', '96', null, '426132', '1', null, '0', '0', '0', null, '0', '2', '0', '4800.00', null, '0.00', '0.00', '0.00', null, '0', null, null, null, '5', '\0', null, '\0', null);
INSERT INTO `wemall_goods` VALUES ('98435', '2013-12-24 16:59:25', '\0', '10', '', null, '3536', '[]', '瓒兼翠棣 ョ规 纭CM673', '1200.00', '[]', '', '0', null, '', '0', '0', '0.80', 'all', '', '', '999.00', '\0', null, null, null, null, '0', '0', '0', '0', '0', '0', '96', null, '426131', '1', null, '0', '0', '0', null, '0', '2', '0', '999.00', null, '0.00', '0.00', '0.00', null, '0', null, null, null, '5', '\0', null, '\0', null);
INSERT INTO `wemall_goods` VALUES ('98436', '2013-12-24 17:01:31', '\0', '13', '', null, '100', '[]', '瀹跺涵浣抽 ｈ规 虫板姊F2895', '5000.00', '[]', '', '0', null, '', '0', '0', '3.00', 'all', '', '', '4999.00', '\0', null, null, null, null, '0', '0', '0', '0', '0', '0', '101', null, '426130', '1', null, '0', '0', '0', null, '0', '2', '0', '4999.00', null, '0.00', '0.00', '0.00', null, '0', null, null, null, '5', '\0', null, '\0', null);
INSERT INTO `wemall_goods` VALUES ('98437', '2013-12-24 17:02:28', '\0', '12', '', null, '100', '[]', 'IdeaDream 浼idea绯诲佃', '5000.00', '[]', '', '0', null, '', '0', '0', '3.00', 'all', '', '', '4000.00', '\0', null, null, null, null, '0', '0', '0', '0', '0', '0', '101', '14', '426129', '1', null, '0', '0', '0', null, '0', '1', '0', '4000.00', null, '0.00', '0.00', '0.00', null, '0', null, null, null, '5', '\0', null, '\0', null);
INSERT INTO `wemall_goods` VALUES ('98438', '2013-12-24 17:04:07', '\0', '15', '', null, '100', '[]', 'IdeaCentre 浼idea绯诲佃', '10000.00', '[]', '', '0', null, '', '0', '0', '2.00', 'all', '', '', '9888.00', '\0', null, null, null, null, '0', '0', '0', '0', '0', '0', '101', null, '426128', '1', null, '0', '0', '0', null, '0', '2', '0', '9888.00', null, '0.00', '0.00', '0.00', null, '0', null, null, null, '5', '\0', null, '\0', null);
INSERT INTO `wemall_goods` VALUES ('98439', '2013-12-24 17:06:12', '\0', '10', '', null, '100', '[]', '浣楠浼璁捐 缃M235绾块', '30.00', '[]', '', '0', null, '', '0', '0', '0.20', 'all', '', '', '29.00', '\0', null, null, null, null, '0', '0', '0', '0', '0', '0', '65542', null, '426127', '1', null, '0', '0', '0', null, '0', '2', '0', '29.00', null, '0.00', '0.00', '0.00', null, '0', null, null, null, '5', '\0', null, '\0', null);
INSERT INTO `wemall_goods` VALUES ('98440', '2013-12-24 17:06:58', '\0', '23', '', null, '100', '[]', '瓒间涓 纭CG8580-C11C', '50.00', '[]', '', '0', null, '', '0', '0', '0.20', 'all', '', '', '36.00', '\0', null, null, null, null, '0', '0', '0', '0', '0', '0', '65542', null, '426123', '1', null, '0', '0', '0', null, '0', '1', '0', '36.00', null, '0.00', '0.00', '0.00', null, '0', null, null, null, '5', '\0', null, '\0', null);
INSERT INTO `wemall_goods` VALUES ('98441', '2013-12-24 17:08:22', '\0', '15', '', null, '100', '[]', '瓒间楠灞璐ㄦ 虫板姊F2895', '50.00', '[]', '', '0', null, '', '0', '0', '0.50', 'all', '', '', '30.00', '\0', null, null, null, null, '0', '0', '0', '0', '0', '0', '65542', '14', '426122', '1', null, '0', '0', '0', null, '0', '1', '0', '30.00', null, '0.00', '0.00', '0.00', null, '0', null, null, null, '5', '\0', null, '\0', null);
INSERT INTO `wemall_goods` VALUES ('98442', '2013-12-24 17:09:52', '\0', '20', '', null, '100', '[]', 'Intel涓绘胯 搁风3浠', '500.00', '[]', '', '0', null, '', '0', '0', '1.00', 'all', '', '', '400.00', '\0', null, '', '2014-10-28 12:16:35', '2014-10-28', '0', '300', '600', '1', '300', '3', '65542', null, '426121', '1', '1', '0', '0', '0', null, '0', '0', '0', '400.00', null, '0.00', '0.00', '0.00', null, '0', null, null, null, '5', '\0', null, '\0', null);
INSERT INTO `wemall_goods` VALUES ('98443', '2013-12-24 17:11:31', '\0', '13', '', null, '100', '[]', 'SSK 榛楣II USB3.0 2.5卞哥‖', '400.00', '[]', '', '0', null, '', '0', '0', '0.50', 'all', '', '', '360.00', '\0', null, null, null, null, '0', '0', '0', '0', '0', '0', '65542', null, '426120', '1', null, '0', '0', '0', null, '0', '1', '0', '360.00', null, '0.00', '0.00', '0.00', null, '0', null, null, null, '5', '\0', null, '\0', null);
INSERT INTO `wemall_goods` VALUES ('98444', '2013-12-24 17:13:47', '\0', '20', '', null, '100', '[]', '卞锛aibao锛A-16U 婵', '400.00', '[]', '', '0', null, '', '0', '0', '0.50', 'all', '', '', '300.00', '\0', null, null, null, null, '0', '0', '0', '0', '0', '0', '65542', null, '426119', '1', null, '0', '0', '0', null, '0', '0', '0', '300.00', null, '0.00', '0.00', '0.00', null, '0', null, null, null, '5', '\0', null, '\0', null);
INSERT INTO `wemall_goods` VALUES ('98445', '2013-12-24 17:14:47', '\0', '22', '', null, '100', '[]', '句锛Panasonic锛KX-FP7006CN 绾镐', '500.00', '[]', '', '0', null, '', '0', '0', '1.00', 'all', '', '', '455.00', '\0', null, null, null, null, '0', '0', '0', '0', '0', '0', '65542', null, '426118', '1', null, '0', '0', '0', null, '0', '2', '0', '364.00', null, '0.00', '0.00', '0.00', null, '0', null, null, null, '5', '\0', null, '', '2015-03-01');
INSERT INTO `wemall_goods` VALUES ('98446', '2013-12-24 17:15:46', '\0', '19', '', null, '100', '[]', '浣充骇 猴BenQ锛TS5276褰辨', '1000.00', '[]', '', '0', null, '', '0', '0', '1.50', 'all', '', '', '800.00', '\0', null, null, null, null, '0', '0', '0', '0', '0', '0', '65542', null, '426117', '1', null, '0', '0', '0', null, '0', '0', '0', '800.00', null, '0.00', '0.00', '0.00', null, '0', null, null, null, '5', '', '2015-03-01', '\0', null);
INSERT INTO `wemall_goods` VALUES ('98447', '2013-12-24 17:16:48', '\0', '23', '', null, '100', '[]', '锛HP锛Deskjet 1000 褰╄插峰ㄦ版', '2000.00', '[]', '', '0', null, '', '0', '0', '5.00', 'all', '', '', '1960.00', '\0', null, null, null, null, '0', '0', '0', '0', '0', '0', '65542', null, '426116', '1', null, '0', '0', '0', null, '0', '0', '0', '1960.00', null, '0.00', '0.00', '0.00', null, '0', null, null, null, '5', '\0', null, '', '2015-03-01');
INSERT INTO `wemall_goods` VALUES ('98448', '2013-12-24 17:19:23', '\0', '24', '', null, '100', '[]', '婕姝ヨe1100 充у规', '200.00', '[]', '', '0', null, '', '0', '0', '1.30', 'all', '', '', '150.00', '\0', null, null, null, null, '0', '0', '0', '0', '0', '0', '91', null, '426115', '1', null, '1', '0', '0', null, '0', '1', '0', '150.00', null, '0.00', '0.00', '0.00', null, '0', null, null, null, '5', '', '2015-03-01', '\0', null);
INSERT INTO `wemall_goods` VALUES ('98449', '2013-12-24 17:20:14', '\0', '18', '', null, '100', '[]', '拌绾ч娓惧 濞T200B充澶у', '400.00', '[]', '', '0', null, '', '0', '0', '1.00', 'all', '', '', '366.00', '\0', null, null, null, null, '0', '0', '0', '0', '0', '0', '91', null, '426114', '1', null, '0', '0', '0', null, '0', '0', '0', '366.00', null, '0.00', '0.00', '0.00', null, '0', null, null, null, '5', '\0', null, '', '2015-03-01');
INSERT INTO `wemall_goods` VALUES ('98450', '2013-12-24 17:21:40', '\0', '23', '', null, '100', '[]', '瓒绾т 椋╂郸杩蜂冲', '1000.00', '[]', '', '0', null, '', '0', '0', '2.00', 'all', '', '', '700.00', '\0', null, '', '2014-10-28 12:15:57', '2014-10-28', '0', '300', '600', '1', '300', '3', '91', null, '426113', '1', '1', '0', '0', '0', null, '0', '0', '0', '700.00', null, '0.00', '0.00', '0.00', null, '0', null, null, null, '5', '', '2015-03-01', '\0', null);
INSERT INTO `wemall_goods` VALUES ('98451', '2013-12-24 17:22:42', '\0', '22', '', null, '100', '[]', '绱㈠凹CMT-M333NT 瓒煎跺涵绔浣澹伴冲', '1000.00', '[]', '', '0', null, '', '1', '0', '2.00', 'all', '', '', '900.00', '\0', null, null, null, null, '0', '0', '0', '0', '0', '0', '91', null, null, '1', null, '0', '0', '0', null, '0', '1', '0', '900.00', null, null, null, null, null, '0', null, null, null, '5', '\0', null, '', '2015-03-01');
INSERT INTO `wemall_goods` VALUES ('98452', '2013-12-24 17:23:38', '\0', '40', '', null, '100', '[]', '椋╂郸DBD8010  骞冲澶浼涓', '2000.00', '[]', '', '0', null, '', '0', '0', '3.00', 'all', '', '', '1960.00', '\0', null, null, null, null, '0', '0', '0', '0', '0', '0', '91', null, '426112', '1', null, '0', '0', '0', null, '0', '2', '0', '1568.00', null, '0.00', '0.00', '0.00', null, '0', null, null, null, '5', '', '2015-03-01', '\0', null);
INSERT INTO `wemall_goods` VALUES ('98453', '2013-12-24 17:24:56', '\0', '24', '<p>\r\n	<span>寤褰: A &nbsp; &nbsp; &nbsp; &nbsp; &nbsp; &nbsp; &nbsp; &nbsp; &nbsp; &nbsp; &nbsp; &nbsp; &nbsp; &nbsp; &nbsp; &nbsp; &nbsp; &nbsp; &nbsp; &nbsp;&nbsp;<span>璐ㄦ: 绾ょ淮100% &nbsp; &nbsp; &nbsp; &nbsp; &nbsp; &nbsp; &nbsp; &nbsp; &nbsp; &nbsp; &nbsp; &nbsp; &nbsp; &nbsp; &nbsp; &nbsp;&nbsp;</span><span>娓绫诲: 绾靛(ㄧ嚎涓)</span></span>\r\n</p>\r\n<p>\r\n	<span><span>椋: </span> &nbsp; &nbsp; &nbsp; &nbsp; &nbsp; &nbsp; &nbsp; &nbsp; &nbsp; &nbsp; &nbsp; &nbsp; &nbsp; &nbsp; &nbsp; &nbsp; &nbsp; &nbsp; &nbsp; &nbsp;<span>瑁: 瑁</span> &nbsp; &nbsp; &nbsp; &nbsp; &nbsp; &nbsp; &nbsp; &nbsp; &nbsp; &nbsp; &nbsp; &nbsp; &nbsp; &nbsp; &nbsp; &nbsp; &nbsp; &nbsp; &nbsp; &nbsp; &nbsp; &nbsp; &nbsp; &nbsp; &nbsp; &nbsp;&nbsp;<span>琚: 胯</span><br />\r\n</span>\r\n</p>\r\n<p>\r\n	<span><span>棰: 棰 &nbsp; &nbsp; &nbsp; &nbsp; &nbsp; &nbsp; &nbsp; &nbsp; &nbsp; &nbsp; &nbsp; &nbsp; &nbsp; &nbsp; &nbsp; &nbsp; &nbsp; &nbsp; &nbsp; &nbsp;</span><span>ㄥ勾榫: 30-34ㄥ &nbsp; &nbsp; &nbsp; &nbsp; &nbsp; &nbsp; &nbsp; &nbsp; &nbsp; &nbsp; &nbsp; &nbsp; &nbsp; &nbsp; &nbsp; &nbsp; &nbsp; &nbsp; &nbsp; &nbsp;<img src=\"http://192.168.2.100:8080/shopping/upload/store/1/2016/04/04/35a44450-72a8-4806-a7ac-41af954810a1.jpg\" /><img src=\"http://192.168.2.100:8080/shopping/upload/store/1/2016/04/04/edf9e230-6b9d-46a7-9065-c5900275fb00.jpg\" /><img src=\"http://192.168.2.100:8080/shopping/upload/store/1/2016/04/04/17f61b1a-994e-41f9-bc3e-95d28bf9a6a6.jpg\" /></span><span>骞翠唤瀛ｈ: 2016骞存ュ</span><br />\r\n</span>\r\n</p>', null, '100', '[]', '叉浼2016╂ユ版惧濂宠胯a瀛惰版剧辫琛ｈ6873', '600.00', '[]', '', '0', null, '', '0', '1', '0.70', 'all', '', '', '288.00', '', '2016-04-04 18:23:12', null, null, null, '0', '0', '0', '0', '0', '0', '17', null, '426369', '1', null, '0', '0', '0', null, '0', '0', '0', '288.00', null, '0.00', '0.00', '0.00', null, '0', null, null, null, '5', '\0', null, '', '2015-03-01');
INSERT INTO `wemall_goods` VALUES ('98454', '2013-12-24 17:25:58', '\0', '85', '<p style=\"text-align:left;\">\r\n	<span style=\"line-height:1.5;\">寤褰: A &nbsp; &nbsp; &nbsp; &nbsp; &nbsp; &nbsp; &nbsp; &nbsp; &nbsp; &nbsp; &nbsp; &nbsp; &nbsp; &nbsp; &nbsp; &nbsp; &nbsp; &nbsp; &nbsp; &nbsp; &nbsp; &nbsp; &nbsp; &nbsp; &nbsp; &nbsp; &nbsp; &nbsp; &nbsp; &nbsp; &nbsp; &nbsp; &nbsp; &nbsp; </span><span style=\"line-height:1.5;\">璐ㄦ: 朵100% &nbsp; &nbsp; &nbsp; &nbsp; &nbsp; &nbsp; &nbsp; &nbsp; &nbsp; &nbsp; &nbsp; &nbsp; &nbsp; &nbsp; &nbsp; &nbsp; &nbsp; </span><span style=\"line-height:1.5;\">瑁: 瑁 &nbsp; &nbsp; &nbsp; &nbsp; &nbsp; &nbsp; &nbsp; &nbsp; &nbsp; &nbsp; &nbsp; &nbsp; &nbsp; &nbsp; &nbsp; &nbsp; &nbsp; &nbsp; &nbsp; &nbsp; &nbsp; &nbsp; &nbsp;</span> \r\n</p>\r\n<p style=\"text-align:left;\">\r\n	<span style=\"line-height:1.5;\">娆惧: 朵/other &nbsp; &nbsp; &nbsp; &nbsp; &nbsp; &nbsp; &nbsp; &nbsp; &nbsp; &nbsp; &nbsp; &nbsp; &nbsp; &nbsp; &nbsp; &nbsp; &nbsp; &nbsp; &nbsp; &nbsp; &nbsp; &nbsp; &nbsp; &nbsp; &nbsp; &nbsp; &nbsp; &nbsp; &nbsp; 琚: 琚 &nbsp; &nbsp; &nbsp; &nbsp; &nbsp; &nbsp; &nbsp; &nbsp; &nbsp; &nbsp; &nbsp; &nbsp; &nbsp; &nbsp; &nbsp; &nbsp; &nbsp; &nbsp; &nbsp; &nbsp; &nbsp; &nbsp; &nbsp; &nbsp; &nbsp;棰: 棰</span> \r\n</p>\r\n<p style=\"text-align:left;\">\r\n	<img src=\"http://192.168.2.102:8080/shopping/upload/store/1/2016/04/04/dbf36624-542e-4099-b1d9-e3cf9d9a03b7.jpg\" /><img src=\"http://192.168.2.102:8080/shopping/upload/store/1/2016/04/04/30f29109-5979-46ca-a980-7bba16d5e721.jpg\" /><img src=\"http://192.168.2.100:8080/shopping/upload/store/1/2016/04/04/30f29109-5979-46ca-a980-7bba16d5e721.jpg\" /><img src=\"http://192.168.2.100:8080/shopping/upload/store/1/2016/04/04/dbf36624-542e-4099-b1d9-e3cf9d9a03b7.jpg\" /> \r\n</p>', null, '100', '[]', '2016澶瀛ｆ版A瀛琚淇韬剧杩琛ｈ娆ф圭罕搴╃楂拌瑁濂', '300.00', '[]', '', '0', null, '', '0', '0', '4.00', 'all', '', '', '138.00', '', '2016-04-04 18:23:15', null, null, null, '0', '0', '0', '0', '0', '0', '17', null, '426363', '1', null, '0', '0', '0', null, '0', '0', '0', '138.00', null, '0.00', '0.00', '0.00', null, '0', null, null, null, '5', '', '2015-03-01', '\0', null);
INSERT INTO `wemall_goods` VALUES ('98455', '2013-12-24 17:26:48', '\0', '42', '<ul style=\"color:#404040;font-family:tahoma, arial, 寰杞榛, sans-serif;background-color:#FFFFFF;\">\r\n	<li style=\"vertical-align:top;color:#666666;\">\r\n		浜у绉帮茬 A5\r\n	</li>\r\n	<li style=\"vertical-align:top;color:#666666;\">\r\n		瑁浣绉:&nbsp;200*110*150\r\n	</li>\r\n	<li style=\"vertical-align:top;color:#666666;\">\r\n		澹伴:&nbsp;2\r\n	</li>\r\n	<li style=\"vertical-align:top;color:#666666;\">\r\n		:&nbsp;ㄦ\r\n	</li>\r\n	<li style=\"vertical-align:top;color:#666666;\">\r\n		姣:&nbsp;0.5kg\r\n	</li>\r\n	<li style=\"vertical-align:top;color:#666666;\">\r\n		绠变璐:&nbsp;濉\r\n	</li>\r\n	<li style=\"vertical-align:top;color:#666666;\">\r\n		棰插绫:&nbsp;缁胯&nbsp;绮\r\n	</li>\r\n	<li style=\"vertical-align:top;color:#666666;\">\r\n		:&nbsp;ㄥ借淇\r\n	</li>\r\n	<li style=\"vertical-align:top;color:#666666;\">\r\n		:&nbsp;茬\r\n	</li>\r\n	<li style=\"vertical-align:top;color:#666666;\">\r\n		:&nbsp;A5<img src=\"http://192.168.2.100:8080/shopping/upload/store/1/2016/04/04/e991e8d4-be94-4f42-ac7e-5fbaeaac7d38.jpg\" /><img src=\"http://192.168.2.100:8080/shopping/upload/store/1/2016/04/04/e991e8d4-be94-4f42-ac7e-5fbaeaac7d38.jpg\" />\r\n	</li>\r\n</ul>', null, '99', '[]', '茬 A5澶濯浣板虹佃灏崇辩璁版杩蜂浣崇2.0冲USB褰卞', '69.00', '[]', '', '1', null, '', '0', '0', '5.00', 'all', '', '', '49.00', '\0', null, null, null, null, '0', '0', '0', '0', '0', '0', '91', null, '426348', '1', null, '0', '0', '0', null, '0', '2', '0', '2880.00', null, '0.00', '0.00', '0.00', null, '0', null, null, null, '5', '\0', null, '', '2015-03-01');
INSERT INTO `wemall_goods` VALUES ('98456', '2013-12-24 17:27:37', '\0', '250', '<ul style=\"color:#404040;font-family:tahoma, arial, 寰杞榛, sans-serif;background-color:#FFFFFF;\">\r\n	<li style=\"color:#666666;vertical-align:top;\">\r\n		浜у绉帮Yamaha/椹 RX-V375/...\r\n	</li>\r\n	<li style=\"color:#666666;vertical-align:top;\">\r\n		涓绘烘剧煎:&nbsp;\r\n	</li>\r\n	<li style=\"color:#666666;vertical-align:top;\">\r\n		涓绘虹被:&nbsp;浠炬纰\r\n	</li>\r\n	<li style=\"color:#666666;vertical-align:top;\">\r\n		姣:&nbsp;30.5kg\r\n	</li>\r\n	<li style=\"color:#666666;vertical-align:top;\">\r\n		瑙棰杩ユ瑰:&nbsp;\r\n	</li>\r\n	<li style=\"color:#666666;vertical-align:top;\">\r\n		:&nbsp;AUXュ&nbsp;堕虫&nbsp;虫烘ュ\r\n	</li>\r\n	<li style=\"color:#666666;vertical-align:top;\">\r\n		虫妯″:&nbsp;DTS&nbsp;Dolby Pro Logic&nbsp;Dolby Pro Logic II\r\n	</li>\r\n	<li style=\"color:#666666;vertical-align:top;\">\r\n		崇辩变璐:&nbsp;濉\r\n	</li>\r\n	<li style=\"color:#666666;vertical-align:top;\">\r\n		崇辫ユ瑰:&nbsp;HDMI浼杈&nbsp;绾や杈&nbsp;杞翠杈&nbsp;板浼杈&nbsp;妯℃浼杈\r\n	</li>\r\n	<li style=\"color:#666666;vertical-align:top;\">\r\n		棰插绫:&nbsp;借&nbsp;榛\r\n	</li>\r\n	<li style=\"color:#666666;vertical-align:top;\">\r\n		:&nbsp;Yamaha/椹\r\n	</li>\r\n	<li style=\"color:#666666;vertical-align:top;\">\r\n		:&nbsp;RX-V375/PA40\r\n	</li>\r\n	<li style=\"color:#666666;vertical-align:top;\">\r\n		澹伴:&nbsp;5.1\r\n	</li>\r\n	<li style=\"color:#666666;vertical-align:top;\">\r\n		娆惧:&nbsp;虫卞\r\n	</li>\r\n	<li style=\"color:#666666;vertical-align:top;\">\r\n		DVD炬:&nbsp;涓甯DVD\r\n	</li>\r\n	<li style=\"color:#666666;vertical-align:top;\">\r\n		杈哄:&nbsp;601W()-800W()\r\n	</li>\r\n	<li style=\"color:#666666;vertical-align:top;\">\r\n		涓甯堕:&nbsp;2013骞\r\n	</li>\r\n	<li style=\"color:#666666;vertical-align:top;\">\r\n		澶ц哄:&nbsp;675W<img src=\"http://localhost:8080/shopping/upload/store/1/2016/04/04/8dbeded6-f229-4957-9bf6-198d21696ddd.jpg\" /><img src=\"http://localhost:8080/shopping/upload/store/1/2016/04/04/0a498b96-4233-4331-922e-01e4873242e2.jpg\" /> \r\n	</li>\r\n</ul>', null, '100', '[]', 'Yamaha椹 RX-V375PA40 瀹跺涵褰遍㈠㈠5.1濂瑁冲崇辩佃', '6200.00', '[]', '', '0', null, '', '0', '0', '5.00', 'all', '', '', '3999.00', '', '2015-03-02 16:10:09', null, null, null, '0', '0', '0', '0', '0', '0', '91', null, '426335', '1', null, '0', '0', '0', null, '0', '0', '0', '3999.00', null, '0.00', '0.00', '0.00', null, '0', null, null, null, '5', '', '2015-03-01', '\0', null);
INSERT INTO `wemall_goods` VALUES ('98457', '2014-09-25 12:13:22', '\0', '13', '<p style=\"text-align:justify;text-indent:2em;\">\r\n	<span>璇涔缂凤2015011606758508b &nbsp; &nbsp; &nbsp; &nbsp; &nbsp; &nbsp; &nbsp; &nbsp; &nbsp; &nbsp; &nbsp; &nbsp; &nbsp; &nbsp; &nbsp;&nbsp; &nbsp; &nbsp;璇涔舵锛 &nbsp; &nbsp; &nbsp; &nbsp; &nbsp; &nbsp; &nbsp; &nbsp; &nbsp; &nbsp; &nbsp; &nbsp; &nbsp; &nbsp; &nbsp; &nbsp; &nbsp; &nbsp;宠蜂汉绉帮宸涓靛</span>\r\n</p>\r\n<p style=\"text-align:justify;text-indent:2em;\">\r\n	<span>堕绉帮宸涓靛 &nbsp; &nbsp; &nbsp; &nbsp; &nbsp; &nbsp; &nbsp; &nbsp; &nbsp; &nbsp; &nbsp; &nbsp; &nbsp; &nbsp; &nbsp;&nbsp;浜у绉帮TD-LTE板绉诲ㄧ<img src=\"http://192.168.2.100:8080/shopping/upload/store/32769/2016/04/04/6189422c-4677-4bc6-8745-79f401f64b03.jpg\" /><img src=\"http://192.168.2.100:8080/shopping/upload/store/32769/2016/04/04/175f5d19-c126-48cd-989e-82d6fa3237ae.jpg\" />璇 &nbsp; &nbsp; &nbsp; &nbsp; &nbsp;</span>\r\n</p>', null, '998', '[]', 'Samsung涓 Galaxy S6 Edge SM-G92507', '2900.00', '[]', '', '2', null, '', '0', '1', null, 'all', '', '', '2200.00', '\0', null, null, null, null, '0', '0', '0', '0', '0', '0', '77', null, '426380', '32769', null, '0', '0', '1', null, '0', '0', '0', '2200.00', null, '0.00', '0.00', '0.00', null, '0', null, null, null, '5', '\0', null, '\0', null);
INSERT INTO `wemall_goods` VALUES ('98458', '2014-09-25 13:31:11', '\0', '48', '<p style=\"text-align:left;\">\r\n	<span>&nbsp;璇涔缂凤2015011606818801 &nbsp; &nbsp; &nbsp;&nbsp;璇涔舵锛 &nbsp; &nbsp; &nbsp; &nbsp; &nbsp;宠蜂汉绉帮榄绉锛涓斤</span>\r\n</p>\r\n<p style=\"text-align:left;\">\r\n	<span>&nbsp;堕绉帮榄绉锛涓斤镐骇 &nbsp;&nbsp;绉帮TD-LTE板绉诲ㄧ佃 &nbsp; &nbsp; &nbsp;3C浜у凤M57AC</span>\r\n</p>\r\n<p style=\"text-align:left;\">\r\n	<span>&nbsp;浜у绉帮Meizu/榄 &nbsp; &nbsp; &nbsp; &nbsp; &nbsp; &nbsp; &nbsp; &nbsp; &nbsp; &nbsp; &nbsp; &nbsp; &nbsp; &nbsp; &nbsp; &nbsp;CPU: 朵 &nbsp; &nbsp; &nbsp; &nbsp; &nbsp; &nbsp; &nbsp; &nbsp; &nbsp; &nbsp; &nbsp; &nbsp; &nbsp; &nbsp;榄: 榄metal典俊 &nbsp; &nbsp; &nbsp; &nbsp; &nbsp; &nbsp; &nbsp; &nbsp; &nbsp; &nbsp; &nbsp; &nbsp; &nbsp; &nbsp; &nbsp; &nbsp; &nbsp; &nbsp; &nbsp; &nbsp; &nbsp; &nbsp; &nbsp; &nbsp; &nbsp; &nbsp; &nbsp; &nbsp; &nbsp; &nbsp; &nbsp; &nbsp;鸿韩棰: 借 &nbsp; &nbsp; &nbsp; &nbsp; &nbsp; &nbsp; &nbsp; &nbsp; &nbsp; &nbsp; &nbsp; &nbsp; &nbsp; &nbsp; &nbsp; &nbsp;杩琛瀛RAM: 2GB &nbsp; &nbsp;&nbsp;鸿韩瀛: 16GB &nbsp; &nbsp; &nbsp;<img src=\"http://192.168.2.100:8080/shopping/upload/store/32769/2016/04/04/13c4e105-bf86-4ee9-ae14-aa5d6a76f9f9.jpg\" /><img src=\"http://192.168.2.100:8080/shopping/upload/store/32769/2016/04/04/fe46dffa-427d-443d-962a-c6c0a57e1421.png\" />缃缁妯″: ″妯＄垫瀹归: 3100mAh</span>\r\n</p>\r\n<div>\r\n	<br />\r\n</div>', null, '99', '[]', 'Meizu榄 榄metal典俊ㄧ', '3000.00', '[]', '', '1', null, '', '0', '1', null, 'all', '', '', '1999.00', '\0', null, null, null, null, '0', '0', '0', '0', '0', '0', '77', null, '426374', '32769', null, '0', '0', '0', null, '0', '0', '0', '1999.00', null, '0.00', '0.00', '0.00', '4', '0', null, null, null, '5', '\0', null, '\0', null);
INSERT INTO `wemall_goods` VALUES ('98459', '2014-09-25 13:57:23', '\0', '12', '', null, '99', '[]', '灏绫虫哄缃灏绫2s垫灏绫2s 垫姝ｅ灏绫2S瑁垫灏绫2垫', '199.00', '[]', '', '1', null, '', '-2', '0', '0.10', 'all', '灏绫崇垫', '灏绫崇垫', '99.00', '\0', null, null, null, null, '0', '0', '0', '0', '0', '0', '84', null, '426002', '32769', null, '0', '0', '0', null, '0', '0', '0', '99.00', '0.10', '20.00', '15.00', '10.00', null, '0', null, null, null, '5', '\0', null, '\0', null);
INSERT INTO `wemall_goods` VALUES ('98460', '2015-03-01 12:18:42', '\0', '20', '<span style=\"line-height:1.5;background-color:#ffffff;font-family:tahoma, arial, 寰杞榛, sans-serif;color:#666666;\">璐у:&nbsp;51151847 </span><span style=\"line-height:1.5;background-color:#ffffff;font-family:tahoma, arial, 寰杞榛, sans-serif;color:#666666;\">椋:&nbsp;缇 </span><span style=\"line-height:1.5;background-color:#ffffff;font-family:tahoma, arial, 寰杞榛, sans-serif;color:#666666;\">璐ㄦ:&nbsp;绾ょ淮100%</span><br />\r\n<span style=\"line-height:1.5;background-color:#ffffff;font-family:tahoma, arial, 寰杞榛, sans-serif;color:#666666;\">缁褰㈠:&nbsp;浠 </span><span style=\"line-height:1.5;background-color:#ffffff;font-family:tahoma, arial, 寰杞榛, sans-serif;color:#666666;\">瑁:&nbsp;瑁 </span><span style=\"line-height:1.5;background-color:#ffffff;font-family:tahoma, arial, 寰杞榛, sans-serif;color:#666666;\">娆惧:&nbsp;朵/other</span><br />\r\n<span style=\"line-height:1.5;background-color:#ffffff;font-family:tahoma, arial, 寰杞榛, sans-serif;color:#666666;\">琚:&nbsp;浜琚 </span><span style=\"line-height:1.5;background-color:#ffffff;font-family:tahoma, arial, 寰杞榛, sans-serif;color:#666666;\">棰:&nbsp;棰 </span><span style=\"line-height:1.5;background-color:#ffffff;font-family:tahoma, arial, 寰杞榛, sans-serif;color:#666666;\">琚:&nbsp;甯歌</span><br />\r\n<span style=\"line-height:1.5;background-color:#ffffff;font-family:tahoma, arial, 寰杞榛, sans-serif;color:#666666;\">板:&nbsp;瀹芥捐 </span><span style=\"line-height:1.5;background-color:#ffffff;font-family:tahoma, arial, 寰杞榛, sans-serif;color:#666666;\">琛ｉㄨ:&nbsp;濂澶 </span><span style=\"line-height:1.5;background-color:#ffffff;font-family:tahoma, arial, 寰杞榛, sans-serif;color:#666666;\">瑁:&nbsp;朵</span><br />\r\n<span style=\"line-height:1.5;background-color:#ffffff;font-family:tahoma, arial, 寰杞榛, sans-serif;color:#666666;\">炬:&nbsp;绾 </span><span style=\"line-height:1.5;background-color:#ffffff;font-family:tahoma, arial, 寰杞榛, sans-serif;color:#666666;\">娴琛绱/宸ヨ:&nbsp;缁ｈ </span><span style=\"line-height:1.5;background-color:#ffffff;font-family:tahoma, arial, 寰杞榛, sans-serif;color:#666666;\">:&nbsp;瑁甯</span><br />\r\n<span style=\"line-height:1.5;background-color:#ffffff;font-family:tahoma, arial, 寰杞榛, sans-serif;color:#666666;\">ㄥ勾榫:&nbsp;25-29ㄥ</span><br />\r\n<span style=\"line-height:1.5;background-color:#ffffff;font-family:tahoma, arial, 寰杞榛, sans-serif;color:#666666;\">骞翠唤瀛ｈ:&nbsp;2016骞村瀛</span><br />\r\n<span style=\"line-height:1.5;background-color:#ffffff;font-family:tahoma, arial, 寰杞榛, sans-serif;color:#666666;\">棰插绫:&nbsp;绮&nbsp;娴</span><br />\r\n<img src=\"http://192.168.2.102:8080/shopping/upload/store/1/2016/04/04/444ed816-9db0-456d-a28c-fcc7fc900097.jpg\" /><img src=\"http://192.168.2.102:8080/shopping/upload/store/1/2016/04/04/7409991b-ff7a-4481-8402-dbead4fc7285.jpg\" /><img src=\"http://192.168.2.102:8080/shopping/upload/store/1/2016/04/04/09ab7939-e4df-46fd-aadb-cad2911b2f00.jpg\" /><br />', null, '200', '[]', '瑁甯2016澶瑁版剧浣绔¤楗板虹唬棰涓琚 A杩琛ｈ濂51151847', '439.00', '[{\"val\":\"\",\"id\":\"2\",\"name\":\"璐\"}, {\"val\":\"琚\",\"id\":\"1\",\"name\":\"娆惧\"}]', '', '0', null, '', '0', '1', '0.50', 'all', '', '', '339.80', '', '2015-03-01 12:25:30', null, null, null, '0', '0', '0', '0', '0', '0', '17', '2', '426342', '1', null, '0', '0', '0', null, '0', '0', '0', '339.80', null, '0.00', '0.00', '0.00', null, '0', null, null, null, null, '\0', null, '\0', null);

-- ----------------------------
-- Table structure for wemall_goodsbrand
-- ----------------------------
DROP TABLE IF EXISTS `wemall_goodsbrand`;
CREATE TABLE `wemall_goodsbrand` (
  `id` bigint(20) NOT NULL AUTO_INCREMENT,
  `addTime` datetime DEFAULT NULL,
  `deleteStatus` bit(1) NOT NULL,
  `audit` bit(1) NOT NULL,
  `name` varchar(255) DEFAULT NULL,
  `recommend` bit(1) NOT NULL,
  `sequence` int(11) NOT NULL,
  `brandLogo_id` bigint(20) DEFAULT NULL,
  `category_id` bigint(20) DEFAULT NULL,
  `remark` longtext,
  `userStatus` int(11) DEFAULT '0',
  `user_id` bigint(20) DEFAULT NULL,
  `weixin_shop_recommend` bit(1) DEFAULT b'0',
  `weixin_shop_recommendTime` date DEFAULT NULL,
  `first_word` varchar(255) DEFAULT NULL,
  PRIMARY KEY (`id`),
  KEY `FK380F53C292ACC22` (`category_id`),
  KEY `FK380F53C25F95F5C3` (`brandLogo_id`),
  KEY `FK380F53C2537B6C51` (`user_id`),
  CONSTRAINT `FK380F53C2537B6C51` FOREIGN KEY (`user_id`) REFERENCES `wemall_user` (`id`),
  CONSTRAINT `FK380F53C25F95F5C3` FOREIGN KEY (`brandLogo_id`) REFERENCES `wemall_accessory` (`id`),
  CONSTRAINT `FK380F53C292ACC22` FOREIGN KEY (`category_id`) REFERENCES `wemall_brandcategory` (`id`)
) ENGINE=InnoDB AUTO_INCREMENT=15 DEFAULT CHARSET=utf8;

-- ----------------------------
-- Records of wemall_goodsbrand
-- ----------------------------
INSERT INTO `wemall_goodsbrand` VALUES ('1', '2013-12-24 09:50:45', '\0', '', '娉㈠哥', '', '0', '32775', '1', null, '0', null, '', '2015-03-01', 'B');
INSERT INTO `wemall_goodsbrand` VALUES ('2', '2013-12-24 09:51:42', '\0', '', '椹', '', '1', '32776', '1', null, '0', null, '', '2015-03-01', 'M');
INSERT INTO `wemall_goodsbrand` VALUES ('3', '2013-12-24 09:51:57', '\0', '', '涓圭', '', '2', '32777', '1', null, '0', null, '', '2015-03-01', 'Q');
INSERT INTO `wemall_goodsbrand` VALUES ('4', '2013-12-24 09:59:10', '\0', '', '╅借。', '', '3', '32778', '2', null, '0', null, '', '2015-03-01', 'H');
INSERT INTO `wemall_goodsbrand` VALUES ('5', '2013-12-24 10:02:21', '\0', '', '澶у寸', '', '4', '32779', '2', null, '0', null, '', '2015-03-01', 'D');
INSERT INTO `wemall_goodsbrand` VALUES ('6', '2013-12-24 10:02:45', '\0', '', '娆ф跺', '', '5', '32780', '2', null, '0', null, '', '2015-03-01', 'O');
INSERT INTO `wemall_goodsbrand` VALUES ('7', '2013-12-24 10:03:16', '\0', '', 'ONLY', '', '6', '32781', '2', null, '0', null, '', '2015-03-01', 'O');
INSERT INTO `wemall_goodsbrand` VALUES ('8', '2013-12-24 10:04:10', '\0', '', 'OSA/娆ц', '', '7', '32782', '2', null, '0', null, '', '2015-03-01', 'O');
INSERT INTO `wemall_goodsbrand` VALUES ('9', '2013-12-24 10:07:10', '\0', '', '涓', '', '8', '32783', '3', null, '0', null, '', '2015-03-01', 'S');
INSERT INTO `wemall_goodsbrand` VALUES ('10', '2013-12-24 10:07:30', '\0', '', 'HTC', '', '9', '32784', '3', null, '0', null, '', '2015-03-01', 'H');
INSERT INTO `wemall_goodsbrand` VALUES ('11', '2013-12-24 10:09:05', '\0', '', '', '', '10', '32785', '4', null, '0', null, '', '2015-03-01', 'N');
INSERT INTO `wemall_goodsbrand` VALUES ('12', '2013-12-24 10:09:36', '\0', '', 'Speedo/姣娑', '', '11', '32786', '4', null, '0', null, '', '2015-03-01', 'S');
INSERT INTO `wemall_goodsbrand` VALUES ('13', '2013-12-24 10:10:22', '\0', '', 'Toread/㈣矾', '', '12', '32787', '4', null, '0', null, '\0', null, 'T');
INSERT INTO `wemall_goodsbrand` VALUES ('14', '2013-12-24 10:15:17', '\0', '', '', '', '13', '32788', '3', null, '0', null, '\0', null, 'L');

-- ----------------------------
-- Table structure for wemall_goodscart
-- ----------------------------
DROP TABLE IF EXISTS `wemall_goodscart`;
CREATE TABLE `wemall_goodscart` (
  `id` bigint(20) NOT NULL AUTO_INCREMENT,
  `addTime` datetime DEFAULT NULL,
  `deleteStatus` bit(1) NOT NULL,
  `count` int(11) NOT NULL,
  `price` decimal(12,2) DEFAULT NULL,
  `spec_info` longtext,
  `goods_id` bigint(20) DEFAULT NULL,
  `of_id` bigint(20) DEFAULT NULL,
  `cart_type` varchar(255) DEFAULT NULL,
  `sc_id` bigint(20) DEFAULT NULL,
  PRIMARY KEY (`id`),
  KEY `FK6D29FF859F21119E` (`of_id`),
  KEY `FK64EC15F339519D2` (`goods_id`),
  KEY `FK64EC15F62D0D4E3` (`sc_id`),
  CONSTRAINT `FK64EC15F339519D2` FOREIGN KEY (`goods_id`) REFERENCES `wemall_goods` (`id`),
  CONSTRAINT `FK64EC15F62D0D4E3` FOREIGN KEY (`sc_id`) REFERENCES `wemall_storecart` (`id`),
  CONSTRAINT `FK6D29FF859F21119E` FOREIGN KEY (`of_id`) REFERENCES `wemall_orderform` (`id`)
) ENGINE=InnoDB AUTO_INCREMENT=229690 DEFAULT CHARSET=utf8;

-- ----------------------------
-- Records of wemall_goodscart
-- ----------------------------
INSERT INTO `wemall_goodscart` VALUES ('1', '2014-01-02 12:46:10', '\0', '0', '890.00', '棰:借 灏虹: ', '98412', '1', null, null);
INSERT INTO `wemall_goodscart` VALUES ('32768', '2014-01-02 19:08:09', '\0', '1', '600.00', '棰:榛 :37 ', '98410', '32768', null, null);
INSERT INTO `wemall_goodscart` VALUES ('32769', '2014-01-02 19:08:25', '\0', '1', '386.00', '', '98406', '32768', null, null);
INSERT INTO `wemall_goodscart` VALUES ('65536', '2014-01-02 19:21:28', '\0', '1', '600.00', ':39 棰:妗 ', '98410', '65536', null, null);
INSERT INTO `wemall_goodscart` VALUES ('65537', '2014-01-02 19:21:30', '\0', '1', '600.00', '棰:榛 :37 ', '98410', '65536', null, null);
INSERT INTO `wemall_goodscart` VALUES ('98304', '2014-01-03 11:20:20', '\0', '1', '600.00', '棰:借 :37 ', '98410', '98304', null, null);
INSERT INTO `wemall_goodscart` VALUES ('229377', '2014-03-15 17:09:07', '\0', '1', '178.00', '', '98392', '229377', null, null);
INSERT INTO `wemall_goodscart` VALUES ('229378', '2014-03-15 17:17:07', '\0', '1', '178.00', '', '98392', '229378', null, null);
INSERT INTO `wemall_goodscart` VALUES ('229395', '2014-09-23 17:55:27', '\0', '1', '890.00', '棰:妗 灏虹: ', '98412', '229386', null, null);
INSERT INTO `wemall_goodscart` VALUES ('229396', '2014-09-23 17:55:44', '\0', '1', '890.00', '棰:榛 灏虹: ', '98412', '229386', null, null);
INSERT INTO `wemall_goodscart` VALUES ('229397', '2014-09-24 18:16:49', '\0', '1', '890.00', '棰:榛 灏虹: ', '98412', '229387', null, null);
INSERT INTO `wemall_goodscart` VALUES ('229398', '2014-09-24 18:16:54', '\0', '1', '890.00', '棰:借 灏虹: ', '98412', '229387', null, null);
INSERT INTO `wemall_goodscart` VALUES ('229399', '2014-09-24 18:52:06', '\0', '1', '890.00', '棰:榛 灏虹: ', '98412', '229388', null, null);
INSERT INTO `wemall_goodscart` VALUES ('229400', '2014-09-24 18:52:08', '\0', '1', '890.00', '棰:妗 灏虹: ', '98412', '229388', null, null);
INSERT INTO `wemall_goodscart` VALUES ('229401', '2014-09-24 19:07:23', '\0', '1', '890.00', '棰:榛 灏虹: ', '98412', '229389', null, null);
INSERT INTO `wemall_goodscart` VALUES ('229402', '2014-09-24 19:07:24', '\0', '1', '890.00', '棰:借 灏虹: ', '98412', '229389', null, null);
INSERT INTO `wemall_goodscart` VALUES ('229403', '2014-09-25 13:19:44', '\0', '1', '98.50', '', '98457', '229390', null, null);
INSERT INTO `wemall_goodscart` VALUES ('229404', '2014-09-25 14:19:20', '\0', '1', '99.00', '', '98459', '229391', null, null);
INSERT INTO `wemall_goodscart` VALUES ('229405', '2014-09-25 14:19:38', '\0', '1', '59.00', '', '98458', '229391', null, null);
INSERT INTO `wemall_goodscart` VALUES ('229406', '2014-09-25 14:19:48', '\0', '1', '98.50', '', '98457', '229391', null, null);
INSERT INTO `wemall_goodscart` VALUES ('229407', '2014-10-12 18:22:02', '\0', '2', '1100.00', '棰:榛 灏虹: ', '1', '229392', 'combin', null);
INSERT INTO `wemall_goodscart` VALUES ('229408', '2014-10-29 13:30:19', '\0', '1', '4000.00', '', '98456', '229393', null, null);
INSERT INTO `wemall_goodscart` VALUES ('229409', '2014-10-31 12:33:40', '\0', '1', '890.00', '棰:借 灏虹: ', '98412', '229394', null, null);
INSERT INTO `wemall_goodscart` VALUES ('229438', '2014-11-28 09:13:10', '\0', '5', '890.00', '棰:妗 灏虹: ', '98412', '229397', null, '19');
INSERT INTO `wemall_goodscart` VALUES ('229441', '2014-11-28 09:17:58', '\0', '1', '890.00', '棰:借 灏虹: ', '98412', '229397', null, '19');
INSERT INTO `wemall_goodscart` VALUES ('229532', '2014-11-28 15:12:37', '\0', '1', '789.00', '棰:榛 灏虹:XS ', '3', '229398', null, '43');
INSERT INTO `wemall_goodscart` VALUES ('229585', '2014-11-30 16:43:38', '\0', '1', '386.00', '', '98406', '229399', null, '72');
INSERT INTO `wemall_goodscart` VALUES ('229586', '2014-11-30 18:29:15', '\0', '1', '580.00', '棰:榛 :36 ', '98408', '229400', null, '73');
INSERT INTO `wemall_goodscart` VALUES ('229587', '2014-11-30 18:29:16', '\0', '1', '580.00', '棰:榛 :37 ', '98408', '229400', null, '73');
INSERT INTO `wemall_goodscart` VALUES ('229588', '2014-12-02 12:27:10', '\0', '1', '178.00', '', '98392', '229401', null, '74');
INSERT INTO `wemall_goodscart` VALUES ('229589', '2014-12-02 12:28:42', '\0', '1', '178.00', '', '98392', '229402', null, '75');
INSERT INTO `wemall_goodscart` VALUES ('229590', '2014-12-02 12:29:37', '\0', '1', '178.00', '', '98392', '229403', null, '76');
INSERT INTO `wemall_goodscart` VALUES ('229596', '2014-12-02 16:21:58', '\0', '1', '300.00', '', '98358', '229404', null, '82');
INSERT INTO `wemall_goodscart` VALUES ('229597', '2014-12-02 16:35:32', '\0', '1', '600.00', '灏虹: ', '9', '229405', null, '83');
INSERT INTO `wemall_goodscart` VALUES ('229598', '2014-12-02 16:49:51', '\0', '1', '235.00', '灏虹: ', '98304', '229406', null, '84');
INSERT INTO `wemall_goodscart` VALUES ('229599', '2014-12-02 17:01:58', '\0', '1', '235.00', '灏虹: ', '98304', '229407', null, '85');
INSERT INTO `wemall_goodscart` VALUES ('229600', '2014-12-02 17:13:34', '\0', '1', '235.00', '灏虹: ', '98304', '229408', null, '86');
INSERT INTO `wemall_goodscart` VALUES ('229601', '2014-12-02 17:21:38', '\0', '1', '600.00', ':36 ', '98331', '229409', null, '87');
INSERT INTO `wemall_goodscart` VALUES ('229607', '2014-12-03 09:47:40', '\0', '1', '98.00', '', '98334', '229410', null, '92');
INSERT INTO `wemall_goodscart` VALUES ('229608', '2014-12-03 10:10:13', '\0', '1', '890.00', '棰:借 灏虹: ', '98412', '229411', null, '93');
INSERT INTO `wemall_goodscart` VALUES ('229609', '2014-12-03 10:17:40', '\0', '1', '600.00', '棰:借 :36 ', '98410', '229412', null, '94');
INSERT INTO `wemall_goodscart` VALUES ('229610', '2014-12-03 10:28:17', '\0', '1', '600.00', '棰:榛 :36 ', '98410', '229413', null, '95');
INSERT INTO `wemall_goodscart` VALUES ('229611', '2014-12-03 10:30:34', '\0', '1', '600.00', '棰:妗 :36 ', '98410', '229414', null, '96');
INSERT INTO `wemall_goodscart` VALUES ('229612', '2014-12-03 10:42:21', '\0', '1', '600.00', '棰:榛 :37 ', '98410', '229415', null, '97');
INSERT INTO `wemall_goodscart` VALUES ('229613', '2014-12-03 11:18:41', '\0', '1', '600.00', ':37 ', '98331', '229416', null, '98');
INSERT INTO `wemall_goodscart` VALUES ('229614', '2014-12-03 11:40:20', '\0', '1', '15.00', '', '98314', '229417', null, '99');
INSERT INTO `wemall_goodscart` VALUES ('229615', '2014-12-03 12:19:23', '\0', '1', '890.00', '棰:借 灏虹: ', '98412', '229418', null, '100');
INSERT INTO `wemall_goodscart` VALUES ('229616', '2014-12-03 12:38:32', '\0', '1', '600.00', '棰:借 :36 ', '98410', '229419', null, '101');
INSERT INTO `wemall_goodscart` VALUES ('229617', '2014-12-03 13:27:25', '\0', '1', '15.00', '', '98314', '229420', null, '102');
INSERT INTO `wemall_goodscart` VALUES ('229618', '2014-12-03 14:12:28', '\0', '1', '600.00', '棰:借 :37 ', '98410', '229421', null, '103');
INSERT INTO `wemall_goodscart` VALUES ('229619', '2014-12-03 14:53:56', '\0', '1', '600.00', '棰:榛 :36 ', '98410', '229422', null, '104');
INSERT INTO `wemall_goodscart` VALUES ('229620', '2014-12-03 15:43:01', '\0', '1', '600.00', '棰:借 :36 ', '98410', '229423', null, '105');
INSERT INTO `wemall_goodscart` VALUES ('229629', '2014-12-14 14:04:47', '\0', '1', '890.00', '棰:榛 灏虹: ', '98412', '229424', null, '111');
INSERT INTO `wemall_goodscart` VALUES ('229630', '2014-12-14 14:15:03', '\0', '1', '15.00', '', '98314', '229425', null, '112');
INSERT INTO `wemall_goodscart` VALUES ('229631', '2014-12-14 14:31:22', '\0', '1', '890.00', '棰:借 灏虹: ', '98412', '229426', null, '113');
INSERT INTO `wemall_goodscart` VALUES ('229632', '2014-12-14 14:35:59', '\0', '1', '600.00', '棰:借 :36 ', '98410', '229427', null, '114');
INSERT INTO `wemall_goodscart` VALUES ('229633', '2014-12-14 14:56:48', '\0', '1', '386.00', '', '98406', '229428', null, '115');
INSERT INTO `wemall_goodscart` VALUES ('229634', '2014-12-14 15:23:08', '\0', '1', '890.00', ':35 ', '98344', '229429', null, '116');
INSERT INTO `wemall_goodscart` VALUES ('229635', '2014-12-14 16:18:58', '\0', '1', '600.00', ':37 ', '98331', '229430', null, '117');
INSERT INTO `wemall_goodscart` VALUES ('229636', '2014-12-14 16:28:33', '\0', '1', '386.00', '', '98406', '229431', null, '118');
INSERT INTO `wemall_goodscart` VALUES ('229637', '2014-12-14 16:29:17', '\0', '1', '600.00', ':37 ', '98331', '229432', null, '119');
INSERT INTO `wemall_goodscart` VALUES ('229638', '2014-12-14 16:35:59', '\0', '1', '890.00', ':37 ', '98344', '229433', null, '120');
INSERT INTO `wemall_goodscart` VALUES ('229639', '2014-12-14 16:54:28', '\0', '1', '3600.00', '', '98455', '229434', null, '121');
INSERT INTO `wemall_goodscart` VALUES ('229640', '2014-12-14 16:54:59', '\0', '1', '600.00', '棰:借 :36 ', '98410', '229435', null, '122');
INSERT INTO `wemall_goodscart` VALUES ('229641', '2014-12-14 16:55:30', '\0', '1', '3600.00', '', '98455', '229436', null, '123');
INSERT INTO `wemall_goodscart` VALUES ('229642', '2015-02-28 13:54:38', '\0', '1', '600.00', '棰:榛 :36 ', '98410', '229437', null, '124');
INSERT INTO `wemall_goodscart` VALUES ('229646', '2015-02-28 21:26:35', '\0', '1', '580.00', ':38 棰:榛 ', '98408', '229438', null, '128');
INSERT INTO `wemall_goodscart` VALUES ('229673', '2016-03-17 10:06:36', '\0', '1', '600.00', '棰:榛 :37 ', '98321', '229439', null, '148');
INSERT INTO `wemall_goodscart` VALUES ('229676', '2016-03-17 16:18:02', '\0', '1', '4000.00', '', '98456', '229439', null, '148');
INSERT INTO `wemall_goodscart` VALUES ('229677', '2016-03-17 16:22:05', '\0', '1', '890.00', '棰:榛 灏虹: ', '98412', '229439', null, '148');
INSERT INTO `wemall_goodscart` VALUES ('229678', '2016-03-17 17:01:23', '\0', '1', '890.00', '棰:榛 灏虹: ', '98412', '229441', null, '149');
INSERT INTO `wemall_goodscart` VALUES ('229679', '2016-03-18 11:18:42', '\0', '1', '890.00', '棰:榛 灏虹: ', '98412', '229442', null, '150');
INSERT INTO `wemall_goodscart` VALUES ('229680', '2016-03-18 11:21:31', '\0', '1', '59.00', '', '98458', '229443', null, '151');
INSERT INTO `wemall_goodscart` VALUES ('229681', '2016-03-18 11:24:14', '\0', '1', '4000.00', '', '98456', '229444', null, '152');
INSERT INTO `wemall_goodscart` VALUES ('229682', '2016-03-18 11:27:05', '\0', '1', '390.00', '棰:绾㈣ 灏虹:XL ', '98460', '229445', null, '153');
INSERT INTO `wemall_goodscart` VALUES ('229683', '2016-03-18 11:32:45', '\0', '1', '580.00', ':40 棰:榛 ', '98408', '229446', null, '154');
INSERT INTO `wemall_goodscart` VALUES ('229684', '2016-03-18 11:37:02', '\0', '1', '453.60', '', '98402', '229447', null, '155');
INSERT INTO `wemall_goodscart` VALUES ('229685', '2016-03-18 11:40:22', '\0', '1', '308.80', '', '98406', '229448', null, '156');
INSERT INTO `wemall_goodscart` VALUES ('229686', '2016-03-18 11:41:20', '\0', '1', '100.80', '', '98404', '229449', null, '157');
INSERT INTO `wemall_goodscart` VALUES ('229687', '2016-04-06 11:09:38', '\0', '1', '235.00', '', '98308', null, null, '158');
INSERT INTO `wemall_goodscart` VALUES ('229688', '2016-04-06 11:15:26', '\0', '1', '1999.00', '', '98458', '229450', null, '159');
INSERT INTO `wemall_goodscart` VALUES ('229689', '2016-04-07 11:25:40', '\0', '1', '339.80', '棰: 灏虹:XL ', '98460', '229451', null, '160');

-- ----------------------------
-- Table structure for wemall_goodsclass
-- ----------------------------
DROP TABLE IF EXISTS `wemall_goodsclass`;
CREATE TABLE `wemall_goodsclass` (
  `id` bigint(20) NOT NULL AUTO_INCREMENT,
  `addTime` datetime DEFAULT NULL,
  `deleteStatus` bit(1) NOT NULL,
  `className` varchar(255) DEFAULT NULL,
  `display` bit(1) NOT NULL,
  `level` int(11) NOT NULL,
  `recommend` bit(1) NOT NULL,
  `sequence` int(11) NOT NULL,
  `goodsType_id` bigint(20) DEFAULT NULL,
  `parent_id` bigint(20) DEFAULT NULL,
  `seo_description` longtext,
  `seo_keywords` longtext,
  `icon_sys` varchar(255) DEFAULT NULL,
  `icon_type` int(11) DEFAULT '0',
  `icon_acc_id` bigint(20) DEFAULT NULL,
  PRIMARY KEY (`id`),
  KEY `FKC38E2B193CA4A709` (`icon_acc_id`),
  KEY `FKC38E2B194020BFB2` (`goodsType_id`),
  KEY `FKC38E2B19835D2FBA` (`parent_id`),
  CONSTRAINT `FKC38E2B193CA4A709` FOREIGN KEY (`icon_acc_id`) REFERENCES `wemall_accessory` (`id`),
  CONSTRAINT `FKC38E2B194020BFB2` FOREIGN KEY (`goodsType_id`) REFERENCES `wemall_goodstype` (`id`),
  CONSTRAINT `FKC38E2B19835D2FBA` FOREIGN KEY (`parent_id`) REFERENCES `wemall_goodsclass` (`id`)
) ENGINE=InnoDB AUTO_INCREMENT=65680 DEFAULT CHARSET=utf8;

-- ----------------------------
-- Records of wemall_goodsclass
-- ----------------------------
INSERT INTO `wemall_goodsclass` VALUES ('1', '2013-12-24 10:33:18', '\0', '疯跺濂宠', '', '0', '', '0', '1', null, '峰コ楗', '峰コ楗', '1', '0', null);
INSERT INTO `wemall_goodsclass` VALUES ('2', '2013-12-24 10:33:55', '\0', '疯', '', '1', '', '1', '1', '1', null, null, null, '0', null);
INSERT INTO `wemall_goodsclass` VALUES ('3', '2013-12-24 10:34:31', '\0', '濂宠', '', '1', '', '2', '1', '1', null, null, null, '0', null);
INSERT INTO `wemall_goodsclass` VALUES ('4', '2013-12-24 10:35:04', '\0', '瀹跺琛', '', '1', '', '3', '1', '1', null, null, null, '0', null);
INSERT INTO `wemall_goodsclass` VALUES ('5', '2013-12-24 10:35:51', '\0', '浼插す', '', '2', '', '1', '1', '2', null, null, null, '0', null);
INSERT INTO `wemall_goodsclass` VALUES ('6', '2013-12-24 10:37:50', '\0', '澶ц。椋琛', '', '2', '', '2', '1', '2', null, null, null, '0', null);
INSERT INTO `wemall_goodsclass` VALUES ('7', '2013-12-24 10:38:01', '\0', '缇界', '', '2', '', '2', '1', '2', null, null, null, '0', null);
INSERT INTO `wemall_goodsclass` VALUES ('8', '2013-12-24 10:38:29', '\0', '跺T', '', '2', '', '0', '1', '2', null, null, null, '0', null);
INSERT INTO `wemall_goodsclass` VALUES ('9', '2013-12-24 10:38:57', '\0', '姣琛', '', '2', '', '4', '1', '2', null, null, null, '0', null);
INSERT INTO `wemall_goodsclass` VALUES ('10', '2013-12-24 10:40:15', '\0', '浼茶タ瑁', '', '2', '', '5', null, '2', null, null, null, '0', null);
INSERT INTO `wemall_goodsclass` VALUES ('11', '2013-12-24 10:41:28', '\0', '浼查胯￥', '', '2', '', '6', '1', '2', null, null, null, '0', null);
INSERT INTO `wemall_goodsclass` VALUES ('12', '2013-12-24 10:42:14', '\0', '胯琛琛', '', '2', '', '7', '1', '2', null, null, null, '0', null);
INSERT INTO `wemall_goodsclass` VALUES ('13', '2013-12-24 10:43:28', '\0', '妫琛', '', '2', '', '0', '1', '3', null, null, null, '0', null);
INSERT INTO `wemall_goodsclass` VALUES ('14', '2013-12-24 10:43:55', '\0', '跺姣琛', '', '2', '', '0', '1', '3', null, null, null, '0', null);
INSERT INTO `wemall_goodsclass` VALUES ('15', '2013-12-24 10:44:19', '\0', '搴琛', '', '2', '', '0', '1', '3', null, null, null, '0', null);
INSERT INTO `wemall_goodsclass` VALUES ('16', '2013-12-24 10:44:34', '\0', '搴瑁', '', '2', '', '0', '1', '3', null, null, null, '0', null);
INSERT INTO `wemall_goodsclass` VALUES ('17', '2013-12-24 10:44:51', '\0', '杩琛ｈ', '', '2', '', '0', '1', '3', null, null, null, '0', null);
INSERT INTO `wemall_goodsclass` VALUES ('18', '2013-12-24 10:45:05', '\0', '韬瑁', '', '2', '', '0', '1', '3', null, null, null, '0', null);
INSERT INTO `wemall_goodsclass` VALUES ('19', '2013-12-24 10:46:08', '\0', '濉韬琛', '', '2', '', '0', '1', '4', null, null, null, '0', null);
INSERT INTO `wemall_goodsclass` VALUES ('20', '2013-12-24 10:46:27', '\0', '', '', '2', '', '1', '1', '4', null, null, null, '0', null);
INSERT INTO `wemall_goodsclass` VALUES ('21', '2013-12-24 10:46:35', '\0', '瑁', '', '2', '', '0', '1', '4', null, null, null, '0', null);
INSERT INTO `wemall_goodsclass` VALUES ('22', '2013-12-24 10:47:35', '\0', '缁¤。', '', '2', '', '0', '1', '4', null, null, null, '0', null);
INSERT INTO `wemall_goodsclass` VALUES ('23', '2013-12-24 10:47:46', '\0', '绉¤。', '', '2', '', '0', '1', '4', null, null, null, '0', null);
INSERT INTO `wemall_goodsclass` VALUES ('24', '2013-12-24 10:48:08', '\0', '琚瀛', '', '2', '', '0', null, '4', null, null, null, '0', null);
INSERT INTO `wemall_goodsclass` VALUES ('25', '2013-12-24 10:48:28', '\0', '烽濂抽濂冲', '', '0', '', '1', null, null, '', '', '2', '0', null);
INSERT INTO `wemall_goodsclass` VALUES ('26', '2013-12-24 10:49:18', '\0', '', '', '1', '', '1', null, '25', null, null, null, '0', null);
INSERT INTO `wemall_goodsclass` VALUES ('27', '2013-12-24 10:49:43', '\0', '烽', '', '1', '', '0', '2', '25', null, null, null, '0', null);
INSERT INTO `wemall_goodsclass` VALUES ('28', '2013-12-24 10:49:55', '\0', '濂抽', '', '1', '', '0', '2', '25', null, null, null, '0', null);
INSERT INTO `wemall_goodsclass` VALUES ('29', '2013-12-24 10:50:13', '\0', '跺楗', '', '1', '', '0', null, '25', null, null, null, '0', null);
INSERT INTO `wemall_goodsclass` VALUES ('30', '2013-12-24 10:51:02', '\0', '浼茬', '', '2', '', '1', '2', '27', null, null, null, '0', null);
INSERT INTO `wemall_goodsclass` VALUES ('31', '2013-12-24 10:52:53', '\0', '浼璐ㄥ', '', '2', '', '0', '2', '27', null, null, null, '0', null);
INSERT INTO `wemall_goodsclass` VALUES ('32', '2013-12-24 10:53:06', '\0', '瀛ｆ版', '', '2', '', '0', '2', '27', null, null, null, '0', null);
INSERT INTO `wemall_goodsclass` VALUES ('33', '2013-12-24 10:53:22', '\0', '淇妫', '', '2', '', '0', '2', '27', null, null, null, '0', null);
INSERT INTO `wemall_goodsclass` VALUES ('34', '2013-12-24 10:53:51', '\0', '', '', '2', '', '0', null, '26', null, null, null, '0', null);
INSERT INTO `wemall_goodsclass` VALUES ('35', '2013-12-24 10:54:04', '\0', '跺卞', '', '2', '', '0', null, '26', null, null, null, '0', null);
INSERT INTO `wemall_goodsclass` VALUES ('36', '2013-12-24 10:55:12', '\0', '澶藉', '', '2', '', '0', null, '26', null, null, null, '0', null);
INSERT INTO `wemall_goodsclass` VALUES ('37', '2013-12-24 10:55:19', '\0', '', '', '2', '', '0', null, '26', null, null, null, '0', null);
INSERT INTO `wemall_goodsclass` VALUES ('38', '2013-12-24 10:55:28', '\0', '╁', '', '2', '', '0', null, '26', null, null, null, '0', null);
INSERT INTO `wemall_goodsclass` VALUES ('39', '2013-12-24 10:55:40', '\0', '琛绠', '', '2', '', '0', null, '26', null, null, null, '0', null);
INSERT INTO `wemall_goodsclass` VALUES ('40', '2013-12-24 10:57:10', '\0', '', '', '2', '', '0', '2', '28', null, null, null, '0', null);
INSERT INTO `wemall_goodsclass` VALUES ('41', '2013-12-24 10:58:52', '\0', '伴', '', '2', '', '0', '2', '28', null, null, null, '0', null);
INSERT INTO `wemall_goodsclass` VALUES ('42', '2013-12-24 10:59:26', '\0', '楂绛', '', '2', '', '0', '2', '28', null, null, null, '0', null);
INSERT INTO `wemall_goodsclass` VALUES ('43', '2013-12-24 11:00:16', '\0', '韫', '', '2', '', '0', '2', '28', null, null, null, '0', null);
INSERT INTO `wemall_goodsclass` VALUES ('44', '2013-12-24 11:01:07', '\0', '骞宠', '', '2', '', '0', '2', '28', null, null, null, '0', null);
INSERT INTO `wemall_goodsclass` VALUES ('45', '2013-12-24 11:03:31', '\0', '峰＋甯', '', '2', '', '0', null, '29', null, null, null, '0', null);
INSERT INTO `wemall_goodsclass` VALUES ('46', '2013-12-24 11:03:41', '\0', '濂冲＋板甫', '', '2', '', '0', null, '29', null, null, null, '0', null);
INSERT INTO `wemall_goodsclass` VALUES ('47', '2013-12-24 11:03:54', '\0', '村肪', '', '2', '', '0', null, '29', null, null, null, '0', null);
INSERT INTO `wemall_goodsclass` VALUES ('48', '2013-12-24 11:04:07', '\0', '', '', '2', '', '0', null, '29', null, null, null, '0', null);
INSERT INTO `wemall_goodsclass` VALUES ('49', '2013-12-24 11:04:14', '\0', '涓宸', '', '2', '', '0', null, '29', null, null, null, '0', null);
INSERT INTO `wemall_goodsclass` VALUES ('50', '2013-12-24 11:05:21', '\0', '浣茬ㄥ杩ㄦ峰', '', '0', '', '2', null, null, '', '', '3', '0', null);
INSERT INTO `wemall_goodsclass` VALUES ('51', '2013-12-24 11:06:43', '\0', '峰', '', '1', '', '0', null, '50', null, null, null, '0', null);
INSERT INTO `wemall_goodsclass` VALUES ('52', '2013-12-24 11:06:52', '\0', '峰瑁澶', '', '1', '', '0', null, '50', null, null, null, '0', null);
INSERT INTO `wemall_goodsclass` VALUES ('53', '2013-12-24 11:07:02', '\0', '浣插ū涔', '', '1', '', '0', null, '50', null, null, null, '0', null);
INSERT INTO `wemall_goodsclass` VALUES ('54', '2013-12-24 11:07:41', '\0', '峰瑁', '', '2', '', '0', null, '51', null, null, null, '0', null);
INSERT INTO `wemall_goodsclass` VALUES ('55', '2013-12-24 11:07:51', '\0', '峰琚', '', '2', '', '0', null, '51', null, null, null, '0', null);
INSERT INTO `wemall_goodsclass` VALUES ('56', '2013-12-24 11:09:01', '\0', '峰楗', '', '2', '', '0', null, '51', null, null, null, '0', null);
INSERT INTO `wemall_goodsclass` VALUES ('57', '2013-12-24 11:09:28', '\0', '甯绡', '', '2', '', '0', null, '52', null, null, null, '0', null);
INSERT INTO `wemall_goodsclass` VALUES ('58', '2013-12-24 11:09:34', '\0', '¤', '', '2', '', '0', null, '52', null, null, null, '0', null);
INSERT INTO `wemall_goodsclass` VALUES ('59', '2013-12-24 11:09:47', '\0', '诲北宀', '', '2', '', '0', null, '52', null, null, null, '0', null);
INSERT INTO `wemall_goodsclass` VALUES ('60', '2013-12-24 11:09:59', '\0', '峰ф', '', '2', '', '0', null, '52', null, null, null, '0', null);
INSERT INTO `wemall_goodsclass` VALUES ('61', '2013-12-24 11:10:13', '\0', '渚挎烘妞搴', '', '2', '', '0', null, '52', null, null, null, '0', null);
INSERT INTO `wemall_goodsclass` VALUES ('62', '2013-12-24 11:11:01', '\0', 'хょㄥ', '', '2', '', '0', null, '52', null, null, null, '0', null);
INSERT INTO `wemall_goodsclass` VALUES ('63', '2013-12-24 11:11:12', '\0', '澶', '', '2', '', '0', null, '52', null, null, null, '0', null);
INSERT INTO `wemall_goodsclass` VALUES ('64', '2013-12-24 11:14:32', '\0', '缇芥', '', '2', '', '0', null, '53', null, null, null, '0', null);
INSERT INTO `wemall_goodsclass` VALUES ('65', '2013-12-24 11:14:39', '\0', '涔涔', '', '2', '', '0', null, '53', null, null, null, '0', null);
INSERT INTO `wemall_goodsclass` VALUES ('66', '2013-12-24 11:14:46', '\0', '瓒崇', '', '2', '', '0', null, '53', null, null, null, '0', null);
INSERT INTO `wemall_goodsclass` VALUES ('67', '2013-12-24 11:14:53', '\0', '绡', '', '2', '', '0', null, '53', null, null, null, '0', null);
INSERT INTO `wemall_goodsclass` VALUES ('68', '2013-12-24 11:15:04', '\0', '妫绔', '', '2', '', '0', null, '53', null, null, null, '0', null);
INSERT INTO `wemall_goodsclass` VALUES ('69', '2013-12-24 11:19:43', '\0', '扮恒靛', '', '0', '', '3', null, null, '', '', '5', '0', null);
INSERT INTO `wemall_goodsclass` VALUES ('70', '2013-12-24 11:20:08', '\0', '洪璁', '', '1', '', '0', null, '69', null, null, null, '0', null);
INSERT INTO `wemall_goodsclass` VALUES ('71', '2013-12-24 11:20:19', '\0', '褰辨', '', '1', '', '0', null, '69', null, null, null, '0', null);
INSERT INTO `wemall_goodsclass` VALUES ('73', '2013-12-24 11:21:12', '\0', '扮浠', '', '1', '', '0', null, '69', null, null, null, '0', null);
INSERT INTO `wemall_goodsclass` VALUES ('74', '2013-12-24 11:21:55', '\0', '跺褰遍', '', '1', '', '0', null, '69', null, null, null, '0', null);
INSERT INTO `wemall_goodsclass` VALUES ('75', '2013-12-24 11:23:10', '\0', 'GSM', '', '2', '', '0', null, '70', null, null, null, '0', null);
INSERT INTO `wemall_goodsclass` VALUES ('76', '2013-12-24 11:23:20', '\0', 'CDMA', '', '2', '', '0', null, '70', null, null, null, '0', null);
INSERT INTO `wemall_goodsclass` VALUES ('77', '2013-12-24 11:23:33', '\0', '妯℃', '', '2', '', '0', null, '70', null, null, null, '0', null);
INSERT INTO `wemall_goodsclass` VALUES ('78', '2013-12-24 11:23:41', '\0', '哄煎', '', '2', '', '0', null, '70', null, null, null, '0', null);
INSERT INTO `wemall_goodsclass` VALUES ('79', '2013-12-24 11:24:16', '\0', '扮告', '', '2', '', '0', null, '71', null, null, null, '0', null);
INSERT INTO `wemall_goodsclass` VALUES ('80', '2013-12-24 11:24:25', '\0', '/寰告', '', '2', '', '0', null, '71', null, null, null, '0', null);
INSERT INTO `wemall_goodsclass` VALUES ('81', '2013-12-24 11:24:41', '\0', '告', '', '2', '', '0', null, '71', null, null, null, '0', null);
INSERT INTO `wemall_goodsclass` VALUES ('82', '2013-12-24 11:24:52', '\0', '', '', '2', '', '0', null, '71', null, null, null, '0', null);
INSERT INTO `wemall_goodsclass` VALUES ('83', '2013-12-24 11:25:28', '\0', '瀛ㄥ', '', '2', '', '0', null, '73', null, null, null, '0', null);
INSERT INTO `wemall_goodsclass` VALUES ('84', '2013-12-24 11:25:47', '\0', '垫/靛', '', '2', '', '0', null, '73', null, null, null, '0', null);
INSERT INTO `wemall_goodsclass` VALUES ('85', '2013-12-24 11:25:55', '\0', '璇诲″', '', '2', '', '0', null, '73', null, null, null, '0', null);
INSERT INTO `wemall_goodsclass` VALUES ('86', '2013-12-24 11:26:03', '\0', '绉诲ㄧ垫', '', '2', '', '0', null, '73', null, null, null, '0', null);
INSERT INTO `wemall_goodsclass` VALUES ('87', '2013-12-24 11:26:16', '\0', '扮', '', '2', '', '0', null, '73', null, null, null, '0', null);
INSERT INTO `wemall_goodsclass` VALUES ('88', '2013-12-24 11:26:38', '\0', '扮璐磋', '', '2', '', '0', null, '73', null, null, null, '0', null);
INSERT INTO `wemall_goodsclass` VALUES ('89', '2013-12-24 11:27:11', '\0', 'MP3/MP4', '', '2', '', '0', null, '74', null, null, null, '0', null);
INSERT INTO `wemall_goodsclass` VALUES ('90', '2013-12-24 11:27:21', '\0', '虫/抽害', '', '2', '', '0', null, '74', null, null, null, '0', null);
INSERT INTO `wemall_goodsclass` VALUES ('91', '2013-12-24 11:27:31', '\0', '楂娓惧', '', '2', '', '0', null, '74', null, null, null, '0', null);
INSERT INTO `wemall_goodsclass` VALUES ('92', '2013-12-24 11:27:42', '\0', '靛璇', '', '2', '', '0', null, '74', null, null, null, '0', null);
INSERT INTO `wemall_goodsclass` VALUES ('93', '2013-12-24 11:27:52', '\0', '扮告', '', '2', '', '0', null, '74', null, null, null, '0', null);
INSERT INTO `wemall_goodsclass` VALUES ('94', '2013-12-24 11:28:01', '\0', '规浠', '', '2', '', '0', null, '74', null, null, null, '0', null);
INSERT INTO `wemall_goodsclass` VALUES ('95', '2013-12-24 11:28:46', '\0', '瀹剁靛ㄦ跨靛', '', '0', '\0', '4', null, null, '', '', '34', '0', null);
INSERT INTO `wemall_goodsclass` VALUES ('96', '2013-12-24 11:29:20', '\0', '佃存', '', '1', '', '0', null, '69', null, null, null, '0', null);
INSERT INTO `wemall_goodsclass` VALUES ('97', '2013-12-24 11:29:37', '\0', '绗璁版', '', '2', '', '0', null, '96', null, null, null, '0', null);
INSERT INTO `wemall_goodsclass` VALUES ('98', '2013-12-24 11:29:46', '\0', '骞虫跨佃', '', '2', '', '0', null, '96', null, null, null, '0', null);
INSERT INTO `wemall_goodsclass` VALUES ('99', '2013-12-24 11:29:56', '\0', '瓒', '', '2', '', '0', null, '96', null, null, null, '0', null);
INSERT INTO `wemall_goodsclass` VALUES ('100', '2013-12-24 11:30:04', '\0', '涓缃', '', '2', '', '0', null, '96', null, null, null, '0', null);
INSERT INTO `wemall_goodsclass` VALUES ('101', '2013-12-24 11:30:16', '\0', '板', '', '2', '', '0', null, '96', null, null, null, '0', null);
INSERT INTO `wemall_goodsclass` VALUES ('102', '2013-12-24 11:30:25', '\0', '″', '', '2', '', '0', null, '96', null, null, null, '0', null);
INSERT INTO `wemall_goodsclass` VALUES ('103', '2013-12-24 11:30:58', '\0', '澶 瀹 ', '', '1', '', '0', null, '95', null, null, null, '0', null);
INSERT INTO `wemall_goodsclass` VALUES ('104', '2013-12-24 11:31:07', '\0', '娲荤靛', '', '1', '', '0', null, '95', null, null, null, '0', null);
INSERT INTO `wemall_goodsclass` VALUES ('105', '2013-12-24 11:31:22', '\0', 'ㄦ跨靛', '', '1', '', '0', null, '95', null, null, null, '0', null);
INSERT INTO `wemall_goodsclass` VALUES ('106', '2013-12-24 11:31:31', '\0', '涓ゅュ悍', '', '1', '', '0', null, '95', null, null, null, '0', null);
INSERT INTO `wemall_goodsclass` VALUES ('107', '2013-12-24 11:31:40', '\0', '浜瀹惰', '', '1', '', '0', null, '95', null, null, null, '0', null);
INSERT INTO `wemall_goodsclass` VALUES ('108', '2013-12-24 11:31:55', '\0', '骞虫跨佃', '', '2', '', '0', null, '103', null, null, null, '0', null);
INSERT INTO `wemall_goodsclass` VALUES ('109', '2013-12-24 11:32:14', '\0', '绌鸿', '', '2', '', '0', null, '103', null, null, null, '0', null);
INSERT INTO `wemall_goodsclass` VALUES ('110', '2013-12-24 11:32:25', '\0', '扮', '', '2', '', '0', null, '103', null, null, null, '0', null);
INSERT INTO `wemall_goodsclass` VALUES ('111', '2013-12-24 11:32:32', '\0', '娲琛ｆ', '', '2', '', '0', null, '103', null, null, null, '0', null);
INSERT INTO `wemall_goodsclass` VALUES ('112', '2013-12-24 11:32:39', '\0', '瀹跺涵褰遍', '', '2', '', '0', null, '103', null, null, null, '0', null);
INSERT INTO `wemall_goodsclass` VALUES ('113', '2013-12-24 11:32:51', '\0', '姘村', '', '2', '', '0', null, '103', null, null, null, '0', null);
INSERT INTO `wemall_goodsclass` VALUES ('114', '2013-12-24 11:33:16', '\0', '', '', '2', '', '0', null, '104', null, null, null, '0', null);
INSERT INTO `wemall_goodsclass` VALUES ('115', '2013-12-24 11:33:26', '\0', '/ㄦ', '', '2', '', '0', null, '104', null, null, null, '0', null);
INSERT INTO `wemall_goodsclass` VALUES ('116', '2013-12-24 11:33:35', '\0', 'ゆ箍/骞茶。', '', '2', '', '0', null, '104', null, null, null, '0', null);
INSERT INTO `wemall_goodsclass` VALUES ('117', '2013-12-24 11:33:43', '\0', '佃', '', '2', '', '0', null, '104', null, null, null, '0', null);
INSERT INTO `wemall_goodsclass` VALUES ('118', '2013-12-24 11:33:59', '\0', '跺/虫', '', '2', '', '0', null, '104', null, null, null, '0', null);
INSERT INTO `wemall_goodsclass` VALUES ('119', '2013-12-24 11:34:20', '\0', '/姒ㄦ', '', '2', '', '0', null, '105', null, null, null, '0', null);
INSERT INTO `wemall_goodsclass` VALUES ('120', '2013-12-24 11:34:31', '\0', '璞娴', '', '2', '', '0', null, '105', null, null, null, '0', null);
INSERT INTO `wemall_goodsclass` VALUES ('121', '2013-12-24 11:34:38', '\0', '甸キ', '', '2', '', '0', null, '105', null, null, null, '0', null);
INSERT INTO `wemall_goodsclass` VALUES ('122', '2013-12-24 11:34:49', '\0', '靛', '', '2', '', '0', null, '105', null, null, null, '0', null);
INSERT INTO `wemall_goodsclass` VALUES ('123', '2013-12-24 11:34:57', '\0', '℃', '', '2', '', '0', null, '105', null, null, null, '0', null);
INSERT INTO `wemall_goodsclass` VALUES ('124', '2013-12-24 11:35:05', '\0', '寰娉㈢', '', '2', '', '0', null, '105', null, null, null, '0', null);
INSERT INTO `wemall_goodsclass` VALUES ('125', '2013-12-24 11:35:13', '\0', '电ょ', '', '2', '', '0', null, '105', null, null, null, '0', null);
INSERT INTO `wemall_goodsclass` VALUES ('126', '2013-12-24 11:35:21', '\0', '电', '', '2', '', '0', null, '105', null, null, null, '0', null);
INSERT INTO `wemall_goodsclass` VALUES ('127', '2013-12-24 11:35:34', '\0', '甸ゼ/хょ', '', '2', '', '0', null, '105', null, null, null, '0', null);
INSERT INTO `wemall_goodsclass` VALUES ('128', '2013-12-24 11:35:44', '\0', '垫按澹/姘寸', '', '2', '', '0', null, '105', null, null, null, '0', null);
INSERT INTO `wemall_goodsclass` VALUES ('129', '2013-12-24 11:36:07', '\0', '椤诲', '', '2', '', '0', null, '106', null, null, null, '0', null);
INSERT INTO `wemall_goodsclass` VALUES ('130', '2013-12-24 11:36:17', '\0', '缇瀹瑰', '', '2', '', '0', null, '106', null, null, null, '0', null);
INSERT INTO `wemall_goodsclass` VALUES ('131', '2013-12-24 11:36:25', '\0', '靛归', '', '2', '', '0', null, '106', null, null, null, '0', null);
INSERT INTO `wemall_goodsclass` VALUES ('132', '2013-12-24 11:36:33', '\0', '缇', '', '2', '', '0', null, '106', null, null, null, '0', null);
INSERT INTO `wemall_goodsclass` VALUES ('133', '2013-12-24 11:36:43', '\0', 'ュ悍绉/ㄦ跨Г', '', '2', '', '0', null, '106', null, null, null, '0', null);
INSERT INTO `wemall_goodsclass` VALUES ('134', '2013-12-24 11:40:07', '\0', '靛ㄥ伐', '', '2', '', '0', null, '107', null, null, null, '0', null);
INSERT INTO `wemall_goodsclass` VALUES ('135', '2013-12-24 11:40:18', '\0', 'ㄥ浜', '', '2', '', '0', null, '107', null, null, null, '0', null);
INSERT INTO `wemall_goodsclass` VALUES ('136', '2013-12-24 11:40:27', '\0', '瀹跺蜂', '', '2', '', '0', null, '107', null, null, null, '0', null);
INSERT INTO `wemall_goodsclass` VALUES ('137', '2013-12-24 11:40:50', '\0', '垫寮', '', '2', '', '0', null, '107', null, null, null, '0', null);
INSERT INTO `wemall_goodsclass` VALUES ('138', '2013-12-24 11:40:59', '\0', 'у', '', '2', '', '0', null, '107', null, null, null, '0', null);
INSERT INTO `wemall_goodsclass` VALUES ('139', '2013-12-24 11:41:10', '\0', '娣娴磋辨', '', '2', '', '0', null, '107', null, null, null, '0', null);
INSERT INTO `wemall_goodsclass` VALUES ('140', '2013-12-24 11:41:19', '\0', '浠ㄤ华琛', '', '2', '', '0', null, '107', null, null, null, '0', null);
INSERT INTO `wemall_goodsclass` VALUES ('141', '2013-12-24 11:42:06', '\0', '涓ゅ濡娓娲ㄥ', '', '0', '\0', '5', null, null, '', '', '7', '0', null);
INSERT INTO `wemall_goodsclass` VALUES ('142', '2013-12-24 11:42:54', '\0', '㈤ㄦょ', '', '1', '', '0', null, '141', null, null, null, '0', null);
INSERT INTO `wemall_goodsclass` VALUES ('143', '2013-12-24 11:43:04', '\0', '韬浣ょ', '', '1', '', '0', null, '141', null, null, null, '0', null);
INSERT INTO `wemall_goodsclass` VALUES ('144', '2013-12-24 11:43:13', '\0', 'ｈょ', '', '1', '', '0', null, '141', null, null, null, '0', null);
INSERT INTO `wemall_goodsclass` VALUES ('145', '2013-12-24 11:43:23', '\0', '峰＋ょ', '', '1', '', '0', null, '141', null, null, null, '0', null);
INSERT INTO `wemall_goodsclass` VALUES ('146', '2013-12-24 11:43:32', '\0', '榄褰╁', '', '1', '', '0', null, '141', null, null, null, '0', null);
INSERT INTO `wemall_goodsclass` VALUES ('147', '2013-12-24 11:43:40', '\0', '棣姘SPA', '', '1', '', '0', null, '141', null, null, null, '0', null);
INSERT INTO `wemall_goodsclass` VALUES ('148', '2013-12-24 11:43:54', '\0', '娲涔', '', '2', '', '0', null, '142', null, null, null, '0', null);
INSERT INTO `wemall_goodsclass` VALUES ('149', '2013-12-24 11:44:02', '\0', '借ゆ按', '', '2', '', '0', null, '142', null, null, null, '0', null);
INSERT INTO `wemall_goodsclass` VALUES ('150', '2013-12-24 11:44:11', '\0', '绮惧', '', '2', '', '0', null, '142', null, null, null, '0', null);
INSERT INTO `wemall_goodsclass` VALUES ('151', '2013-12-24 11:44:19', '\0', '涔虫恫㈤', '', '2', '', '0', null, '142', null, null, null, '0', null);
INSERT INTO `wemall_goodsclass` VALUES ('152', '2013-12-24 11:44:28', '\0', '㈣㈣创', '', '2', '', '0', null, '142', null, null, null, '0', null);
INSERT INTO `wemall_goodsclass` VALUES ('153', '2013-12-24 11:44:35', '\0', '奸ㄦょ', '', '2', '', '0', null, '142', null, null, null, '0', null);
INSERT INTO `wemall_goodsclass` VALUES ('154', '2013-12-24 11:44:48', '\0', 'よゅ瑁', '', '2', '', '0', null, '142', null, null, null, '0', null);
INSERT INTO `wemall_goodsclass` VALUES ('155', '2013-12-24 11:45:09', '\0', '娲ゅ', '', '2', '', '0', null, '143', null, null, null, '0', null);
INSERT INTO `wemall_goodsclass` VALUES ('156', '2013-12-24 11:45:17', '\0', '/', '', '2', '', '0', null, '143', null, null, null, '0', null);
INSERT INTO `wemall_goodsclass` VALUES ('157', '2013-12-24 11:45:27', '\0', '娌娴', '', '2', '', '0', null, '143', null, null, null, '0', null);
INSERT INTO `wemall_goodsclass` VALUES ('158', '2013-12-24 11:45:36', '\0', '棣扮簿娌', '', '2', '', '0', null, '143', null, null, null, '0', null);
INSERT INTO `wemall_goodsclass` VALUES ('159', '2013-12-24 11:45:46', '\0', '娲ゅ瑁', '', '2', '', '0', null, '143', null, null, null, '0', null);
INSERT INTO `wemall_goodsclass` VALUES ('160', '2013-12-24 11:46:19', '\0', '/绮', '', '2', '', '0', null, '144', null, null, null, '0', null);
INSERT INTO `wemall_goodsclass` VALUES ('161', '2013-12-24 11:46:31', '\0', '/绾', '', '2', '', '0', null, '144', null, null, null, '0', null);
INSERT INTO `wemall_goodsclass` VALUES ('162', '2013-12-24 11:46:40', '\0', '婕卞ｆ按', '', '2', '', '0', null, '144', null, null, null, '0', null);
INSERT INTO `wemall_goodsclass` VALUES ('163', '2013-12-24 11:47:10', '\0', '搁ㄦょ', '', '2', '', '0', null, '145', null, null, null, '0', null);
INSERT INTO `wemall_goodsclass` VALUES ('164', '2013-12-24 11:47:44', '\0', '峰＋棣姘', '', '2', '', '0', null, '145', null, null, null, '0', null);
INSERT INTO `wemall_goodsclass` VALUES ('165', '2013-12-24 11:47:52', '\0', '椤绘ょ', '', '2', '', '0', null, '145', null, null, null, '0', null);
INSERT INTO `wemall_goodsclass` VALUES ('166', '2013-12-24 11:48:01', '\0', '茶辨', '', '2', '', '0', null, '145', null, null, null, '0', null);
INSERT INTO `wemall_goodsclass` VALUES ('167', '2013-12-24 11:48:12', '\0', '峰＋', '', '2', '', '0', null, '145', null, null, null, '0', null);
INSERT INTO `wemall_goodsclass` VALUES ('168', '2013-12-24 11:48:32', '\0', '绮搴/', '', '2', '', '0', null, '146', null, null, null, '0', null);
INSERT INTO `wemall_goodsclass` VALUES ('169', '2013-12-24 11:48:40', '\0', '绾', '', '2', '', '0', null, '146', null, null, null, '0', null);
INSERT INTO `wemall_goodsclass` VALUES ('170', '2013-12-24 11:48:48', '\0', '煎奖/肩嚎', '', '2', '', '0', null, '146', null, null, null, '0', null);
INSERT INTO `wemall_goodsclass` VALUES ('171', '2013-12-24 11:48:57', '\0', '绗', '', '2', '', '0', null, '146', null, null, null, '0', null);
INSERT INTO `wemall_goodsclass` VALUES ('172', '2013-12-24 11:49:06', '\0', '姣', '', '2', '', '0', null, '146', null, null, null, '0', null);
INSERT INTO `wemall_goodsclass` VALUES ('173', '2013-12-24 11:49:16', '\0', '褰', '', '2', '', '0', null, '146', null, null, null, '0', null);
INSERT INTO `wemall_goodsclass` VALUES ('174', '2013-12-24 11:49:30', '\0', '稿缇', '', '2', '', '0', null, '146', null, null, null, '0', null);
INSERT INTO `wemall_goodsclass` VALUES ('175', '2013-12-24 11:49:38', '\0', '褰╁宸ュ', '', '2', '', '0', null, '146', null, null, null, '0', null);
INSERT INTO `wemall_goodsclass` VALUES ('176', '2013-12-24 11:49:53', '\0', '濂冲＋棣姘', '', '2', '', '0', null, '147', null, null, null, '0', null);
INSERT INTO `wemall_goodsclass` VALUES ('177', '2013-12-24 11:50:11', '\0', '缁澹棣姘', '', '2', '', '0', null, '147', null, null, null, '0', null);
INSERT INTO `wemall_goodsclass` VALUES ('178', '2013-12-24 11:50:22', '\0', '缁濂瑁', '', '2', '', '0', null, '147', null, null, null, '0', null);
INSERT INTO `wemall_goodsclass` VALUES ('179', '2013-12-24 11:50:30', '\0', '杩蜂棣姘', '', '2', '', '0', null, '147', null, null, null, '0', null);
INSERT INTO `wemall_goodsclass` VALUES ('180', '2013-12-24 11:51:27', '\0', '瀹剁汉枫瀹惰', '', '0', '\0', '6', null, null, '', '', '40', '0', null);
INSERT INTO `wemall_goodsclass` VALUES ('181', '2013-12-24 11:51:47', '\0', '濂剁插┐╁', '', '0', '\0', '7', null, null, '', '', '8', '0', null);
INSERT INTO `wemall_goodsclass` VALUES ('182', '2013-12-24 11:52:13', '\0', '瀹棣楗般楗板', '', '0', '\0', '8', null, null, '', '', '9', '0', null);
INSERT INTO `wemall_goodsclass` VALUES ('183', '2013-12-24 11:52:49', '\0', '缁翠慨淇汇杞杞界ㄥ', '', '0', '\0', '9', null, null, '', '', '13', '0', null);
INSERT INTO `wemall_goodsclass` VALUES ('186', '2013-12-24 11:54:02', '\0', '瀹剁汉', '', '1', '', '0', null, '180', null, null, null, '0', null);
INSERT INTO `wemall_goodsclass` VALUES ('187', '2013-12-24 11:54:11', '\0', '瀹跺', '', '1', '', '0', null, '180', null, null, null, '0', null);
INSERT INTO `wemall_goodsclass` VALUES ('188', '2013-12-24 11:54:24', '\0', '', '', '1', '', '0', null, '180', null, null, null, '0', null);
INSERT INTO `wemall_goodsclass` VALUES ('189', '2013-12-24 11:55:47', '\0', '搴浠跺', '', '2', '', '0', null, '186', null, null, null, '0', null);
INSERT INTO `wemall_goodsclass` VALUES ('190', '2013-12-24 11:55:54', '\0', '琚瀛', '', '2', '', '0', null, '186', null, null, null, '0', null);
INSERT INTO `wemall_goodsclass` VALUES ('191', '2013-12-24 11:56:43', '\0', '濂', '', '2', '', '0', null, '186', null, null, null, '0', null);
INSERT INTO `wemall_goodsclass` VALUES ('192', '2013-12-24 11:56:51', '\0', '搴琚缃', '', '2', '', '0', null, '186', null, null, null, '0', null);
INSERT INTO `wemall_goodsclass` VALUES ('193', '2013-12-24 11:57:08', '\0', '佃妗妞', '', '2', '', '0', null, '187', null, null, null, '0', null);
INSERT INTO `wemall_goodsclass` VALUES ('194', '2013-12-24 11:57:16', '\0', '浼叉/', '', '2', '', '0', null, '187', null, null, null, '0', null);
INSERT INTO `wemall_goodsclass` VALUES ('195', '2013-12-24 11:57:26', '\0', '/', '', '2', '', '0', null, '187', null, null, null, '0', null);
INSERT INTO `wemall_goodsclass` VALUES ('196', '2013-12-24 11:57:35', '\0', '瀹剁ㄦ', '', '2', '', '0', null, '187', null, null, null, '0', null);
INSERT INTO `wemall_goodsclass` VALUES ('197', '2013-12-24 11:57:54', '\0', '扮', '', '2', '', '0', null, '188', null, null, null, '0', null);
INSERT INTO `wemall_goodsclass` VALUES ('198', '2013-12-24 11:58:03', '\0', '界', '', '2', '', '0', null, '188', null, null, null, '0', null);
INSERT INTO `wemall_goodsclass` VALUES ('199', '2013-12-24 11:58:11', '\0', '瑁楗扮', '', '2', '', '0', null, '188', null, null, null, '0', null);
INSERT INTO `wemall_goodsclass` VALUES ('200', '2013-12-24 11:58:19', '\0', '藉扮', '', '2', '', '0', null, '188', null, null, null, '0', null);
INSERT INTO `wemall_goodsclass` VALUES ('201', '2013-12-24 11:58:27', '\0', '搴ョ/', '', '2', '', '0', null, '188', null, null, null, '0', null);
INSERT INTO `wemall_goodsclass` VALUES ('202', '2013-12-24 11:59:05', '\0', '濠村跨ㄥ', '', '1', '', '0', null, '181', null, null, null, '0', null);
INSERT INTO `wemall_goodsclass` VALUES ('203', '2013-12-24 11:59:14', '\0', '绔ヨ绔ラ', '', '1', '', '0', null, '181', null, null, null, '0', null);
INSERT INTO `wemall_goodsclass` VALUES ('204', '2013-12-24 11:59:22', '\0', '跨ョ╁', '', '1', '', '0', null, '181', null, null, null, '0', null);
INSERT INTO `wemall_goodsclass` VALUES ('205', '2013-12-24 11:59:31', '\0', '跨ラ', '', '1', '', '0', null, '181', null, null, null, '0', null);
INSERT INTO `wemall_goodsclass` VALUES ('206', '2013-12-24 11:59:55', '\0', '', '', '2', '', '0', null, '202', null, null, null, '0', null);
INSERT INTO `wemall_goodsclass` VALUES ('207', '2013-12-24 12:00:02', '\0', '', '', '2', '', '0', null, '202', null, null, null, '0', null);
INSERT INTO `wemall_goodsclass` VALUES ('208', '2013-12-24 12:00:07', '\0', '', '', '2', '', '0', null, '202', null, null, null, '0', null);
INSERT INTO `wemall_goodsclass` VALUES ('209', '2013-12-24 12:00:18', '\0', '搁', '', '2', '', '0', null, '202', null, null, null, '0', null);
INSERT INTO `wemall_goodsclass` VALUES ('210', '2013-12-24 12:00:24', '\0', '姹ら', '', '2', '', '0', null, '202', null, null, null, '0', null);
INSERT INTO `wemall_goodsclass` VALUES ('211', '2013-12-24 12:01:00', '\0', '', '', '2', '', '0', null, '203', null, null, null, '0', null);
INSERT INTO `wemall_goodsclass` VALUES ('212', '2013-12-24 12:01:05', '\0', '', '', '2', '', '0', null, '203', null, null, null, '0', null);
INSERT INTO `wemall_goodsclass` VALUES ('213', '2013-12-24 12:01:11', '\0', '濂', '', '2', '', '0', null, '203', null, null, null, '0', null);
INSERT INTO `wemall_goodsclass` VALUES ('214', '2013-12-24 12:01:17', '\0', 'ф', '', '2', '', '0', null, '203', null, null, null, '0', null);
INSERT INTO `wemall_goodsclass` VALUES ('215', '2013-12-24 12:01:21', '\0', '烽浠', '', '2', '', '0', null, '203', null, null, null, '0', null);
INSERT INTO `wemall_goodsclass` VALUES ('216', '2013-12-24 12:02:02', '\0', '淇椴', '', '2', '', '0', null, '204', null, null, null, '0', null);
INSERT INTO `wemall_goodsclass` VALUES ('217', '2013-12-24 12:02:10', '\0', '淇椴/琚', '', '2', '', '0', null, '204', null, null, null, '0', null);
INSERT INTO `wemall_goodsclass` VALUES ('218', '2013-12-24 12:02:16', '\0', '璋ㄧ', '', '2', '', '0', null, '204', null, null, null, '0', null);
INSERT INTO `wemall_goodsclass` VALUES ('219', '2013-12-24 12:02:20', '\0', '楗/', '', '2', '', '0', null, '204', null, null, null, '0', null);
INSERT INTO `wemall_goodsclass` VALUES ('220', '2013-12-24 12:02:43', '\0', '濉', '', '2', '', '0', null, '205', null, null, null, '0', null);
INSERT INTO `wemall_goodsclass` VALUES ('221', '2013-12-24 12:02:51', '\0', '杩ㄦ按澹', '', '2', '', '0', null, '205', null, null, null, '0', null);
INSERT INTO `wemall_goodsclass` VALUES ('222', '2013-12-24 12:02:58', '\0', '荤', '', '2', '', '0', null, '205', null, null, null, '0', null);
INSERT INTO `wemall_goodsclass` VALUES ('223', '2013-12-24 12:03:05', '\0', '剁锋', '', '2', '', '0', null, '205', null, null, null, '0', null);
INSERT INTO `wemall_goodsclass` VALUES ('224', '2013-12-24 12:03:09', '\0', '淇娓╂', '', '2', '', '0', null, '205', null, null, null, '0', null);
INSERT INTO `wemall_goodsclass` VALUES ('225', '2013-12-24 12:03:28', '\0', '跺楗板', '', '1', '', '0', null, '182', null, null, null, '0', null);
INSERT INTO `wemall_goodsclass` VALUES ('226', '2013-12-24 12:03:38', '\0', '绾K', '', '1', '', '0', null, '182', null, null, null, '0', null);
INSERT INTO `wemall_goodsclass` VALUES ('227', '2013-12-24 12:03:54', '\0', '荤抽グ', '', '1', '', '0', null, '182', null, null, null, '0', null);
INSERT INTO `wemall_goodsclass` VALUES ('228', '2013-12-24 12:04:02', '\0', '缈＄', '', '1', '', '0', null, '182', null, null, null, '0', null);
INSERT INTO `wemall_goodsclass` VALUES ('229', '2013-12-24 12:04:10', '\0', '姘存剁', '', '1', '', '0', null, '182', null, null, null, '0', null);
INSERT INTO `wemall_goodsclass` VALUES ('230', '2013-12-24 12:04:33', '\0', '椤归', '', '2', '', '0', null, '225', null, null, null, '0', null);
INSERT INTO `wemall_goodsclass` VALUES ('231', '2013-12-24 12:04:40', '\0', '/', '', '2', '', '0', null, '225', null, null, null, '0', null);
INSERT INTO `wemall_goodsclass` VALUES ('232', '2013-12-24 12:04:45', '\0', '', '', '2', '', '0', null, '225', null, null, null, '0', null);
INSERT INTO `wemall_goodsclass` VALUES ('233', '2013-12-24 12:04:51', '\0', '抽グ', '', '2', '', '0', null, '225', null, null, null, '0', null);
INSERT INTO `wemall_goodsclass` VALUES ('234', '2013-12-24 12:04:58', '\0', '澶撮グ', '', '2', '', '0', null, '225', null, null, null, '0', null);
INSERT INTO `wemall_goodsclass` VALUES ('235', '2013-12-24 12:05:03', '\0', '搁', '', '2', '', '0', null, '225', null, null, null, '0', null);
INSERT INTO `wemall_goodsclass` VALUES ('236', '2013-12-24 12:05:24', '\0', '/椤归', '', '2', '', '0', null, '226', null, null, null, '0', null);
INSERT INTO `wemall_goodsclass` VALUES ('237', '2013-12-24 12:05:33', '\0', '//', '', '2', '', '0', null, '226', null, null, null, '0', null);
INSERT INTO `wemall_goodsclass` VALUES ('238', '2013-12-24 12:05:38', '\0', '抽グ', '', '2', '', '0', null, '226', null, null, null, '0', null);
INSERT INTO `wemall_goodsclass` VALUES ('239', '2013-12-24 12:06:07', '\0', '瑁搁', '', '2', '', '0', null, '227', null, null, null, '0', null);
INSERT INTO `wemall_goodsclass` VALUES ('240', '2013-12-24 12:06:20', '\0', '荤虫', '', '2', '', '0', null, '227', null, null, null, '0', null);
INSERT INTO `wemall_goodsclass` VALUES ('241', '2013-12-24 12:06:28', '\0', '椤归/', '', '2', '', '0', null, '227', null, null, null, '0', null);
INSERT INTO `wemall_goodsclass` VALUES ('242', '2013-12-24 12:06:37', '\0', '荤宠抽グ', '', '2', '', '0', null, '227', null, null, null, '0', null);
INSERT INTO `wemall_goodsclass` VALUES ('243', '2013-12-24 12:07:07', '\0', '/涓', '', '2', '', '0', null, '228', null, null, null, '0', null);
INSERT INTO `wemall_goodsclass` VALUES ('244', '2013-12-24 12:07:27', '\0', '缈＄抽グ', '', '2', '', '0', null, '228', null, null, null, '0', null);
INSERT INTO `wemall_goodsclass` VALUES ('245', '2013-12-24 12:08:08', '\0', '浠/浠/浠', '', '2', '', '0', null, '228', null, null, null, '0', null);
INSERT INTO `wemall_goodsclass` VALUES ('246', '2013-12-24 12:08:12', '\0', '楂兼惰', '', '2', '', '0', null, '228', null, null, null, '0', null);
INSERT INTO `wemall_goodsclass` VALUES ('32768', '2013-12-24 12:26:00', '\0', '椤归/', '', '2', '', '0', null, '229', null, null, null, '0', null);
INSERT INTO `wemall_goodsclass` VALUES ('32769', '2013-12-24 12:26:22', '\0', '抽グ', '', '2', '', '0', null, '229', null, null, null, '0', null);
INSERT INTO `wemall_goodsclass` VALUES ('32770', '2013-12-24 12:26:29', '\0', '//', '', '2', '', '0', null, '229', null, null, null, '0', null);
INSERT INTO `wemall_goodsclass` VALUES ('32771', '2013-12-24 12:26:36', '\0', '', '', '2', '', '0', null, '229', null, null, null, '0', null);
INSERT INTO `wemall_goodsclass` VALUES ('32772', '2013-12-24 12:26:42', '\0', '澶撮グ/搁', '', '2', '', '0', null, '229', null, null, null, '0', null);
INSERT INTO `wemall_goodsclass` VALUES ('32773', '2013-12-24 12:26:46', '\0', '浠/浠', '', '2', '', '0', null, '229', null, null, null, '0', null);
INSERT INTO `wemall_goodsclass` VALUES ('32774', '2013-12-24 12:27:23', '\0', '靛靛', '', '1', '', '0', null, '183', null, null, null, '0', null);
INSERT INTO `wemall_goodsclass` VALUES ('32775', '2013-12-24 12:27:27', '\0', '绯荤绘', '', '1', '', '0', null, '183', null, null, null, '0', null);
INSERT INTO `wemall_goodsclass` VALUES ('32776', '2013-12-24 12:27:37', '\0', '姹借溅缇瀹', '', '1', '', '0', null, '183', null, null, null, '0', null);
INSERT INTO `wemall_goodsclass` VALUES ('32777', '2013-12-24 12:27:47', '\0', '椹捐澶', '', '1', '', '0', null, '183', null, null, null, '0', null);
INSERT INTO `wemall_goodsclass` VALUES ('32778', '2013-12-24 12:27:54', '\0', '搴у', '', '1', '', '0', null, '183', null, null, null, '0', null);
INSERT INTO `wemall_goodsclass` VALUES ('32779', '2013-12-24 12:28:02', '\0', '杞楗扮簿', '', '1', '', '0', null, '183', null, null, null, '0', null);
INSERT INTO `wemall_goodsclass` VALUES ('32780', '2013-12-24 12:28:55', '\0', 'GPS瀵艰', '', '2', '', '0', null, '32774', null, null, null, '0', null);
INSERT INTO `wemall_goodsclass` VALUES ('32781', '2013-12-24 12:29:02', '\0', '琛杞璁板浠', '', '2', '', '0', null, '32774', null, null, null, '0', null);
INSERT INTO `wemall_goodsclass` VALUES ('32782', '2013-12-24 12:29:09', '\0', '杞杞MP3', '', '2', '', '0', null, '32774', null, null, null, '0', null);
INSERT INTO `wemall_goodsclass` VALUES ('32783', '2013-12-24 12:29:16', '\0', '杞杞界垫', '', '2', '', '0', null, '32774', null, null, null, '0', null);
INSERT INTO `wemall_goodsclass` VALUES ('32784', '2013-12-24 12:29:23', '\0', '杞杞界娲荤靛', '', '2', '', '0', null, '32774', null, null, null, '0', null);
INSERT INTO `wemall_goodsclass` VALUES ('32785', '2013-12-24 12:29:28', '\0', '杞杞藉', '', '2', '', '0', null, '32774', null, null, null, '0', null);
INSERT INTO `wemall_goodsclass` VALUES ('32786', '2013-12-24 12:29:33', '\0', '杞杞藉扮', '', '2', '', '0', null, '32774', null, null, null, '0', null);
INSERT INTO `wemall_goodsclass` VALUES ('32787', '2013-12-24 12:30:02', '\0', ' 烘补', '', '2', '', '0', null, '32775', null, null, null, '0', null);
INSERT INTO `wemall_goodsclass` VALUES ('32788', '2013-12-24 12:30:09', '\0', '灞娌', '', '2', '', '0', null, '32775', null, null, null, '0', null);
INSERT INTO `wemall_goodsclass` VALUES ('32789', '2013-12-24 12:30:16', '\0', '插绘恫', '', '2', '', '0', null, '32775', null, null, null, '0', null);
INSERT INTO `wemall_goodsclass` VALUES ('32790', '2013-12-24 12:30:21', '\0', '荤姘', '', '2', '', '0', null, '32775', null, null, null, '0', null);
INSERT INTO `wemall_goodsclass` VALUES ('32791', '2013-12-24 12:30:25', '\0', '娣诲', '', '2', '', '0', null, '32775', null, null, null, '0', null);
INSERT INTO `wemall_goodsclass` VALUES ('32792', '2013-12-24 12:30:52', '\0', '缇瀹硅溅', '', '2', '', '0', null, '32776', null, null, null, '0', null);
INSERT INTO `wemall_goodsclass` VALUES ('32793', '2013-12-24 12:31:05', '\0', '灏', '', '2', '', '0', null, '32776', null, null, null, '0', null);
INSERT INTO `wemall_goodsclass` VALUES ('32794', '2013-12-24 12:31:34', '\0', '婕淇澶', '', '2', '', '0', null, '32776', null, null, null, '0', null);
INSERT INTO `wemall_goodsclass` VALUES ('32795', '2013-12-24 12:31:43', '\0', '楗版', '', '2', '', '0', null, '32776', null, null, null, '0', null);
INSERT INTO `wemall_goodsclass` VALUES ('32796', '2013-12-24 12:31:48', '\0', '杞杞姣娲', '', '2', '', '0', null, '32776', null, null, null, '0', null);
INSERT INTO `wemall_goodsclass` VALUES ('65536', '2013-12-24 15:59:30', '\0', '琛', '', '2', '', '0', null, '29', null, null, null, '0', null);
INSERT INTO `wemall_goodsclass` VALUES ('65537', '2013-12-24 15:59:38', '\0', '甯藉', '', '2', '', '0', null, '29', null, null, null, '0', null);
INSERT INTO `wemall_goodsclass` VALUES ('65538', '2013-12-24 15:59:49', '\0', '濂冲╅グ', '', '2', '', '0', null, '29', null, null, null, '0', null);
INSERT INTO `wemall_goodsclass` VALUES ('65539', '2013-12-24 16:05:32', '\0', '', '', '2', '', '0', null, '52', null, null, null, '0', null);
INSERT INTO `wemall_goodsclass` VALUES ('65540', '2013-12-24 16:16:15', '\0', '浼界ㄥ', '', '2', '', '0', null, '53', null, null, null, '0', null);
INSERT INTO `wemall_goodsclass` VALUES ('65541', '2013-12-24 16:16:23', '\0', '娓告吵ㄥ', '', '2', '', '0', null, '53', null, null, null, '0', null);
INSERT INTO `wemall_goodsclass` VALUES ('65542', '2013-12-24 17:01:24', '\0', '朵浠', '', '2', '', '0', null, '73', null, null, null, '0', null);
INSERT INTO `wemall_goodsclass` VALUES ('65543', '2013-12-24 17:03:03', '\0', '椹剧ф', '', '2', '', '0', null, '32777', null, null, null, '0', null);
INSERT INTO `wemall_goodsclass` VALUES ('65544', '2013-12-24 17:03:19', '\0', '杞琛', '', '2', '', '0', null, '32777', null, null, null, '0', null);
INSERT INTO `wemall_goodsclass` VALUES ('65545', '2013-12-24 17:03:26', '\0', '虫￠', '', '2', '', '0', null, '32777', null, null, null, '0', null);
INSERT INTO `wemall_goodsclass` VALUES ('65546', '2013-12-24 17:03:43', '\0', '剁撼绠', '', '2', '', '0', null, '32777', null, null, null, '0', null);
INSERT INTO `wemall_goodsclass` VALUES ('65547', '2013-12-24 17:03:49', '\0', '淇娓╃', '', '2', '', '0', null, '32777', null, null, null, '0', null);
INSERT INTO `wemall_goodsclass` VALUES ('65548', '2013-12-24 17:03:56', '\0', '琛缃', '', '2', '', '0', null, '32777', null, null, null, '0', null);
INSERT INTO `wemall_goodsclass` VALUES ('65549', '2013-12-24 17:04:01', '\0', '杞ㄥ', '', '2', '', '0', null, '32777', null, null, null, '0', null);
INSERT INTO `wemall_goodsclass` VALUES ('65550', '2013-12-24 17:05:04', '\0', '姣', '', '2', '', '0', null, '32778', null, null, null, '0', null);
INSERT INTO `wemall_goodsclass` VALUES ('65551', '2013-12-24 17:05:12', '\0', '瀛ｅ', '', '2', '', '0', null, '32778', null, null, null, '0', null);
INSERT INTO `wemall_goodsclass` VALUES ('65552', '2013-12-24 17:05:36', '\0', '澶藉骇', '', '2', '', '0', null, '32778', null, null, null, '0', null);
INSERT INTO `wemall_goodsclass` VALUES ('65553', '2013-12-24 17:05:42', '\0', '', '', '2', '', '0', null, '32778', null, null, null, '0', null);
INSERT INTO `wemall_goodsclass` VALUES ('65554', '2013-12-24 17:05:50', '\0', '涓杞涓ㄥ骇濂', '', '2', '', '0', null, '32778', null, null, null, '0', null);
INSERT INTO `wemall_goodsclass` VALUES ('65555', '2013-12-24 17:05:57', '\0', 'ㄥ骇濂', '', '2', '', '0', null, '32778', null, null, null, '0', null);
INSERT INTO `wemall_goodsclass` VALUES ('65556', '2013-12-24 17:06:02', '\0', '涓杞涓ㄨ', '', '2', '', '0', null, '32778', null, null, null, '0', null);
INSERT INTO `wemall_goodsclass` VALUES ('65557', '2013-12-24 17:06:26', '\0', '棣姘', '', '2', '', '0', null, '32779', null, null, null, '0', null);
INSERT INTO `wemall_goodsclass` VALUES ('65558', '2013-12-24 17:06:33', '\0', '绌烘', '', '2', '', '0', null, '32779', null, null, null, '0', null);
INSERT INTO `wemall_goodsclass` VALUES ('65559', '2013-12-24 17:06:39', '\0', '瑰濂', '', '2', '', '0', null, '32779', null, null, null, '0', null);
INSERT INTO `wemall_goodsclass` VALUES ('65560', '2013-12-24 17:06:57', '\0', '棰伴', '', '2', '', '0', null, '32779', null, null, null, '0', null);
INSERT INTO `wemall_goodsclass` VALUES ('65561', '2013-12-24 17:07:03', '\0', '', '', '2', '', '0', null, '32779', null, null, null, '0', null);
INSERT INTO `wemall_goodsclass` VALUES ('65562', '2013-12-24 17:07:08', '\0', '╂剁撼', '', '2', '', '0', null, '32779', null, null, null, '0', null);
INSERT INTO `wemall_goodsclass` VALUES ('65563', '2013-12-24 17:07:12', '\0', '瑁楗板', '', '2', '', '0', null, '32779', null, null, null, '0', null);
INSERT INTO `wemall_goodsclass` VALUES ('65564', '2015-02-08 11:53:02', '\0', 'ョㄧ捐揣ュ诲ュ悍', '', '0', '', '10', null, null, '', '', '27', '0', null);
INSERT INTO `wemall_goodsclass` VALUES ('65565', '2015-02-08 11:53:17', '\0', '冲缇褰', '', '0', '', '11', null, null, '', '', '15', '0', null);
INSERT INTO `wemall_goodsclass` VALUES ('65566', '2015-02-08 11:53:41', '\0', '濞变よｆ惰', '', '0', '', '12', null, null, '', '', '14', '0', null);
INSERT INTO `wemall_goodsclass` VALUES ('65567', '2015-02-08 11:58:41', '\0', '缇椋逛骇ュ讳', '', '0', '', '13', null, null, '', '', '20', '0', null);
INSERT INTO `wemall_goodsclass` VALUES ('65568', '2015-02-08 11:58:53', '\0', '°兼', '', '0', '', '14', null, null, '', '', '16', '0', null);
INSERT INTO `wemall_goodsclass` VALUES ('65569', '2015-03-01 12:40:50', '\0', '瀛姘村', '', '1', '', '0', null, '65564', '', '', '', '0', null);
INSERT INTO `wemall_goodsclass` VALUES ('65570', '2015-03-01 12:41:05', '\0', '瀹跺℃娲', '', '1', '', '1', null, '65564', '', '', '', '0', null);
INSERT INTO `wemall_goodsclass` VALUES ('65571', '2015-03-01 12:41:22', '\0', '归オ椁', '', '1', '', '2', null, '65564', '', '', '', '0', null);
INSERT INTO `wemall_goodsclass` VALUES ('65572', '2015-03-01 12:41:41', '\0', 'ㄧ╂剁撼', '', '1', '', '3', null, '65564', '', '', '', '0', null);
INSERT INTO `wemall_goodsclass` VALUES ('65573', '2015-03-01 12:43:39', '\0', '椹', '', '2', '', '0', null, '65569', '', '', '', '0', null);
INSERT INTO `wemall_goodsclass` VALUES ('65574', '2015-03-01 12:43:53', '\0', '峰瑁', '', '2', '', '0', null, '65569', '', '', '', '0', null);
INSERT INTO `wemall_goodsclass` VALUES ('65575', '2015-03-01 12:44:00', '\0', '村跺', '', '2', '', '0', null, '65569', '', '', '', '0', null);
INSERT INTO `wemall_goodsclass` VALUES ('65576', '2015-03-01 12:44:06', '\0', '澶跺', '', '2', '', '0', null, '65569', '', '', '', '0', null);
INSERT INTO `wemall_goodsclass` VALUES ('65577', '2015-03-01 12:44:13', '\0', '', '', '2', '', '0', null, '65569', '', '', '', '0', null);
INSERT INTO `wemall_goodsclass` VALUES ('65578', '2015-03-01 12:44:21', '\0', '峰浠', '', '2', '', '0', null, '65569', '', '', '', '0', null);
INSERT INTO `wemall_goodsclass` VALUES ('65579', '2015-03-01 12:44:29', '\0', '℃', '', '2', '', '0', null, '65569', '', '', '', '0', null);
INSERT INTO `wemall_goodsclass` VALUES ('65580', '2015-03-01 12:45:38', '\0', '', '', '2', '', '0', null, '65570', '', '', '', '0', null);
INSERT INTO `wemall_goodsclass` VALUES ('65581', '2015-03-01 12:45:45', '\0', '琛ｆ', '', '2', '', '0', null, '65570', '', '', '', '0', null);
INSERT INTO `wemall_goodsclass` VALUES ('65582', '2015-03-01 12:45:51', '\0', '炬《', '', '2', '', '0', null, '65570', '', '', '', '0', null);
INSERT INTO `wemall_goodsclass` VALUES ('65583', '2015-03-01 12:45:56', '\0', '捐', '', '2', '', '0', null, '65570', '', '', '', '0', null);
INSERT INTO `wemall_goodsclass` VALUES ('65584', '2015-03-01 12:46:04', '\0', '磋', '', '2', '', '0', null, '65570', '', '', '', '0', null);
INSERT INTO `wemall_goodsclass` VALUES ('65585', '2015-03-01 12:46:10', '\0', '琚濂', '', '2', '', '0', null, '65570', '', '', '', '0', null);
INSERT INTO `wemall_goodsclass` VALUES ('65586', '2015-03-01 12:46:16', '\0', '姗¤舵濂', '', '2', '', '0', null, '65570', '', '', '', '0', null);
INSERT INTO `wemall_goodsclass` VALUES ('65587', '2015-03-01 12:48:00', '\0', '骞冲', '', '2', '', '0', null, '65571', '', '', '', '0', null);
INSERT INTO `wemall_goodsclass` VALUES ('65588', '2015-03-01 12:48:58', '\0', '缁濂瑁', '', '2', '', '0', null, '65571', '', '', '', '0', null);
INSERT INTO `wemall_goodsclass` VALUES ('65589', '2015-03-01 12:49:06', '\0', '椁峰瑁', '', '2', '', '0', null, '65571', '', '', '', '0', null);
INSERT INTO `wemall_goodsclass` VALUES ('65590', '2015-03-01 12:49:15', '\0', '渚挎洪', '', '2', '', '0', null, '65571', '', '', '', '0', null);
INSERT INTO `wemall_goodsclass` VALUES ('65591', '2015-03-01 12:49:34', '\0', '楗', '', '2', '', '0', null, '65571', '', '', '', '0', null);
INSERT INTO `wemall_goodsclass` VALUES ('65592', '2015-03-01 12:52:53', '\0', '缃╂', '', '2', '', '0', null, '65572', '', '', '', '0', null);
INSERT INTO `wemall_goodsclass` VALUES ('65593', '2015-03-01 12:53:05', '\0', '濡', '', '2', '', '0', null, '65572', '', '', '', '0', null);
INSERT INTO `wemall_goodsclass` VALUES ('65594', '2015-03-01 12:53:12', '\0', '绾稿肪', '', '2', '', '0', null, '65572', '', '', '', '0', null);
INSERT INTO `wemall_goodsclass` VALUES ('65595', '2015-03-01 12:53:19', '\0', '', '', '2', '', '0', null, '65572', '', '', '', '0', null);
INSERT INTO `wemall_goodsclass` VALUES ('65596', '2015-03-01 12:53:26', '\0', '缂╄', '', '2', '', '0', null, '65572', '', '', '', '0', null);
INSERT INTO `wemall_goodsclass` VALUES ('65597', '2015-03-01 12:53:35', '\0', '璐╄溅', '', '2', '', '0', null, '65572', '', '', '', '0', null);
INSERT INTO `wemall_goodsclass` VALUES ('65598', '2015-03-01 12:53:42', '\0', '', '', '2', '', '0', null, '65572', '', '', '', '0', null);
INSERT INTO `wemall_goodsclass` VALUES ('65599', '2015-03-01 12:53:54', '\0', '琛ｆ剁撼', '', '2', '', '0', null, '65572', '', '', '', '0', null);
INSERT INTO `wemall_goodsclass` VALUES ('65600', '2015-03-01 12:54:03', '\0', '绛剧', '', '2', '', '0', null, '65572', '', '', '', '0', null);
INSERT INTO `wemall_goodsclass` VALUES ('65601', '2015-03-01 12:55:47', '\0', '姹借溅╂', '', '1', '', '0', null, '65565', '', '', '', '0', null);
INSERT INTO `wemall_goodsclass` VALUES ('65602', '2015-03-01 12:56:29', '\0', '浜杞', '', '2', '', '0', null, '65601', '', '', '', '0', null);
INSERT INTO `wemall_goodsclass` VALUES ('65603', '2015-03-01 12:56:35', '\0', '拌溅磋溅', '', '2', '', '0', null, '65601', '', '', '', '0', null);
INSERT INTO `wemall_goodsclass` VALUES ('65604', '2015-03-01 12:56:48', '\0', '娌瑰', '', '2', '', '0', null, '65601', '', '', '', '0', null);
INSERT INTO `wemall_goodsclass` VALUES ('65605', '2015-03-01 12:56:55', '\0', '椹鹃┒硅', '', '2', '', '0', null, '65601', '', '', '', '0', null);
INSERT INTO `wemall_goodsclass` VALUES ('65606', '2015-03-01 12:57:00', '\0', '绉杞', '', '2', '', '0', null, '65601', '', '', '', '0', null);
INSERT INTO `wemall_goodsclass` VALUES ('65607', '2015-03-01 12:57:06', '\0', '瑁', '', '2', '', '0', null, '65601', '', '', '', '0', null);
INSERT INTO `wemall_goodsclass` VALUES ('65608', '2015-03-01 12:57:13', '\0', '靛瀹瑁', '', '2', '', '0', null, '65601', '', '', '', '0', null);
INSERT INTO `wemall_goodsclass` VALUES ('65609', '2015-03-01 12:57:45', '\0', '姹借溅瑁楗', '', '1', '', '1', null, '65565', '', '', '', '0', null);
INSERT INTO `wemall_goodsclass` VALUES ('65610', '2015-03-01 12:57:55', '\0', '搴у', '', '2', '', '0', null, '65609', '', '', '', '0', null);
INSERT INTO `wemall_goodsclass` VALUES ('65611', '2015-03-01 12:58:03', '\0', '搴у', '', '2', '', '0', null, '65609', '', '', '', '0', null);
INSERT INTO `wemall_goodsclass` VALUES ('65612', '2015-03-01 12:58:18', '\0', '', '', '2', '', '0', null, '65609', '', '', '', '0', null);
INSERT INTO `wemall_goodsclass` VALUES ('65613', '2015-03-01 12:58:24', '\0', '跨ュ骇妞', '', '2', '', '0', null, '65609', '', '', '', '0', null);
INSERT INTO `wemall_goodsclass` VALUES ('65614', '2015-03-01 12:58:31', '\0', '瑁楗拌创', '', '2', '', '0', null, '65609', '', '', '', '0', null);
INSERT INTO `wemall_goodsclass` VALUES ('65615', '2015-03-01 12:59:04', '\0', '杞', '', '2', '', '0', null, '65609', '', '', '', '0', null);
INSERT INTO `wemall_goodsclass` VALUES ('65616', '2015-03-01 12:59:12', '\0', '杞ㄩ姘', '', '2', '', '0', null, '65609', '', '', '', '0', null);
INSERT INTO `wemall_goodsclass` VALUES ('65617', '2015-03-01 12:59:27', '\0', '澶存伴', '', '2', '', '0', null, '65609', '', '', '', '0', null);
INSERT INTO `wemall_goodsclass` VALUES ('65618', '2015-03-01 12:59:34', '\0', 'ょ', '', '2', '', '0', null, '65609', '', '', '', '0', null);
INSERT INTO `wemall_goodsclass` VALUES ('65619', '2015-03-01 13:00:13', '\0', '姹借溅堕', '', '2', '', '3', null, '65619', '', '', '', '0', null);
INSERT INTO `wemall_goodsclass` VALUES ('65627', '2015-03-01 13:02:40', '\0', '椴辩豢妞', '', '1', '', '0', null, '65566', '', '', '', '0', null);
INSERT INTO `wemall_goodsclass` VALUES ('65628', '2015-03-01 13:02:49', '\0', 'よｆ惰', '', '1', '', '0', null, '65566', '', '', '', '0', null);
INSERT INTO `wemall_goodsclass` VALUES ('65629', '2015-03-01 13:03:14', '\0', '椴遍', '', '2', '', '0', null, '65627', '', '', '', '0', null);
INSERT INTO `wemall_goodsclass` VALUES ('65630', '2015-03-01 13:03:22', '\0', '缁挎', '', '2', '', '0', null, '65627', '', '', '', '0', null);
INSERT INTO `wemall_goodsclass` VALUES ('65631', '2015-03-01 13:03:27', '\0', '浠跨', '', '2', '', '0', null, '65627', '', '', '', '0', null);
INSERT INTO `wemall_goodsclass` VALUES ('65632', '2015-03-01 13:03:33', '\0', '搴㈡', '', '2', '', '0', null, '65627', '', '', '', '0', null);
INSERT INTO `wemall_goodsclass` VALUES ('65633', '2015-03-01 13:03:39', '\0', '绉瀛', '', '2', '', '0', null, '65627', '', '', '', '0', null);
INSERT INTO `wemall_goodsclass` VALUES ('65634', '2015-03-01 13:03:44', '\0', '辩惰辩', '', '2', '', '0', null, '65627', '', '', '', '0', null);
INSERT INTO `wemall_goodsclass` VALUES ('65635', '2015-03-01 13:04:13', '\0', '瀹ㄥ', '', '2', '', '0', null, '65628', '', '', '', '0', null);
INSERT INTO `wemall_goodsclass` VALUES ('65636', '2015-03-01 13:04:21', '\0', '卞', '', '2', '', '0', null, '65628', '', '', '', '0', null);
INSERT INTO `wemall_goodsclass` VALUES ('65637', '2015-03-01 13:04:27', '\0', '', '', '2', '', '0', null, '65628', '', '', '', '0', null);
INSERT INTO `wemall_goodsclass` VALUES ('65638', '2015-03-01 13:04:33', '\0', '', '', '2', '', '0', null, '65628', '', '', '', '0', null);
INSERT INTO `wemall_goodsclass` VALUES ('65639', '2015-03-01 13:04:38', '\0', '辩', '', '2', '', '0', null, '65628', '', '', '', '0', null);
INSERT INTO `wemall_goodsclass` VALUES ('65640', '2015-03-01 13:04:43', '\0', '浣', '', '2', '', '0', null, '65628', '', '', '', '0', null);
INSERT INTO `wemall_goodsclass` VALUES ('65641', '2015-03-01 13:04:48', '\0', '绱', '', '2', '', '0', null, '65628', '', '', '', '0', null);
INSERT INTO `wemall_goodsclass` VALUES ('65642', '2015-03-01 13:04:54', '\0', 'ょ╂椤', '', '2', '', '0', null, '65628', '', '', '', '0', null);
INSERT INTO `wemall_goodsclass` VALUES ('65643', '2015-03-01 13:05:02', '\0', '涔娉缁', '', '2', '', '0', null, '65628', '', '', '', '0', null);
INSERT INTO `wemall_goodsclass` VALUES ('65644', '2015-03-01 13:05:44', '\0', '浼查堕', '', '1', '', '0', null, '65567', '', '', '', '0', null);
INSERT INTO `wemall_goodsclass` VALUES ('65645', '2015-03-01 13:05:55', '\0', '宸у', '', '2', '', '0', null, '65644', '', '', '', '0', null);
INSERT INTO `wemall_goodsclass` VALUES ('65646', '2015-03-01 13:06:02', '\0', '椹￠', '', '2', '', '0', null, '65644', '', '', '', '0', null);
INSERT INTO `wemall_goodsclass` VALUES ('65647', '2015-03-01 13:06:12', '\0', '鹃ゼ', '', '2', '', '0', null, '65644', '', '', '', '0', null);
INSERT INTO `wemall_goodsclass` VALUES ('65648', '2015-03-01 13:06:18', '\0', '插', '', '2', '', '0', null, '65644', '', '', '', '0', null);
INSERT INTO `wemall_goodsclass` VALUES ('65649', '2015-03-01 13:06:25', '\0', '甯涓', '', '2', '', '0', null, '65644', '', '', '', '0', null);
INSERT INTO `wemall_goodsclass` VALUES ('65650', '2015-03-01 13:06:31', '\0', '告', '', '2', '', '0', null, '65644', '', '', '', '0', null);
INSERT INTO `wemall_goodsclass` VALUES ('65651', '2015-03-01 13:06:39', '\0', '澶濞澶锋', '', '2', '', '0', null, '65644', '', '', '', '0', null);
INSERT INTO `wemall_goodsclass` VALUES ('65652', '2015-03-01 13:07:48', '\0', 'ュ讳', '', '1', '', '1', null, '65567', '', '', '', '0', null);
INSERT INTO `wemall_goodsclass` VALUES ('65653', '2015-03-01 13:07:55', '\0', '缁寸绱', '', '2', '', '0', null, '65652', '', '', '', '0', null);
INSERT INTO `wemall_goodsclass` VALUES ('65654', '2015-03-01 13:08:01', '\0', '跺', '', '2', '', '0', null, '65652', '', '', '', '0', null);
INSERT INTO `wemall_goodsclass` VALUES ('65655', '2015-03-01 13:10:27', '\0', '抽绾ょ淮', '', '2', '', '0', null, '65652', '', '', '', '0', null);
INSERT INTO `wemall_goodsclass` VALUES ('65656', '2015-03-01 13:10:37', '\0', '姘ㄥ洪', '', '2', '', '0', null, '65652', '', '', '', '0', null);
INSERT INTO `wemall_goodsclass` VALUES ('65657', '2015-03-01 13:10:43', '\0', '借川绮', '', '2', '', '0', null, '65652', '', '', '', '0', null);
INSERT INTO `wemall_goodsclass` VALUES ('65658', '2015-03-01 13:10:51', '\0', '楸艰娌', '', '2', '', '0', null, '65652', '', '', '', '0', null);
INSERT INTO `wemall_goodsclass` VALUES ('65659', '2015-03-01 13:10:56', '\0', '', '', '2', '', '0', null, '65652', '', '', '', '0', null);
INSERT INTO `wemall_goodsclass` VALUES ('65660', '2015-03-01 13:11:02', '\0', '', '', '2', '', '0', null, '65652', '', '', '', '0', null);
INSERT INTO `wemall_goodsclass` VALUES ('65661', '2015-03-01 13:11:38', '\0', '璇璐圭', '', '1', '', '0', null, '65568', '', '', '', '0', null);
INSERT INTO `wemall_goodsclass` VALUES ('65662', '2015-03-01 13:11:50', '\0', '璇璐瑰', '', '2', '', '0', null, '65661', '', '', '', '0', null);
INSERT INTO `wemall_goodsclass` VALUES ('65663', '2015-03-01 13:11:55', '\0', '绉诲', '', '2', '', '0', null, '65661', '', '', '', '0', null);
INSERT INTO `wemall_goodsclass` VALUES ('65664', '2015-03-01 13:12:01', '\0', '', '', '2', '', '0', null, '65661', '', '', '', '0', null);
INSERT INTO `wemall_goodsclass` VALUES ('65665', '2015-03-01 13:12:07', '\0', '典俊', '', '2', '', '0', null, '65661', '', '', '', '0', null);
INSERT INTO `wemall_goodsclass` VALUES ('65666', '2015-03-01 13:12:13', '\0', '瀹', '', '2', '', '0', null, '65661', '', '', '', '0', null);
INSERT INTO `wemall_goodsclass` VALUES ('65667', '2015-03-01 13:12:30', '\0', '3G涓缃', '', '2', '', '0', null, '65661', '', '', '', '0', null);
INSERT INTO `wemall_goodsclass` VALUES ('65668', '2015-03-01 13:12:36', '\0', '哄风', '', '2', '', '0', null, '65661', '', '', '', '0', null);
INSERT INTO `wemall_goodsclass` VALUES ('65669', '2015-03-01 13:12:57', '\0', '娓告', '', '1', '', '1', null, '65568', '', '', '', '0', null);
INSERT INTO `wemall_goodsclass` VALUES ('65670', '2015-03-01 13:13:33', '\0', '榄', '', '2', '', '0', null, '65669', '', '', '', '0', null);
INSERT INTO `wemall_goodsclass` VALUES ('65671', '2015-03-01 13:13:40', '\0', '姊骞昏タ娓', '', '2', '', '0', null, '65669', '', '', '', '0', null);
INSERT INTO `wemall_goodsclass` VALUES ('65672', '2015-03-01 13:13:46', '\0', '瑁澶浜ゆ', '', '2', '', '0', null, '65669', '', '', '', '0', null);
INSERT INTO `wemall_goodsclass` VALUES ('65673', '2015-03-01 13:13:53', '\0', '榫涔璋', '', '2', '', '0', null, '65669', '', '', '', '0', null);
INSERT INTO `wemall_goodsclass` VALUES ('65674', '2015-03-01 13:13:59', '\0', '缃椤垫父', '', '2', '', '0', null, '65669', '', '', '', '0', null);
INSERT INTO `wemall_goodsclass` VALUES ('65675', '2015-03-01 13:14:23', '\0', '版', '', '2', '', '0', null, '65669', '', '', '', '0', null);
INSERT INTO `wemall_goodsclass` VALUES ('65676', '2015-03-01 13:14:30', '\0', '颁富', '', '2', '', '0', null, '65669', '', '', '', '0', null);
INSERT INTO `wemall_goodsclass` VALUES ('65677', '2015-03-01 13:14:36', '\0', '浠ｇ', '', '2', '', '0', null, '65669', '', '', '', '0', null);
INSERT INTO `wemall_goodsclass` VALUES ('65678', '2015-03-01 13:14:44', '\0', '', '', '2', '', '0', null, '65669', '', '', '', '0', null);
INSERT INTO `wemall_goodsclass` VALUES ('65679', '2015-03-02 15:48:12', '\0', '绔ラ', '', '1', '', '0', '2', '25', '', '', '', '0', null);

-- ----------------------------
-- Table structure for wemall_goodsclassstaple
-- ----------------------------
DROP TABLE IF EXISTS `wemall_goodsclassstaple`;
CREATE TABLE `wemall_goodsclassstaple` (
  `id` bigint(20) NOT NULL AUTO_INCREMENT,
  `addTime` datetime DEFAULT NULL,
  `deleteStatus` bit(1) NOT NULL,
  `name` varchar(255) DEFAULT NULL,
  `gc_id` bigint(20) DEFAULT NULL,
  `store_id` bigint(20) DEFAULT NULL,
  PRIMARY KEY (`id`),
  KEY `FK335B1F3C6BDDCC57` (`gc_id`),
  KEY `FK335B1F3C920D7683` (`store_id`),
  CONSTRAINT `FK335B1F3C6BDDCC57` FOREIGN KEY (`gc_id`) REFERENCES `wemall_goodsclass` (`id`),
  CONSTRAINT `FK335B1F3C920D7683` FOREIGN KEY (`store_id`) REFERENCES `wemall_store` (`id`)
) ENGINE=InnoDB AUTO_INCREMENT=65538 DEFAULT CHARSET=utf8;

-- ----------------------------
-- Records of wemall_goodsclassstaple
-- ----------------------------
INSERT INTO `wemall_goodsclassstaple` VALUES ('1', '2013-12-24 13:09:28', '\0', '峰コ楗>疯>浼插す', '5', '1');
INSERT INTO `wemall_goodsclassstaple` VALUES ('32768', '2013-12-24 14:58:47', '\0', '峰コ楗>濂宠>杩琛ｈ', '17', '1');
INSERT INTO `wemall_goodsclassstaple` VALUES ('32769', '2013-12-24 15:03:02', '\0', '峰コ楗>瀹跺琛>濉韬琛', '19', '1');
INSERT INTO `wemall_goodsclassstaple` VALUES ('32770', '2013-12-24 16:14:23', '\0', '楗>>', '34', '1');
INSERT INTO `wemall_goodsclassstaple` VALUES ('32771', '2013-12-24 16:14:25', '\0', '楗>>跺卞', '35', '1');
INSERT INTO `wemall_goodsclassstaple` VALUES ('32772', '2013-12-24 16:14:39', '\0', '楗>>澶藉', '36', '1');
INSERT INTO `wemall_goodsclassstaple` VALUES ('65536', '2014-01-10 19:24:36', '\0', '峰コ楗>疯>跺T', '8', '1');
INSERT INTO `wemall_goodsclassstaple` VALUES ('65537', '2014-09-25 11:29:43', '\0', '扮靛>洪璁>哄煎', '78', '32769');

-- ----------------------------
-- Table structure for wemall_goodsrecommend
-- ----------------------------
DROP TABLE IF EXISTS `wemall_goodsrecommend`;
CREATE TABLE `wemall_goodsrecommend` (
  `id` bigint(20) NOT NULL AUTO_INCREMENT,
  `addTime` datetime DEFAULT NULL,
  `deleteStatus` bit(1) NOT NULL,
  `browseNum` int(11) NOT NULL,
  `code` longtext,
  `goodsNum` int(11) NOT NULL,
  `imageHeight` int(11) NOT NULL,
  `imageWidth` int(11) NOT NULL,
  `remarkInfo` varchar(255) DEFAULT NULL,
  `sequence` int(11) NOT NULL,
  `showNum` int(11) NOT NULL,
  `styleName` varchar(255) DEFAULT NULL,
  `typeName` varchar(255) DEFAULT NULL,
  PRIMARY KEY (`id`)
) ENGINE=InnoDB DEFAULT CHARSET=utf8;

-- ----------------------------
-- Records of wemall_goodsrecommend
-- ----------------------------

-- ----------------------------
-- Table structure for wemall_goodsspecification
-- ----------------------------
DROP TABLE IF EXISTS `wemall_goodsspecification`;
CREATE TABLE `wemall_goodsspecification` (
  `id` bigint(20) NOT NULL AUTO_INCREMENT,
  `addTime` datetime DEFAULT NULL,
  `deleteStatus` bit(1) NOT NULL,
  `name` varchar(255) DEFAULT NULL,
  `sequence` int(11) NOT NULL,
  `type` varchar(255) DEFAULT NULL,
  PRIMARY KEY (`id`)
) ENGINE=InnoDB AUTO_INCREMENT=32769 DEFAULT CHARSET=utf8;

-- ----------------------------
-- Records of wemall_goodsspecification
-- ----------------------------
INSERT INTO `wemall_goodsspecification` VALUES ('1', '2013-12-24 08:57:34', '\0', '', '0', 'text');
INSERT INTO `wemall_goodsspecification` VALUES ('2', '2013-12-24 08:59:56', '\0', '灏虹', '1', 'text');
INSERT INTO `wemall_goodsspecification` VALUES ('32768', '2013-12-24 09:41:36', '\0', '棰', '3', 'img');

-- ----------------------------
-- Table structure for wemall_goodsspecproperty
-- ----------------------------
DROP TABLE IF EXISTS `wemall_goodsspecproperty`;
CREATE TABLE `wemall_goodsspecproperty` (
  `id` bigint(20) NOT NULL AUTO_INCREMENT,
  `addTime` datetime DEFAULT NULL,
  `deleteStatus` bit(1) NOT NULL,
  `sequence` int(11) NOT NULL,
  `value` varchar(255) DEFAULT NULL,
  `spec_id` bigint(20) DEFAULT NULL,
  `specImage_id` bigint(20) DEFAULT NULL,
  PRIMARY KEY (`id`),
  KEY `FK1F5139F54F314235` (`specImage_id`),
  KEY `FK1F5139F574A287A3` (`spec_id`),
  CONSTRAINT `FK1F5139F54F314235` FOREIGN KEY (`specImage_id`) REFERENCES `wemall_accessory` (`id`),
  CONSTRAINT `FK1F5139F574A287A3` FOREIGN KEY (`spec_id`) REFERENCES `wemall_goodsspecification` (`id`)
) ENGINE=InnoDB AUTO_INCREMENT=32775 DEFAULT CHARSET=utf8;

-- ----------------------------
-- Records of wemall_goodsspecproperty
-- ----------------------------
INSERT INTO `wemall_goodsspecproperty` VALUES ('1', '2013-12-24 08:57:34', '\0', '1', '35', '1', null);
INSERT INTO `wemall_goodsspecproperty` VALUES ('2', '2013-12-24 08:57:34', '\0', '2', '36', '1', null);
INSERT INTO `wemall_goodsspecproperty` VALUES ('3', '2013-12-24 08:57:34', '\0', '3', '37', '1', null);
INSERT INTO `wemall_goodsspecproperty` VALUES ('4', '2013-12-24 08:57:34', '\0', '4', '38', '1', null);
INSERT INTO `wemall_goodsspecproperty` VALUES ('5', '2013-12-24 08:57:34', '\0', '5', '39', '1', null);
INSERT INTO `wemall_goodsspecproperty` VALUES ('6', '2013-12-24 08:57:34', '\0', '6', '40', '1', null);
INSERT INTO `wemall_goodsspecproperty` VALUES ('7', '2013-12-24 08:57:34', '\0', '7', '41', '1', null);
INSERT INTO `wemall_goodsspecproperty` VALUES ('8', '2013-12-24 08:57:34', '\0', '8', '42', '1', null);
INSERT INTO `wemall_goodsspecproperty` VALUES ('9', '2013-12-24 08:57:34', '\0', '9', '43', '1', null);
INSERT INTO `wemall_goodsspecproperty` VALUES ('10', '2013-12-24 08:57:35', '\0', '10', '44', '1', null);
INSERT INTO `wemall_goodsspecproperty` VALUES ('11', '2013-12-24 08:57:35', '\0', '11', '45', '1', null);
INSERT INTO `wemall_goodsspecproperty` VALUES ('12', '2013-12-24 08:57:35', '\0', '12', '47', '1', null);
INSERT INTO `wemall_goodsspecproperty` VALUES ('13', '2013-12-24 08:57:35', '\0', '13', '瑰', '1', null);
INSERT INTO `wemall_goodsspecproperty` VALUES ('14', '2013-12-24 08:59:56', '\0', '1', '', '2', null);
INSERT INTO `wemall_goodsspecproperty` VALUES ('15', '2013-12-24 08:59:56', '\0', '2', 'XXS', '2', null);
INSERT INTO `wemall_goodsspecproperty` VALUES ('16', '2013-12-24 08:59:56', '\0', '3', 'XS', '2', null);
INSERT INTO `wemall_goodsspecproperty` VALUES ('17', '2013-12-24 08:59:56', '\0', '4', 'S', '2', null);
INSERT INTO `wemall_goodsspecproperty` VALUES ('18', '2013-12-24 08:59:56', '\0', '5', 'M', '2', null);
INSERT INTO `wemall_goodsspecproperty` VALUES ('19', '2013-12-24 08:59:56', '\0', '6', 'L', '2', null);
INSERT INTO `wemall_goodsspecproperty` VALUES ('20', '2013-12-24 08:59:56', '\0', '7', 'XL', '2', null);
INSERT INTO `wemall_goodsspecproperty` VALUES ('21', '2013-12-24 08:59:56', '\0', '8', 'XXL', '2', null);
INSERT INTO `wemall_goodsspecproperty` VALUES ('22', '2013-12-24 08:59:56', '\0', '9', 'XXXL', '2', null);
INSERT INTO `wemall_goodsspecproperty` VALUES ('23', '2013-12-24 08:59:56', '\0', '10', '逛', '2', null);
INSERT INTO `wemall_goodsspecproperty` VALUES ('32768', '2013-12-24 09:43:19', '\0', '0', '借', '32768', '32768');
INSERT INTO `wemall_goodsspecproperty` VALUES ('32769', '2013-12-24 09:43:19', '\0', '1', '榛', '32768', '32769');
INSERT INTO `wemall_goodsspecproperty` VALUES ('32770', '2013-12-24 09:43:19', '\0', '2', '绾㈣', '32768', '32770');
INSERT INTO `wemall_goodsspecproperty` VALUES ('32771', '2013-12-24 09:43:19', '\0', '3', '绱', '32768', '32771');
INSERT INTO `wemall_goodsspecproperty` VALUES ('32772', '2013-12-24 09:43:19', '\0', '4', '妗', '32768', '32772');
INSERT INTO `wemall_goodsspecproperty` VALUES ('32773', '2013-12-24 09:43:19', '\0', '5', '', '32768', '32773');
INSERT INTO `wemall_goodsspecproperty` VALUES ('32774', '2013-12-24 09:43:19', '\0', '6', '', '32768', '32774');

-- ----------------------------
-- Table structure for wemall_goodstype
-- ----------------------------
DROP TABLE IF EXISTS `wemall_goodstype`;
CREATE TABLE `wemall_goodstype` (
  `id` bigint(20) NOT NULL AUTO_INCREMENT,
  `addTime` datetime DEFAULT NULL,
  `deleteStatus` bit(1) NOT NULL,
  `name` varchar(255) DEFAULT NULL,
  `sequence` int(11) NOT NULL,
  PRIMARY KEY (`id`)
) ENGINE=InnoDB AUTO_INCREMENT=3 DEFAULT CHARSET=utf8;

-- ----------------------------
-- Records of wemall_goodstype
-- ----------------------------
INSERT INTO `wemall_goodstype` VALUES ('1', '2013-12-24 10:17:33', '\0', '瑁', '0');
INSERT INTO `wemall_goodstype` VALUES ('2', '2013-12-24 10:18:13', '\0', '', '1');

-- ----------------------------
-- Table structure for wemall_goodstypeproperty
-- ----------------------------
DROP TABLE IF EXISTS `wemall_goodstypeproperty`;
CREATE TABLE `wemall_goodstypeproperty` (
  `id` bigint(20) NOT NULL AUTO_INCREMENT,
  `addTime` datetime DEFAULT NULL,
  `deleteStatus` bit(1) NOT NULL,
  `display` bit(1) NOT NULL,
  `name` varchar(255) DEFAULT NULL,
  `sequence` int(11) NOT NULL,
  `value` varchar(255) DEFAULT NULL,
  `goodsType_id` bigint(20) DEFAULT NULL,
  PRIMARY KEY (`id`),
  KEY `FKABDE274F8D6DBC3` (`goodsType_id`),
  CONSTRAINT `FKABDE274F8D6DBC3` FOREIGN KEY (`goodsType_id`) REFERENCES `wemall_goodstype` (`id`)
) ENGINE=InnoDB AUTO_INCREMENT=4 DEFAULT CHARSET=utf8;

-- ----------------------------
-- Records of wemall_goodstypeproperty
-- ----------------------------
INSERT INTO `wemall_goodstypeproperty` VALUES ('1', '2014-08-27 14:13:57', '\0', '', '娆惧', '1', '胯,琚,涓/浜琚,琚,涓や欢濂,瀹芥', '1');
INSERT INTO `wemall_goodstypeproperty` VALUES ('2', '2014-08-27 14:13:57', '\0', '', '璐', '2', '绾妫,涓,,妫+姘ㄤ鸡,姘ㄤ鸡锛¤憋,浜洪妫,朵', '1');
INSERT INTO `wemall_goodstypeproperty` VALUES ('3', '2014-08-27 14:13:57', '\0', '', '琛ｉ', '3', '娆撅琛ｉ35-50CM锛,涓挎撅琛ｉ50-70CM锛,挎撅琛ｉ70-100CM锛', '1');

-- ----------------------------
-- Table structure for wemall_goodstype_brand
-- ----------------------------
DROP TABLE IF EXISTS `wemall_goodstype_brand`;
CREATE TABLE `wemall_goodstype_brand` (
  `type_id` bigint(20) NOT NULL,
  `brand_id` bigint(20) NOT NULL,
  KEY `FKA5ABC541667C5CC` (`brand_id`),
  KEY `FKA5ABC54117C323C8` (`type_id`),
  CONSTRAINT `FKA5ABC54117C323C8` FOREIGN KEY (`type_id`) REFERENCES `wemall_goodstype` (`id`),
  CONSTRAINT `FKA5ABC541667C5CC` FOREIGN KEY (`brand_id`) REFERENCES `wemall_goodsbrand` (`id`)
) ENGINE=InnoDB DEFAULT CHARSET=utf8;

-- ----------------------------
-- Records of wemall_goodstype_brand
-- ----------------------------
INSERT INTO `wemall_goodstype_brand` VALUES ('2', '11');
INSERT INTO `wemall_goodstype_brand` VALUES ('2', '12');
INSERT INTO `wemall_goodstype_brand` VALUES ('2', '13');
INSERT INTO `wemall_goodstype_brand` VALUES ('1', '1');
INSERT INTO `wemall_goodstype_brand` VALUES ('1', '2');
INSERT INTO `wemall_goodstype_brand` VALUES ('1', '3');
INSERT INTO `wemall_goodstype_brand` VALUES ('1', '4');
INSERT INTO `wemall_goodstype_brand` VALUES ('1', '5');
INSERT INTO `wemall_goodstype_brand` VALUES ('1', '6');
INSERT INTO `wemall_goodstype_brand` VALUES ('1', '7');
INSERT INTO `wemall_goodstype_brand` VALUES ('1', '8');
INSERT INTO `wemall_goodstype_brand` VALUES ('1', '9');
INSERT INTO `wemall_goodstype_brand` VALUES ('1', '10');
INSERT INTO `wemall_goodstype_brand` VALUES ('1', '14');
INSERT INTO `wemall_goodstype_brand` VALUES ('1', '11');
INSERT INTO `wemall_goodstype_brand` VALUES ('1', '12');
INSERT INTO `wemall_goodstype_brand` VALUES ('1', '13');

-- ----------------------------
-- Table structure for wemall_goodstype_spec
-- ----------------------------
DROP TABLE IF EXISTS `wemall_goodstype_spec`;
CREATE TABLE `wemall_goodstype_spec` (
  `type_id` bigint(20) NOT NULL,
  `spec_id` bigint(20) NOT NULL,
  KEY `FK82E5085B74A287A3` (`spec_id`),
  KEY `FK82E5085BD0793FD9` (`type_id`),
  CONSTRAINT `FK82E5085B74A287A3` FOREIGN KEY (`spec_id`) REFERENCES `wemall_goodsspecification` (`id`),
  CONSTRAINT `FK82E5085BD0793FD9` FOREIGN KEY (`type_id`) REFERENCES `wemall_goodstype` (`id`)
) ENGINE=InnoDB DEFAULT CHARSET=utf8;

-- ----------------------------
-- Records of wemall_goodstype_spec
-- ----------------------------
INSERT INTO `wemall_goodstype_spec` VALUES ('2', '1');
INSERT INTO `wemall_goodstype_spec` VALUES ('2', '32768');
INSERT INTO `wemall_goodstype_spec` VALUES ('1', '2');
INSERT INTO `wemall_goodstype_spec` VALUES ('1', '32768');

-- ----------------------------
-- Table structure for wemall_goods_combin
-- ----------------------------
DROP TABLE IF EXISTS `wemall_goods_combin`;
CREATE TABLE `wemall_goods_combin` (
  `wemall_goods_id` bigint(20) NOT NULL,
  `combin_goods_id` bigint(20) NOT NULL,
  KEY `FK367D9A66A4B76EC9` (`wemall_goods_id`),
  KEY `FK367D9A667125CE0B` (`combin_goods_id`),
  CONSTRAINT `FK367D9A667125CE0B` FOREIGN KEY (`combin_goods_id`) REFERENCES `wemall_goods` (`id`),
  CONSTRAINT `FK367D9A66A4B76EC9` FOREIGN KEY (`wemall_goods_id`) REFERENCES `wemall_goods` (`id`)
) ENGINE=InnoDB DEFAULT CHARSET=utf8;

-- ----------------------------
-- Records of wemall_goods_combin
-- ----------------------------

-- ----------------------------
-- Table structure for wemall_goods_floor
-- ----------------------------
DROP TABLE IF EXISTS `wemall_goods_floor`;
CREATE TABLE `wemall_goods_floor` (
  `id` bigint(20) NOT NULL AUTO_INCREMENT,
  `addTime` datetime DEFAULT NULL,
  `deleteStatus` bit(1) NOT NULL,
  `gf_css` varchar(255) DEFAULT NULL,
  `gf_display` bit(1) NOT NULL,
  `gf_goods_count` int(11) NOT NULL,
  `gf_level` int(11) NOT NULL,
  `gf_name` varchar(255) DEFAULT NULL,
  `gf_sequence` int(11) NOT NULL,
  `parent_id` bigint(20) DEFAULT NULL,
  `gf_gc_goods` longtext,
  `gf_gc_list` longtext,
  `gf_left_adv` longtext,
  `gf_list_goods` longtext,
  `gf_right_adv` longtext,
  `gf_brand_list` longtext,
  PRIMARY KEY (`id`),
  UNIQUE KEY `id` (`id`),
  KEY `FKA714398C8387AA4E` (`parent_id`),
  CONSTRAINT `FKA714398C8387AA4E` FOREIGN KEY (`parent_id`) REFERENCES `wemall_goods_floor` (`id`)
) ENGINE=InnoDB AUTO_INCREMENT=131082 DEFAULT CHARSET=utf8;

-- ----------------------------
-- Records of wemall_goods_floor
-- ----------------------------
INSERT INTO `wemall_goods_floor` VALUES ('2', '2014-02-22 21:44:30', '\0', 'floor_orange', '', '0', '0', '娴琛楗', '0', null, null, '[{\"gc_id6\":\"10\",\"gc_count\":6,\"gc_id1\":\"8\",\"pid\":\"2\",\"gc_id4\":\"6\",\"gc_id5\":\"9\",\"gc_id2\":\"5\",\"gc_id3\":\"7\"}, {\"gc_id6\":\"18\",\"gc_count\":6,\"gc_id1\":\"13\",\"pid\":\"3\",\"gc_id4\":\"16\",\"gc_id5\":\"17\",\"gc_id2\":\"14\",\"gc_id3\":\"15\"}, {\"gc_id6\":\"20\",\"gc_count\":6,\"gc_id1\":\"19\",\"pid\":\"4\",\"gc_id4\":\"23\",\"gc_id5\":\"24\",\"gc_id2\":\"21\",\"gc_id3\":\"22\"}]', '{\"acc_url\":\"\",\"adv_id\":\"2\",\"acc_id\":\"\"}', '{\"goods_id4\":\"98308\",\"goods_id5\":\"65539\",\"goods_id3\":\"98307\",\"goods_id2\":\"65538\",\"goods_id1\":\"65537\",\"list_title\":\"琛\"}', '{\"acc_url\":\"#\",\"adv_id\":\"\",\"acc_id\":327682}', '{\"brand_id9\":\"4\",\"brand_id8\":\"7\",\"brand_id7\":\"3\",\"brand_id6\":\"2\",\"brand_id5\":\"1\",\"brand_id4\":\"6\",\"brand_id3\":\"5\",\"brand_id1\":\"8\",\"brand_id2\":\"9\"}');
INSERT INTO `wemall_goods_floor` VALUES ('32768', '2014-02-22 22:08:01', '\0', '', '', '0', '1', '疯', '0', '2', '{\"goods_id6\":\"8\",\"goods_id7\":\"4\",\"goods_id4\":\"3\",\"goods_id5\":\"32768\",\"goods_id8\":\"7\",\"goods_id9\":\"6\",\"goods_id3\":\"32769\",\"goods_id2\":\"9\",\"goods_id10\":\"5\",\"goods_id1\":\"1\"}', null, null, null, null, null);
INSERT INTO `wemall_goods_floor` VALUES ('65536', '2014-02-22 22:21:30', '\0', '', '', '0', '1', '濂宠', '1', '2', '{\"goods_id6\":\"98304\",\"goods_id7\":\"65536\",\"goods_id4\":\"98307\",\"goods_id5\":\"98305\",\"goods_id8\":\"65537\",\"goods_id9\":\"65540\",\"goods_id3\":\"98306\",\"goods_id2\":\"65538\",\"goods_id10\":\"65539\",\"goods_id1\":\"98308\"}', null, null, null, null, null);
INSERT INTO `wemall_goods_floor` VALUES ('98304', '2014-02-25 11:33:09', '\0', 'floor_blue', '', '0', '0', '瀹剁垫扮', '2', null, null, '[{\"gc_count\":4,\"gc_id1\":\"75\",\"pid\":\"70\",\"gc_id4\":\"78\",\"gc_id2\":\"76\",\"gc_id3\":\"77\"}, {\"gc_id6\":\"87\",\"gc_id7\":\"88\",\"gc_count\":7,\"gc_id1\":\"65542\",\"pid\":\"73\",\"gc_id4\":\"85\",\"gc_id5\":\"86\",\"gc_id2\":\"83\",\"gc_id3\":\"84\"}, {\"gc_id6\":\"94\",\"gc_count\":6,\"gc_id1\":\"89\",\"pid\":\"74\",\"gc_id4\":\"92\",\"gc_id5\":\"93\",\"gc_id2\":\"90\",\"gc_id3\":\"91\"}]', '{\"acc_url\":\"\",\"adv_id\":\"32770\",\"acc_id\":\"\"}', '{\"goods_id6\":\"98451\",\"goods_id4\":\"98448\",\"goods_id5\":\"98447\",\"goods_id3\":\"98449\",\"goods_id2\":\"98456\",\"goods_id1\":\"98454\",\"list_title\":\"琛\"}', '{\"acc_url\":\"#\",\"adv_id\":\"\",\"acc_id\":360449}', '{\"brand_id9\":\"11\",\"brand_id8\":\"8\",\"brand_id7\":\"7\",\"brand_id6\":\"5\",\"brand_id5\":\"6\",\"brand_id4\":\"2\",\"brand_id3\":\"3\",\"brand_id1\":\"14\",\"brand_id2\":\"13\"}');
INSERT INTO `wemall_goods_floor` VALUES ('131072', '2014-02-25 17:49:51', '\0', '', '', '0', '1', '', '0', '98304', '{\"goods_id6\":\"98409\",\"goods_id7\":\"98401\",\"goods_id4\":\"98413\",\"goods_id5\":\"98411\",\"goods_id8\":\"98403\",\"goods_id9\":\"98407\",\"goods_id3\":\"98414\",\"goods_id2\":\"98415\",\"goods_id10\":\"98405\",\"goods_id1\":\"98416\"}', null, null, null, null, null);
INSERT INTO `wemall_goods_floor` VALUES ('131073', '2014-02-25 17:51:17', '\0', 'floor_green', '', '0', '0', '楗', '1', null, null, '[{\"gc_count\":4,\"gc_id1\":\"31\",\"pid\":\"27\",\"gc_id4\":\"30\",\"gc_id2\":\"32\",\"gc_id3\":\"33\"}, {\"gc_count\":5,\"gc_id1\":\"40\",\"pid\":\"28\",\"gc_id4\":\"43\",\"gc_id5\":\"44\",\"gc_id2\":\"41\",\"gc_id3\":\"42\"}, {\"gc_id8\":\"49\",\"gc_id6\":\"47\",\"gc_id7\":\"48\",\"gc_count\":8,\"gc_id1\":\"65536\",\"pid\":\"29\",\"gc_id4\":\"45\",\"gc_id5\":\"46\",\"gc_id2\":\"65537\",\"gc_id3\":\"65538\"}]', '{\"acc_url\":\"\",\"adv_id\":\"32769\",\"acc_id\":\"\"}', '{\"goods_id6\":\"98382\",\"goods_id4\":\"98391\",\"goods_id5\":\"98410\",\"goods_id3\":\"98406\",\"goods_id2\":\"98408\",\"goods_id1\":\"98402\",\"list_title\":\"琛\"}', '{\"acc_url\":\"#\",\"adv_id\":\"\",\"acc_id\":360448}', '{\"brand_id9\":\"1\",\"brand_id8\":\"2\",\"brand_id7\":\"4\",\"brand_id6\":\"3\",\"brand_id5\":\"10\",\"brand_id4\":\"9\",\"brand_id3\":\"5\",\"brand_id1\":\"6\",\"brand_id2\":\"7\"}');
INSERT INTO `wemall_goods_floor` VALUES ('131074', '2014-02-25 17:53:41', '\0', null, '', '0', '1', '烽', '0', '131073', '{\"goods_id6\":\"98326\",\"goods_id7\":\"98325\",\"goods_id4\":\"98329\",\"goods_id5\":\"98328\",\"goods_id8\":\"98322\",\"goods_id9\":\"98320\",\"goods_id3\":\"98331\",\"goods_id2\":\"98333\",\"goods_id10\":\"98319\",\"goods_id1\":\"98408\"}', null, null, null, null, null);
INSERT INTO `wemall_goods_floor` VALUES ('131075', '2014-02-25 17:57:12', '\0', null, '', '0', '1', '濂抽', '1', '131073', '{\"goods_id6\":\"98341\",\"goods_id7\":\"98337\",\"goods_id4\":\"98346\",\"goods_id5\":\"98335\",\"goods_id8\":\"98340\",\"goods_id9\":\"98357\",\"goods_id3\":\"98359\",\"goods_id2\":\"98360\",\"goods_id10\":\"98344\",\"goods_id1\":\"98361\"}', null, null, null, null, null);
INSERT INTO `wemall_goods_floor` VALUES ('131076', '2014-02-25 17:57:30', '\0', null, '', '0', '1', '扮', '1', '98304', '{\"goods_id6\":\"98442\",\"goods_id7\":\"98441\",\"goods_id4\":\"98444\",\"goods_id5\":\"98443\",\"goods_id8\":\"98440\",\"goods_id9\":\"98439\",\"goods_id3\":\"98445\",\"goods_id2\":\"98446\",\"goods_id10\":\"98428\",\"goods_id1\":\"98447\"}', null, null, null, null, null);
INSERT INTO `wemall_goods_floor` VALUES ('131077', '2014-02-25 18:02:45', '\0', null, '', '0', '1', '朵', '2', '98304', '{\"goods_id6\":\"98428\",\"goods_id7\":\"98409\",\"goods_id4\":\"98424\",\"goods_id5\":\"98422\",\"goods_id8\":\"98417\",\"goods_id9\":\"98438\",\"goods_id3\":\"98436\",\"goods_id2\":\"98454\",\"goods_id10\":\"98437\",\"goods_id1\":\"98448\"}', null, null, null, null, null);
INSERT INTO `wemall_goods_floor` VALUES ('131078', '2014-02-25 18:07:11', '\0', 'floor_purple', '', '0', '0', '杩ㄦ峰', '3', null, null, '[{\"gc_count\":3,\"gc_id1\":\"54\",\"pid\":\"51\",\"gc_id2\":\"55\",\"gc_id3\":\"56\"}, {\"gc_id8\":\"63\",\"gc_id6\":\"61\",\"gc_id7\":\"62\",\"gc_count\":8,\"gc_id1\":\"65539\",\"pid\":\"52\",\"gc_id4\":\"59\",\"gc_id5\":\"60\",\"gc_id2\":\"57\",\"gc_id3\":\"58\"}, {\"gc_id6\":\"68\",\"gc_count\":6,\"gc_id1\":\"65540\",\"pid\":\"53\",\"gc_id4\":\"66\",\"gc_id5\":\"67\",\"gc_id2\":\"65541\",\"gc_id3\":\"64\"}]', '{\"acc_url\":\"\",\"adv_id\":\"32770\",\"acc_id\":\"\"}', '{\"goods_id6\":\"98393\",\"goods_id4\":\"98400\",\"goods_id5\":\"98383\",\"goods_id3\":\"98397\",\"goods_id2\":\"98395\",\"goods_id1\":\"98374\",\"list_title\":\"琛\"}', '{\"acc_url\":\"#\",\"adv_id\":\"\",\"acc_id\":360450}', '{\"brand_id9\":\"6\",\"brand_id8\":\"1\",\"brand_id7\":\"5\",\"brand_id6\":\"2\",\"brand_id5\":\"7\",\"brand_id10\":\"14\",\"brand_id4\":\"3\",\"brand_id11\":\"13\",\"brand_id3\":\"4\",\"brand_id1\":\"10\",\"brand_id2\":\"8\"}');
INSERT INTO `wemall_goods_floor` VALUES ('131079', '2014-02-25 18:07:32', '\0', null, '', '0', '1', '', '0', '131078', '{\"goods_id6\":\"98345\",\"goods_id7\":\"98347\",\"goods_id4\":\"98352\",\"goods_id5\":\"98351\",\"goods_id8\":\"98348\",\"goods_id9\":\"98375\",\"goods_id3\":\"98353\",\"goods_id2\":\"98354\",\"goods_id10\":\"98322\",\"goods_id1\":\"98355\"}', null, null, null, null, null);
INSERT INTO `wemall_goods_floor` VALUES ('131080', '2014-02-25 18:07:40', '\0', '', '', '0', '1', '瑁澶', '1', '131078', '{\"goods_id6\":\"98358\",\"goods_id7\":\"98363\",\"goods_id4\":\"98366\",\"goods_id5\":\"98362\",\"goods_id8\":\"98369\",\"goods_id9\":\"98365\",\"goods_id3\":\"98368\",\"goods_id2\":\"98364\",\"goods_id10\":\"98371\",\"goods_id1\":\"98374\"}', null, null, null, null, null);
INSERT INTO `wemall_goods_floor` VALUES ('131081', '2014-02-25 18:07:49', '\0', '', '', '0', '1', '椤', '2', '131078', '{\"goods_id6\":\"98388\",\"goods_id7\":\"98385\",\"goods_id4\":\"98393\",\"goods_id5\":\"98390\",\"goods_id8\":\"98383\",\"goods_id9\":\"98379\",\"goods_id3\":\"98395\",\"goods_id2\":\"98397\",\"goods_id10\":\"98376\",\"goods_id1\":\"98400\"}', null, null, null, null, null);

-- ----------------------------
-- Table structure for wemall_goods_photo
-- ----------------------------
DROP TABLE IF EXISTS `wemall_goods_photo`;
CREATE TABLE `wemall_goods_photo` (
  `goods_id` bigint(20) NOT NULL,
  `photo_id` bigint(20) NOT NULL,
  KEY `FKA79F53B2339519D2` (`goods_id`),
  KEY `FKA79F53B22D77C132` (`photo_id`),
  CONSTRAINT `FKA79F53B22D77C132` FOREIGN KEY (`photo_id`) REFERENCES `wemall_accessory` (`id`),
  CONSTRAINT `FKA79F53B2339519D2` FOREIGN KEY (`goods_id`) REFERENCES `wemall_goods` (`id`)
) ENGINE=InnoDB DEFAULT CHARSET=utf8;

-- ----------------------------
-- Records of wemall_goods_photo
-- ----------------------------
INSERT INTO `wemall_goods_photo` VALUES ('98459', '426004');
INSERT INTO `wemall_goods_photo` VALUES ('98459', '426000');
INSERT INTO `wemall_goods_photo` VALUES ('98459', '426001');
INSERT INTO `wemall_goods_photo` VALUES ('98459', '426003');
INSERT INTO `wemall_goods_photo` VALUES ('98390', '426185');
INSERT INTO `wemall_goods_photo` VALUES ('98410', '426318');
INSERT INTO `wemall_goods_photo` VALUES ('98410', '426317');
INSERT INTO `wemall_goods_photo` VALUES ('98410', '426312');
INSERT INTO `wemall_goods_photo` VALUES ('98410', '426311');
INSERT INTO `wemall_goods_photo` VALUES ('98412', '426322');
INSERT INTO `wemall_goods_photo` VALUES ('98412', '426323');
INSERT INTO `wemall_goods_photo` VALUES ('98412', '426321');
INSERT INTO `wemall_goods_photo` VALUES ('98412', '426320');
INSERT INTO `wemall_goods_photo` VALUES ('98314', '426328');
INSERT INTO `wemall_goods_photo` VALUES ('98314', '426327');
INSERT INTO `wemall_goods_photo` VALUES ('98314', '426326');
INSERT INTO `wemall_goods_photo` VALUES ('98314', '426325');
INSERT INTO `wemall_goods_photo` VALUES ('98406', '426334');
INSERT INTO `wemall_goods_photo` VALUES ('98406', '426329');
INSERT INTO `wemall_goods_photo` VALUES ('98406', '426332');
INSERT INTO `wemall_goods_photo` VALUES ('98406', '426331');
INSERT INTO `wemall_goods_photo` VALUES ('98455', '426351');
INSERT INTO `wemall_goods_photo` VALUES ('98455', '426350');
INSERT INTO `wemall_goods_photo` VALUES ('98455', '426349');
INSERT INTO `wemall_goods_photo` VALUES ('98342', '426357');
INSERT INTO `wemall_goods_photo` VALUES ('98342', '426356');
INSERT INTO `wemall_goods_photo` VALUES ('98342', '426355');
INSERT INTO `wemall_goods_photo` VALUES ('98342', '426354');
INSERT INTO `wemall_goods_photo` VALUES ('65536', '426362');
INSERT INTO `wemall_goods_photo` VALUES ('65536', '426361');
INSERT INTO `wemall_goods_photo` VALUES ('65536', '426360');
INSERT INTO `wemall_goods_photo` VALUES ('65536', '426359');
INSERT INTO `wemall_goods_photo` VALUES ('98453', '426373');
INSERT INTO `wemall_goods_photo` VALUES ('98453', '426372');
INSERT INTO `wemall_goods_photo` VALUES ('98453', '426371');
INSERT INTO `wemall_goods_photo` VALUES ('98453', '426370');
INSERT INTO `wemall_goods_photo` VALUES ('98458', '426379');
INSERT INTO `wemall_goods_photo` VALUES ('98458', '426378');
INSERT INTO `wemall_goods_photo` VALUES ('98458', '426377');
INSERT INTO `wemall_goods_photo` VALUES ('98458', '426376');
INSERT INTO `wemall_goods_photo` VALUES ('98457', '426384');
INSERT INTO `wemall_goods_photo` VALUES ('98457', '426383');
INSERT INTO `wemall_goods_photo` VALUES ('98457', '426382');
INSERT INTO `wemall_goods_photo` VALUES ('98457', '426381');
INSERT INTO `wemall_goods_photo` VALUES ('98456', '426336');
INSERT INTO `wemall_goods_photo` VALUES ('98456', '426337');
INSERT INTO `wemall_goods_photo` VALUES ('98456', '426338');
INSERT INTO `wemall_goods_photo` VALUES ('98456', '426340');
INSERT INTO `wemall_goods_photo` VALUES ('98460', '426345');
INSERT INTO `wemall_goods_photo` VALUES ('98460', '426341');
INSERT INTO `wemall_goods_photo` VALUES ('98460', '426344');
INSERT INTO `wemall_goods_photo` VALUES ('98460', '426343');
INSERT INTO `wemall_goods_photo` VALUES ('98454', '426364');
INSERT INTO `wemall_goods_photo` VALUES ('98454', '426365');
INSERT INTO `wemall_goods_photo` VALUES ('98454', '426367');
INSERT INTO `wemall_goods_photo` VALUES ('98454', '426368');
INSERT INTO `wemall_goods_photo` VALUES ('98321', '426389');
INSERT INTO `wemall_goods_photo` VALUES ('98321', '426388');
INSERT INTO `wemall_goods_photo` VALUES ('98321', '426387');
INSERT INTO `wemall_goods_photo` VALUES ('98344', '426394');
INSERT INTO `wemall_goods_photo` VALUES ('98344', '426393');
INSERT INTO `wemall_goods_photo` VALUES ('98344', '426392');
INSERT INTO `wemall_goods_photo` VALUES ('98344', '426391');
INSERT INTO `wemall_goods_photo` VALUES ('98358', '426398');
INSERT INTO `wemall_goods_photo` VALUES ('98358', '426397');
INSERT INTO `wemall_goods_photo` VALUES ('98358', '426396');
INSERT INTO `wemall_goods_photo` VALUES ('3', '426404');
INSERT INTO `wemall_goods_photo` VALUES ('3', '426403');
INSERT INTO `wemall_goods_photo` VALUES ('1', '426407');
INSERT INTO `wemall_goods_photo` VALUES ('1', '426406');
INSERT INTO `wemall_goods_photo` VALUES ('9', '426410');
INSERT INTO `wemall_goods_photo` VALUES ('9', '426409');
INSERT INTO `wemall_goods_photo` VALUES ('32768', '426417');
INSERT INTO `wemall_goods_photo` VALUES ('32768', '426416');
INSERT INTO `wemall_goods_photo` VALUES ('8', '426421');
INSERT INTO `wemall_goods_photo` VALUES ('8', '426420');
INSERT INTO `wemall_goods_photo` VALUES ('8', '426419');
INSERT INTO `wemall_goods_photo` VALUES ('4', '426424');
INSERT INTO `wemall_goods_photo` VALUES ('4', '426423');
INSERT INTO `wemall_goods_photo` VALUES ('7', '426427');
INSERT INTO `wemall_goods_photo` VALUES ('7', '426426');
INSERT INTO `wemall_goods_photo` VALUES ('32769', '426431');
INSERT INTO `wemall_goods_photo` VALUES ('32769', '426430');
INSERT INTO `wemall_goods_photo` VALUES ('32769', '426429');
INSERT INTO `wemall_goods_photo` VALUES ('5', '426434');
INSERT INTO `wemall_goods_photo` VALUES ('5', '426433');
INSERT INTO `wemall_goods_photo` VALUES ('98308', '426439');
INSERT INTO `wemall_goods_photo` VALUES ('98308', '426438');
INSERT INTO `wemall_goods_photo` VALUES ('98308', '426437');
INSERT INTO `wemall_goods_photo` VALUES ('65538', '426443');
INSERT INTO `wemall_goods_photo` VALUES ('65538', '426442');
INSERT INTO `wemall_goods_photo` VALUES ('65538', '426441');
INSERT INTO `wemall_goods_photo` VALUES ('98307', '426446');
INSERT INTO `wemall_goods_photo` VALUES ('98307', '426445');
INSERT INTO `wemall_goods_photo` VALUES ('98305', '426449');
INSERT INTO `wemall_goods_photo` VALUES ('98305', '426447');
INSERT INTO `wemall_goods_photo` VALUES ('98304', '426452');
INSERT INTO `wemall_goods_photo` VALUES ('98304', '426451');
INSERT INTO `wemall_goods_photo` VALUES ('65537', '426455');
INSERT INTO `wemall_goods_photo` VALUES ('65537', '426454');
INSERT INTO `wemall_goods_photo` VALUES ('65540', '426458');
INSERT INTO `wemall_goods_photo` VALUES ('65540', '426457');
INSERT INTO `wemall_goods_photo` VALUES ('65540', '426456');
INSERT INTO `wemall_goods_photo` VALUES ('65539', '426463');
INSERT INTO `wemall_goods_photo` VALUES ('65539', '426462');
INSERT INTO `wemall_goods_photo` VALUES ('65539', '426461');
INSERT INTO `wemall_goods_photo` VALUES ('98408', '426467');
INSERT INTO `wemall_goods_photo` VALUES ('98408', '426464');
INSERT INTO `wemall_goods_photo` VALUES ('98408', '426466');
INSERT INTO `wemall_goods_photo` VALUES ('98333', '426470');
INSERT INTO `wemall_goods_photo` VALUES ('98333', '426469');
INSERT INTO `wemall_goods_photo` VALUES ('98331', '426473');
INSERT INTO `wemall_goods_photo` VALUES ('98331', '426472');
INSERT INTO `wemall_goods_photo` VALUES ('98328', '426476');
INSERT INTO `wemall_goods_photo` VALUES ('98328', '426475');
INSERT INTO `wemall_goods_photo` VALUES ('98326', '426478');
INSERT INTO `wemall_goods_photo` VALUES ('98326', '426477');
INSERT INTO `wemall_goods_photo` VALUES ('98325', '426482');
INSERT INTO `wemall_goods_photo` VALUES ('98325', '426481');
INSERT INTO `wemall_goods_photo` VALUES ('98319', '426486');
INSERT INTO `wemall_goods_photo` VALUES ('98319', '426485');
INSERT INTO `wemall_goods_photo` VALUES ('98322', '426489');
INSERT INTO `wemall_goods_photo` VALUES ('98322', '426488');
INSERT INTO `wemall_goods_photo` VALUES ('98337', '426493');
INSERT INTO `wemall_goods_photo` VALUES ('98337', '426492');
INSERT INTO `wemall_goods_photo` VALUES ('98337', '426491');
INSERT INTO `wemall_goods_photo` VALUES ('98346', '426497');
INSERT INTO `wemall_goods_photo` VALUES ('98346', '426496');
INSERT INTO `wemall_goods_photo` VALUES ('98346', '426495');

-- ----------------------------
-- Table structure for wemall_goods_return
-- ----------------------------
DROP TABLE IF EXISTS `wemall_goods_return`;
CREATE TABLE `wemall_goods_return` (
  `id` bigint(20) NOT NULL AUTO_INCREMENT,
  `addTime` datetime DEFAULT NULL,
  `deleteStatus` bit(1) NOT NULL,
  `return_id` varchar(255) DEFAULT NULL,
  `return_info` longtext,
  `of_id` bigint(20) DEFAULT NULL,
  `user_id` bigint(20) DEFAULT NULL,
  PRIMARY KEY (`id`),
  KEY `FKD3121FCA537B6C51` (`user_id`),
  KEY `FKD3121FCA9F21119E` (`of_id`),
  CONSTRAINT `FKD3121FCA537B6C51` FOREIGN KEY (`user_id`) REFERENCES `wemall_user` (`id`),
  CONSTRAINT `FKD3121FCA9F21119E` FOREIGN KEY (`of_id`) REFERENCES `wemall_orderform` (`id`)
) ENGINE=InnoDB AUTO_INCREMENT=2 DEFAULT CHARSET=utf8;

-- ----------------------------
-- Records of wemall_goods_return
-- ----------------------------
INSERT INTO `wemall_goods_return` VALUES ('1', '2014-09-18 17:33:16', '\0', '201409181733161', '', '1', '32768');

-- ----------------------------
-- Table structure for wemall_goods_returnitem
-- ----------------------------
DROP TABLE IF EXISTS `wemall_goods_returnitem`;
CREATE TABLE `wemall_goods_returnitem` (
  `id` bigint(20) NOT NULL AUTO_INCREMENT,
  `addTime` datetime DEFAULT NULL,
  `deleteStatus` bit(1) NOT NULL,
  `count` int(11) NOT NULL,
  `spec_info` longtext,
  `goods_id` bigint(20) DEFAULT NULL,
  `gr_id` bigint(20) DEFAULT NULL,
  PRIMARY KEY (`id`),
  KEY `FKBA3AA5DD79982ABE` (`gr_id`),
  KEY `FKBA3AA5DDA995E663` (`goods_id`),
  CONSTRAINT `FKBA3AA5DD79982ABE` FOREIGN KEY (`gr_id`) REFERENCES `wemall_goods_return` (`id`),
  CONSTRAINT `FKBA3AA5DDA995E663` FOREIGN KEY (`goods_id`) REFERENCES `wemall_goods` (`id`)
) ENGINE=InnoDB AUTO_INCREMENT=2 DEFAULT CHARSET=utf8;

-- ----------------------------
-- Records of wemall_goods_returnitem
-- ----------------------------
INSERT INTO `wemall_goods_returnitem` VALUES ('1', '2014-09-18 17:33:17', '\0', '1', '棰:借 灏虹: ', '98412', '1');

-- ----------------------------
-- Table structure for wemall_goods_returnlog
-- ----------------------------
DROP TABLE IF EXISTS `wemall_goods_returnlog`;
CREATE TABLE `wemall_goods_returnlog` (
  `id` bigint(20) NOT NULL AUTO_INCREMENT,
  `addTime` datetime DEFAULT NULL,
  `deleteStatus` bit(1) NOT NULL,
  `gr_id` bigint(20) DEFAULT NULL,
  `of_id` bigint(20) DEFAULT NULL,
  `return_user_id` bigint(20) DEFAULT NULL,
  PRIMARY KEY (`id`),
  KEY `FK8A22F73A79982ABE` (`gr_id`),
  KEY `FK8A22F73A95A12042` (`return_user_id`),
  KEY `FK8A22F73A9F21119E` (`of_id`),
  CONSTRAINT `FK8A22F73A79982ABE` FOREIGN KEY (`gr_id`) REFERENCES `wemall_goods_return` (`id`),
  CONSTRAINT `FK8A22F73A95A12042` FOREIGN KEY (`return_user_id`) REFERENCES `wemall_user` (`id`),
  CONSTRAINT `FK8A22F73A9F21119E` FOREIGN KEY (`of_id`) REFERENCES `wemall_orderform` (`id`)
) ENGINE=InnoDB AUTO_INCREMENT=2 DEFAULT CHARSET=utf8;

-- ----------------------------
-- Records of wemall_goods_returnlog
-- ----------------------------
INSERT INTO `wemall_goods_returnlog` VALUES ('1', '2014-09-18 17:33:17', '\0', '1', '1', '32768');

-- ----------------------------
-- Table structure for wemall_goods_spec
-- ----------------------------
DROP TABLE IF EXISTS `wemall_goods_spec`;
CREATE TABLE `wemall_goods_spec` (
  `goods_id` bigint(20) NOT NULL,
  `spec_id` bigint(20) NOT NULL,
  KEY `FKC359323B339519D2` (`goods_id`),
  KEY `FKC359323B188F11D` (`spec_id`),
  CONSTRAINT `FKC359323B188F11D` FOREIGN KEY (`spec_id`) REFERENCES `wemall_goodsspecproperty` (`id`),
  CONSTRAINT `FKC359323B339519D2` FOREIGN KEY (`goods_id`) REFERENCES `wemall_goods` (`id`)
) ENGINE=InnoDB DEFAULT CHARSET=utf8;

-- ----------------------------
-- Records of wemall_goods_spec
-- ----------------------------
INSERT INTO `wemall_goods_spec` VALUES ('98359', '6');
INSERT INTO `wemall_goods_spec` VALUES ('98359', '5');
INSERT INTO `wemall_goods_spec` VALUES ('98359', '4');
INSERT INTO `wemall_goods_spec` VALUES ('98359', '3');
INSERT INTO `wemall_goods_spec` VALUES ('98359', '2');
INSERT INTO `wemall_goods_spec` VALUES ('98359', '1');
INSERT INTO `wemall_goods_spec` VALUES ('98357', '5');
INSERT INTO `wemall_goods_spec` VALUES ('98357', '4');
INSERT INTO `wemall_goods_spec` VALUES ('98357', '3');
INSERT INTO `wemall_goods_spec` VALUES ('98357', '2');
INSERT INTO `wemall_goods_spec` VALUES ('98357', '1');
INSERT INTO `wemall_goods_spec` VALUES ('98335', '32772');
INSERT INTO `wemall_goods_spec` VALUES ('98335', '32771');
INSERT INTO `wemall_goods_spec` VALUES ('98335', '32769');
INSERT INTO `wemall_goods_spec` VALUES ('98335', '32768');
INSERT INTO `wemall_goods_spec` VALUES ('98335', '6');
INSERT INTO `wemall_goods_spec` VALUES ('98335', '5');
INSERT INTO `wemall_goods_spec` VALUES ('98335', '4');
INSERT INTO `wemall_goods_spec` VALUES ('98335', '3');
INSERT INTO `wemall_goods_spec` VALUES ('98335', '2');
INSERT INTO `wemall_goods_spec` VALUES ('98335', '1');
INSERT INTO `wemall_goods_spec` VALUES ('98329', '8');
INSERT INTO `wemall_goods_spec` VALUES ('98329', '7');
INSERT INTO `wemall_goods_spec` VALUES ('98329', '6');
INSERT INTO `wemall_goods_spec` VALUES ('98329', '5');
INSERT INTO `wemall_goods_spec` VALUES ('98329', '4');
INSERT INTO `wemall_goods_spec` VALUES ('98329', '3');
INSERT INTO `wemall_goods_spec` VALUES ('98320', '32773');
INSERT INTO `wemall_goods_spec` VALUES ('98320', '32768');
INSERT INTO `wemall_goods_spec` VALUES ('98320', '8');
INSERT INTO `wemall_goods_spec` VALUES ('98320', '7');
INSERT INTO `wemall_goods_spec` VALUES ('98320', '6');
INSERT INTO `wemall_goods_spec` VALUES ('98320', '5');
INSERT INTO `wemall_goods_spec` VALUES ('98320', '4');
INSERT INTO `wemall_goods_spec` VALUES ('98320', '3');
INSERT INTO `wemall_goods_spec` VALUES ('98318', '14');
INSERT INTO `wemall_goods_spec` VALUES ('98317', '32773');
INSERT INTO `wemall_goods_spec` VALUES ('98317', '32772');
INSERT INTO `wemall_goods_spec` VALUES ('98317', '32771');
INSERT INTO `wemall_goods_spec` VALUES ('98317', '32769');
INSERT INTO `wemall_goods_spec` VALUES ('98317', '14');
INSERT INTO `wemall_goods_spec` VALUES ('98316', '14');
INSERT INTO `wemall_goods_spec` VALUES ('98315', '14');
INSERT INTO `wemall_goods_spec` VALUES ('98313', '14');
INSERT INTO `wemall_goods_spec` VALUES ('98312', '14');
INSERT INTO `wemall_goods_spec` VALUES ('98311', '14');
INSERT INTO `wemall_goods_spec` VALUES ('98310', '14');
INSERT INTO `wemall_goods_spec` VALUES ('98309', '32774');
INSERT INTO `wemall_goods_spec` VALUES ('98309', '32772');
INSERT INTO `wemall_goods_spec` VALUES ('98309', '32769');
INSERT INTO `wemall_goods_spec` VALUES ('98309', '32768');
INSERT INTO `wemall_goods_spec` VALUES ('98309', '14');
INSERT INTO `wemall_goods_spec` VALUES ('98306', '14');
INSERT INTO `wemall_goods_spec` VALUES ('6', '14');
INSERT INTO `wemall_goods_spec` VALUES ('98410', '32772');
INSERT INTO `wemall_goods_spec` VALUES ('98410', '32768');
INSERT INTO `wemall_goods_spec` VALUES ('98410', '20');
INSERT INTO `wemall_goods_spec` VALUES ('98410', '19');
INSERT INTO `wemall_goods_spec` VALUES ('98410', '18');
INSERT INTO `wemall_goods_spec` VALUES ('98410', '17');
INSERT INTO `wemall_goods_spec` VALUES ('98412', '32771');
INSERT INTO `wemall_goods_spec` VALUES ('98412', '32768');
INSERT INTO `wemall_goods_spec` VALUES ('98412', '20');
INSERT INTO `wemall_goods_spec` VALUES ('98412', '19');
INSERT INTO `wemall_goods_spec` VALUES ('98412', '18');
INSERT INTO `wemall_goods_spec` VALUES ('98412', '17');
INSERT INTO `wemall_goods_spec` VALUES ('65536', '32773');
INSERT INTO `wemall_goods_spec` VALUES ('65536', '32768');
INSERT INTO `wemall_goods_spec` VALUES ('65536', '20');
INSERT INTO `wemall_goods_spec` VALUES ('65536', '19');
INSERT INTO `wemall_goods_spec` VALUES ('65536', '18');
INSERT INTO `wemall_goods_spec` VALUES ('65536', '17');
INSERT INTO `wemall_goods_spec` VALUES ('98453', '32773');
INSERT INTO `wemall_goods_spec` VALUES ('98453', '32771');
INSERT INTO `wemall_goods_spec` VALUES ('98453', '20');
INSERT INTO `wemall_goods_spec` VALUES ('98453', '19');
INSERT INTO `wemall_goods_spec` VALUES ('98453', '18');
INSERT INTO `wemall_goods_spec` VALUES ('98453', '17');
INSERT INTO `wemall_goods_spec` VALUES ('98460', '32773');
INSERT INTO `wemall_goods_spec` VALUES ('98460', '32770');
INSERT INTO `wemall_goods_spec` VALUES ('98460', '21');
INSERT INTO `wemall_goods_spec` VALUES ('98460', '20');
INSERT INTO `wemall_goods_spec` VALUES ('98454', '32771');
INSERT INTO `wemall_goods_spec` VALUES ('98454', '32768');
INSERT INTO `wemall_goods_spec` VALUES ('98454', '19');
INSERT INTO `wemall_goods_spec` VALUES ('98454', '18');
INSERT INTO `wemall_goods_spec` VALUES ('98454', '17');
INSERT INTO `wemall_goods_spec` VALUES ('98454', '16');
INSERT INTO `wemall_goods_spec` VALUES ('98321', '32772');
INSERT INTO `wemall_goods_spec` VALUES ('98321', '32769');
INSERT INTO `wemall_goods_spec` VALUES ('98321', '8');
INSERT INTO `wemall_goods_spec` VALUES ('98321', '7');
INSERT INTO `wemall_goods_spec` VALUES ('98321', '6');
INSERT INTO `wemall_goods_spec` VALUES ('98321', '5');
INSERT INTO `wemall_goods_spec` VALUES ('98321', '4');
INSERT INTO `wemall_goods_spec` VALUES ('98321', '3');
INSERT INTO `wemall_goods_spec` VALUES ('98344', '5');
INSERT INTO `wemall_goods_spec` VALUES ('98344', '4');
INSERT INTO `wemall_goods_spec` VALUES ('98344', '3');
INSERT INTO `wemall_goods_spec` VALUES ('98344', '2');
INSERT INTO `wemall_goods_spec` VALUES ('98344', '1');
INSERT INTO `wemall_goods_spec` VALUES ('3', '32774');
INSERT INTO `wemall_goods_spec` VALUES ('3', '32769');
INSERT INTO `wemall_goods_spec` VALUES ('3', '20');
INSERT INTO `wemall_goods_spec` VALUES ('3', '19');
INSERT INTO `wemall_goods_spec` VALUES ('3', '16');
INSERT INTO `wemall_goods_spec` VALUES ('3', '15');
INSERT INTO `wemall_goods_spec` VALUES ('3', '14');
INSERT INTO `wemall_goods_spec` VALUES ('1', '32773');
INSERT INTO `wemall_goods_spec` VALUES ('1', '32768');
INSERT INTO `wemall_goods_spec` VALUES ('1', '21');
INSERT INTO `wemall_goods_spec` VALUES ('1', '20');
INSERT INTO `wemall_goods_spec` VALUES ('1', '19');
INSERT INTO `wemall_goods_spec` VALUES ('9', '32768');
INSERT INTO `wemall_goods_spec` VALUES ('9', '21');
INSERT INTO `wemall_goods_spec` VALUES ('9', '20');
INSERT INTO `wemall_goods_spec` VALUES ('9', '19');
INSERT INTO `wemall_goods_spec` VALUES ('9', '18');
INSERT INTO `wemall_goods_spec` VALUES ('32768', '22');
INSERT INTO `wemall_goods_spec` VALUES ('32768', '21');
INSERT INTO `wemall_goods_spec` VALUES ('32768', '20');
INSERT INTO `wemall_goods_spec` VALUES ('8', '32773');
INSERT INTO `wemall_goods_spec` VALUES ('8', '32772');
INSERT INTO `wemall_goods_spec` VALUES ('8', '32769');
INSERT INTO `wemall_goods_spec` VALUES ('8', '14');
INSERT INTO `wemall_goods_spec` VALUES ('4', '32773');
INSERT INTO `wemall_goods_spec` VALUES ('4', '32769');
INSERT INTO `wemall_goods_spec` VALUES ('4', '14');
INSERT INTO `wemall_goods_spec` VALUES ('7', '14');
INSERT INTO `wemall_goods_spec` VALUES ('32769', '22');
INSERT INTO `wemall_goods_spec` VALUES ('32769', '21');
INSERT INTO `wemall_goods_spec` VALUES ('32769', '20');
INSERT INTO `wemall_goods_spec` VALUES ('32769', '19');
INSERT INTO `wemall_goods_spec` VALUES ('5', '14');
INSERT INTO `wemall_goods_spec` VALUES ('65538', '32768');
INSERT INTO `wemall_goods_spec` VALUES ('65538', '19');
INSERT INTO `wemall_goods_spec` VALUES ('65538', '18');
INSERT INTO `wemall_goods_spec` VALUES ('65538', '17');
INSERT INTO `wemall_goods_spec` VALUES ('98307', '32768');
INSERT INTO `wemall_goods_spec` VALUES ('98307', '19');
INSERT INTO `wemall_goods_spec` VALUES ('98307', '18');
INSERT INTO `wemall_goods_spec` VALUES ('98307', '17');
INSERT INTO `wemall_goods_spec` VALUES ('98307', '16');
INSERT INTO `wemall_goods_spec` VALUES ('98305', '32771');
INSERT INTO `wemall_goods_spec` VALUES ('98305', '32768');
INSERT INTO `wemall_goods_spec` VALUES ('98305', '19');
INSERT INTO `wemall_goods_spec` VALUES ('98305', '18');
INSERT INTO `wemall_goods_spec` VALUES ('98305', '17');
INSERT INTO `wemall_goods_spec` VALUES ('98304', '32772');
INSERT INTO `wemall_goods_spec` VALUES ('98304', '32768');
INSERT INTO `wemall_goods_spec` VALUES ('98304', '20');
INSERT INTO `wemall_goods_spec` VALUES ('98304', '19');
INSERT INTO `wemall_goods_spec` VALUES ('98304', '18');
INSERT INTO `wemall_goods_spec` VALUES ('98304', '17');
INSERT INTO `wemall_goods_spec` VALUES ('65537', '32768');
INSERT INTO `wemall_goods_spec` VALUES ('65537', '20');
INSERT INTO `wemall_goods_spec` VALUES ('65537', '19');
INSERT INTO `wemall_goods_spec` VALUES ('65537', '18');
INSERT INTO `wemall_goods_spec` VALUES ('65537', '17');
INSERT INTO `wemall_goods_spec` VALUES ('65540', '32768');
INSERT INTO `wemall_goods_spec` VALUES ('65540', '20');
INSERT INTO `wemall_goods_spec` VALUES ('65540', '19');
INSERT INTO `wemall_goods_spec` VALUES ('65540', '18');
INSERT INTO `wemall_goods_spec` VALUES ('65540', '17');
INSERT INTO `wemall_goods_spec` VALUES ('65540', '16');
INSERT INTO `wemall_goods_spec` VALUES ('65539', '32773');
INSERT INTO `wemall_goods_spec` VALUES ('65539', '32772');
INSERT INTO `wemall_goods_spec` VALUES ('65539', '32770');
INSERT INTO `wemall_goods_spec` VALUES ('65539', '21');
INSERT INTO `wemall_goods_spec` VALUES ('65539', '20');
INSERT INTO `wemall_goods_spec` VALUES ('65539', '19');
INSERT INTO `wemall_goods_spec` VALUES ('65539', '18');
INSERT INTO `wemall_goods_spec` VALUES ('65539', '17');
INSERT INTO `wemall_goods_spec` VALUES ('98408', '32773');
INSERT INTO `wemall_goods_spec` VALUES ('98408', '32769');
INSERT INTO `wemall_goods_spec` VALUES ('98408', '8');
INSERT INTO `wemall_goods_spec` VALUES ('98408', '7');
INSERT INTO `wemall_goods_spec` VALUES ('98408', '6');
INSERT INTO `wemall_goods_spec` VALUES ('98408', '5');
INSERT INTO `wemall_goods_spec` VALUES ('98408', '4');
INSERT INTO `wemall_goods_spec` VALUES ('98408', '3');
INSERT INTO `wemall_goods_spec` VALUES ('98408', '2');
INSERT INTO `wemall_goods_spec` VALUES ('98333', '32772');
INSERT INTO `wemall_goods_spec` VALUES ('98333', '32769');
INSERT INTO `wemall_goods_spec` VALUES ('98333', '6');
INSERT INTO `wemall_goods_spec` VALUES ('98333', '5');
INSERT INTO `wemall_goods_spec` VALUES ('98333', '4');
INSERT INTO `wemall_goods_spec` VALUES ('98333', '3');
INSERT INTO `wemall_goods_spec` VALUES ('98331', '8');
INSERT INTO `wemall_goods_spec` VALUES ('98331', '7');
INSERT INTO `wemall_goods_spec` VALUES ('98331', '6');
INSERT INTO `wemall_goods_spec` VALUES ('98331', '5');
INSERT INTO `wemall_goods_spec` VALUES ('98331', '4');
INSERT INTO `wemall_goods_spec` VALUES ('98331', '3');
INSERT INTO `wemall_goods_spec` VALUES ('98331', '2');
INSERT INTO `wemall_goods_spec` VALUES ('98328', '32772');
INSERT INTO `wemall_goods_spec` VALUES ('98328', '32769');
INSERT INTO `wemall_goods_spec` VALUES ('98328', '32768');
INSERT INTO `wemall_goods_spec` VALUES ('98328', '8');
INSERT INTO `wemall_goods_spec` VALUES ('98328', '7');
INSERT INTO `wemall_goods_spec` VALUES ('98328', '6');
INSERT INTO `wemall_goods_spec` VALUES ('98328', '5');
INSERT INTO `wemall_goods_spec` VALUES ('98328', '4');
INSERT INTO `wemall_goods_spec` VALUES ('98328', '3');
INSERT INTO `wemall_goods_spec` VALUES ('98326', '8');
INSERT INTO `wemall_goods_spec` VALUES ('98326', '7');
INSERT INTO `wemall_goods_spec` VALUES ('98326', '6');
INSERT INTO `wemall_goods_spec` VALUES ('98326', '5');
INSERT INTO `wemall_goods_spec` VALUES ('98326', '4');
INSERT INTO `wemall_goods_spec` VALUES ('98326', '3');
INSERT INTO `wemall_goods_spec` VALUES ('98326', '2');
INSERT INTO `wemall_goods_spec` VALUES ('98325', '32772');
INSERT INTO `wemall_goods_spec` VALUES ('98325', '32769');
INSERT INTO `wemall_goods_spec` VALUES ('98325', '32768');
INSERT INTO `wemall_goods_spec` VALUES ('98325', '9');
INSERT INTO `wemall_goods_spec` VALUES ('98325', '8');
INSERT INTO `wemall_goods_spec` VALUES ('98325', '7');
INSERT INTO `wemall_goods_spec` VALUES ('98325', '4');
INSERT INTO `wemall_goods_spec` VALUES ('98325', '3');
INSERT INTO `wemall_goods_spec` VALUES ('98325', '2');
INSERT INTO `wemall_goods_spec` VALUES ('98319', '9');
INSERT INTO `wemall_goods_spec` VALUES ('98319', '8');
INSERT INTO `wemall_goods_spec` VALUES ('98319', '7');
INSERT INTO `wemall_goods_spec` VALUES ('98319', '6');
INSERT INTO `wemall_goods_spec` VALUES ('98319', '5');
INSERT INTO `wemall_goods_spec` VALUES ('98319', '4');
INSERT INTO `wemall_goods_spec` VALUES ('98319', '3');
INSERT INTO `wemall_goods_spec` VALUES ('98319', '2');
INSERT INTO `wemall_goods_spec` VALUES ('98322', '32769');
INSERT INTO `wemall_goods_spec` VALUES ('98322', '9');
INSERT INTO `wemall_goods_spec` VALUES ('98322', '8');
INSERT INTO `wemall_goods_spec` VALUES ('98322', '4');
INSERT INTO `wemall_goods_spec` VALUES ('98322', '3');
INSERT INTO `wemall_goods_spec` VALUES ('98337', '4');
INSERT INTO `wemall_goods_spec` VALUES ('98337', '3');
INSERT INTO `wemall_goods_spec` VALUES ('98337', '2');
INSERT INTO `wemall_goods_spec` VALUES ('98337', '1');
INSERT INTO `wemall_goods_spec` VALUES ('98346', '32772');
INSERT INTO `wemall_goods_spec` VALUES ('98346', '32769');
INSERT INTO `wemall_goods_spec` VALUES ('98346', '32768');
INSERT INTO `wemall_goods_spec` VALUES ('98346', '7');
INSERT INTO `wemall_goods_spec` VALUES ('98346', '6');
INSERT INTO `wemall_goods_spec` VALUES ('98346', '5');
INSERT INTO `wemall_goods_spec` VALUES ('98346', '4');
INSERT INTO `wemall_goods_spec` VALUES ('98346', '3');
INSERT INTO `wemall_goods_spec` VALUES ('98346', '2');
INSERT INTO `wemall_goods_spec` VALUES ('98346', '1');

-- ----------------------------
-- Table structure for wemall_goods_ugc
-- ----------------------------
DROP TABLE IF EXISTS `wemall_goods_ugc`;
CREATE TABLE `wemall_goods_ugc` (
  `goods_id` bigint(20) NOT NULL,
  `class_id` bigint(20) NOT NULL,
  KEY `FK64D399181752657` (`class_id`),
  KEY `FK64D3991339519D2` (`goods_id`),
  CONSTRAINT `FK64D3991339519D2` FOREIGN KEY (`goods_id`) REFERENCES `wemall_goods` (`id`),
  CONSTRAINT `FK64D399181752657` FOREIGN KEY (`class_id`) REFERENCES `wemall_usergoodsclass` (`id`)
) ENGINE=InnoDB DEFAULT CHARSET=utf8;

-- ----------------------------
-- Records of wemall_goods_ugc
-- ----------------------------
INSERT INTO `wemall_goods_ugc` VALUES ('98451', '9');
INSERT INTO `wemall_goods_ugc` VALUES ('98459', '32776');
INSERT INTO `wemall_goods_ugc` VALUES ('98452', '9');
INSERT INTO `wemall_goods_ugc` VALUES ('98450', '9');
INSERT INTO `wemall_goods_ugc` VALUES ('98449', '9');
INSERT INTO `wemall_goods_ugc` VALUES ('98448', '9');
INSERT INTO `wemall_goods_ugc` VALUES ('98447', '9');
INSERT INTO `wemall_goods_ugc` VALUES ('98446', '9');
INSERT INTO `wemall_goods_ugc` VALUES ('98445', '9');
INSERT INTO `wemall_goods_ugc` VALUES ('98444', '9');
INSERT INTO `wemall_goods_ugc` VALUES ('98443', '9');
INSERT INTO `wemall_goods_ugc` VALUES ('98442', '9');
INSERT INTO `wemall_goods_ugc` VALUES ('98441', '9');
INSERT INTO `wemall_goods_ugc` VALUES ('98440', '9');
INSERT INTO `wemall_goods_ugc` VALUES ('98439', '9');
INSERT INTO `wemall_goods_ugc` VALUES ('98438', '9');
INSERT INTO `wemall_goods_ugc` VALUES ('98433', '10');
INSERT INTO `wemall_goods_ugc` VALUES ('98432', '10');
INSERT INTO `wemall_goods_ugc` VALUES ('98431', '10');
INSERT INTO `wemall_goods_ugc` VALUES ('98430', '10');
INSERT INTO `wemall_goods_ugc` VALUES ('98429', '10');
INSERT INTO `wemall_goods_ugc` VALUES ('98416', '11');
INSERT INTO `wemall_goods_ugc` VALUES ('98415', '11');
INSERT INTO `wemall_goods_ugc` VALUES ('98414', '11');
INSERT INTO `wemall_goods_ugc` VALUES ('98413', '11');
INSERT INTO `wemall_goods_ugc` VALUES ('98411', '11');
INSERT INTO `wemall_goods_ugc` VALUES ('98409', '11');
INSERT INTO `wemall_goods_ugc` VALUES ('98407', '11');
INSERT INTO `wemall_goods_ugc` VALUES ('98405', '11');
INSERT INTO `wemall_goods_ugc` VALUES ('98404', '12');
INSERT INTO `wemall_goods_ugc` VALUES ('98403', '11');
INSERT INTO `wemall_goods_ugc` VALUES ('98402', '32769');
INSERT INTO `wemall_goods_ugc` VALUES ('98401', '11');
INSERT INTO `wemall_goods_ugc` VALUES ('98400', '16');
INSERT INTO `wemall_goods_ugc` VALUES ('98399', '32769');
INSERT INTO `wemall_goods_ugc` VALUES ('98397', '16');
INSERT INTO `wemall_goods_ugc` VALUES ('98398', '32769');
INSERT INTO `wemall_goods_ugc` VALUES ('98396', '32769');
INSERT INTO `wemall_goods_ugc` VALUES ('98395', '16');
INSERT INTO `wemall_goods_ugc` VALUES ('98393', '16');
INSERT INTO `wemall_goods_ugc` VALUES ('98389', '32769');
INSERT INTO `wemall_goods_ugc` VALUES ('98388', '16');
INSERT INTO `wemall_goods_ugc` VALUES ('98390', '16');
INSERT INTO `wemall_goods_ugc` VALUES ('98387', '32769');
INSERT INTO `wemall_goods_ugc` VALUES ('98385', '16');
INSERT INTO `wemall_goods_ugc` VALUES ('98394', '32769');
INSERT INTO `wemall_goods_ugc` VALUES ('98386', '32768');
INSERT INTO `wemall_goods_ugc` VALUES ('98384', '32768');
INSERT INTO `wemall_goods_ugc` VALUES ('98383', '16');
INSERT INTO `wemall_goods_ugc` VALUES ('98382', '32768');
INSERT INTO `wemall_goods_ugc` VALUES ('98381', '32768');
INSERT INTO `wemall_goods_ugc` VALUES ('98380', '32768');
INSERT INTO `wemall_goods_ugc` VALUES ('98379', '16');
INSERT INTO `wemall_goods_ugc` VALUES ('98378', '32768');
INSERT INTO `wemall_goods_ugc` VALUES ('98377', '32768');
INSERT INTO `wemall_goods_ugc` VALUES ('98376', '16');
INSERT INTO `wemall_goods_ugc` VALUES ('98375', '32768');
INSERT INTO `wemall_goods_ugc` VALUES ('98374', '15');
INSERT INTO `wemall_goods_ugc` VALUES ('98373', '32768');
INSERT INTO `wemall_goods_ugc` VALUES ('98372', '32768');
INSERT INTO `wemall_goods_ugc` VALUES ('98371', '15');
INSERT INTO `wemall_goods_ugc` VALUES ('98370', '32768');
INSERT INTO `wemall_goods_ugc` VALUES ('98369', '15');
INSERT INTO `wemall_goods_ugc` VALUES ('98368', '15');
INSERT INTO `wemall_goods_ugc` VALUES ('98367', '32768');
INSERT INTO `wemall_goods_ugc` VALUES ('98366', '15');
INSERT INTO `wemall_goods_ugc` VALUES ('98365', '15');
INSERT INTO `wemall_goods_ugc` VALUES ('98364', '15');
INSERT INTO `wemall_goods_ugc` VALUES ('98363', '15');
INSERT INTO `wemall_goods_ugc` VALUES ('98362', '15');
INSERT INTO `wemall_goods_ugc` VALUES ('98360', '8');
INSERT INTO `wemall_goods_ugc` VALUES ('98359', '8');
INSERT INTO `wemall_goods_ugc` VALUES ('98357', '8');
INSERT INTO `wemall_goods_ugc` VALUES ('98354', '8');
INSERT INTO `wemall_goods_ugc` VALUES ('98353', '7');
INSERT INTO `wemall_goods_ugc` VALUES ('98352', '8');
INSERT INTO `wemall_goods_ugc` VALUES ('98350', '7');
INSERT INTO `wemall_goods_ugc` VALUES ('98349', '7');
INSERT INTO `wemall_goods_ugc` VALUES ('98348', '8');
INSERT INTO `wemall_goods_ugc` VALUES ('98343', '7');
INSERT INTO `wemall_goods_ugc` VALUES ('98341', '8');
INSERT INTO `wemall_goods_ugc` VALUES ('98340', '8');
INSERT INTO `wemall_goods_ugc` VALUES ('98338', '3');
INSERT INTO `wemall_goods_ugc` VALUES ('98336', '3');
INSERT INTO `wemall_goods_ugc` VALUES ('98335', '8');
INSERT INTO `wemall_goods_ugc` VALUES ('98334', '2');
INSERT INTO `wemall_goods_ugc` VALUES ('98332', '2');
INSERT INTO `wemall_goods_ugc` VALUES ('98329', '7');
INSERT INTO `wemall_goods_ugc` VALUES ('98327', '3');
INSERT INTO `wemall_goods_ugc` VALUES ('98323', '14');
INSERT INTO `wemall_goods_ugc` VALUES ('98320', '7');
INSERT INTO `wemall_goods_ugc` VALUES ('98317', '4');
INSERT INTO `wemall_goods_ugc` VALUES ('98316', '4');
INSERT INTO `wemall_goods_ugc` VALUES ('98315', '4');
INSERT INTO `wemall_goods_ugc` VALUES ('98313', '4');
INSERT INTO `wemall_goods_ugc` VALUES ('98312', '4');
INSERT INTO `wemall_goods_ugc` VALUES ('98311', '4');
INSERT INTO `wemall_goods_ugc` VALUES ('98310', '4');
INSERT INTO `wemall_goods_ugc` VALUES ('98309', '4');
INSERT INTO `wemall_goods_ugc` VALUES ('98306', '3');
INSERT INTO `wemall_goods_ugc` VALUES ('98391', '32769');
INSERT INTO `wemall_goods_ugc` VALUES ('6', '2');
INSERT INTO `wemall_goods_ugc` VALUES ('98330', '3');
INSERT INTO `wemall_goods_ugc` VALUES ('98345', '8');
INSERT INTO `wemall_goods_ugc` VALUES ('98347', '8');
INSERT INTO `wemall_goods_ugc` VALUES ('98351', '8');
INSERT INTO `wemall_goods_ugc` VALUES ('98410', '3');
INSERT INTO `wemall_goods_ugc` VALUES ('98412', '3');
INSERT INTO `wemall_goods_ugc` VALUES ('98314', '4');
INSERT INTO `wemall_goods_ugc` VALUES ('98406', '32769');
INSERT INTO `wemall_goods_ugc` VALUES ('98455', '9');
INSERT INTO `wemall_goods_ugc` VALUES ('98342', '2');
INSERT INTO `wemall_goods_ugc` VALUES ('65536', '3');
INSERT INTO `wemall_goods_ugc` VALUES ('98453', '9');
INSERT INTO `wemall_goods_ugc` VALUES ('98458', '32775');
INSERT INTO `wemall_goods_ugc` VALUES ('98456', '9');
INSERT INTO `wemall_goods_ugc` VALUES ('98460', '3');
INSERT INTO `wemall_goods_ugc` VALUES ('98454', '9');
INSERT INTO `wemall_goods_ugc` VALUES ('98321', '7');
INSERT INTO `wemall_goods_ugc` VALUES ('98344', '8');
INSERT INTO `wemall_goods_ugc` VALUES ('98358', '15');
INSERT INTO `wemall_goods_ugc` VALUES ('3', '2');
INSERT INTO `wemall_goods_ugc` VALUES ('1', '2');
INSERT INTO `wemall_goods_ugc` VALUES ('9', '2');
INSERT INTO `wemall_goods_ugc` VALUES ('32768', '2');
INSERT INTO `wemall_goods_ugc` VALUES ('8', '2');
INSERT INTO `wemall_goods_ugc` VALUES ('4', '2');
INSERT INTO `wemall_goods_ugc` VALUES ('7', '2');
INSERT INTO `wemall_goods_ugc` VALUES ('32769', '2');
INSERT INTO `wemall_goods_ugc` VALUES ('5', '2');
INSERT INTO `wemall_goods_ugc` VALUES ('98308', '3');
INSERT INTO `wemall_goods_ugc` VALUES ('65538', '3');
INSERT INTO `wemall_goods_ugc` VALUES ('98307', '3');
INSERT INTO `wemall_goods_ugc` VALUES ('98305', '3');
INSERT INTO `wemall_goods_ugc` VALUES ('98304', '3');
INSERT INTO `wemall_goods_ugc` VALUES ('65537', '3');
INSERT INTO `wemall_goods_ugc` VALUES ('65540', '3');
INSERT INTO `wemall_goods_ugc` VALUES ('65539', '3');
INSERT INTO `wemall_goods_ugc` VALUES ('98408', '7');
INSERT INTO `wemall_goods_ugc` VALUES ('98333', '7');
INSERT INTO `wemall_goods_ugc` VALUES ('98331', '7');
INSERT INTO `wemall_goods_ugc` VALUES ('98328', '7');
INSERT INTO `wemall_goods_ugc` VALUES ('98326', '7');
INSERT INTO `wemall_goods_ugc` VALUES ('98325', '7');
INSERT INTO `wemall_goods_ugc` VALUES ('98319', '7');
INSERT INTO `wemall_goods_ugc` VALUES ('98322', '7');
INSERT INTO `wemall_goods_ugc` VALUES ('98337', '8');
INSERT INTO `wemall_goods_ugc` VALUES ('98346', '8');

-- ----------------------------
-- Table structure for wemall_group
-- ----------------------------
DROP TABLE IF EXISTS `wemall_group`;
CREATE TABLE `wemall_group` (
  `id` bigint(20) NOT NULL AUTO_INCREMENT,
  `addTime` datetime DEFAULT NULL,
  `deleteStatus` bit(1) NOT NULL,
  `beginTime` datetime DEFAULT NULL,
  `endTime` datetime DEFAULT NULL,
  `group_name` varchar(255) DEFAULT NULL,
  `joinEndTime` datetime DEFAULT NULL,
  `status` int(11) NOT NULL,
  PRIMARY KEY (`id`),
  UNIQUE KEY `id` (`id`)
) ENGINE=InnoDB AUTO_INCREMENT=3 DEFAULT CHARSET=utf8;

-- ----------------------------
-- Records of wemall_group
-- ----------------------------
INSERT INTO `wemall_group` VALUES ('1', '2014-02-26 11:48:52', '\0', '2014-02-25 00:00:00', '2014-05-20 00:00:00', '骞撮浼澶у㈣喘', '2014-04-30 00:00:00', '-2');
INSERT INTO `wemall_group` VALUES ('2', '2014-09-25 15:22:46', '\0', '2014-09-23 00:00:00', '2020-12-31 00:00:00', '板㈣喘', '2015-12-01 00:00:00', '0');

-- ----------------------------
-- Table structure for wemall_group_area
-- ----------------------------
DROP TABLE IF EXISTS `wemall_group_area`;
CREATE TABLE `wemall_group_area` (
  `id` bigint(20) NOT NULL AUTO_INCREMENT,
  `addTime` datetime DEFAULT NULL,
  `deleteStatus` bit(1) NOT NULL,
  `ga_level` int(11) NOT NULL,
  `ga_name` varchar(255) DEFAULT NULL,
  `ga_sequence` int(11) NOT NULL,
  `parent_id` bigint(20) DEFAULT NULL,
  PRIMARY KEY (`id`),
  UNIQUE KEY `id` (`id`),
  KEY `FKFE49BD841A75D854` (`parent_id`),
  CONSTRAINT `FKFE49BD841A75D854` FOREIGN KEY (`parent_id`) REFERENCES `wemall_group_area` (`id`)
) ENGINE=InnoDB AUTO_INCREMENT=8 DEFAULT CHARSET=utf8;

-- ----------------------------
-- Records of wemall_group_area
-- ----------------------------
INSERT INTO `wemall_group_area` VALUES ('1', '2014-02-26 11:42:46', '\0', '0', '娌', '0', null);
INSERT INTO `wemall_group_area` VALUES ('2', '2014-02-26 11:42:55', '\0', '0', '浜', '1', null);
INSERT INTO `wemall_group_area` VALUES ('3', '2014-02-26 11:43:04', '\0', '0', '搴', '2', null);
INSERT INTO `wemall_group_area` VALUES ('4', '2014-02-26 11:43:11', '\0', '0', '', '2', null);
INSERT INTO `wemall_group_area` VALUES ('5', '2014-02-26 11:43:20', '\0', '0', '姝姹', '4', null);
INSERT INTO `wemall_group_area` VALUES ('6', '2014-02-26 11:43:43', '\0', '0', '涓娴', '5', null);
INSERT INTO `wemall_group_area` VALUES ('7', '2014-02-26 11:43:52', '\0', '0', '灏婊', '6', null);

-- ----------------------------
-- Table structure for wemall_group_class
-- ----------------------------
DROP TABLE IF EXISTS `wemall_group_class`;
CREATE TABLE `wemall_group_class` (
  `id` bigint(20) NOT NULL AUTO_INCREMENT,
  `addTime` datetime DEFAULT NULL,
  `deleteStatus` bit(1) NOT NULL,
  `gc_level` int(11) NOT NULL,
  `gc_name` varchar(255) DEFAULT NULL,
  `gc_sequence` int(11) NOT NULL,
  `parent_id` bigint(20) DEFAULT NULL,
  PRIMARY KEY (`id`),
  UNIQUE KEY `id` (`id`),
  KEY `FKE80BA8071C634840` (`parent_id`),
  CONSTRAINT `FKE80BA8071C634840` FOREIGN KEY (`parent_id`) REFERENCES `wemall_group_class` (`id`)
) ENGINE=InnoDB AUTO_INCREMENT=5 DEFAULT CHARSET=utf8;

-- ----------------------------
-- Records of wemall_group_class
-- ----------------------------
INSERT INTO `wemall_group_class` VALUES ('1', '2014-02-26 11:41:17', '\0', '0', '烘扮', '0', null);
INSERT INTO `wemall_group_class` VALUES ('2', '2014-02-26 11:41:34', '\0', '0', '娴琛楗', '1', null);
INSERT INTO `wemall_group_class` VALUES ('3', '2014-02-26 11:42:06', '\0', '0', '缇椋澶╀', '2', null);
INSERT INTO `wemall_group_class` VALUES ('4', '2014-02-26 11:42:23', '\0', '0', '扮靛奖', '3', null);

-- ----------------------------
-- Table structure for wemall_group_goods
-- ----------------------------
DROP TABLE IF EXISTS `wemall_group_goods`;
CREATE TABLE `wemall_group_goods` (
  `id` bigint(20) NOT NULL AUTO_INCREMENT,
  `addTime` datetime DEFAULT NULL,
  `deleteStatus` bit(1) NOT NULL,
  `gg_audit_time` datetime DEFAULT NULL,
  `gg_content` longtext,
  `gg_count` int(11) NOT NULL,
  `gg_def_count` int(11) NOT NULL,
  `gg_group_count` int(11) NOT NULL,
  `gg_max_count` int(11) NOT NULL,
  `gg_min_count` int(11) NOT NULL,
  `gg_name` varchar(255) DEFAULT NULL,
  `gg_price` decimal(12,2) DEFAULT NULL,
  `gg_rebate` decimal(12,2) DEFAULT NULL,
  `gg_recommend` int(11) NOT NULL,
  `gg_recommend_time` datetime DEFAULT NULL,
  `gg_status` int(11) NOT NULL,
  `gg_vir_count` int(11) NOT NULL,
  `gg_ga_id` bigint(20) DEFAULT NULL,
  `gg_gc_id` bigint(20) DEFAULT NULL,
  `gg_goods_id` bigint(20) DEFAULT NULL,
  `gg_img_id` bigint(20) DEFAULT NULL,
  `group_id` bigint(20) DEFAULT NULL,
  `weixin_shop_recommend` bit(1) DEFAULT b'0',
  `weixin_shop_recommendTime` date DEFAULT NULL,
  PRIMARY KEY (`id`),
  UNIQUE KEY `id` (`id`),
  KEY `FKE84595E5108251` (`gg_img_id`),
  KEY `FKE84595E55D2DC6AF` (`gg_gc_id`),
  KEY `FKE84595E5493829C3` (`group_id`),
  KEY `FKE84595E5E08B86E2` (`gg_goods_id`),
  KEY `FKE84595E513F58A16` (`gg_ga_id`),
  CONSTRAINT `FKE84595E5108251` FOREIGN KEY (`gg_img_id`) REFERENCES `wemall_accessory` (`id`),
  CONSTRAINT `FKE84595E513F58A16` FOREIGN KEY (`gg_ga_id`) REFERENCES `wemall_group_area` (`id`),
  CONSTRAINT `FKE84595E5493829C3` FOREIGN KEY (`group_id`) REFERENCES `wemall_group` (`id`),
  CONSTRAINT `FKE84595E55D2DC6AF` FOREIGN KEY (`gg_gc_id`) REFERENCES `wemall_group_class` (`id`),
  CONSTRAINT `FKE84595E5E08B86E2` FOREIGN KEY (`gg_goods_id`) REFERENCES `wemall_goods` (`id`)
) ENGINE=InnoDB AUTO_INCREMENT=32780 DEFAULT CHARSET=utf8;

-- ----------------------------
-- Records of wemall_group_goods
-- ----------------------------
INSERT INTO `wemall_group_goods` VALUES ('1', '2014-02-26 11:51:23', '\0', '2014-02-26 17:20:03', '', '50', '0', '20', '1', '0', '跺浼茬炕棰澶瑰 绉瀛ｆ板澶瑰琛 ㈣喘涓', '120.00', '4.00', '1', '2014-02-26 17:20:41', '-2', '0', null, '2', '1', '393216', '1', '\0', null);
INSERT INTO `wemall_group_goods` VALUES ('32768', '2014-02-26 17:16:25', '\0', '2014-02-26 17:20:03', '', '100', '0', '30', '0', '0', '峰＋姣棰妫琛2013 版惧濂浼茬窘缁妫妫琚  版ュぇ浼', '410.00', '5.86', '1', '2014-02-26 17:21:07', '-2', '5', null, '2', '5', '425984', '1', '\0', null);
INSERT INTO `wemall_group_goods` VALUES ('32769', '2014-02-26 17:17:20', '\0', '2014-02-26 17:20:03', '', '100', '0', '60', '1', '0', '规iPhone 5锛16GB锛 ㄧ浣楠浠澶х瑰', '3000.00', '5.77', '1', '2014-02-26 17:21:18', '-2', '0', null, '1', '98401', '425985', '1', '\0', null);
INSERT INTO `wemall_group_goods` VALUES ('32770', '2014-02-26 17:18:13', '\0', '2014-02-26 17:20:03', '', '100', '0', '30', '0', '0', 'NIKE  max 峰璺姝ラ  ', '100.00', '3.33', '1', '2014-02-26 17:20:22', '-2', '0', null, '2', '98319', '425986', '1', '\0', null);
INSERT INTO `wemall_group_goods` VALUES ('32771', '2014-02-26 17:19:14', '\0', '2014-02-26 17:20:03', '', '100', '0', '30', '0', '0', '¤浠 变鸡椋跺娼娴澶翠茬绯诲甫娴琛烽块', '340.00', '4.86', '1', '2014-02-26 17:20:21', '-2', '12', null, '2', '98321', '425987', '1', '\0', null);
INSERT INTO `wemall_group_goods` VALUES ('32772', '2014-09-25 15:30:25', '\0', '2014-09-25 16:09:10', '', '80', '0', '20', '1', '0', 'Nike 姝ｅ峰跨璺姝ラ茬哥郴  ㈣喘涓', '580.00', '6.59', '1', '2014-09-25 15:35:38', '1', '6', null, '2', '98408', '426005', '2', '\0', null);
INSERT INTO `wemall_group_goods` VALUES ('32773', '2015-02-28 10:45:23', '\0', '2015-02-28 10:46:55', '娉扮浼叉煎琛琛烽胯纾ㄦ峰＋煎琛琛', '50', '0', '5', '1', '0', '娉扮浼叉煎琛琛烽胯纾ㄦ峰＋煎琛琛', '198.00', '5.82', '0', null, '1', '1', null, '2', '6', '426099', '2', '', '2015-03-01');
INSERT INTO `wemall_group_goods` VALUES ('32774', '2015-02-28 10:46:41', '\0', '2015-02-28 10:46:55', '骞寸浠疯绔棰浠澶濂峰＋ョ插澶瑰娆惧濂', '50', '0', '5', '1', '0', '骞寸浠疯绔棰浠澶濂峰＋ョ插澶瑰娆惧濂', '500.00', '7.14', '0', null, '1', '2', null, '1', '9', '426100', '2', '', '2015-03-01');
INSERT INTO `wemall_group_goods` VALUES ('32775', '2015-02-28 10:48:00', '\0', '2015-02-28 10:57:03', '规iPhone 5锛16GB锛 ㄧ浣楠浠澶х瑰', '200', '0', '10', '1', '0', '规iPhone 5锛16GB锛 ㄧ浣楠浠澶х瑰', '4208.00', '8.09', '0', null, '1', '5', null, '1', '98401', '426101', '2', '', '2015-03-01');
INSERT INTO `wemall_group_goods` VALUES ('32776', '2015-02-28 10:58:03', '\0', '2015-02-28 10:58:25', 'HTC One S android4.0绯荤 瓒兼', '100', '0', '5', '1', '0', 'HTC One S android4.0绯荤 瓒兼', '2000.00', '5.00', '0', null, '1', '2', null, '1', '98409', '426102', '2', '', '2015-03-01');
INSERT INTO `wemall_group_goods` VALUES ('32777', '2015-02-28 10:59:22', '\0', '2015-02-28 11:00:36', 'LISKAMM风 峰杩 姘叉按查峰＋查琛113M', '50', '0', '5', '1', '0', 'LISKAMM风 峰杩 姘叉按查峰＋查琛113M', '100.00', '5.00', '0', null, '1', '5', null, '2', '98323', '426103', '2', '', '2015-03-01');
INSERT INTO `wemall_group_goods` VALUES ('32778', '2015-02-28 11:00:22', '\0', '2015-02-28 11:00:36', '椁╃хゅ 峰хょ 瀹剁ㄧхゆ らょゆ', '500', '0', '5', '1', '0', '椁╃хゅ 峰хょ 瀹剁ㄧхゆ らょゆ', '1200.00', '6.00', '0', null, '1', '6', null, '3', '98363', '426104', '2', '', '2015-03-01');
INSERT INTO `wemall_group_goods` VALUES ('32779', '2015-02-28 11:01:57', '\0', '2015-02-28 11:02:23', '缇芥 姝ｅ瓒 5200 濂冲＋涓', '100', '0', '10', '1', '0', '缇芥 姝ｅ瓒 5200 濂冲＋涓', '50.00', '4.17', '0', null, '1', '8', null, '3', '98376', '426105', '2', '', '2015-03-01');

-- ----------------------------
-- Table structure for wemall_group_price_range
-- ----------------------------
DROP TABLE IF EXISTS `wemall_group_price_range`;
CREATE TABLE `wemall_group_price_range` (
  `id` bigint(20) NOT NULL AUTO_INCREMENT,
  `addTime` datetime DEFAULT NULL,
  `deleteStatus` bit(1) NOT NULL,
  `gpr_begin` int(11) NOT NULL,
  `gpr_end` int(11) NOT NULL,
  `gpr_name` varchar(255) DEFAULT NULL,
  PRIMARY KEY (`id`),
  UNIQUE KEY `id` (`id`)
) ENGINE=InnoDB AUTO_INCREMENT=6 DEFAULT CHARSET=utf8;

-- ----------------------------
-- Records of wemall_group_price_range
-- ----------------------------
INSERT INTO `wemall_group_price_range` VALUES ('1', '2014-02-26 11:45:27', '\0', '0', '100', '100浠ヤ');
INSERT INTO `wemall_group_price_range` VALUES ('2', '2014-02-26 11:45:40', '\0', '101', '500', '101-500');
INSERT INTO `wemall_group_price_range` VALUES ('3', '2014-02-26 11:45:58', '\0', '501', '1000', '501-1000');
INSERT INTO `wemall_group_price_range` VALUES ('4', '2014-02-26 11:46:13', '\0', '1001', '3000', '1001-3000');
INSERT INTO `wemall_group_price_range` VALUES ('5', '2014-02-26 11:46:27', '\0', '3001', '8000', '3001-8000');

-- ----------------------------
-- Table structure for wemall_homepage
-- ----------------------------
DROP TABLE IF EXISTS `wemall_homepage`;
CREATE TABLE `wemall_homepage` (
  `id` bigint(20) NOT NULL AUTO_INCREMENT,
  `addTime` datetime DEFAULT NULL,
  `deleteStatus` bit(1) NOT NULL,
  `owner_id` bigint(20) DEFAULT NULL,
  PRIMARY KEY (`id`),
  UNIQUE KEY `id` (`id`),
  KEY `FK578589FFBF621C69` (`owner_id`),
  CONSTRAINT `FK578589FFBF621C69` FOREIGN KEY (`owner_id`) REFERENCES `wemall_user` (`id`)
) ENGINE=InnoDB AUTO_INCREMENT=12 DEFAULT CHARSET=utf8;

-- ----------------------------
-- Records of wemall_homepage
-- ----------------------------
INSERT INTO `wemall_homepage` VALUES ('1', '2014-08-15 11:00:37', '\0', '1');
INSERT INTO `wemall_homepage` VALUES ('2', '2014-08-27 09:31:30', '\0', '32783');
INSERT INTO `wemall_homepage` VALUES ('3', '2014-08-27 09:54:10', '\0', '1');
INSERT INTO `wemall_homepage` VALUES ('4', '2014-08-27 09:56:33', '\0', '1');
INSERT INTO `wemall_homepage` VALUES ('5', '2014-08-27 09:58:15', '\0', '1');
INSERT INTO `wemall_homepage` VALUES ('6', '2014-08-27 09:59:12', '\0', '1');
INSERT INTO `wemall_homepage` VALUES ('7', '2014-08-29 13:03:45', '\0', '32768');
INSERT INTO `wemall_homepage` VALUES ('8', '2015-02-28 14:48:28', '\0', '32775');
INSERT INTO `wemall_homepage` VALUES ('9', '2015-02-28 16:13:20', '\0', '32778');
INSERT INTO `wemall_homepage` VALUES ('10', '2015-02-28 21:28:41', '\0', '32780');
INSERT INTO `wemall_homepage` VALUES ('11', '2015-03-02 19:18:06', '\0', '32781');

-- ----------------------------
-- Table structure for wemall_homepage_goodsclass
-- ----------------------------
DROP TABLE IF EXISTS `wemall_homepage_goodsclass`;
CREATE TABLE `wemall_homepage_goodsclass` (
  `id` bigint(20) NOT NULL AUTO_INCREMENT,
  `addTime` datetime DEFAULT NULL,
  `deleteStatus` bit(1) NOT NULL,
  `user_id` bigint(20) DEFAULT NULL,
  `gc_id` bigint(20) DEFAULT NULL,
  PRIMARY KEY (`id`),
  UNIQUE KEY `id` (`id`),
  KEY `FKF301D77CDD06648` (`gc_id`),
  KEY `FKF301D77C1E208F02` (`user_id`),
  CONSTRAINT `FKF301D77C1E208F02` FOREIGN KEY (`user_id`) REFERENCES `wemall_user` (`id`),
  CONSTRAINT `FKF301D77CDD06648` FOREIGN KEY (`gc_id`) REFERENCES `wemall_goodsclass` (`id`)
) ENGINE=InnoDB AUTO_INCREMENT=2 DEFAULT CHARSET=utf8;

-- ----------------------------
-- Records of wemall_homepage_goodsclass
-- ----------------------------
INSERT INTO `wemall_homepage_goodsclass` VALUES ('1', '2014-10-10 16:44:25', '\0', '1', null);

-- ----------------------------
-- Table structure for wemall_homepage_goodsclass_log
-- ----------------------------
DROP TABLE IF EXISTS `wemall_homepage_goodsclass_log`;
CREATE TABLE `wemall_homepage_goodsclass_log` (
  `id` bigint(20) NOT NULL AUTO_INCREMENT,
  `addTime` datetime DEFAULT NULL,
  `deleteStatus` bit(1) NOT NULL,
  `goodsClass_id` bigint(20) DEFAULT NULL,
  `homepageGoodsClass_id` bigint(20) DEFAULT NULL,
  PRIMARY KEY (`id`),
  UNIQUE KEY `id` (`id`),
  KEY `FKAD270FA765403E11` (`homepageGoodsClass_id`),
  KEY `FKAD270FA7729F7B91` (`goodsClass_id`),
  CONSTRAINT `FKAD270FA765403E11` FOREIGN KEY (`homepageGoodsClass_id`) REFERENCES `wemall_homepage_goodsclass` (`id`),
  CONSTRAINT `FKAD270FA7729F7B91` FOREIGN KEY (`goodsClass_id`) REFERENCES `wemall_goodsclass` (`id`)
) ENGINE=InnoDB AUTO_INCREMENT=2 DEFAULT CHARSET=utf8;

-- ----------------------------
-- Records of wemall_homepage_goodsclass_log
-- ----------------------------
INSERT INTO `wemall_homepage_goodsclass_log` VALUES ('1', '2014-10-10 16:44:26', '\0', '91', null);

-- ----------------------------
-- Table structure for wemall_home_addention
-- ----------------------------
DROP TABLE IF EXISTS `wemall_home_addention`;
CREATE TABLE `wemall_home_addention` (
  `id` bigint(20) NOT NULL AUTO_INCREMENT,
  `addTime` datetime DEFAULT NULL,
  `deleteStatus` bit(1) NOT NULL,
  `attention_homepage_id` bigint(20) DEFAULT NULL,
  `attentioned_id` bigint(20) DEFAULT NULL,
  PRIMARY KEY (`id`),
  UNIQUE KEY `id` (`id`),
  KEY `FKD4036D0F78D5D162` (`attentioned_id`),
  KEY `FKD4036D0FF2DAF870` (`attention_homepage_id`),
  CONSTRAINT `FKD4036D0F78D5D162` FOREIGN KEY (`attentioned_id`) REFERENCES `wemall_homepage` (`id`),
  CONSTRAINT `FKD4036D0FF2DAF870` FOREIGN KEY (`attention_homepage_id`) REFERENCES `wemall_homepage` (`id`)
) ENGINE=InnoDB DEFAULT CHARSET=utf8;

-- ----------------------------
-- Records of wemall_home_addention
-- ----------------------------

-- ----------------------------
-- Table structure for wemall_integrallog
-- ----------------------------
DROP TABLE IF EXISTS `wemall_integrallog`;
CREATE TABLE `wemall_integrallog` (
  `id` bigint(20) NOT NULL AUTO_INCREMENT,
  `addTime` datetime DEFAULT NULL,
  `deleteStatus` bit(1) NOT NULL,
  `content` longtext,
  `integral` int(11) NOT NULL,
  `type` varchar(255) DEFAULT NULL,
  `integral_user_id` bigint(20) DEFAULT NULL,
  `operate_user_id` bigint(20) DEFAULT NULL,
  PRIMARY KEY (`id`),
  KEY `FKEC2A9E67F65B7CBE` (`integral_user_id`),
  KEY `FKEC2A9E67C8F25896` (`operate_user_id`),
  CONSTRAINT `FKEC2A9E67C8F25896` FOREIGN KEY (`operate_user_id`) REFERENCES `wemall_user` (`id`),
  CONSTRAINT `FKEC2A9E67F65B7CBE` FOREIGN KEY (`integral_user_id`) REFERENCES `wemall_user` (`id`)
) ENGINE=InnoDB AUTO_INCREMENT=1835286 DEFAULT CHARSET=utf8;

-- ----------------------------
-- Records of wemall_integrallog
-- ----------------------------
INSERT INTO `wemall_integrallog` VALUES ('1', '2013-12-31 14:15:04', '\0', 'ㄦ2013-12-31 14:15:04诲澧0', '0', 'login', '32768', null);
INSERT INTO `wemall_integrallog` VALUES ('32768', '2013-12-31 17:44:39', '\0', 'ㄦ2013-12-31 17:44:39诲澧0', '0', 'login', '1', null);
INSERT INTO `wemall_integrallog` VALUES ('65536', '2014-01-01 16:56:57', '\0', 'ㄦ2014-01-01 16:56:57诲澧0', '0', 'login', '1', null);
INSERT INTO `wemall_integrallog` VALUES ('98304', '2014-01-02 11:40:15', '\0', 'ㄦ2014-01-02 11:40:15诲澧0', '0', 'login', '1', null);
INSERT INTO `wemall_integrallog` VALUES ('131072', '2014-01-02 12:44:31', '\0', 'ㄦ2014-01-02 12:44:31诲澧0', '0', 'login', '32768', null);
INSERT INTO `wemall_integrallog` VALUES ('163840', '2014-01-03 00:23:56', '\0', 'ㄦ2014-01-03 00:23:56诲澧0', '0', 'login', '1', null);
INSERT INTO `wemall_integrallog` VALUES ('196608', '2014-01-03 09:56:24', '\0', 'ㄦ2014-01-03 09:56:24诲澧0', '0', 'login', '32768', null);
INSERT INTO `wemall_integrallog` VALUES ('229376', '2014-01-04 09:12:20', '\0', 'ㄦ2014-01-04 09:12:20诲澧0', '0', 'login', '1', null);
INSERT INTO `wemall_integrallog` VALUES ('294912', '2014-01-04 13:58:18', '\0', 'ㄦ2014-01-04 13:58:18诲澧0', '0', 'login', '32768', null);
INSERT INTO `wemall_integrallog` VALUES ('327680', '2014-01-05 10:30:52', '\0', 'ㄦ2014-01-05 10:30:52诲澧0', '0', 'login', '32768', null);
INSERT INTO `wemall_integrallog` VALUES ('360448', '2014-01-05 11:50:46', '\0', 'ㄦ2014-01-05 11:50:46诲澧0', '0', 'login', '1', null);
INSERT INTO `wemall_integrallog` VALUES ('425984', '2014-01-06 10:05:38', '\0', 'ㄦ2014-01-06 10:05:38诲澧0', '0', 'login', '32768', null);
INSERT INTO `wemall_integrallog` VALUES ('458752', '2014-01-06 11:09:15', '\0', 'ㄦ2014-01-06 11:09:15诲澧0', '0', 'login', '1', null);
INSERT INTO `wemall_integrallog` VALUES ('491521', '2014-01-07 10:59:25', '\0', 'ㄦ2014-01-07 10:59:25诲澧0', '0', 'login', '32768', null);
INSERT INTO `wemall_integrallog` VALUES ('524288', '2014-01-07 11:58:31', '\0', 'ㄦ2014-01-07 11:58:31诲澧0', '0', 'login', '1', null);
INSERT INTO `wemall_integrallog` VALUES ('557056', '2014-01-08 09:28:43', '\0', 'ㄦ2014-01-08 09:28:43诲澧0', '0', 'login', '1', null);
INSERT INTO `wemall_integrallog` VALUES ('622592', '2014-01-09 13:09:35', '\0', 'ㄦ2014-01-09 13:09:35诲澧0', '0', 'login', '1', null);
INSERT INTO `wemall_integrallog` VALUES ('655360', '2014-01-10 13:08:08', '\0', 'ㄦ2014-01-10 13:08:08诲澧0', '0', 'login', '32768', null);
INSERT INTO `wemall_integrallog` VALUES ('688128', '2014-01-10 15:15:16', '\0', 'ㄦ2014-01-10 15:15:16诲澧0', '0', 'login', '1', null);
INSERT INTO `wemall_integrallog` VALUES ('851968', '2014-01-11 09:28:02', '\0', 'ㄦ2014-01-11 09:28:02诲澧0', '0', 'login', '1', null);
INSERT INTO `wemall_integrallog` VALUES ('884736', '2014-02-21 18:13:11', '\0', 'ㄦ2014-02-21 18:13:11诲澧0', '0', 'login', '1', null);
INSERT INTO `wemall_integrallog` VALUES ('884737', '2014-02-21 18:21:23', '\0', 'ㄦ2014-02-21 18:21:23诲澧0', '0', 'login', '32768', null);
INSERT INTO `wemall_integrallog` VALUES ('917504', '2014-02-22 09:39:44', '\0', 'ㄦ2014-02-22 09:39:44诲澧0', '0', 'login', '1', null);
INSERT INTO `wemall_integrallog` VALUES ('1703936', '2014-02-23 00:18:29', '\0', 'ㄦ2014-02-23 00:18:29诲澧0', '0', 'login', '1', null);
INSERT INTO `wemall_integrallog` VALUES ('1736704', '2014-02-24 16:07:23', '\0', 'ㄦ2014-02-24 16:07:23诲澧0', '0', 'login', '1', null);
INSERT INTO `wemall_integrallog` VALUES ('1769472', '2014-02-25 09:48:36', '\0', 'ㄦ2014-02-25 09:48:36诲澧0', '0', 'login', '1', null);
INSERT INTO `wemall_integrallog` VALUES ('1802240', '2014-02-26 09:35:18', '\0', 'ㄦ2014-02-26 09:35:18诲澧0', '0', 'login', '32768', null);
INSERT INTO `wemall_integrallog` VALUES ('1835008', '2014-02-26 11:40:17', '\0', 'ㄦ2014-02-26 11:40:17诲澧0', '0', 'login', '1', null);
INSERT INTO `wemall_integrallog` VALUES ('1835009', '2014-03-07 17:04:39', '\0', 'ㄦ2014-03-07 17:04:39诲澧0', '0', 'login', '1', null);
INSERT INTO `wemall_integrallog` VALUES ('1835010', '2014-03-07 18:32:49', '\0', 'ㄦ2014-03-07 18:32:49诲澧0', '0', 'login', '32768', null);
INSERT INTO `wemall_integrallog` VALUES ('1835011', '2014-03-08 09:36:00', '\0', 'ㄦ2014-03-08 09:36:00诲澧0', '0', 'login', '1', null);
INSERT INTO `wemall_integrallog` VALUES ('1835012', '2014-03-10 10:17:57', '\0', 'ㄦ2014-03-10 10:17:57诲澧0', '0', 'login', '1', null);
INSERT INTO `wemall_integrallog` VALUES ('1835013', '2014-03-11 09:29:47', '\0', 'ㄦ2014-03-11 09:29:47诲澧0', '0', 'login', '1', null);
INSERT INTO `wemall_integrallog` VALUES ('1835014', '2014-03-15 16:42:13', '\0', 'ㄦ2014-03-15 16:42:13诲澧0', '0', 'login', '1', null);
INSERT INTO `wemall_integrallog` VALUES ('1835015', '2014-03-15 17:10:23', '\0', 'ㄦ2014-03-15 17:10:23诲澧0', '0', 'login', '32768', null);
INSERT INTO `wemall_integrallog` VALUES ('1835016', '2014-03-30 16:38:50', '\0', 'ㄦ2014-03-30 16:38:50诲澧0', '0', 'login', '1', null);
INSERT INTO `wemall_integrallog` VALUES ('1835021', '2014-04-10 17:35:26', '\0', 'ㄦ2014-04-10 17:35:26诲澧0', '0', 'login', '1', null);
INSERT INTO `wemall_integrallog` VALUES ('1835028', '2014-04-12 10:02:28', '\0', 'ㄦ2014-04-12 10:02:28诲澧0', '0', 'login', '1', null);
INSERT INTO `wemall_integrallog` VALUES ('1835037', '2014-04-17 09:54:10', '\0', 'ㄦ2014-04-17 09:54:10诲澧0', '0', 'login', '1', null);
INSERT INTO `wemall_integrallog` VALUES ('1835045', '2014-04-18 11:20:43', '\0', 'ㄦ2014-04-18 11:20:43诲澧0', '0', 'login', '1', null);
INSERT INTO `wemall_integrallog` VALUES ('1835057', '2014-04-21 11:19:19', '\0', 'ㄦ2014-04-21 11:19:19诲澧0', '0', 'login', '32768', null);
INSERT INTO `wemall_integrallog` VALUES ('1835058', '2014-04-22 12:08:16', '\0', 'ㄦ2014-04-22 12:08:16诲澧0', '0', 'login', '32768', null);
INSERT INTO `wemall_integrallog` VALUES ('1835059', '2014-04-22 14:44:41', '\0', 'ㄦ2014-04-22 14:44:41诲澧0', '0', 'login', '1', null);
INSERT INTO `wemall_integrallog` VALUES ('1835060', '2014-05-06 18:09:52', '\0', 'ㄦ2014-05-06 18:09:52诲澧0', '0', 'login', '32768', null);
INSERT INTO `wemall_integrallog` VALUES ('1835061', '2014-05-06 18:11:31', '\0', 'ㄦ2014-05-06 18:11:31诲澧0', '0', 'login', '1', null);
INSERT INTO `wemall_integrallog` VALUES ('1835062', '2014-05-07 09:27:44', '\0', 'ㄦ2014-05-07 09:27:44诲澧0', '0', 'login', '1', null);
INSERT INTO `wemall_integrallog` VALUES ('1835063', '2014-08-01 15:40:35', '\0', 'ㄦ2014-08-01 15:40:35诲澧0', '0', 'login', '1', null);
INSERT INTO `wemall_integrallog` VALUES ('1835064', '2014-08-27 10:58:47', '\0', 'ㄦ2014-08-27 10:58:47诲澧0', '0', 'login', '1', null);
INSERT INTO `wemall_integrallog` VALUES ('1835065', '2014-08-27 16:47:49', '\0', 'ㄦ2014-08-27 16:47:49诲澧0', '0', 'login', '32768', null);
INSERT INTO `wemall_integrallog` VALUES ('1835066', '2014-08-28 09:43:42', '\0', 'ㄦ2014-08-28 09:43:42诲澧0', '0', 'login', '1', null);
INSERT INTO `wemall_integrallog` VALUES ('1835067', '2014-08-29 09:21:15', '\0', 'ㄦ2014-08-29 09:21:15诲澧0', '0', 'login', '32768', null);
INSERT INTO `wemall_integrallog` VALUES ('1835068', '2014-08-29 18:00:34', '\0', 'ㄦ2014-08-29 18:00:34诲澧0', '0', 'login', '1', null);
INSERT INTO `wemall_integrallog` VALUES ('1835069', '2014-08-30 17:55:27', '\0', 'ㄦ2014-08-30 17:55:27诲澧0', '0', 'login', '32768', null);
INSERT INTO `wemall_integrallog` VALUES ('1835070', '2014-09-02 09:13:47', '\0', 'ㄦ2014-09-02 09:13:47诲澧0', '0', 'login', '32768', null);
INSERT INTO `wemall_integrallog` VALUES ('1835071', '2014-09-02 10:08:51', '\0', 'ㄦ2014-09-02 10:08:51诲澧0', '0', 'login', '1', null);
INSERT INTO `wemall_integrallog` VALUES ('1835072', '2014-09-03 16:30:55', '\0', 'ㄦ2014-09-03 16:30:55诲澧0', '0', 'login', '1', null);
INSERT INTO `wemall_integrallog` VALUES ('1835073', '2014-09-03 16:33:17', '\0', 'ㄦ2014-09-03 16:33:17诲澧0', '0', 'login', '32768', null);
INSERT INTO `wemall_integrallog` VALUES ('1835074', '2014-09-04 10:06:58', '\0', 'ㄦ2014-09-04 10:06:58诲澧0', '0', 'login', '1', null);
INSERT INTO `wemall_integrallog` VALUES ('1835075', '2014-09-05 11:11:22', '\0', 'ㄦ2014-09-05 11:11:22诲澧0', '0', 'login', '32768', null);
INSERT INTO `wemall_integrallog` VALUES ('1835076', '2014-09-05 13:20:20', '\0', 'ㄦ2014-09-05 13:20:20诲澧0', '0', 'login', '1', null);
INSERT INTO `wemall_integrallog` VALUES ('1835077', '2014-09-06 09:17:11', '\0', 'ㄦ2014-09-06 09:17:11诲澧0', '0', 'login', '32768', null);
INSERT INTO `wemall_integrallog` VALUES ('1835078', '2014-09-06 09:24:41', '\0', 'ㄦ2014-09-06 09:24:41诲澧0', '0', 'login', '1', null);
INSERT INTO `wemall_integrallog` VALUES ('1835079', '2014-09-07 10:11:55', '\0', 'ㄦ2014-09-07 10:11:55诲澧0', '0', 'login', '32768', null);
INSERT INTO `wemall_integrallog` VALUES ('1835080', '2014-09-09 17:46:51', '\0', 'ㄦ2014-09-09 17:46:51诲澧0', '0', 'login', '1', null);
INSERT INTO `wemall_integrallog` VALUES ('1835081', '2014-09-10 09:09:10', '\0', 'ㄦ2014-09-10 09:09:10诲澧0', '0', 'login', '1', null);
INSERT INTO `wemall_integrallog` VALUES ('1835082', '2014-09-11 09:02:24', '\0', 'ㄦ2014-09-11 09:02:24诲澧0', '0', 'login', '1', null);
INSERT INTO `wemall_integrallog` VALUES ('1835083', '2014-09-12 08:53:35', '\0', 'ㄦ2014-09-12 08:53:35诲澧0', '0', 'login', '1', null);
INSERT INTO `wemall_integrallog` VALUES ('1835084', '2014-09-13 09:32:28', '\0', 'ㄦ2014-09-13 09:32:28诲澧0', '0', 'login', '1', null);
INSERT INTO `wemall_integrallog` VALUES ('1835085', '2014-09-16 08:57:30', '\0', 'ㄦ2014-09-16 08:57:30诲澧0', '0', 'login', '1', null);
INSERT INTO `wemall_integrallog` VALUES ('1835086', '2014-09-16 16:28:20', '\0', 'ㄦ2014-09-16 16:28:20诲澧0', '0', 'login', '32768', null);
INSERT INTO `wemall_integrallog` VALUES ('1835087', '2014-09-17 08:50:52', '\0', 'ㄦ2014-09-17 08:50:52诲澧0', '0', 'login', '32768', null);
INSERT INTO `wemall_integrallog` VALUES ('1835088', '2014-09-17 09:37:25', '\0', 'ㄦ2014-09-17 09:37:25诲澧0', '0', 'login', '1', null);
INSERT INTO `wemall_integrallog` VALUES ('1835089', '2014-09-18 10:50:14', '\0', 'ㄦ2014-09-18 10:50:14诲澧0', '0', 'login', '1', null);
INSERT INTO `wemall_integrallog` VALUES ('1835090', '2014-09-18 13:51:23', '\0', 'ㄦ2014-09-18 13:51:23诲澧0', '0', 'login', '32768', null);
INSERT INTO `wemall_integrallog` VALUES ('1835091', '2014-09-22 11:10:24', '\0', 'ㄦ2014-09-22 11:10:24诲澧0', '0', 'login', '1', null);
INSERT INTO `wemall_integrallog` VALUES ('1835092', '2014-09-22 11:11:34', '\0', 'ㄦ2014-09-22 11:11:34诲澧0', '0', 'login', '32768', null);
INSERT INTO `wemall_integrallog` VALUES ('1835093', '2014-09-23 14:08:28', '\0', 'ㄦ2014-09-23 14:08:28诲澧0', '0', 'login', '1', null);
INSERT INTO `wemall_integrallog` VALUES ('1835094', '2014-09-23 18:25:54', '\0', 'ㄦ2014-09-23 18:25:54诲澧0', '0', 'login', '32768', null);
INSERT INTO `wemall_integrallog` VALUES ('1835095', '2014-09-24 10:26:16', '\0', 'ㄦ2014-09-24 10:26:16诲澧0', '0', 'login', '1', null);
INSERT INTO `wemall_integrallog` VALUES ('1835096', '2014-09-24 16:10:58', '\0', 'ㄦ2014-09-24 16:10:58诲澧0', '0', 'login', '32768', null);
INSERT INTO `wemall_integrallog` VALUES ('1835097', '2014-09-25 11:20:36', '\0', 'ㄦ锋敞澧0', '0', 'reg', '32769', null);
INSERT INTO `wemall_integrallog` VALUES ('1835098', '2014-09-25 11:20:37', '\0', 'ㄦ2014-09-25 11:20:37诲澧0', '0', 'login', '32769', null);
INSERT INTO `wemall_integrallog` VALUES ('1835099', '2014-09-25 12:14:28', '\0', 'ㄦ2014-09-25 12:14:28诲澧0', '0', 'login', '1', null);
INSERT INTO `wemall_integrallog` VALUES ('1835100', '2014-09-25 15:24:17', '\0', 'ㄦ2014-09-25 15:24:17诲澧0', '0', 'login', '32768', null);
INSERT INTO `wemall_integrallog` VALUES ('1835101', '2014-09-26 09:38:48', '\0', 'ㄦ2014-09-26 09:38:48诲澧0', '0', 'login', '32768', null);
INSERT INTO `wemall_integrallog` VALUES ('1835102', '2014-09-26 14:45:33', '\0', 'ㄦ2014-09-26 14:45:33诲澧0', '0', 'login', '32768', null);
INSERT INTO `wemall_integrallog` VALUES ('1835103', '2014-09-26 15:03:17', '\0', 'ㄦ2014-09-26 15:03:17诲澧0', '0', 'login', '1', null);
INSERT INTO `wemall_integrallog` VALUES ('1835104', '2014-09-27 09:27:50', '\0', 'ㄦ2014-09-27 09:27:50诲澧0', '0', 'login', '1', null);
INSERT INTO `wemall_integrallog` VALUES ('1835105', '2014-09-27 10:51:54', '\0', 'ㄦ2014-09-27 10:51:54诲澧0', '0', 'login', '32768', null);
INSERT INTO `wemall_integrallog` VALUES ('1835106', '2014-09-28 09:26:09', '\0', 'ㄦ2014-09-28 09:26:09诲澧0', '0', 'login', '32768', null);
INSERT INTO `wemall_integrallog` VALUES ('1835107', '2014-09-28 10:38:03', '\0', 'ㄦ2014-09-28 10:38:03诲澧0', '0', 'login', '1', null);
INSERT INTO `wemall_integrallog` VALUES ('1835108', '2014-09-29 09:22:19', '\0', 'ㄦ2014-09-29 09:22:19诲澧0', '0', 'login', '1', null);
INSERT INTO `wemall_integrallog` VALUES ('1835109', '2014-09-29 10:23:17', '\0', 'ㄦ2014-09-29 10:23:17诲澧0', '0', 'login', '32768', null);
INSERT INTO `wemall_integrallog` VALUES ('1835110', '2014-10-08 10:18:00', '\0', 'ㄦ2014-10-08 10:18:00诲澧0', '0', 'login', '32768', null);
INSERT INTO `wemall_integrallog` VALUES ('1835111', '2014-10-08 17:40:32', '\0', 'ㄦ2014-10-08 17:40:32诲澧0', '0', 'login', '1', null);
INSERT INTO `wemall_integrallog` VALUES ('1835112', '2014-10-09 09:53:29', '\0', 'ㄦ2014-10-09 09:53:29诲澧0', '0', 'login', '1', null);
INSERT INTO `wemall_integrallog` VALUES ('1835113', '2014-10-09 11:01:06', '\0', 'ㄦ2014-10-09 11:01:06诲澧0', '0', 'login', '32768', null);
INSERT INTO `wemall_integrallog` VALUES ('1835114', '2014-10-10 08:56:38', '\0', 'ㄦ2014-10-10 08:56:38诲澧0', '0', 'login', '1', null);
INSERT INTO `wemall_integrallog` VALUES ('1835115', '2014-10-10 10:33:09', '\0', 'ㄦ2014-10-10 10:33:09诲澧0', '0', 'login', '32768', null);
INSERT INTO `wemall_integrallog` VALUES ('1835116', '2014-10-11 17:12:25', '\0', 'ㄦ2014-10-11 17:12:25诲澧0', '0', 'login', '32768', null);
INSERT INTO `wemall_integrallog` VALUES ('1835117', '2014-10-12 09:16:45', '\0', 'ㄦ2014-10-12 09:16:45诲澧0', '0', 'login', '32768', null);
INSERT INTO `wemall_integrallog` VALUES ('1835118', '2014-10-12 11:40:13', '\0', 'ㄦ2014-10-12 11:40:13诲澧0', '0', 'login', '1', null);
INSERT INTO `wemall_integrallog` VALUES ('1835119', '2014-10-13 16:18:27', '\0', 'ㄦ2014-10-13 16:18:27诲澧0', '0', 'login', '32768', null);
INSERT INTO `wemall_integrallog` VALUES ('1835120', '2014-10-13 16:49:03', '\0', 'ㄦ2014-10-13 16:49:03诲澧0', '0', 'login', '1', null);
INSERT INTO `wemall_integrallog` VALUES ('1835121', '2014-10-14 09:55:32', '\0', 'ㄦ2014-10-14 09:55:32诲澧0', '0', 'login', '32768', null);
INSERT INTO `wemall_integrallog` VALUES ('1835122', '2014-10-14 10:33:50', '\0', 'ㄦ2014-10-14 10:33:50诲澧0', '0', 'login', '1', null);
INSERT INTO `wemall_integrallog` VALUES ('1835123', '2014-10-20 20:48:47', '\0', 'ㄦ2014-10-20 20:48:47诲澧0', '0', 'login', '32768', null);
INSERT INTO `wemall_integrallog` VALUES ('1835124', '2014-10-24 18:19:47', '\0', 'ㄦ2014-10-24 18:19:47诲澧0', '0', 'login', '1', null);
INSERT INTO `wemall_integrallog` VALUES ('1835125', '2014-10-25 09:52:13', '\0', 'ㄦ2014-10-25 09:52:13诲澧0', '0', 'login', '32768', null);
INSERT INTO `wemall_integrallog` VALUES ('1835126', '2014-10-25 10:08:09', '\0', 'ㄦ2014-10-25 10:08:09诲澧0', '0', 'login', '1', null);
INSERT INTO `wemall_integrallog` VALUES ('1835127', '2014-10-26 17:35:26', '\0', 'ㄦ2014-10-26 17:35:26诲澧0', '0', 'login', '32768', null);
INSERT INTO `wemall_integrallog` VALUES ('1835128', '2014-10-26 18:15:53', '\0', 'ㄦ2014-10-26 18:15:53诲澧0', '0', 'login', '1', null);
INSERT INTO `wemall_integrallog` VALUES ('1835129', '2014-10-28 09:42:08', '\0', 'ㄦ2014-10-28 09:42:08诲澧0', '0', 'login', '32768', null);
INSERT INTO `wemall_integrallog` VALUES ('1835130', '2014-10-28 11:32:10', '\0', 'ㄦ2014-10-28 11:32:10诲澧0', '0', 'login', '1', null);
INSERT INTO `wemall_integrallog` VALUES ('1835131', '2014-10-29 10:24:56', '\0', 'ㄦ2014-10-29 10:24:56诲澧0', '0', 'login', '1', null);
INSERT INTO `wemall_integrallog` VALUES ('1835132', '2014-10-29 12:45:03', '\0', 'ㄦ2014-10-29 12:45:03诲澧0', '0', 'login', '32768', null);
INSERT INTO `wemall_integrallog` VALUES ('1835133', '2014-10-29 14:13:43', '\0', 'ㄦ锋敞澧0', '0', 'reg', '32770', null);
INSERT INTO `wemall_integrallog` VALUES ('1835134', '2014-10-29 14:13:43', '\0', 'ㄦ2014-10-29 14:13:43诲澧0', '0', 'login', '32770', null);
INSERT INTO `wemall_integrallog` VALUES ('1835135', '2014-10-31 11:51:29', '\0', 'ㄦ2014-10-31 11:51:29诲澧0', '0', 'login', '1', null);
INSERT INTO `wemall_integrallog` VALUES ('1835136', '2014-10-31 12:32:42', '\0', 'ㄦ2014-10-31 12:32:42诲澧0', '0', 'login', '32768', null);
INSERT INTO `wemall_integrallog` VALUES ('1835137', '2014-11-01 15:01:34', '\0', 'ㄦ2014-11-01 15:01:34诲澧0', '0', 'login', '1', null);
INSERT INTO `wemall_integrallog` VALUES ('1835138', '2014-11-04 10:11:07', '\0', 'ㄦ2014-11-04 10:11:07诲澧0', '0', 'login', '1', null);
INSERT INTO `wemall_integrallog` VALUES ('1835139', '2014-11-05 13:40:43', '\0', 'ㄦ2014-11-05 13:40:43诲澧0', '0', 'login', '1', null);
INSERT INTO `wemall_integrallog` VALUES ('1835140', '2014-11-12 09:45:53', '\0', 'ㄦ2014-11-12 09:45:53诲澧0', '0', 'login', '1', null);
INSERT INTO `wemall_integrallog` VALUES ('1835141', '2014-11-12 10:21:32', '\0', 'ㄦ2014-11-12 10:21:32诲澧0', '0', 'login', '32768', null);
INSERT INTO `wemall_integrallog` VALUES ('1835142', '2014-11-13 14:29:58', '\0', 'ㄦ2014-11-13 14:29:58诲澧0', '0', 'login', '1', null);
INSERT INTO `wemall_integrallog` VALUES ('1835143', '2014-11-13 14:34:24', '\0', 'ㄦ2014-11-13 14:34:24诲澧0', '0', 'login', '32768', null);
INSERT INTO `wemall_integrallog` VALUES ('1835144', '2014-11-14 09:55:05', '\0', 'ㄦ2014-11-14 09:55:05诲澧0', '0', 'login', '32768', null);
INSERT INTO `wemall_integrallog` VALUES ('1835145', '2014-11-15 10:01:58', '\0', 'ㄦ2014-11-15 10:01:58诲澧0', '0', 'login', '32768', null);
INSERT INTO `wemall_integrallog` VALUES ('1835146', '2014-11-20 16:37:12', '\0', 'ㄦ2014-11-20 16:37:12诲澧0', '0', 'login', '32768', null);
INSERT INTO `wemall_integrallog` VALUES ('1835147', '2014-11-21 09:41:49', '\0', 'ㄦ2014-11-21 09:41:49诲澧0', '0', 'login', '32768', null);
INSERT INTO `wemall_integrallog` VALUES ('1835148', '2014-11-21 09:47:58', '\0', 'ㄦ2014-11-21 09:47:58诲澧0', '0', 'login', '1', null);
INSERT INTO `wemall_integrallog` VALUES ('1835149', '2014-11-25 09:57:14', '\0', 'ㄦ2014-11-25 09:57:14诲澧0', '0', 'login', '1', null);
INSERT INTO `wemall_integrallog` VALUES ('1835150', '2014-11-27 11:47:23', '\0', 'ㄦ2014-11-27 11:47:23诲澧0', '0', 'login', '1', null);
INSERT INTO `wemall_integrallog` VALUES ('1835151', '2014-11-27 13:16:16', '\0', 'ㄦ2014-11-27 13:16:16诲澧0', '0', 'login', '32768', null);
INSERT INTO `wemall_integrallog` VALUES ('1835152', '2014-11-28 08:57:43', '\0', 'ㄦ2014-11-28 08:57:43诲澧0', '0', 'login', '1', null);
INSERT INTO `wemall_integrallog` VALUES ('1835153', '2014-11-28 11:27:27', '\0', 'ㄦ2014-11-28 11:27:27诲澧0', '0', 'login', '32768', null);
INSERT INTO `wemall_integrallog` VALUES ('1835154', '2014-11-29 11:05:10', '\0', 'ㄦ2014-11-29 11:05:10诲澧0', '0', 'login', '1', null);
INSERT INTO `wemall_integrallog` VALUES ('1835155', '2014-11-29 11:59:59', '\0', 'ㄦ2014-11-29 11:59:59诲澧0', '0', 'login', '32768', null);
INSERT INTO `wemall_integrallog` VALUES ('1835156', '2014-11-30 16:43:15', '\0', 'ㄦ2014-11-30 16:43:15诲澧0', '0', 'login', '1', null);
INSERT INTO `wemall_integrallog` VALUES ('1835157', '2014-11-30 16:46:05', '\0', 'ㄦ2014-11-30 16:46:05诲澧0', '0', 'login', '32768', null);
INSERT INTO `wemall_integrallog` VALUES ('1835158', '2014-12-02 12:14:26', '\0', 'ㄦ2014-12-02 12:14:26诲澧0', '0', 'login', '32768', null);
INSERT INTO `wemall_integrallog` VALUES ('1835159', '2014-12-02 12:15:17', '\0', 'ㄦ2014-12-02 12:15:17诲澧0', '0', 'login', '1', null);
INSERT INTO `wemall_integrallog` VALUES ('1835160', '2014-12-02 13:51:41', '\0', 'ㄦ锋敞澧0', '0', 'reg', '32771', null);
INSERT INTO `wemall_integrallog` VALUES ('1835161', '2014-12-02 13:51:42', '\0', 'ㄦ2014-12-02 13:51:42诲澧0', '0', 'login', '32771', null);
INSERT INTO `wemall_integrallog` VALUES ('1835162', '2014-12-02 15:06:16', '\0', 'ㄦ锋敞澧0', '0', 'reg', '32772', null);
INSERT INTO `wemall_integrallog` VALUES ('1835163', '2014-12-02 15:06:17', '\0', 'ㄦ2014-12-02 15:06:17诲澧0', '0', 'login', '32772', null);
INSERT INTO `wemall_integrallog` VALUES ('1835164', '2014-12-03 09:46:03', '\0', 'ㄦ2014-12-03 09:46:03诲澧0', '0', 'login', '1', null);
INSERT INTO `wemall_integrallog` VALUES ('1835165', '2014-12-03 09:48:54', '\0', 'ㄦ2014-12-03 09:48:54诲澧0', '0', 'login', '32768', null);
INSERT INTO `wemall_integrallog` VALUES ('1835166', '2014-12-04 12:26:40', '\0', 'ㄦ2014-12-04 12:26:40诲澧0', '0', 'login', '1', null);
INSERT INTO `wemall_integrallog` VALUES ('1835167', '2014-12-04 14:22:45', '\0', 'ㄦ2014-12-04 14:22:45诲澧0', '0', 'login', '32768', null);
INSERT INTO `wemall_integrallog` VALUES ('1835168', '2014-12-05 09:41:05', '\0', 'ㄦ锋敞澧0', '0', 'reg', '32773', null);
INSERT INTO `wemall_integrallog` VALUES ('1835169', '2014-12-05 09:41:05', '\0', 'ㄦ2014-12-05 09:41:05诲澧0', '0', 'login', '32773', null);
INSERT INTO `wemall_integrallog` VALUES ('1835170', '2014-12-05 10:07:59', '\0', 'ㄦ锋敞澧0', '0', 'reg', '32774', null);
INSERT INTO `wemall_integrallog` VALUES ('1835171', '2014-12-05 10:07:59', '\0', 'ㄦ2014-12-05 10:07:59诲澧0', '0', 'login', '32774', null);
INSERT INTO `wemall_integrallog` VALUES ('1835172', '2014-12-05 10:08:18', '\0', 'ㄦ2014-12-05 10:08:18诲澧0', '0', 'login', '32768', null);
INSERT INTO `wemall_integrallog` VALUES ('1835173', '2014-12-05 10:12:12', '\0', 'ㄦ2014-12-05 10:12:12诲澧0', '0', 'login', '1', null);
INSERT INTO `wemall_integrallog` VALUES ('1835174', '2014-12-06 13:28:07', '\0', 'ㄦ2014-12-06 13:28:07诲澧0', '0', 'login', '1', null);
INSERT INTO `wemall_integrallog` VALUES ('1835175', '2014-12-09 14:53:33', '\0', 'ㄦ2014-12-09 14:53:33诲澧0', '0', 'login', '32768', null);
INSERT INTO `wemall_integrallog` VALUES ('1835176', '2014-12-09 19:27:09', '\0', 'ㄦ2014-12-09 19:27:09诲澧0', '0', 'login', '1', null);
INSERT INTO `wemall_integrallog` VALUES ('1835177', '2014-12-13 18:18:43', '\0', 'ㄦ2014-12-13 18:18:43诲澧0', '0', 'login', '1', null);
INSERT INTO `wemall_integrallog` VALUES ('1835178', '2014-12-14 13:59:26', '\0', 'ㄦ2014-12-14 13:59:26诲澧0', '0', 'login', '32768', null);
INSERT INTO `wemall_integrallog` VALUES ('1835179', '2014-12-14 14:04:22', '\0', 'ㄦ2014-12-14 14:04:22诲澧0', '0', 'login', '1', null);
INSERT INTO `wemall_integrallog` VALUES ('1835180', '2015-01-08 10:59:08', '\0', 'ㄦ2015-01-08 10:59:08诲澧0', '0', 'login', '32768', null);
INSERT INTO `wemall_integrallog` VALUES ('1835181', '2015-01-15 09:40:50', '\0', 'ㄦ2015-01-15 09:40:50诲澧0', '0', 'login', '1', null);
INSERT INTO `wemall_integrallog` VALUES ('1835182', '2015-01-16 13:39:29', '\0', 'ㄦ2015-01-16 13:39:29诲澧0', '0', 'login', '1', null);
INSERT INTO `wemall_integrallog` VALUES ('1835183', '2015-01-16 13:44:09', '\0', 'ㄦ2015-01-16 13:44:09诲澧0', '0', 'login', '32768', null);
INSERT INTO `wemall_integrallog` VALUES ('1835184', '2015-01-17 09:37:06', '\0', 'ㄦ2015-01-17 09:37:06诲澧0', '0', 'login', '1', null);
INSERT INTO `wemall_integrallog` VALUES ('1835185', '2015-01-17 09:51:52', '\0', 'ㄦ2015-01-17 09:51:52诲澧0', '0', 'login', '32768', null);
INSERT INTO `wemall_integrallog` VALUES ('1835186', '2015-01-18 10:17:29', '\0', 'ㄦ2015-01-18 10:17:29诲澧0', '0', 'login', '1', null);
INSERT INTO `wemall_integrallog` VALUES ('1835187', '2015-01-18 15:27:13', '\0', 'ㄦ2015-01-18 15:27:13诲澧0', '0', 'login', '32768', null);
INSERT INTO `wemall_integrallog` VALUES ('1835188', '2015-01-19 12:08:24', '\0', 'ㄦ2015-01-19 12:08:24诲澧0', '0', 'login', '1', null);
INSERT INTO `wemall_integrallog` VALUES ('1835189', '2015-01-19 13:39:20', '\0', 'ㄦ2015-01-19 13:39:20诲澧0', '0', 'login', '32768', null);
INSERT INTO `wemall_integrallog` VALUES ('1835190', '2015-01-20 09:49:48', '\0', 'ㄦ2015-01-20 09:49:48诲澧0', '0', 'login', '32768', null);
INSERT INTO `wemall_integrallog` VALUES ('1835191', '2015-02-05 11:44:37', '\0', 'ㄦ2015-02-05 11:44:37诲澧0', '0', 'login', '1', null);
INSERT INTO `wemall_integrallog` VALUES ('1835192', '2015-02-07 11:53:05', '\0', 'ㄦ2015-02-07 11:53:05诲澧0', '0', 'login', '1', null);
INSERT INTO `wemall_integrallog` VALUES ('1835193', '2015-02-07 13:16:47', '\0', 'ㄦ2015-02-07 13:16:47诲澧0', '0', 'login', '32768', null);
INSERT INTO `wemall_integrallog` VALUES ('1835194', '2015-02-08 09:40:38', '\0', 'ㄦ2015-02-08 09:40:38诲澧0', '0', 'login', '1', null);
INSERT INTO `wemall_integrallog` VALUES ('1835195', '2015-02-08 16:57:59', '\0', 'ㄦ2015-02-08 16:57:59诲澧0', '0', 'login', '32768', null);
INSERT INTO `wemall_integrallog` VALUES ('1835196', '2015-02-17 10:06:03', '\0', 'ㄦ2015-02-17 10:06:03诲澧0', '0', 'login', '1', null);
INSERT INTO `wemall_integrallog` VALUES ('1835197', '2015-02-17 14:50:33', '\0', 'ㄦ2015-02-17 14:50:33诲澧0', '0', 'login', '32768', null);
INSERT INTO `wemall_integrallog` VALUES ('1835198', '2015-02-18 17:59:32', '\0', 'ㄦ2015-02-18 17:59:32诲澧0', '0', 'login', '1', null);
INSERT INTO `wemall_integrallog` VALUES ('1835199', '2015-02-20 10:03:48', '\0', 'ㄦ2015-02-20 10:03:48诲澧0', '0', 'login', '1', null);
INSERT INTO `wemall_integrallog` VALUES ('1835200', '2015-02-23 12:43:10', '\0', 'ㄦ2015-02-23 12:43:10诲澧0', '0', 'login', '1', null);
INSERT INTO `wemall_integrallog` VALUES ('1835201', '2015-02-23 19:08:57', '\0', 'ㄦ2015-02-23 19:08:57诲澧0', '0', 'login', '32768', null);
INSERT INTO `wemall_integrallog` VALUES ('1835202', '2015-02-24 10:07:53', '\0', 'ㄦ2015-02-24 10:07:53诲澧0', '0', 'login', '1', null);
INSERT INTO `wemall_integrallog` VALUES ('1835203', '2015-02-24 19:02:15', '\0', 'ㄦ2015-02-24 19:02:15诲澧0', '0', 'login', '32768', null);
INSERT INTO `wemall_integrallog` VALUES ('1835204', '2015-02-25 09:12:01', '\0', 'ㄦ2015-02-25 09:12:01诲澧0', '0', 'login', '32768', null);
INSERT INTO `wemall_integrallog` VALUES ('1835205', '2015-02-25 09:46:44', '\0', 'ㄦ2015-02-25 09:46:44诲澧0', '0', 'login', '1', null);
INSERT INTO `wemall_integrallog` VALUES ('1835206', '2015-02-26 09:22:08', '\0', 'ㄦ2015-02-26 09:22:08诲澧0', '0', 'login', '1', null);
INSERT INTO `wemall_integrallog` VALUES ('1835207', '2015-02-26 14:37:29', '\0', 'ㄦ2015-02-26 14:37:29诲澧0', '0', 'login', '32768', null);
INSERT INTO `wemall_integrallog` VALUES ('1835208', '2015-02-27 11:49:55', '\0', 'ㄦ2015-02-27 11:49:55诲澧0', '0', 'login', '1', null);
INSERT INTO `wemall_integrallog` VALUES ('1835209', '2015-02-27 18:05:10', '\0', 'ㄦ2015-02-27 18:05:10诲澧0', '0', 'login', '32768', null);
INSERT INTO `wemall_integrallog` VALUES ('1835210', '2015-02-28 09:37:50', '\0', 'ㄦ2015-02-28 09:37:50诲澧0', '0', 'login', '1', null);
INSERT INTO `wemall_integrallog` VALUES ('1835211', '2015-02-28 10:43:39', '\0', 'ㄦ2015-02-28 10:43:39诲澧0', '0', 'login', '32768', null);
INSERT INTO `wemall_integrallog` VALUES ('1835212', '2015-02-28 12:27:19', '\0', 'ㄦ2015-02-28 12:27:19诲澧0', '0', 'login', '32775', null);
INSERT INTO `wemall_integrallog` VALUES ('1835213', '2015-02-28 13:38:42', '\0', 'ㄦ锋敞澧0', '0', 'reg', '32776', null);
INSERT INTO `wemall_integrallog` VALUES ('1835214', '2015-02-28 13:38:43', '\0', 'ㄦ2015-02-28 13:38:43诲澧0', '0', 'login', '32776', null);
INSERT INTO `wemall_integrallog` VALUES ('1835215', '2015-02-28 13:54:01', '\0', 'ㄦ锋敞澧0', '0', 'reg', '32777', null);
INSERT INTO `wemall_integrallog` VALUES ('1835216', '2015-02-28 13:54:01', '\0', 'ㄦ2015-02-28 13:54:01诲澧0', '0', 'login', '32777', null);
INSERT INTO `wemall_integrallog` VALUES ('1835217', '2015-02-28 15:56:33', '\0', 'ㄦ锋敞澧0', '0', 'reg', '32778', null);
INSERT INTO `wemall_integrallog` VALUES ('1835218', '2015-02-28 15:56:33', '\0', 'ㄦ2015-02-28 15:56:33诲澧0', '0', 'login', '32778', null);
INSERT INTO `wemall_integrallog` VALUES ('1835219', '2015-02-28 16:35:51', '\0', 'ㄦ锋敞澧0', '0', 'reg', '32779', null);
INSERT INTO `wemall_integrallog` VALUES ('1835220', '2015-02-28 16:35:51', '\0', 'ㄦ2015-02-28 16:35:51诲澧0', '0', 'login', '32779', null);
INSERT INTO `wemall_integrallog` VALUES ('1835221', '2015-02-28 21:21:44', '\0', 'ㄦ锋敞澧0', '0', 'reg', '32780', null);
INSERT INTO `wemall_integrallog` VALUES ('1835222', '2015-02-28 21:21:44', '\0', 'ㄦ2015-02-28 21:21:44诲澧0', '0', 'login', '32780', null);
INSERT INTO `wemall_integrallog` VALUES ('1835223', '2015-03-01 00:04:28', '\0', 'ㄦ锋敞澧0', '0', 'reg', '32781', null);
INSERT INTO `wemall_integrallog` VALUES ('1835224', '2015-03-01 00:04:28', '\0', 'ㄦ2015-03-01 00:04:28诲澧0', '0', 'login', '32781', null);
INSERT INTO `wemall_integrallog` VALUES ('1835225', '2015-03-01 00:23:48', '\0', 'ㄦ2015-03-01 00:23:48诲澧0', '0', 'login', '32768', null);
INSERT INTO `wemall_integrallog` VALUES ('1835226', '2015-03-01 11:01:36', '\0', 'ㄦ2015-03-01 11:01:36诲澧0', '0', 'login', '32775', null);
INSERT INTO `wemall_integrallog` VALUES ('1835227', '2015-03-01 11:46:34', '\0', 'ㄦ2015-03-01 11:46:34诲澧0', '0', 'login', '1', null);
INSERT INTO `wemall_integrallog` VALUES ('1835228', '2015-03-01 15:51:36', '\0', 'ㄦ锋敞澧0', '0', 'reg', '32782', null);
INSERT INTO `wemall_integrallog` VALUES ('1835229', '2015-03-01 15:51:37', '\0', 'ㄦ2015-03-01 15:51:37诲澧0', '0', 'login', '32782', null);
INSERT INTO `wemall_integrallog` VALUES ('1835230', '2015-03-01 16:13:53', '\0', 'ㄦ锋敞澧0', '0', 'reg', '32783', null);
INSERT INTO `wemall_integrallog` VALUES ('1835231', '2015-03-01 16:13:53', '\0', 'ㄦ2015-03-01 16:13:53诲澧0', '0', 'login', '32783', null);
INSERT INTO `wemall_integrallog` VALUES ('1835232', '2015-03-02 10:15:36', '\0', 'ㄦ2015-03-02 10:15:36诲澧0', '0', 'login', '32775', null);
INSERT INTO `wemall_integrallog` VALUES ('1835233', '2015-03-02 10:22:09', '\0', 'ㄦ2015-03-02 10:22:09诲澧0', '0', 'login', '32768', null);
INSERT INTO `wemall_integrallog` VALUES ('1835234', '2015-03-02 12:29:17', '\0', 'ㄦ2015-03-02 12:29:17诲澧0', '0', 'login', '32781', null);
INSERT INTO `wemall_integrallog` VALUES ('1835235', '2015-03-02 15:05:45', '\0', 'ㄦ2015-03-02 15:05:45诲澧0', '0', 'login', '32783', null);
INSERT INTO `wemall_integrallog` VALUES ('1835236', '2015-03-03 08:17:26', '\0', 'ㄦ2015-03-03 08:17:26诲澧0', '0', 'login', '32778', null);
INSERT INTO `wemall_integrallog` VALUES ('1835237', '2015-03-03 09:43:45', '\0', 'ㄦ2015-03-03 09:43:45诲澧0', '0', 'login', '1', null);
INSERT INTO `wemall_integrallog` VALUES ('1835238', '2016-03-08 19:56:49', '\0', 'ㄦ2016-03-08 19:56:49诲澧0', '0', 'login', '1', null);
INSERT INTO `wemall_integrallog` VALUES ('1835239', '2016-03-08 23:02:01', '\0', 'ㄦ2016-03-08 23:02:01诲澧0', '0', 'login', '32777', null);
INSERT INTO `wemall_integrallog` VALUES ('1835240', '2016-03-09 14:39:35', '\0', 'ㄦ2016-03-09 14:39:35诲澧0', '0', 'login', '1', null);
INSERT INTO `wemall_integrallog` VALUES ('1835241', '2016-03-09 14:51:22', '\0', 'ㄦ2016-03-09 14:51:22诲澧0', '0', 'login', '32768', null);
INSERT INTO `wemall_integrallog` VALUES ('1835242', '2016-03-10 22:49:34', '\0', 'ㄦ2016-03-10 22:49:34诲澧0', '0', 'login', '32777', null);
INSERT INTO `wemall_integrallog` VALUES ('1835243', '2016-03-11 00:05:03', '\0', 'ㄦ2016-03-11 00:05:03诲澧0', '0', 'login', '32777', null);
INSERT INTO `wemall_integrallog` VALUES ('1835244', '2016-03-12 23:28:43', '\0', 'ㄦ2016-03-12 23:28:43诲澧0', '0', 'login', '32777', null);
INSERT INTO `wemall_integrallog` VALUES ('1835245', '2016-03-13 20:56:02', '\0', 'ㄦ2016-03-13 20:56:02诲澧0', '0', 'login', '32777', null);
INSERT INTO `wemall_integrallog` VALUES ('1835246', '2016-03-14 09:32:36', '\0', 'ㄦ2016-03-14 09:32:36诲澧0', '0', 'login', '32777', null);
INSERT INTO `wemall_integrallog` VALUES ('1835247', '2016-03-14 10:33:14', '\0', 'ㄦ2016-03-14 10:33:14诲澧0', '0', 'login', '1', null);
INSERT INTO `wemall_integrallog` VALUES ('1835248', '2016-03-14 13:23:30', '\0', 'ㄦ锋敞澧0', '0', 'reg', '32784', null);
INSERT INTO `wemall_integrallog` VALUES ('1835249', '2016-03-14 13:23:30', '\0', 'ㄦ2016-03-14 13:23:30诲澧0', '0', 'login', '32784', null);
INSERT INTO `wemall_integrallog` VALUES ('1835250', '2016-03-15 14:49:47', '\0', 'ㄦ锋敞澧0', '0', 'reg', '32785', null);
INSERT INTO `wemall_integrallog` VALUES ('1835251', '2016-03-15 14:49:47', '\0', 'ㄦ2016-03-15 14:49:47诲澧0', '0', 'login', '32785', null);
INSERT INTO `wemall_integrallog` VALUES ('1835252', '2016-03-15 17:09:10', '\0', 'ㄦ2016-03-15 17:09:10诲澧0', '0', 'login', '1', null);
INSERT INTO `wemall_integrallog` VALUES ('1835253', '2016-03-15 17:39:59', '\0', 'ㄦ锋敞澧0', '0', 'reg', '32786', null);
INSERT INTO `wemall_integrallog` VALUES ('1835254', '2016-03-15 17:39:59', '\0', 'ㄦ2016-03-15 17:39:59诲澧0', '0', 'login', '32786', null);
INSERT INTO `wemall_integrallog` VALUES ('1835255', '2016-03-16 19:07:07', '\0', 'ㄦ2016-03-16 19:07:07诲澧0', '0', 'login', '32768', null);
INSERT INTO `wemall_integrallog` VALUES ('1835256', '2016-03-16 19:44:26', '\0', 'ㄦ2016-03-16 19:44:26诲澧0', '0', 'login', '32777', null);
INSERT INTO `wemall_integrallog` VALUES ('1835257', '2016-03-17 00:04:17', '\0', 'ㄦ2016-03-17 00:04:17诲澧0', '0', 'login', '32768', null);
INSERT INTO `wemall_integrallog` VALUES ('1835258', '2016-03-17 00:06:07', '\0', 'ㄦ2016-03-17 00:06:07诲澧0', '0', 'login', '32777', null);
INSERT INTO `wemall_integrallog` VALUES ('1835259', '2016-03-17 00:42:19', '\0', 'ㄦ2016-03-17 00:42:19诲澧0', '0', 'login', '1', null);
INSERT INTO `wemall_integrallog` VALUES ('1835260', '2016-03-18 10:43:39', '\0', 'ㄦ2016-03-18 10:43:39诲澧0', '0', 'login', '32777', null);
INSERT INTO `wemall_integrallog` VALUES ('1835261', '2016-03-18 11:22:47', '\0', 'ㄦ2016-03-18 11:22:47诲澧0', '0', 'login', '1', null);
INSERT INTO `wemall_integrallog` VALUES ('1835262', '2016-03-31 14:37:43', '\0', 'ㄦ2016-03-31 14:37:43诲澧0', '0', 'login', '32775', null);
INSERT INTO `wemall_integrallog` VALUES ('1835263', '2016-03-31 14:48:41', '\0', 'ㄦ2016-03-31 14:48:41诲澧0', '0', 'login', '1', null);
INSERT INTO `wemall_integrallog` VALUES ('1835264', '2016-04-01 17:57:06', '\0', 'ㄦ2016-04-01 17:57:06诲澧0', '0', 'login', '1', null);
INSERT INTO `wemall_integrallog` VALUES ('1835265', '2016-04-01 17:59:47', '\0', 'ㄦ锋敞澧0', '0', 'reg', '32787', null);
INSERT INTO `wemall_integrallog` VALUES ('1835266', '2016-04-01 17:59:47', '\0', 'ㄦ2016-04-01 17:59:47诲澧0', '0', 'login', '32787', null);
INSERT INTO `wemall_integrallog` VALUES ('1835267', '2016-04-02 18:22:41', '\0', 'ㄦ2016-04-02 18:22:41诲澧0', '0', 'login', '1', null);
INSERT INTO `wemall_integrallog` VALUES ('1835268', '2016-04-03 00:14:39', '\0', 'ㄦ2016-04-03 00:14:39诲澧0', '0', 'login', '1', null);
INSERT INTO `wemall_integrallog` VALUES ('1835269', '2016-04-04 13:13:31', '\0', 'ㄦ2016-04-04 13:13:31诲澧0', '0', 'login', '1', null);
INSERT INTO `wemall_integrallog` VALUES ('1835270', '2016-04-04 13:14:00', '\0', 'ㄦ2016-04-04 13:14:00诲澧0', '0', 'login', '32785', null);
INSERT INTO `wemall_integrallog` VALUES ('1835271', '2016-04-04 16:00:12', '\0', 'ㄦ2016-04-04 16:00:12诲澧0', '0', 'login', '32768', null);
INSERT INTO `wemall_integrallog` VALUES ('1835272', '2016-04-04 20:41:37', '\0', 'ㄦ2016-04-04 20:41:37诲澧0', '0', 'login', '32769', null);
INSERT INTO `wemall_integrallog` VALUES ('1835273', '2016-04-05 11:51:50', '\0', 'ㄦ锋敞澧0', '0', 'reg', '32788', null);
INSERT INTO `wemall_integrallog` VALUES ('1835274', '2016-04-05 11:52:10', '\0', 'ㄦ2016-04-05 11:52:10诲澧0', '0', 'login', '32788', null);
INSERT INTO `wemall_integrallog` VALUES ('1835275', '2016-04-05 11:57:32', '\0', 'ㄦ锋敞澧0', '0', 'reg', '32789', null);
INSERT INTO `wemall_integrallog` VALUES ('1835276', '2016-04-05 11:58:00', '\0', 'ㄦ2016-04-05 11:58:00诲澧0', '0', 'login', '32789', null);
INSERT INTO `wemall_integrallog` VALUES ('1835277', '2016-04-05 12:21:19', '\0', 'ㄦ锋敞澧0', '0', 'reg', '32790', null);
INSERT INTO `wemall_integrallog` VALUES ('1835278', '2016-04-05 12:21:57', '\0', 'ㄦ锋敞澧0', '0', 'reg', '32791', null);
INSERT INTO `wemall_integrallog` VALUES ('1835279', '2016-04-05 12:21:57', '\0', 'ㄦ2016-04-05 12:21:57诲澧0', '0', 'login', '32791', null);
INSERT INTO `wemall_integrallog` VALUES ('1835280', '2016-04-06 11:09:52', '\0', 'ㄦ2016-04-06 11:09:52诲澧0', '0', 'login', '32769', null);
INSERT INTO `wemall_integrallog` VALUES ('1835281', '2016-04-06 11:14:57', '\0', 'ㄦ2016-04-06 11:14:57诲澧0', '0', 'login', '1', null);
INSERT INTO `wemall_integrallog` VALUES ('1835282', '2016-04-06 13:51:36', '\0', 'ㄦ2016-04-06 13:51:36诲澧0', '0', 'login', '32768', null);
INSERT INTO `wemall_integrallog` VALUES ('1835283', '2016-04-07 11:02:34', '\0', 'ㄦ2016-04-07 11:02:34诲澧0', '0', 'login', '1', null);
INSERT INTO `wemall_integrallog` VALUES ('1835284', '2016-04-07 11:24:46', '\0', 'ㄦ2016-04-07 11:24:46诲澧0', '0', 'login', '32769', null);
INSERT INTO `wemall_integrallog` VALUES ('1835285', '2016-04-07 20:41:56', '\0', 'ㄦ2016-04-07 20:41:56诲澧0', '0', 'login', '32768', null);

-- ----------------------------
-- Table structure for wemall_integral_goods
-- ----------------------------
DROP TABLE IF EXISTS `wemall_integral_goods`;
CREATE TABLE `wemall_integral_goods` (
  `id` bigint(20) NOT NULL AUTO_INCREMENT,
  `addTime` datetime DEFAULT NULL,
  `deleteStatus` bit(1) NOT NULL,
  `ig_begin_time` datetime DEFAULT NULL,
  `ig_click_count` int(11) NOT NULL,
  `ig_content` varchar(255) DEFAULT NULL,
  `ig_end_time` datetime DEFAULT NULL,
  `ig_exchange_count` int(11) NOT NULL,
  `ig_goods_count` int(11) NOT NULL,
  `ig_goods_integral` int(11) NOT NULL,
  `ig_goods_name` varchar(255) DEFAULT NULL,
  `ig_goods_price` decimal(12,2) DEFAULT NULL,
  `ig_goods_sn` varchar(255) DEFAULT NULL,
  `ig_goods_tag` varchar(255) DEFAULT NULL,
  `ig_limit_count` int(11) NOT NULL,
  `ig_limit_type` bit(1) NOT NULL,
  `ig_recommend` bit(1) NOT NULL,
  `ig_seo_description` varchar(255) DEFAULT NULL,
  `ig_seo_keywords` varchar(255) DEFAULT NULL,
  `ig_sequence` int(11) NOT NULL,
  `ig_show` bit(1) NOT NULL,
  `ig_time_type` bit(1) NOT NULL,
  `ig_transfee` decimal(12,2) DEFAULT NULL,
  `ig_transfee_type` int(11) NOT NULL,
  `ig_goods_img_id` bigint(20) DEFAULT NULL,
  PRIMARY KEY (`id`),
  KEY `FKDCFD0854F326849C` (`ig_goods_img_id`),
  CONSTRAINT `FKDCFD0854F326849C` FOREIGN KEY (`ig_goods_img_id`) REFERENCES `wemall_accessory` (`id`)
) ENGINE=InnoDB AUTO_INCREMENT=22 DEFAULT CHARSET=utf8;

-- ----------------------------
-- Records of wemall_integral_goods
-- ----------------------------
INSERT INTO `wemall_integral_goods` VALUES ('1', '2014-04-22 14:48:34', '\0', null, '5', '<h1 align=\"center\">	01_椹NS-9502(6浠跺)</h1><p align=\"center\">	&nbsp;</p>', null, '0', '10', '50000', '01_椹NS-9502(6浠跺)', '3000.00', 'gift201404221448341', '', '1', '', '', '', '', '10', '', '\0', '0.00', '0', '425992');
INSERT INTO `wemall_integral_goods` VALUES ('2', '2015-02-28 10:04:41', '\0', null, '0', '纭CG8580-C11C绮惧榧', null, '0', '50', '990', '纭CG8580-C11C绮惧榧', '99.00', 'gift201502281004411', '', '1', '', '', '', '', '1', '', '\0', '0.00', '0', '426079');
INSERT INTO `wemall_integral_goods` VALUES ('3', '2015-02-28 10:05:34', '\0', null, '3', '榄澹板冲虫', null, '0', '30', '1500', '榄澹板冲虫', '168.00', 'gift201502281005341', '', '0', '\0', '', '', '', '0', '', '\0', '0.00', '0', '426080');
INSERT INTO `wemall_integral_goods` VALUES ('4', '2015-02-28 10:06:59', '\0', null, '2', 'SSK 榛楣II USB3.0 2.5卞哥‖', null, '0', '85', '500', 'SSK 榛楣II USB3.0 2.5卞哥‖', '56.00', 'gift201502281006591', '', '1', '', '', '', '', '0', '', '\0', '0.00', '0', '426081');
INSERT INTO `wemall_integral_goods` VALUES ('5', '2015-02-28 10:07:24', '\0', null, '1', '杩峰USB瀛 CZ538GB', null, '0', '120', '400', '杩峰USB瀛 CZ538GB', '52.00', 'gift201502281007241', '', '1', '', '', '', '', '0', '', '\0', '0.00', '0', '426082');
INSERT INTO `wemall_integral_goods` VALUES ('6', '2015-02-28 10:08:02', '\0', null, '0', '绉瀵锛COMET锛Q6 涓浜哄跺涵纰绾告猴榛诧', null, '0', '40', '2000', '绉瀵锛COMET锛Q6 涓浜哄跺涵纰绾告猴榛诧', '210.00', 'gift201502281008021', '', '1', '', '', '', '', '0', '', '\0', '0.00', '0', '426083');
INSERT INTO `wemall_integral_goods` VALUES ('7', '2015-02-28 10:08:43', '\0', null, '0', '卞锛aibao锛A-16U 婵', null, '0', '52', '1800', '卞锛aibao锛A-16U 婵', '199.00', 'gift201502281008431', '', '1', '', '', '', '', '0', '', '\0', '0.00', '0', '426084');
INSERT INTO `wemall_integral_goods` VALUES ('8', '2015-02-28 10:12:57', '\0', null, '0', '涓U9508锛ｈ哥变韩锛鸿芥', null, '0', '15', '11000', '涓U9508锛ｈ哥变韩锛鸿芥', '1200.00', 'gift201502281012571', '', '1', '', '', '', '', '0', '', '\0', '0.00', '0', '426085');
INSERT INTO `wemall_integral_goods` VALUES ('9', '2015-02-28 10:15:37', '\0', null, '0', '槌楸兼ゅコ甯板甫濂虫跺炬╃ｅコ澹板甫', null, '0', '25', '4200', '槌楸兼ゅコ甯板甫濂虫跺炬╃ｅコ澹板甫', '450.00', 'gift201502281015371', '', '1', '', '', '', '', '0', '', '\0', '0.00', '0', '426086');
INSERT INTO `wemall_integral_goods` VALUES ('10', '2015-02-28 10:16:12', '\0', null, '0', '╁2013绉瀛ｆ版剧函叉姣绾垮附瀛', null, '0', '55', '1000', '╁2013绉瀛ｆ版剧函叉姣绾垮附瀛', '105.00', 'gift201502281016121', '', '1', '', '', '', '', '0', '', '\0', '0.00', '0', '426087');
INSERT INTO `wemall_integral_goods` VALUES ('11', '2015-02-28 10:21:44', '\0', null, '0', '姘存 椤归 濂  ユ渚ｆ浜洪绀 澶х', null, '0', '60', '1700', '姘存 椤归 濂  ユ渚ｆ浜洪绀 澶х', '180.00', 'gift201502281021441', '', '1', '', '\0', '', '', '-1', '', '\0', '0.00', '0', '426088');
INSERT INTO `wemall_integral_goods` VALUES ('12', '2015-02-28 10:22:25', '\0', null, '0', '逛环㈣喘 濂崇绘 1.75瓒澹 925绾舵', null, '0', '55', '2800', '逛环㈣喘 濂崇绘 1.75瓒澹 925绾舵', '300.00', 'gift201502281022251', '', '1', '', '\0', '逛环㈣喘 濂崇绘 1.75瓒澹 925绾舵', '逛环㈣喘 濂崇绘 1.75瓒澹 925绾舵', '-2', '', '\0', '0.00', '0', '426089');
INSERT INTO `wemall_integral_goods` VALUES ('13', '2015-02-28 10:28:36', '\0', null, '0', '￠害灏茶灏奸 榛插崇佃 峰コ规骞冲', null, '0', '88', '850', '￠害灏茶灏奸 榛插崇佃 峰コ规骞冲', '100.00', 'gift201502281028361', '', '1', '', '\0', '', '', '-11', '', '\0', '0.00', '0', '426090');
INSERT INTO `wemall_integral_goods` VALUES ('14', '2015-02-28 10:29:16', '\0', null, '0', '绫宠 姝ｅ琛 濂冲＋╁芥跺╃濂宠〃 剁锋琛ㄧ借 剁锋琛', null, '0', '400', '800', '绫宠 姝ｅ琛 濂冲＋╁芥跺╃濂宠〃 剁锋琛ㄧ借 剁锋琛', '1000.00', 'gift201502281029161', '', '1', '', '\0', '', '', '0', '', '\0', '0.00', '0', '426091');
INSERT INTO `wemall_integral_goods` VALUES ('15', '2015-02-28 10:30:01', '\0', null, '0', '浜濡姊濂村よ惫绾规版惧コ浼茬炬姣╂853姣姣', null, '0', '200', '5200', '浜濡姊濂村よ惫绾规版惧コ浼茬炬姣╂853姣姣', '560.00', 'gift201502281030011', '', '1', '', '\0', '', '', '-12', '', '\0', '0.00', '0', '426092');
INSERT INTO `wemall_integral_goods` VALUES ('16', '2015-02-28 10:31:06', '\0', null, '0', '版剧濂冲  ╁  娼濂冲 濂冲', null, '0', '200', '5600', '版剧濂冲  ╁  娼濂冲 濂冲', '600.00', 'gift201502281031061', '', '1', '', '\0', '', '', '0', '', '\0', '0.00', '0', '426093');
INSERT INTO `wemall_integral_goods` VALUES ('17', '2015-02-28 10:31:45', '\0', null, '0', 'Leyes涔瓒姝ｅ椴ㄩ奔烽澶╃姘2013版剧绯诲甫′茬', null, '0', '35', '7500', 'Leyes涔瓒姝ｅ椴ㄩ奔烽澶╃姘2013版剧绯诲甫′茬', '800.00', 'gift201502281031451', '', '1', '', '\0', '', '', '0', '', '\0', '0.00', '0', '426094');
INSERT INTO `wemall_integral_goods` VALUES ('18', '2015-02-28 10:32:20', '\0', null, '0', '瀹藉杞昏ㄧ郴', null, '0', '150', '1800', '瀹藉杞昏ㄧ郴', '200.00', 'gift201502281032201', '', '1', '', '\0', '', '', '0', '', '\0', '0.00', '0', '426095');
INSERT INTO `wemall_integral_goods` VALUES ('19', '2015-02-28 10:32:43', '\0', null, '0', '胯开杈炬 adidas 涓姝ｅ涓у╁', null, '0', '260', '4000', '胯开杈炬 adidas 涓姝ｅ涓у╁', '450.00', 'gift201502281032431', '', '1', '', '\0', '', '', '-14', '', '\0', '0.00', '0', '426096');
INSERT INTO `wemall_integral_goods` VALUES ('20', '2015-02-28 10:35:40', '\0', null, '0', '胯开杈炬adidas 2013骞存版句腑у存璺ㄥ', null, '0', '200', '3000', '胯开杈炬adidas 2013骞存版句腑у存璺ㄥ', '350.00', 'gift201502281035401', '', '1', '', '\0', '', '', '0', '', '\0', '0.00', '0', '426097');
INSERT INTO `wemall_integral_goods` VALUES ('21', '2015-02-28 10:36:40', '\0', null, '0', '姝ｅ STAR涓杈句涓姣璧楂绾ц绾ら5疯纾ㄨ冻', null, '0', '500', '1000', '姝ｅ STAR涓杈句涓姣璧楂绾ц绾ら5疯纾ㄨ冻', '150.00', 'gift201502281036401', '', '1', '', '\0', '', '', '0', '', '\0', '0.00', '0', '426098');

-- ----------------------------
-- Table structure for wemall_integral_goodscart
-- ----------------------------
DROP TABLE IF EXISTS `wemall_integral_goodscart`;
CREATE TABLE `wemall_integral_goodscart` (
  `id` bigint(20) NOT NULL AUTO_INCREMENT,
  `addTime` datetime DEFAULT NULL,
  `deleteStatus` bit(1) NOT NULL,
  `count` int(11) NOT NULL,
  `integral` int(11) NOT NULL,
  `trans_fee` decimal(12,2) DEFAULT NULL,
  `goods_id` bigint(20) DEFAULT NULL,
  `order_id` bigint(20) DEFAULT NULL,
  PRIMARY KEY (`id`),
  KEY `FK6035ECDAC034A786` (`goods_id`),
  KEY `FK6035ECDA9F6D3F38` (`order_id`),
  CONSTRAINT `FK6035ECDA9F6D3F38` FOREIGN KEY (`order_id`) REFERENCES `wemall_integral_goodsorder` (`id`),
  CONSTRAINT `FK6035ECDAC034A786` FOREIGN KEY (`goods_id`) REFERENCES `wemall_integral_goods` (`id`)
) ENGINE=InnoDB DEFAULT CHARSET=utf8;

-- ----------------------------
-- Records of wemall_integral_goodscart
-- ----------------------------

-- ----------------------------
-- Table structure for wemall_integral_goodsorder
-- ----------------------------
DROP TABLE IF EXISTS `wemall_integral_goodsorder`;
CREATE TABLE `wemall_integral_goodsorder` (
  `id` bigint(20) NOT NULL AUTO_INCREMENT,
  `addTime` datetime DEFAULT NULL,
  `deleteStatus` bit(1) NOT NULL,
  `igo_msg` longtext,
  `igo_order_sn` varchar(255) DEFAULT NULL,
  `igo_pay_msg` longtext,
  `igo_pay_time` datetime DEFAULT NULL,
  `igo_payment` varchar(255) DEFAULT NULL,
  `igo_ship_code` varchar(255) DEFAULT NULL,
  `igo_ship_content` longtext,
  `igo_ship_time` date DEFAULT NULL,
  `igo_status` int(11) NOT NULL,
  `igo_total_integral` int(11) NOT NULL,
  `igo_trans_fee` decimal(12,2) DEFAULT NULL,
  `igo_addr_id` bigint(20) DEFAULT NULL,
  `igo_user_id` bigint(20) DEFAULT NULL,
  PRIMARY KEY (`id`),
  KEY `FKF590937A26B00318` (`igo_addr_id`),
  KEY `FKF590937A85110923` (`igo_user_id`),
  CONSTRAINT `FKF590937A26B00318` FOREIGN KEY (`igo_addr_id`) REFERENCES `wemall_address` (`id`),
  CONSTRAINT `FKF590937A85110923` FOREIGN KEY (`igo_user_id`) REFERENCES `wemall_user` (`id`)
) ENGINE=InnoDB DEFAULT CHARSET=utf8;

-- ----------------------------
-- Records of wemall_integral_goodsorder
-- ----------------------------

-- ----------------------------
-- Table structure for wemall_message
-- ----------------------------
DROP TABLE IF EXISTS `wemall_message`;
CREATE TABLE `wemall_message` (
  `id` bigint(20) NOT NULL AUTO_INCREMENT,
  `addTime` datetime DEFAULT NULL,
  `deleteStatus` bit(1) NOT NULL,
  `content` longtext,
  `status` int(11) NOT NULL,
  `title` varchar(255) DEFAULT NULL,
  `type` int(11) NOT NULL,
  `fromUser_id` bigint(20) DEFAULT NULL,
  `parent_id` bigint(20) DEFAULT NULL,
  `toUser_id` bigint(20) DEFAULT NULL,
  `reply_status` int(11) DEFAULT '0',
  PRIMARY KEY (`id`),
  KEY `FK86FF3FD68D202D76` (`toUser_id`),
  KEY `FK86FF3FD6323CF700` (`parent_id`),
  KEY `FK86FF3FD6F3DB4167` (`fromUser_id`),
  CONSTRAINT `FK86FF3FD6323CF700` FOREIGN KEY (`parent_id`) REFERENCES `wemall_message` (`id`),
  CONSTRAINT `FK86FF3FD68D202D76` FOREIGN KEY (`toUser_id`) REFERENCES `wemall_user` (`id`),
  CONSTRAINT `FK86FF3FD6F3DB4167` FOREIGN KEY (`fromUser_id`) REFERENCES `wemall_user` (`id`)
) ENGINE=InnoDB AUTO_INCREMENT=4 DEFAULT CHARSET=utf8;

-- ----------------------------
-- Records of wemall_message
-- ----------------------------
INSERT INTO `wemall_message` VALUES ('2', '2014-05-06 18:13:38', '\0', '<p>\r\n	,ㄥソ!\r\n</p>\r\n<p>\r\n	&nbsp;&nbsp; ㄧ琚绠＄わ:\r\n</p>', '0', '琚绠＄ゆ剁', '0', '1', null, null, '0');
INSERT INTO `wemall_message` VALUES ('3', '2015-03-01 17:11:46', '\0', '123', '1', null, '1', '32775', null, '32768', '0');

-- ----------------------------
-- Table structure for wemall_mobileverifycode
-- ----------------------------
DROP TABLE IF EXISTS `wemall_mobileverifycode`;
CREATE TABLE `wemall_mobileverifycode` (
  `id` bigint(20) NOT NULL AUTO_INCREMENT,
  `addTime` datetime DEFAULT NULL,
  `deleteStatus` bit(1) NOT NULL,
  `code` varchar(255) DEFAULT NULL,
  `mobile` varchar(255) DEFAULT NULL,
  PRIMARY KEY (`id`)
) ENGINE=InnoDB DEFAULT CHARSET=utf8;

-- ----------------------------
-- Records of wemall_mobileverifycode
-- ----------------------------

-- ----------------------------
-- Table structure for wemall_navigation
-- ----------------------------
DROP TABLE IF EXISTS `wemall_navigation`;
CREATE TABLE `wemall_navigation` (
  `id` bigint(20) NOT NULL AUTO_INCREMENT,
  `addTime` datetime DEFAULT NULL,
  `deleteStatus` bit(1) NOT NULL,
  `display` bit(1) NOT NULL,
  `location` int(11) NOT NULL,
  `new_win` int(11) NOT NULL,
  `sequence` int(11) NOT NULL,
  `sysNav` bit(1) NOT NULL,
  `title` varchar(255) DEFAULT NULL,
  `type` varchar(255) DEFAULT NULL,
  `type_id` bigint(20) DEFAULT NULL,
  `url` varchar(255) DEFAULT NULL,
  `original_url` varchar(255) DEFAULT NULL,
  PRIMARY KEY (`id`)
) ENGINE=InnoDB AUTO_INCREMENT=229383 DEFAULT CHARSET=utf8;

-- ----------------------------
-- Records of wemall_navigation
-- ----------------------------
INSERT INTO `wemall_navigation` VALUES ('2', '2013-12-30 19:08:13', '\0', '', '0', '1', '2', '', '绉', 'diy', null, 'integral.htm', 'integral.htm');
INSERT INTO `wemall_navigation` VALUES ('32768', '2014-01-06 11:16:13', '\0', '', '0', '1', '4', '\0', '涓棰', 'activity', '1', 'activity_1.htm', 'activity.htm?id=1');
INSERT INTO `wemall_navigation` VALUES ('65536', '2014-02-21 18:14:23', '\0', '', '0', '1', '3', '', '㈣喘', 'diy', null, 'group.htm', 'group.htm');
INSERT INTO `wemall_navigation` VALUES ('65537', '2013-09-04 18:04:37', '\0', '', '0', '1', '0', '\0', '棣椤', 'diy', null, 'index.htm', 'index.htm');
INSERT INTO `wemall_navigation` VALUES ('65538', '2013-09-04 18:04:57', '\0', '', '0', '1', '1', '\0', '', 'diy', null, 'brand.htm', 'brand.htm');
INSERT INTO `wemall_navigation` VALUES ('196608', '2013-12-18 14:37:16', '\0', '', '1', '1', '1', '\0', '辨', 'diy', null, 'article_join.htm', 'article_join.htm');
INSERT INTO `wemall_navigation` VALUES ('196609', '2013-12-18 14:37:43', '\0', '', '1', '1', '2', '\0', '骞垮浣', 'diy', null, 'article_adver.htm', 'article_adver.htm');
INSERT INTO `wemall_navigation` VALUES ('196610', '2013-12-18 14:38:33', '\0', '', '1', '1', '3', '\0', '绯绘浠', 'diy', null, 'article_contact.htm', 'article_contact.htm');
INSERT INTO `wemall_navigation` VALUES ('196611', '2013-12-18 14:39:42', '\0', '', '1', '1', '4', '\0', '充shopping', 'diy', null, 'article_about.htm', 'article_about.htm');
INSERT INTO `wemall_navigation` VALUES ('229376', '2013-12-18 14:42:24', '\0', '', '1', '0', '0', '\0', '棣椤', 'diy', null, 'index.htm', 'index.htm');
INSERT INTO `wemall_navigation` VALUES ('229377', '2014-09-25 18:40:03', '\0', '', '0', '1', '5', '', '逛环', 'diy', null, 'bargain.htm', 'bargain.htm');
INSERT INTO `wemall_navigation` VALUES ('229379', '2014-09-27 10:50:01', '\0', '', '0', '1', '6', '', '涔板氨', 'diy', null, 'delivery.htm', 'delivery.htm');
INSERT INTO `wemall_navigation` VALUES ('229380', '2014-10-09 14:31:44', '\0', '', '0', '1', '7', '\0', '茬疆', 'diy', null, 'sparegoods.htm', 'sparegoods.htm');
INSERT INTO `wemall_navigation` VALUES ('229381', '2014-10-14 17:33:52', '\0', '', '0', '1', '0', '\0', '棣椤', 'sparegoods', null, 'index.htm', 'index.htm');
INSERT INTO `wemall_navigation` VALUES ('229382', '2014-10-14 17:34:34', '\0', '', '0', '1', '8', '\0', '茬疆扮', 'sparegoods', null, 'sparegoods_search.htm?cid=1', 'sparegoods_search.htm?cid=1');

-- ----------------------------
-- Table structure for wemall_orderform
-- ----------------------------
DROP TABLE IF EXISTS `wemall_orderform`;
CREATE TABLE `wemall_orderform` (
  `id` bigint(20) NOT NULL AUTO_INCREMENT,
  `addTime` datetime DEFAULT NULL,
  `deleteStatus` bit(1) NOT NULL,
  `finishTime` datetime DEFAULT NULL,
  `goods_amount` decimal(12,2) DEFAULT NULL,
  `invoice` varchar(255) DEFAULT NULL,
  `invoiceType` int(11) NOT NULL,
  `msg` longtext,
  `order_id` varchar(255) DEFAULT NULL,
  `order_status` int(11) NOT NULL,
  `payTime` datetime DEFAULT NULL,
  `pay_msg` longtext,
  `refund` decimal(12,2) DEFAULT NULL,
  `refund_type` varchar(255) DEFAULT NULL,
  `shipCode` varchar(255) DEFAULT NULL,
  `shipTime` datetime DEFAULT NULL,
  `ship_price` decimal(12,2) DEFAULT NULL,
  `totalPrice` decimal(12,2) DEFAULT NULL,
  `addr_id` bigint(20) DEFAULT NULL,
  `payment_id` bigint(20) DEFAULT NULL,
  `store_id` bigint(20) DEFAULT NULL,
  `user_id` bigint(20) DEFAULT NULL,
  `auto_confirm_email` bit(1) DEFAULT b'0',
  `auto_confirm_sms` bit(1) DEFAULT b'0',
  `transport` varchar(255) DEFAULT NULL,
  `out_order_id` varchar(255) DEFAULT NULL,
  `ec_id` bigint(20) DEFAULT NULL,
  `ci_id` bigint(20) DEFAULT NULL,
  `order_seller_intro` longtext,
  `return_shipCode` varchar(255) DEFAULT NULL,
  `return_ec_id` bigint(20) DEFAULT NULL,
  `return_content` longtext,
  `return_shipTime` datetime DEFAULT NULL,
  `order_type` varchar(255) DEFAULT NULL,
  PRIMARY KEY (`id`),
  KEY `FK9BD986FBB62A45D2` (`payment_id`),
  KEY `FK9BD986FB2201A8B0` (`ci_id`),
  KEY `FK9BD986FBF8442271` (`ec_id`),
  KEY `FK9BD986FB1E208F02` (`user_id`),
  KEY `FK9BD986FB37781EA2` (`return_ec_id`),
  KEY `FK9BD986FBFC1A79F5` (`addr_id`),
  KEY `FK9BD986FB1C0CA9F2` (`store_id`),
  CONSTRAINT `FK9BD986FB1C0CA9F2` FOREIGN KEY (`store_id`) REFERENCES `wemall_store` (`id`),
  CONSTRAINT `FK9BD986FB1E208F02` FOREIGN KEY (`user_id`) REFERENCES `wemall_user` (`id`),
  CONSTRAINT `FK9BD986FB2201A8B0` FOREIGN KEY (`ci_id`) REFERENCES `wemall_coupon_info` (`id`),
  CONSTRAINT `FK9BD986FB37781EA2` FOREIGN KEY (`return_ec_id`) REFERENCES `wemall_express_company` (`id`),
  CONSTRAINT `FK9BD986FBB62A45D2` FOREIGN KEY (`payment_id`) REFERENCES `wemall_payment` (`id`),
  CONSTRAINT `FK9BD986FBF8442271` FOREIGN KEY (`ec_id`) REFERENCES `wemall_express_company` (`id`),
  CONSTRAINT `FK9BD986FBFC1A79F5` FOREIGN KEY (`addr_id`) REFERENCES `wemall_address` (`id`)
) ENGINE=InnoDB AUTO_INCREMENT=229452 DEFAULT CHARSET=utf8;

-- ----------------------------
-- Records of wemall_orderform
-- ----------------------------
INSERT INTO `wemall_orderform` VALUES ('1', '2014-01-02 12:47:13', '\0', null, '890.00', '', '0', '', '120140102124713', '40', '2014-01-02 14:32:47', '浠娆句俊锛锛锛', null, null, '024410226400', '2014-01-02 14:36:41', '12.00', '902.00', '1', '2', '1', '1', '\0', '\0', null, null, '1', null, null, null, null, null, null, null);
INSERT INTO `wemall_orderform` VALUES ('32768', '2014-01-02 19:08:36', '\0', null, '986.00', '', '0', '', '120140102190836', '40', '2014-01-02 19:08:46', 'ㄤ浠ョㄧㄦ蜂腑蹇', null, null, '024410226400', '2014-01-02 19:09:47', '12.00', '998.00', '1', '2', '1', '1', '\0', '\0', null, null, '1', null, null, null, null, null, null, null);
INSERT INTO `wemall_orderform` VALUES ('65536', '2014-01-02 19:21:39', '\0', null, '1200.00', '', '0', '', '120140102192139', '40', '2014-01-02 19:21:47', 'sdfs', null, null, '024410226400', '2014-01-02 19:23:49', '12.00', '1212.00', '1', '2', '1', '1', '\0', '\0', null, null, '1', null, null, null, null, null, null, null);
INSERT INTO `wemall_orderform` VALUES ('98304', '2014-01-03 11:20:29', '\0', null, '600.00', '', '0', '', '120140103112029', '40', '2014-01-03 11:20:41', '璇疯ユ娆句俊 ', null, null, '024410226400', '2014-01-02 19:23:49', '12.00', '612.00', '1', '2', '1', '1', '\0', '\0', null, null, '1', null, null, null, null, null, null, null);
INSERT INTO `wemall_orderform` VALUES ('229377', '2014-03-15 17:09:30', '\0', null, '178.00', '', '0', '', '120140315170930', '40', '2014-03-15 17:14:36', 'admin浠娆', null, null, '024410226400', '2014-01-02 19:23:49', '12.00', '190.00', '1', '3', '1', '1', '\0', '\0', null, null, '1', null, null, null, null, null, null, null);
INSERT INTO `wemall_orderform` VALUES ('229378', '2014-03-15 17:17:23', '\0', null, '178.00', '', '0', '', '120140315171723', '40', '2014-03-15 17:17:46', 'test', null, null, '024410226400', '2014-01-02 19:23:49', '12.00', '190.00', '1', '3', '1', '1', '\0', '\0', null, null, '1', null, null, null, null, null, null, null);
INSERT INTO `wemall_orderform` VALUES ('229386', '2014-09-23 17:55:55', '\0', null, '1780.00', '', '0', '', '120140923175555', '10', null, null, null, null, null, null, '0.00', '1780.00', '32770', '1', '1', '1', '\0', '\0', null, null, null, null, null, null, null, null, null, null);
INSERT INTO `wemall_orderform` VALUES ('229387', '2014-09-24 18:47:18', '\0', null, '1780.00', '', '0', '灏藉揩璐э璋㈣阿锛', '120140924184718', '10', null, null, null, null, null, null, '0.00', '1780.00', '32770', null, '1', '1', '\0', '\0', null, null, null, null, null, null, null, null, null, null);
INSERT INTO `wemall_orderform` VALUES ('229388', '2014-09-24 18:54:56', '\0', null, '1754.00', '', '0', '', '120140924185456', '10', null, null, null, null, null, null, '26.00', '1780.00', '32769', null, '1', '1', '\0', '\0', '蹇', null, null, null, null, null, null, null, null, null);
INSERT INTO `wemall_orderform` VALUES ('229389', '2014-09-24 19:08:04', '\0', null, '1780.00', '', '0', '', '120140924190804', '10', null, null, null, null, null, null, '28.00', '1803.00', '32770', null, '1', '1', '\0', '\0', '蹇', null, null, '1', null, null, null, null, null, null);
INSERT INTO `wemall_orderform` VALUES ('229390', '2014-09-25 13:25:21', '\0', null, '98.50', '', '0', '', '120140925132521', '40', '2014-09-25 15:14:25', '姹娆句俊', null, null, null, '2014-09-25 15:15:53', null, '98.50', '32769', '5', '32769', '1', '\0', '\0', null, null, null, null, '″凤7757686186836217333\r\n瀵锛878653879343', null, null, null, null, null);
INSERT INTO `wemall_orderform` VALUES ('229391', '2014-09-25 14:20:44', '\0', null, '256.50', '', '0', '', '120140925142044', '40', '2014-09-25 14:34:49', '宸茬姹娆', null, null, '302505439247', '2014-09-25 14:42:44', '31.00', '287.50', '32770', '5', '32769', '1', '\0', '\0', '蹇', null, '1', null, null, null, null, null, null, null);
INSERT INTO `wemall_orderform` VALUES ('229392', '2014-10-12 18:48:09', '\0', null, '2200.00', '', '0', '', '120141012184809', '10', null, null, null, null, null, null, '0.00', '2200.00', '32770', null, '1', '1', '\0', '\0', '骞抽', null, null, null, null, null, null, null, null, null);
INSERT INTO `wemall_orderform` VALUES ('229393', '2014-10-29 13:31:59', '\0', null, '4000.00', '', '0', '', '120141029133159', '15', '2014-10-29 13:32:10', '宸茬浠娆4000', null, null, null, null, '0.00', '4000.00', '32770', '2', '1', '1', '\0', '\0', '骞抽', null, null, null, null, null, null, null, null, null);
INSERT INTO `wemall_orderform` VALUES ('229394', '2014-10-31 12:33:57', '\0', null, '890.00', '', '0', '', '120141031123357', '10', null, null, null, null, null, null, '10.00', '900.00', '32770', '9', '1', '1', '\0', '\0', '骞抽', null, null, null, null, null, null, null, null, null);
INSERT INTO `wemall_orderform` VALUES ('229397', '2014-11-28 10:03:16', '\0', null, '5340.00', '', '0', '', '120141128100317', '10', null, null, null, null, null, null, '28.00', '5368.00', '32770', '1', '1', '1', '\0', '\0', '蹇', null, null, null, null, null, null, null, null, null);
INSERT INTO `wemall_orderform` VALUES ('229398', '2014-11-28 15:15:13', '\0', null, '789.00', '', '0', '', '120141128151513', '10', null, null, null, null, null, null, '10.00', '799.00', '32770', null, '1', '1', '\0', '\0', '骞抽', null, null, null, null, null, null, null, null, null);
INSERT INTO `wemall_orderform` VALUES ('229399', '2014-11-30 16:44:08', '\0', null, '386.00', '        ', '0', '', '120141130164408', '10', null, null, null, null, null, null, '0.00', '386.00', '32770', '1', '1', '1', '\0', '\0', '骞抽', null, null, null, null, null, null, null, null, null);
INSERT INTO `wemall_orderform` VALUES ('229400', '2014-11-30 18:29:24', '\0', null, '1160.00', '', '0', '', '120141130182924', '10', null, null, null, null, null, null, '0.00', '1160.00', '32770', '12', '1', '1', '\0', '\0', '骞抽', null, null, null, null, null, null, null, null, null);
INSERT INTO `wemall_orderform` VALUES ('229401', '2014-12-02 12:27:24', '\0', null, '178.00', '        ', '0', '', '120141202122724', '10', null, null, null, null, null, null, '0.00', '178.00', '32770', '1', '1', '1', '\0', '\0', '骞抽', null, null, null, null, null, null, null, null, null);
INSERT INTO `wemall_orderform` VALUES ('229402', '2014-12-02 12:28:49', '\0', null, '178.00', '        ', '0', '', '120141202122849', '10', null, null, null, null, null, null, '0.00', '178.00', '32770', '12', '1', '1', '\0', '\0', '骞抽', null, null, null, null, null, null, null, null, null);
INSERT INTO `wemall_orderform` VALUES ('229403', '2014-12-02 12:29:42', '\0', null, '178.00', '        ', '0', '', '120141202122942', '10', null, null, null, null, null, null, '0.00', '178.00', '32770', '12', '1', '1', '\0', '\0', '骞抽', null, null, null, null, null, null, null, null, null);
INSERT INTO `wemall_orderform` VALUES ('229404', '2014-12-02 16:22:04', '\0', null, '300.00', '', '0', '', '120141202162204', '10', null, null, null, null, null, null, '0.00', '300.00', '32770', '1', '1', '1', '\0', '\0', '骞抽', null, null, null, null, null, null, null, null, null);
INSERT INTO `wemall_orderform` VALUES ('229405', '2014-12-02 16:35:38', '\0', null, '0.01', '', '0', '', '120141202163538', '10', null, null, null, null, null, null, '0.00', '0.01', '32770', '1', '1', '1', '\0', '\0', '骞抽', null, null, null, null, null, null, null, null, null);
INSERT INTO `wemall_orderform` VALUES ('229406', '2014-12-02 16:50:07', '\0', null, '0.01', '        ', '0', '', '120141202165007', '10', null, null, null, null, null, null, '0.00', '0.01', '32770', '12', '1', '1', '\0', '\0', '骞抽', null, null, null, null, null, null, null, null, 'weixin');
INSERT INTO `wemall_orderform` VALUES ('229407', '2014-12-02 17:02:02', '\0', null, '0.01', '        ', '0', '', '120141202170202', '10', null, null, null, null, null, null, '0.00', '0.01', '32770', '12', '1', '1', '\0', '\0', '骞抽', null, null, null, null, null, null, null, null, 'weixin');
INSERT INTO `wemall_orderform` VALUES ('229408', '2014-12-02 17:14:13', '\0', null, '0.01', '', '0', '', '120141202171413', '10', null, null, null, null, null, null, '0.00', '0.01', '32770', '12', '1', '1', '\0', '\0', '骞抽', null, null, null, null, null, null, null, null, 'web');
INSERT INTO `wemall_orderform` VALUES ('229409', '2014-12-02 17:21:49', '\0', null, '0.01', '', '0', '', '120141202172149', '40', '2014-12-02 17:27:37', null, null, null, '0241256328', '2014-12-02 17:31:49', '0.00', '0.01', '32770', '1', '1', '1', '\0', '\0', '骞抽', '2014120234905358', '1', null, null, null, null, null, null, 'web');
INSERT INTO `wemall_orderform` VALUES ('229410', '2014-12-03 09:47:59', '\0', null, '0.01', '        ', '0', '', '120141203094759', '10', null, null, null, null, null, null, '0.00', '0.01', '1', '12', '1', '1', '\0', '\0', '骞抽', null, null, null, null, null, null, null, null, 'weixin');
INSERT INTO `wemall_orderform` VALUES ('229411', '2014-12-03 10:10:26', '\0', null, '0.01', '        ', '0', '', '120141203101026', '10', null, null, null, null, null, null, '0.00', '0.01', '32770', '12', '1', '1', '\0', '\0', '骞抽', null, null, null, null, null, null, null, null, 'weixin');
INSERT INTO `wemall_orderform` VALUES ('229412', '2014-12-03 10:17:44', '\0', null, '0.01', '        ', '0', '', '120141203101744', '10', null, null, null, null, null, null, '0.00', '0.01', '32770', '12', '1', '1', '\0', '\0', '骞抽', null, null, null, null, null, null, null, null, 'weixin');
INSERT INTO `wemall_orderform` VALUES ('229413', '2014-12-03 10:28:22', '\0', null, '0.01', '        ', '0', '', '120141203102822', '10', null, null, null, null, null, null, '0.00', '0.01', '32770', '12', '1', '1', '\0', '\0', '骞抽', null, null, null, null, null, null, null, null, 'weixin');
INSERT INTO `wemall_orderform` VALUES ('229414', '2014-12-03 10:30:38', '\0', null, '0.01', '        ', '0', '', '120141203103038', '10', null, null, null, null, null, null, '0.00', '0.01', '32770', '12', '1', '1', '\0', '\0', '骞抽', null, null, null, null, null, null, null, null, 'weixin');
INSERT INTO `wemall_orderform` VALUES ('229415', '2014-12-03 10:42:24', '\0', null, '0.01', '        ', '0', '', '120141203104224', '10', null, null, null, null, null, null, '0.00', '0.01', '32770', '12', '1', '1', '\0', '\0', '骞抽', null, null, null, null, null, null, null, null, 'weixin');
INSERT INTO `wemall_orderform` VALUES ('229416', '2014-12-03 11:18:45', '\0', null, '0.01', '        ', '0', '', '120141203111845', '10', null, null, null, null, null, null, '0.00', '0.01', '32770', '12', '1', '1', '\0', '\0', '骞抽', null, null, null, null, null, null, null, null, 'weixin');
INSERT INTO `wemall_orderform` VALUES ('229417', '2014-12-03 11:40:28', '\0', null, '0.01', '        ', '0', '', '120141203114028', '10', null, null, null, null, null, null, '0.00', '0.01', '32770', '12', '1', '1', '\0', '\0', '骞抽', null, null, null, null, null, null, null, null, 'weixin');
INSERT INTO `wemall_orderform` VALUES ('229418', '2014-12-03 12:19:42', '\0', null, '0.01', '', '0', '', '120141203121942', '20', '2014-12-03 12:23:25', null, null, null, null, null, '0.00', '0.01', '32770', '1', '1', '1', '\0', '\0', '骞抽', '2014120337276758', null, null, null, null, null, null, null, 'web');
INSERT INTO `wemall_orderform` VALUES ('229419', '2014-12-03 12:41:35', '\0', null, '0.01', '        ', '0', '', '120141203124135', '20', '2014-12-03 12:43:54', null, null, null, null, null, '0.00', '0.01', '32770', '12', '1', '1', '\0', '\0', '骞抽', '2014120350221497', null, null, null, null, null, null, null, 'weixin');
INSERT INTO `wemall_orderform` VALUES ('229420', '2014-12-03 13:29:42', '\0', null, '0.01', '        ', '0', '', '120141203132942', '20', '2014-12-03 16:54:50', null, null, null, null, null, '0.00', '0.01', '32770', '12', '1', '1', '\0', '\0', '骞抽', '2014120350506997', null, null, null, null, null, null, null, 'weixin');
INSERT INTO `wemall_orderform` VALUES ('229421', '2014-12-03 14:12:33', '\0', null, '0.01', '', '0', '', '120141203141233', '20', '2014-12-03 15:39:47', null, null, null, null, null, '0.00', '0.01', '32770', '1', '1', '1', '\0', '\0', '骞抽', '2014120350718297', null, null, null, null, null, null, null, 'web');
INSERT INTO `wemall_orderform` VALUES ('229422', '2014-12-03 15:27:09', '\0', null, '0.01', '        ', '0', '', '120141203152709', '20', '2014-12-03 16:53:23', null, null, null, null, null, '0.00', '0.01', '32770', '12', '1', '1', '\0', '\0', '骞抽', '2014120350988397', null, null, null, null, null, null, null, 'weixin');
INSERT INTO `wemall_orderform` VALUES ('229423', '2014-12-03 15:43:06', '\0', null, '0.01', '        ', '0', '', '120141203154306', '10', null, null, null, null, null, null, '0.00', '0.01', '32770', '12', '1', '1', '\0', '\0', '骞抽', null, null, null, null, null, null, null, null, 'weixin');
INSERT INTO `wemall_orderform` VALUES ('229424', '2014-12-14 14:04:52', '\0', null, '0.01', '        ', '0', '', '120141214140452', '20', '2014-12-14 14:06:27', null, null, null, null, null, '0.00', '0.01', '32770', '12', '1', '1', '\0', '\0', '骞抽', '2014121410753497', null, null, null, null, null, null, null, 'weixin');
INSERT INTO `wemall_orderform` VALUES ('229425', '2014-12-14 14:20:51', '\0', null, '0.01', '        ', '0', '', '120141214142051', '40', '2014-12-14 14:22:30', null, null, null, '2121', '2014-12-14 14:30:44', '0.00', '0.01', '32770', '12', '1', '1', '\0', '\0', '骞抽', '2014121410811497', '1', null, null, null, null, null, null, 'weixin');
INSERT INTO `wemall_orderform` VALUES ('229426', '2014-12-14 14:31:37', '\0', null, '0.01', '        ', '0', '', '120141214143137', '20', '2014-12-14 14:33:22', null, null, null, null, null, '0.00', '0.01', '32770', '12', '1', '1', '\0', '\0', '骞抽', '2014121410850097', null, null, null, null, null, null, null, 'weixin');
INSERT INTO `wemall_orderform` VALUES ('229427', '2014-12-14 14:36:06', '\0', null, '0.01', '', '0', '', '120141214143606', '20', '2014-12-14 14:38:35', null, null, null, null, null, '0.00', '0.01', '32770', '1', '1', '1', '\0', '\0', '骞抽', '2014121410867897', null, null, null, null, null, null, null, 'web');
INSERT INTO `wemall_orderform` VALUES ('229428', '2014-12-14 15:00:19', '\0', null, '0.01', '', '0', '', '120141214150019', '20', '2014-12-14 15:16:51', null, null, null, null, null, '0.00', '0.01', '32770', '1', '1', '1', '\0', '\0', '骞抽', '2014121411003397', null, null, null, null, null, null, null, 'web');
INSERT INTO `wemall_orderform` VALUES ('229429', '2014-12-14 15:23:12', '\0', null, '0.01', '', '0', '', '120141214152312', '20', '2014-12-14 15:25:38', null, null, null, null, null, '0.00', '0.01', '32770', '1', '1', '1', '\0', '\0', '骞抽', '2014121411034397', null, null, null, null, null, null, null, 'web');
INSERT INTO `wemall_orderform` VALUES ('229430', '2014-12-14 16:19:19', '\0', null, '600.00', '        ', '0', '', '120141214161919', '10', null, null, null, null, null, null, '0.00', '600.00', '32770', '12', '1', '1', '\0', '\0', '骞抽', null, null, null, null, null, null, null, null, 'weixin');
INSERT INTO `wemall_orderform` VALUES ('229431', '2014-12-14 16:28:37', '\0', null, '386.00', '        ', '0', '', '120141214162837', '10', null, null, null, null, null, null, '0.00', '386.00', '32770', '12', '1', '1', '\0', '\0', '骞抽', null, null, null, null, null, null, null, null, 'weixin');
INSERT INTO `wemall_orderform` VALUES ('229432', '2014-12-14 16:29:22', '\0', null, '600.00', '        ', '0', '', '120141214162922', '10', null, null, null, null, null, null, '0.00', '600.00', '32770', '12', '1', '1', '\0', '\0', '骞抽', null, null, null, null, null, null, null, null, 'weixin');
INSERT INTO `wemall_orderform` VALUES ('229433', '2014-12-14 16:36:03', '\0', null, '890.00', '        ', '0', '', '120141214163603', '10', null, null, null, null, null, null, '0.00', '890.00', '32770', '12', '1', '1', '\0', '\0', '骞抽', null, null, null, null, null, null, null, null, 'weixin');
INSERT INTO `wemall_orderform` VALUES ('229434', '2014-12-14 16:54:34', '\0', null, '3600.00', '        ', '0', '', '120141214165434', '10', null, null, null, null, null, null, '0.00', '3600.00', '32770', '12', '1', '1', '\0', '\0', '骞抽', null, null, null, null, null, null, null, null, 'weixin');
INSERT INTO `wemall_orderform` VALUES ('229435', '2014-12-14 16:55:03', '\0', null, '600.00', '        ', '0', '', '120141214165503', '10', null, null, null, null, null, null, '10.00', '610.00', '32770', '12', '1', '1', '\0', '\0', '骞抽', null, null, null, null, null, null, null, null, 'weixin');
INSERT INTO `wemall_orderform` VALUES ('229436', '2014-12-14 16:55:35', '\0', null, '0.01', '        ', '0', '', '120141214165535', '20', '2015-01-16 13:46:50', null, null, null, null, null, '0.00', '0.01', '32770', '12', '1', '1', '\0', '\0', '骞抽', '2015011657272697', null, null, null, null, null, null, null, 'weixin');
INSERT INTO `wemall_orderform` VALUES ('229437', '2015-02-28 13:55:34', '\0', null, '600.00', '', '0', 'sdfsdf', '3277720150228135534', '10', null, null, null, null, null, null, '10.00', '610.00', '32772', '2', '1', '32777', '\0', '\0', '骞抽', null, null, null, null, null, null, null, null, 'web');
INSERT INTO `wemall_orderform` VALUES ('229438', '2015-02-28 21:27:07', '\0', null, '680.00', '', '0', '', '3278020150228212707', '15', '2015-02-28 21:27:39', 'fsdafsdf', null, null, null, null, '0.00', '680.00', '32773', '2', '1', '32780', '\0', '\0', '骞抽', null, null, null, null, null, null, null, null, 'web');
INSERT INTO `wemall_orderform` VALUES ('229439', '2016-03-17 16:55:13', '\0', null, '5490.00', null, '0', '璇风椤轰赴蹇', '3277720160317165513', '10', null, null, null, null, null, null, '10.00', '5500.00', '32771', null, '1', '32777', '\0', '\0', '骞抽', null, null, null, null, null, null, null, null, 'web');
INSERT INTO `wemall_orderform` VALUES ('229440', '2016-03-17 16:56:17', '\0', null, '5490.00', '', '0', '', '3277720160317165617', '10', null, null, null, null, null, null, '10.00', '5500.00', '32772', null, '1', '32777', '\0', '\0', '骞抽', null, null, null, null, null, null, null, null, 'web');
INSERT INTO `wemall_orderform` VALUES ('229441', '2016-03-18 10:44:05', '\0', null, '890.00', null, '0', '娴璇浠', '3277720160318104405', '10', null, null, null, null, null, null, '10.00', '900.00', '32772', '12', '1', '32777', '\0', '\0', '骞抽', null, null, null, null, null, null, null, null, 'web');
INSERT INTO `wemall_orderform` VALUES ('229442', '2016-03-18 11:18:49', '\0', null, '890.00', null, '0', '', '3277720160318111849', '10', null, null, null, null, null, null, '10.00', '900.00', '32772', null, '1', '32777', '\0', '\0', '骞抽', null, null, null, null, null, null, null, null, 'web');
INSERT INTO `wemall_orderform` VALUES ('229443', '2016-03-18 11:21:41', '\0', null, '59.00', null, '0', '', '3277720160318112141', '10', null, null, null, null, null, null, '12.00', '71.00', '32772', null, '32769', '32777', '\0', '\0', '骞抽', null, null, null, null, null, null, null, null, 'web');
INSERT INTO `wemall_orderform` VALUES ('229444', '2016-03-18 11:24:22', '\0', null, '4000.00', null, '0', '', '3277720160318112422', '10', null, null, null, null, null, null, '0.00', '4000.00', '32772', null, '1', '32777', '\0', '\0', '骞抽', null, null, null, null, null, null, null, null, 'web');
INSERT INTO `wemall_orderform` VALUES ('229445', '2016-03-18 11:27:10', '\0', null, '390.00', null, '0', '', '3277720160318112710', '10', null, null, null, null, null, null, '0.00', '390.00', '32772', null, '1', '32777', '\0', '\0', '骞抽', null, null, null, null, null, null, null, null, 'web');
INSERT INTO `wemall_orderform` VALUES ('229446', '2016-03-18 11:32:53', '\0', null, '580.00', null, '0', '', '3277720160318113253', '10', null, null, null, null, null, null, '0.00', '580.00', '32772', null, '1', '32777', '\0', '\0', '骞抽', null, null, null, null, null, null, null, null, 'web');
INSERT INTO `wemall_orderform` VALUES ('229447', '2016-03-18 11:37:06', '\0', null, '453.60', null, '0', '', '3277720160318113706', '10', null, null, null, null, null, null, '0.00', '453.60', '32772', null, '1', '32777', '\0', '\0', '骞抽', null, null, null, null, null, null, null, null, 'web');
INSERT INTO `wemall_orderform` VALUES ('229448', '2016-03-18 11:40:26', '\0', null, '308.80', null, '0', '', '3277720160318114026', '10', null, null, null, null, null, null, '0.00', '308.80', '32772', null, '1', '32777', '\0', '\0', '骞抽', null, null, null, null, null, null, null, null, 'web');
INSERT INTO `wemall_orderform` VALUES ('229449', '2016-03-18 11:41:23', '\0', null, '100.80', null, '0', '', '3277720160318114123', '10', null, null, null, null, null, null, '0.00', '100.80', '32772', '13', '1', '32777', '\0', '\0', '骞抽', null, null, null, null, null, null, null, null, 'web');
INSERT INTO `wemall_orderform` VALUES ('229450', '2016-04-06 11:15:34', '\0', null, '1999.00', '', '0', '', '120160406111534', '10', null, null, null, null, null, null, '0.00', '1999.00', '32770', null, '32769', '1', '\0', '\0', '骞抽', null, null, null, null, null, null, null, null, 'web');
INSERT INTO `wemall_orderform` VALUES ('229451', '2016-04-07 11:26:22', '\0', null, '339.80', '', '0', '', '3276920160407112622', '10', null, null, null, null, null, null, '0.00', '339.80', '32774', '16', '1', '32769', '\0', '\0', '骞抽', null, null, null, null, null, null, null, null, 'web');

-- ----------------------------
-- Table structure for wemall_order_log
-- ----------------------------
DROP TABLE IF EXISTS `wemall_order_log`;
CREATE TABLE `wemall_order_log` (
  `id` bigint(20) NOT NULL AUTO_INCREMENT,
  `addTime` datetime DEFAULT NULL,
  `deleteStatus` bit(1) NOT NULL,
  `log_info` varchar(255) DEFAULT NULL,
  `state_info` longtext,
  `log_user_id` bigint(20) DEFAULT NULL,
  `of_id` bigint(20) DEFAULT NULL,
  PRIMARY KEY (`id`),
  KEY `FK2B18AE29F21119E` (`of_id`),
  KEY `FK9BD64CBCE8C5507` (`log_user_id`),
  CONSTRAINT `FK2B18AE29F21119E` FOREIGN KEY (`of_id`) REFERENCES `wemall_orderform` (`id`),
  CONSTRAINT `FK9BD64CBCE8C5507` FOREIGN KEY (`log_user_id`) REFERENCES `wemall_user` (`id`)
) ENGINE=InnoDB AUTO_INCREMENT=295414 DEFAULT CHARSET=utf8;

-- ----------------------------
-- Records of wemall_order_log
-- ----------------------------
INSERT INTO `wemall_order_log` VALUES ('1', '2014-01-02 12:47:13', '\0', '浜よ㈠', null, '1', '1');
INSERT INTO `wemall_order_log` VALUES ('2', '2014-01-02 14:32:47', '\0', '浜ょ嚎涓浠宠', null, '1', '1');
INSERT INTO `wemall_order_log` VALUES ('32768', '2014-01-02 14:36:13', '\0', '纭璁ょ嚎涓浠娆', '', '32768', '1');
INSERT INTO `wemall_order_log` VALUES ('32769', '2014-01-02 14:36:41', '\0', '纭璁ゅ璐', 'ZTS886743568876', '32768', '1');
INSERT INTO `wemall_order_log` VALUES ('32770', '2014-01-02 14:40:46', '\0', '纭璁ゆ惰揣', null, '1', '1');
INSERT INTO `wemall_order_log` VALUES ('65536', '2014-01-02 18:55:11', '\0', '璇浠疯㈠', null, '1', '1');
INSERT INTO `wemall_order_log` VALUES ('65537', '2014-01-02 19:08:36', '\0', '浜よ㈠', null, '1', '32768');
INSERT INTO `wemall_order_log` VALUES ('65538', '2014-01-02 19:08:46', '\0', '浜ょ嚎涓浠宠', null, '1', '32768');
INSERT INTO `wemall_order_log` VALUES ('65539', '2014-01-02 19:09:20', '\0', '纭璁ょ嚎涓浠娆', '', '32768', '32768');
INSERT INTO `wemall_order_log` VALUES ('65540', '2014-01-02 19:09:47', '\0', '纭璁ゅ璐', 'ZTD30102190836', '32768', '32768');
INSERT INTO `wemall_order_log` VALUES ('65541', '2014-01-02 19:10:15', '\0', '纭璁ゆ惰揣', null, '1', '32768');
INSERT INTO `wemall_order_log` VALUES ('65542', '2014-01-02 19:10:45', '\0', '璇浠疯㈠', null, '1', '32768');
INSERT INTO `wemall_order_log` VALUES ('98304', '2014-01-02 19:21:39', '\0', '浜よ㈠', null, '1', '65536');
INSERT INTO `wemall_order_log` VALUES ('98305', '2014-01-02 19:21:47', '\0', '浜ょ嚎涓浠宠', null, '1', '65536');
INSERT INTO `wemall_order_log` VALUES ('98306', '2014-01-02 19:23:40', '\0', '纭璁ょ嚎涓浠娆', '', '32768', '65536');
INSERT INTO `wemall_order_log` VALUES ('98307', '2014-01-02 19:23:49', '\0', '纭璁ゅ璐', '', '32768', '65536');
INSERT INTO `wemall_order_log` VALUES ('98308', '2014-01-02 19:23:58', '\0', '纭璁ゆ惰揣', null, '1', '65536');
INSERT INTO `wemall_order_log` VALUES ('98309', '2014-01-02 19:24:17', '\0', '璇浠疯㈠', null, '1', '65536');
INSERT INTO `wemall_order_log` VALUES ('131072', '2014-01-03 11:20:29', '\0', '浜よ㈠', null, '1', '98304');
INSERT INTO `wemall_order_log` VALUES ('131073', '2014-01-03 11:20:42', '\0', '浜ょ嚎涓浠宠', null, '1', '98304');
INSERT INTO `wemall_order_log` VALUES ('229377', '2014-01-07 11:18:53', '\0', '纭璁ょ嚎涓浠娆', '@6553620140107105848', '32768', '163840');
INSERT INTO `wemall_order_log` VALUES ('229378', '2014-01-07 11:19:13', '\0', '纭璁ゅ璐', 'HDG362014010', '32768', '163840');
INSERT INTO `wemall_order_log` VALUES ('294913', '2014-03-15 17:09:31', '\0', '浜よ㈠', null, '1', '229377');
INSERT INTO `wemall_order_log` VALUES ('294914', '2014-03-15 17:17:23', '\0', '浜よ㈠', null, '1', '229378');
INSERT INTO `wemall_order_log` VALUES ('294915', '2014-03-15 17:17:46', '\0', '棰浠娆炬浠', null, '1', '229378');
INSERT INTO `wemall_order_log` VALUES ('294916', '2014-08-27 11:00:06', '\0', '纭璁ゆ惰揣', null, null, '1');
INSERT INTO `wemall_order_log` VALUES ('294917', '2014-08-27 11:30:05', '\0', '纭璁ゆ惰揣', null, null, '1');
INSERT INTO `wemall_order_log` VALUES ('294918', '2014-08-27 13:00:06', '\0', '纭璁ゆ惰揣', null, null, '1');
INSERT INTO `wemall_order_log` VALUES ('294919', '2014-08-27 13:30:05', '\0', '纭璁ゆ惰揣', null, null, '1');
INSERT INTO `wemall_order_log` VALUES ('294920', '2014-08-27 14:00:05', '\0', '纭璁ゆ惰揣', null, null, '1');
INSERT INTO `wemall_order_log` VALUES ('294921', '2014-08-27 14:30:05', '\0', '纭璁ゆ惰揣', null, null, '1');
INSERT INTO `wemall_order_log` VALUES ('294922', '2014-08-27 15:00:05', '\0', '纭璁ゆ惰揣', null, null, '1');
INSERT INTO `wemall_order_log` VALUES ('294923', '2014-08-27 17:00:07', '\0', '纭璁ゆ惰揣', null, null, '1');
INSERT INTO `wemall_order_log` VALUES ('294924', '2014-08-27 18:00:07', '\0', '纭璁ゆ惰揣', null, null, '1');
INSERT INTO `wemall_order_log` VALUES ('294925', '2014-08-27 18:30:07', '\0', '纭璁ゆ惰揣', null, null, '1');
INSERT INTO `wemall_order_log` VALUES ('294926', '2014-08-28 10:00:05', '\0', '纭璁ゆ惰揣', null, null, '1');
INSERT INTO `wemall_order_log` VALUES ('294927', '2014-08-28 10:30:06', '\0', '纭璁ゆ惰揣', null, null, '1');
INSERT INTO `wemall_order_log` VALUES ('294928', '2014-08-28 11:00:05', '\0', '纭璁ゆ惰揣', null, null, '1');
INSERT INTO `wemall_order_log` VALUES ('294929', '2014-08-28 11:30:05', '\0', '纭璁ゆ惰揣', null, null, '1');
INSERT INTO `wemall_order_log` VALUES ('294930', '2014-08-28 12:00:05', '\0', '纭璁ゆ惰揣', null, null, '1');
INSERT INTO `wemall_order_log` VALUES ('294931', '2014-08-28 12:30:05', '\0', '纭璁ゆ惰揣', null, null, '1');
INSERT INTO `wemall_order_log` VALUES ('294932', '2014-08-28 13:00:05', '\0', '纭璁ゆ惰揣', null, null, '1');
INSERT INTO `wemall_order_log` VALUES ('294933', '2014-08-28 14:00:05', '\0', '纭璁ゆ惰揣', null, null, '1');
INSERT INTO `wemall_order_log` VALUES ('294934', '2014-08-28 14:30:05', '\0', '纭璁ゆ惰揣', null, null, '1');
INSERT INTO `wemall_order_log` VALUES ('294950', '2014-09-23 17:55:56', '\0', '浜よ㈠', null, '1', '229386');
INSERT INTO `wemall_order_log` VALUES ('294951', '2014-09-24 18:47:18', '\0', '浜よ㈠', null, '1', '229387');
INSERT INTO `wemall_order_log` VALUES ('294952', '2014-09-24 18:54:56', '\0', '浜よ㈠', null, '1', '229388');
INSERT INTO `wemall_order_log` VALUES ('294953', '2014-09-24 19:08:05', '\0', '浜よ㈠', null, '1', '229389');
INSERT INTO `wemall_order_log` VALUES ('294954', '2014-09-25 13:25:21', '\0', '浜よ㈠', null, '1', '229390');
INSERT INTO `wemall_order_log` VALUES ('294955', '2014-09-25 14:20:45', '\0', '浜よ㈠', null, '1', '229391');
INSERT INTO `wemall_order_log` VALUES ('294956', '2014-09-25 14:34:52', '\0', '浜ょ嚎涓浠宠', null, '1', '229391');
INSERT INTO `wemall_order_log` VALUES ('294957', '2014-09-25 14:40:59', '\0', '纭璁ょ嚎涓浠娆', '宸茬跺版娆', '32769', '229391');
INSERT INTO `wemall_order_log` VALUES ('294958', '2014-09-25 14:42:44', '\0', '纭璁ゅ璐', '″凤675517668866761293242\r\n瀵锛786767217823', '32769', '229391');
INSERT INTO `wemall_order_log` VALUES ('294959', '2014-09-25 15:14:29', '\0', '浜ょ嚎涓浠宠', null, '1', '229390');
INSERT INTO `wemall_order_log` VALUES ('294960', '2014-09-25 15:15:09', '\0', '纭璁ょ嚎涓浠娆', '跺版娆', '32769', '229390');
INSERT INTO `wemall_order_log` VALUES ('294961', '2014-09-25 15:15:53', '\0', '纭璁ゅ璐', '璐т', '32769', '229390');
INSERT INTO `wemall_order_log` VALUES ('294962', '2014-10-12 18:48:09', '\0', '浜よ㈠', null, '1', '229392');
INSERT INTO `wemall_order_log` VALUES ('294963', '2014-10-29 13:31:59', '\0', '浜よ㈠', null, '1', '229393');
INSERT INTO `wemall_order_log` VALUES ('294964', '2014-10-29 13:32:11', '\0', '浜ょ嚎涓浠宠', null, '1', '229393');
INSERT INTO `wemall_order_log` VALUES ('294965', '2014-10-29 13:32:27', '\0', '纭璁ゆ惰揣', null, '1', '229391');
INSERT INTO `wemall_order_log` VALUES ('294966', '2014-10-31 12:33:58', '\0', '浜よ㈠', null, '1', '229394');
INSERT INTO `wemall_order_log` VALUES ('294967', '2014-11-28 10:03:36', '\0', '浜よ㈠', null, '1', '229397');
INSERT INTO `wemall_order_log` VALUES ('294968', '2014-11-28 15:15:13', '\0', '浜よ㈠', null, '1', '229398');
INSERT INTO `wemall_order_log` VALUES ('294969', '2014-11-30 16:44:08', '\0', '浜よ㈠', null, '1', '229399');
INSERT INTO `wemall_order_log` VALUES ('294970', '2014-11-30 18:29:25', '\0', '浜よ㈠', null, '1', '229400');
INSERT INTO `wemall_order_log` VALUES ('294971', '2014-12-02 12:27:25', '\0', '浜よ㈠', null, '1', '229401');
INSERT INTO `wemall_order_log` VALUES ('294972', '2014-12-02 12:28:49', '\0', '浜よ㈠', null, '1', '229402');
INSERT INTO `wemall_order_log` VALUES ('294973', '2014-12-02 12:29:42', '\0', '浜よ㈠', null, '1', '229403');
INSERT INTO `wemall_order_log` VALUES ('294974', '2014-12-02 16:22:04', '\0', '浜よ㈠', null, '1', '229404');
INSERT INTO `wemall_order_log` VALUES ('294975', '2014-12-02 16:35:38', '\0', '浜よ㈠', null, '1', '229405');
INSERT INTO `wemall_order_log` VALUES ('294976', '2014-12-02 16:50:07', '\0', '浜よ㈠', null, '1', '229406');
INSERT INTO `wemall_order_log` VALUES ('294977', '2014-12-02 16:55:49', '\0', '璋磋㈠璐圭', null, '32768', '229406');
INSERT INTO `wemall_order_log` VALUES ('294978', '2014-12-02 17:02:02', '\0', '浜よ㈠', null, '1', '229407');
INSERT INTO `wemall_order_log` VALUES ('294979', '2014-12-02 17:02:22', '\0', '璋磋㈠璐圭', null, '32768', '229407');
INSERT INTO `wemall_order_log` VALUES ('294980', '2014-12-02 17:03:50', '\0', '璋磋㈠璐圭', null, '32768', '229405');
INSERT INTO `wemall_order_log` VALUES ('294981', '2014-12-02 17:14:14', '\0', '浜よ㈠', null, '1', '229408');
INSERT INTO `wemall_order_log` VALUES ('294982', '2014-12-02 17:15:23', '\0', '璋磋㈠璐圭', null, '32768', '229408');
INSERT INTO `wemall_order_log` VALUES ('294983', '2014-12-02 17:21:49', '\0', '浜よ㈠', null, '1', '229409');
INSERT INTO `wemall_order_log` VALUES ('294984', '2014-12-02 17:23:10', '\0', '璋磋㈠璐圭', null, '32768', '229409');
INSERT INTO `wemall_order_log` VALUES ('294985', '2014-12-02 17:27:37', '\0', '浠瀹ㄧ嚎浠', null, '1', '229409');
INSERT INTO `wemall_order_log` VALUES ('294986', '2014-12-02 17:28:07', '\0', '纭璁ゅ璐', '', '32768', '229409');
INSERT INTO `wemall_order_log` VALUES ('294987', '2014-12-02 17:31:49', '\0', '纭璁ゅ璐', '', '32768', '229409');
INSERT INTO `wemall_order_log` VALUES ('294988', '2014-12-03 09:47:59', '\0', '浜よ㈠', null, '1', '229410');
INSERT INTO `wemall_order_log` VALUES ('294989', '2014-12-03 09:49:30', '\0', '璋磋㈠璐圭', null, '32768', '229410');
INSERT INTO `wemall_order_log` VALUES ('294990', '2014-12-03 10:10:26', '\0', '浜よ㈠', null, '1', '229411');
INSERT INTO `wemall_order_log` VALUES ('294991', '2014-12-03 10:12:28', '\0', '璋磋㈠璐圭', null, '32768', '229411');
INSERT INTO `wemall_order_log` VALUES ('294992', '2014-12-03 10:17:44', '\0', '浜よ㈠', null, '1', '229412');
INSERT INTO `wemall_order_log` VALUES ('294993', '2014-12-03 10:18:27', '\0', '璋磋㈠璐圭', null, '32768', '229412');
INSERT INTO `wemall_order_log` VALUES ('294994', '2014-12-03 10:28:22', '\0', '浜よ㈠', null, '1', '229413');
INSERT INTO `wemall_order_log` VALUES ('294995', '2014-12-03 10:28:54', '\0', '璋磋㈠璐圭', null, '32768', '229413');
INSERT INTO `wemall_order_log` VALUES ('294996', '2014-12-03 10:30:38', '\0', '浜よ㈠', null, '1', '229414');
INSERT INTO `wemall_order_log` VALUES ('294997', '2014-12-03 10:31:49', '\0', '璋磋㈠璐圭', null, '32768', '229414');
INSERT INTO `wemall_order_log` VALUES ('294998', '2014-12-03 10:42:24', '\0', '浜よ㈠', null, '1', '229415');
INSERT INTO `wemall_order_log` VALUES ('294999', '2014-12-03 10:50:17', '\0', '璋磋㈠璐圭', null, '32768', '229415');
INSERT INTO `wemall_order_log` VALUES ('295000', '2014-12-03 11:18:45', '\0', '浜よ㈠', null, '1', '229416');
INSERT INTO `wemall_order_log` VALUES ('295001', '2014-12-03 11:24:49', '\0', '璋磋㈠璐圭', null, '32768', '229416');
INSERT INTO `wemall_order_log` VALUES ('295002', '2014-12-03 11:40:28', '\0', '浜よ㈠', null, '1', '229417');
INSERT INTO `wemall_order_log` VALUES ('295003', '2014-12-03 11:41:00', '\0', '璋磋㈠璐圭', null, '32768', '229417');
INSERT INTO `wemall_order_log` VALUES ('295004', '2014-12-03 12:19:42', '\0', '浜よ㈠', null, '1', '229418');
INSERT INTO `wemall_order_log` VALUES ('295005', '2014-12-03 12:20:28', '\0', '璋磋㈠璐圭', null, '32768', '229418');
INSERT INTO `wemall_order_log` VALUES ('295006', '2014-12-03 12:23:25', '\0', '浠瀹ㄧ嚎浠', null, '1', '229418');
INSERT INTO `wemall_order_log` VALUES ('295007', '2014-12-03 12:41:35', '\0', '浜よ㈠', null, '1', '229419');
INSERT INTO `wemall_order_log` VALUES ('295008', '2014-12-03 12:42:42', '\0', '璋磋㈠璐圭', null, '32768', '229419');
INSERT INTO `wemall_order_log` VALUES ('295009', '2014-12-03 12:43:54', '\0', '浠瀹ㄧ嚎浠', null, '1', '229419');
INSERT INTO `wemall_order_log` VALUES ('295010', '2014-12-03 13:29:42', '\0', '浜よ㈠', null, '1', '229420');
INSERT INTO `wemall_order_log` VALUES ('295011', '2014-12-03 13:29:51', '\0', '璋磋㈠璐圭', null, '32768', '229420');
INSERT INTO `wemall_order_log` VALUES ('295012', '2014-12-03 13:30:45', '\0', '浠瀹ㄧ嚎浠', null, '1', '229420');
INSERT INTO `wemall_order_log` VALUES ('295013', '2014-12-03 14:12:33', '\0', '浜よ㈠', null, '1', '229421');
INSERT INTO `wemall_order_log` VALUES ('295014', '2014-12-03 14:14:47', '\0', '璋磋㈠璐圭', null, '32768', '229421');
INSERT INTO `wemall_order_log` VALUES ('295015', '2014-12-03 14:16:42', '\0', '浠瀹ㄧ嚎浠', null, '1', '229421');
INSERT INTO `wemall_order_log` VALUES ('295016', '2014-12-03 14:17:06', '\0', '浠瀹ㄧ嚎浠', null, null, '229421');
INSERT INTO `wemall_order_log` VALUES ('295017', '2014-12-03 14:19:31', '\0', '浠瀹ㄧ嚎浠', null, null, '229421');
INSERT INTO `wemall_order_log` VALUES ('295018', '2014-12-03 14:29:16', '\0', '浠瀹ㄧ嚎浠', null, null, '229421');
INSERT INTO `wemall_order_log` VALUES ('295019', '2014-12-03 15:27:10', '\0', '浜よ㈠', null, '1', '229422');
INSERT INTO `wemall_order_log` VALUES ('295020', '2014-12-03 15:28:29', '\0', '璋磋㈠璐圭', null, '32768', '229422');
INSERT INTO `wemall_order_log` VALUES ('295021', '2014-12-03 15:31:15', '\0', '浠瀹ㄧ嚎浠', null, '1', '229422');
INSERT INTO `wemall_order_log` VALUES ('295022', '2014-12-03 15:39:47', '\0', '浠瀹ㄧ嚎浠', null, null, '229421');
INSERT INTO `wemall_order_log` VALUES ('295023', '2014-12-03 15:43:06', '\0', '浜よ㈠', null, '1', '229423');
INSERT INTO `wemall_order_log` VALUES ('295024', '2014-12-03 15:44:08', '\0', '浠瀹ㄧ嚎浠', null, null, '229422');
INSERT INTO `wemall_order_log` VALUES ('295025', '2014-12-03 15:46:17', '\0', '璋磋㈠璐圭', null, '32768', '229423');
INSERT INTO `wemall_order_log` VALUES ('295026', '2014-12-03 15:53:59', '\0', '浠瀹ㄧ嚎浠', null, null, '229422');
INSERT INTO `wemall_order_log` VALUES ('295027', '2014-12-03 16:53:23', '\0', '浠瀹ㄧ嚎浠', null, null, '229422');
INSERT INTO `wemall_order_log` VALUES ('295028', '2014-12-03 16:54:50', '\0', '浠瀹ㄧ嚎浠', null, null, '229420');
INSERT INTO `wemall_order_log` VALUES ('295029', '2014-12-14 14:04:53', '\0', '浜よ㈠', null, '1', '229424');
INSERT INTO `wemall_order_log` VALUES ('295030', '2014-12-14 14:05:34', '\0', '璋磋㈠璐圭', null, '32768', '229424');
INSERT INTO `wemall_order_log` VALUES ('295031', '2014-12-14 14:05:42', '\0', '璋磋㈠璐圭', null, '32768', '229424');
INSERT INTO `wemall_order_log` VALUES ('295032', '2014-12-14 14:06:27', '\0', '浠瀹ㄧ嚎浠', null, null, '229424');
INSERT INTO `wemall_order_log` VALUES ('295033', '2014-12-14 14:20:51', '\0', '浜よ㈠', null, '1', '229425');
INSERT INTO `wemall_order_log` VALUES ('295034', '2014-12-14 14:21:29', '\0', '璋磋㈠璐圭', null, '32768', '229425');
INSERT INTO `wemall_order_log` VALUES ('295035', '2014-12-14 14:22:30', '\0', '浠瀹ㄧ嚎浠', null, null, '229425');
INSERT INTO `wemall_order_log` VALUES ('295036', '2014-12-14 14:30:45', '\0', '纭璁ゅ璐', '2121', '32768', '229425');
INSERT INTO `wemall_order_log` VALUES ('295037', '2014-12-14 14:31:37', '\0', '浜よ㈠', null, '1', '229426');
INSERT INTO `wemall_order_log` VALUES ('295038', '2014-12-14 14:32:48', '\0', '璋磋㈠璐圭', null, '32768', '229426');
INSERT INTO `wemall_order_log` VALUES ('295039', '2014-12-14 14:33:22', '\0', '浠瀹ㄧ嚎浠', null, null, '229426');
INSERT INTO `wemall_order_log` VALUES ('295040', '2014-12-14 14:36:06', '\0', '浜よ㈠', null, '1', '229427');
INSERT INTO `wemall_order_log` VALUES ('295041', '2014-12-14 14:36:27', '\0', '璋磋㈠璐圭', null, '32768', '229427');
INSERT INTO `wemall_order_log` VALUES ('295042', '2014-12-14 14:38:35', '\0', '浠瀹ㄧ嚎浠', null, null, '229427');
INSERT INTO `wemall_order_log` VALUES ('295043', '2014-12-14 15:00:19', '\0', '浜よ㈠', null, '1', '229428');
INSERT INTO `wemall_order_log` VALUES ('295044', '2014-12-14 15:00:53', '\0', '璋磋㈠璐圭', null, '32768', '229428');
INSERT INTO `wemall_order_log` VALUES ('295045', '2014-12-14 15:16:51', '\0', '浠瀹ㄧ嚎浠', null, null, '229428');
INSERT INTO `wemall_order_log` VALUES ('295046', '2014-12-14 15:23:12', '\0', '浜よ㈠', null, '1', '229429');
INSERT INTO `wemall_order_log` VALUES ('295047', '2014-12-14 15:24:50', '\0', '璋磋㈠璐圭', null, '32768', '229429');
INSERT INTO `wemall_order_log` VALUES ('295048', '2014-12-14 15:25:38', '\0', '浠瀹ㄧ嚎浠', null, '1', '229429');
INSERT INTO `wemall_order_log` VALUES ('295049', '2014-12-14 16:19:19', '\0', '浜よ㈠', null, '1', '229430');
INSERT INTO `wemall_order_log` VALUES ('295050', '2014-12-14 16:28:37', '\0', '浜よ㈠', null, '1', '229431');
INSERT INTO `wemall_order_log` VALUES ('295051', '2014-12-14 16:29:22', '\0', '浜よ㈠', null, '1', '229432');
INSERT INTO `wemall_order_log` VALUES ('295052', '2014-12-14 16:36:03', '\0', '浜よ㈠', null, '1', '229433');
INSERT INTO `wemall_order_log` VALUES ('295053', '2014-12-14 16:54:34', '\0', '浜よ㈠', null, '1', '229434');
INSERT INTO `wemall_order_log` VALUES ('295054', '2014-12-14 16:55:03', '\0', '浜よ㈠', null, '1', '229435');
INSERT INTO `wemall_order_log` VALUES ('295055', '2014-12-14 16:55:35', '\0', '浜よ㈠', null, '1', '229436');
INSERT INTO `wemall_order_log` VALUES ('295056', '2015-01-16 13:44:24', '\0', '璋磋㈠璐圭', null, '32768', '229436');
INSERT INTO `wemall_order_log` VALUES ('295057', '2015-01-16 13:46:51', '\0', '浠瀹ㄧ嚎浠', null, '1', '229436');
INSERT INTO `wemall_order_log` VALUES ('295058', '2015-02-28 13:55:34', '\0', '浜よ㈠', null, '32777', '229437');
INSERT INTO `wemall_order_log` VALUES ('295059', '2015-02-28 21:27:07', '\0', '浜よ㈠', null, '32780', '229438');
INSERT INTO `wemall_order_log` VALUES ('295060', '2015-02-28 21:27:40', '\0', '浜ょ嚎涓浠宠', null, '32780', '229438');
INSERT INTO `wemall_order_log` VALUES ('295061', '2016-03-17 16:55:13', '\0', '浜よ㈠', null, '32777', '229439');
INSERT INTO `wemall_order_log` VALUES ('295062', '2016-03-17 16:56:17', '\0', '浜よ㈠', null, '32777', '229440');
INSERT INTO `wemall_order_log` VALUES ('295063', '2016-03-18 10:44:05', '\0', '浜よ㈠', null, '32777', '229441');
INSERT INTO `wemall_order_log` VALUES ('295064', '2016-03-18 11:18:49', '\0', '浜よ㈠', null, '32777', '229442');
INSERT INTO `wemall_order_log` VALUES ('295065', '2016-03-18 11:21:41', '\0', '浜よ㈠', null, '32777', '229443');
INSERT INTO `wemall_order_log` VALUES ('295066', '2016-03-18 11:24:22', '\0', '浜よ㈠', null, '32777', '229444');
INSERT INTO `wemall_order_log` VALUES ('295067', '2016-03-18 11:27:10', '\0', '浜よ㈠', null, '32777', '229445');
INSERT INTO `wemall_order_log` VALUES ('295068', '2016-03-18 11:32:53', '\0', '浜よ㈠', null, '32777', '229446');
INSERT INTO `wemall_order_log` VALUES ('295069', '2016-03-18 11:37:06', '\0', '浜よ㈠', null, '32777', '229447');
INSERT INTO `wemall_order_log` VALUES ('295070', '2016-03-18 11:40:26', '\0', '浜よ㈠', null, '32777', '229448');
INSERT INTO `wemall_order_log` VALUES ('295071', '2016-03-18 11:41:23', '\0', '浜よ㈠', null, '32777', '229449');
INSERT INTO `wemall_order_log` VALUES ('295072', '2016-04-06 11:15:34', '\0', '浜よ㈠', null, '1', '229450');
INSERT INTO `wemall_order_log` VALUES ('295073', '2016-04-06 11:30:01', '\0', '纭璁ゆ惰揣', null, null, '1');
INSERT INTO `wemall_order_log` VALUES ('295074', '2016-04-06 11:30:01', '\0', '纭璁ゆ惰揣', null, null, '32768');
INSERT INTO `wemall_order_log` VALUES ('295075', '2016-04-06 11:30:01', '\0', '纭璁ゆ惰揣', null, null, '65536');
INSERT INTO `wemall_order_log` VALUES ('295076', '2016-04-06 11:30:01', '\0', '纭璁ゆ惰揣', null, null, '98304');
INSERT INTO `wemall_order_log` VALUES ('295077', '2016-04-06 11:30:01', '\0', '纭璁ゆ惰揣', null, null, '229377');
INSERT INTO `wemall_order_log` VALUES ('295078', '2016-04-06 11:30:01', '\0', '纭璁ゆ惰揣', null, null, '229378');
INSERT INTO `wemall_order_log` VALUES ('295079', '2016-04-06 11:30:01', '\0', '纭璁ゆ惰揣', null, null, '229390');
INSERT INTO `wemall_order_log` VALUES ('295080', '2016-04-06 11:30:01', '\0', '纭璁ゆ惰揣', null, null, '229391');
INSERT INTO `wemall_order_log` VALUES ('295081', '2016-04-06 11:30:01', '\0', '纭璁ゆ惰揣', null, null, '229409');
INSERT INTO `wemall_order_log` VALUES ('295082', '2016-04-06 11:30:01', '\0', '纭璁ゆ惰揣', null, null, '229425');
INSERT INTO `wemall_order_log` VALUES ('295083', '2016-04-06 12:00:00', '\0', '纭璁ゆ惰揣', null, null, '1');
INSERT INTO `wemall_order_log` VALUES ('295084', '2016-04-06 12:00:00', '\0', '纭璁ゆ惰揣', null, null, '32768');
INSERT INTO `wemall_order_log` VALUES ('295085', '2016-04-06 12:00:00', '\0', '纭璁ゆ惰揣', null, null, '65536');
INSERT INTO `wemall_order_log` VALUES ('295086', '2016-04-06 12:00:00', '\0', '纭璁ゆ惰揣', null, null, '98304');
INSERT INTO `wemall_order_log` VALUES ('295087', '2016-04-06 12:00:00', '\0', '纭璁ゆ惰揣', null, null, '229377');
INSERT INTO `wemall_order_log` VALUES ('295088', '2016-04-06 12:00:00', '\0', '纭璁ゆ惰揣', null, null, '229378');
INSERT INTO `wemall_order_log` VALUES ('295089', '2016-04-06 12:00:00', '\0', '纭璁ゆ惰揣', null, null, '229390');
INSERT INTO `wemall_order_log` VALUES ('295090', '2016-04-06 12:00:00', '\0', '纭璁ゆ惰揣', null, null, '229391');
INSERT INTO `wemall_order_log` VALUES ('295091', '2016-04-06 12:00:00', '\0', '纭璁ゆ惰揣', null, null, '229409');
INSERT INTO `wemall_order_log` VALUES ('295092', '2016-04-06 12:00:00', '\0', '纭璁ゆ惰揣', null, null, '229425');
INSERT INTO `wemall_order_log` VALUES ('295093', '2016-04-06 12:30:00', '\0', '纭璁ゆ惰揣', null, null, '1');
INSERT INTO `wemall_order_log` VALUES ('295094', '2016-04-06 12:30:00', '\0', '纭璁ゆ惰揣', null, null, '32768');
INSERT INTO `wemall_order_log` VALUES ('295095', '2016-04-06 12:30:00', '\0', '纭璁ゆ惰揣', null, null, '65536');
INSERT INTO `wemall_order_log` VALUES ('295096', '2016-04-06 12:30:00', '\0', '纭璁ゆ惰揣', null, null, '98304');
INSERT INTO `wemall_order_log` VALUES ('295097', '2016-04-06 12:30:00', '\0', '纭璁ゆ惰揣', null, null, '229377');
INSERT INTO `wemall_order_log` VALUES ('295098', '2016-04-06 12:30:00', '\0', '纭璁ゆ惰揣', null, null, '229378');
INSERT INTO `wemall_order_log` VALUES ('295099', '2016-04-06 12:30:00', '\0', '纭璁ゆ惰揣', null, null, '229390');
INSERT INTO `wemall_order_log` VALUES ('295100', '2016-04-06 12:30:00', '\0', '纭璁ゆ惰揣', null, null, '229391');
INSERT INTO `wemall_order_log` VALUES ('295101', '2016-04-06 12:30:00', '\0', '纭璁ゆ惰揣', null, null, '229409');
INSERT INTO `wemall_order_log` VALUES ('295102', '2016-04-06 12:30:00', '\0', '纭璁ゆ惰揣', null, null, '229425');
INSERT INTO `wemall_order_log` VALUES ('295103', '2016-04-06 13:00:00', '\0', '纭璁ゆ惰揣', null, null, '1');
INSERT INTO `wemall_order_log` VALUES ('295104', '2016-04-06 13:00:00', '\0', '纭璁ゆ惰揣', null, null, '32768');
INSERT INTO `wemall_order_log` VALUES ('295105', '2016-04-06 13:00:00', '\0', '纭璁ゆ惰揣', null, null, '65536');
INSERT INTO `wemall_order_log` VALUES ('295106', '2016-04-06 13:00:00', '\0', '纭璁ゆ惰揣', null, null, '98304');
INSERT INTO `wemall_order_log` VALUES ('295107', '2016-04-06 13:00:00', '\0', '纭璁ゆ惰揣', null, null, '229377');
INSERT INTO `wemall_order_log` VALUES ('295108', '2016-04-06 13:00:00', '\0', '纭璁ゆ惰揣', null, null, '229378');
INSERT INTO `wemall_order_log` VALUES ('295109', '2016-04-06 13:00:00', '\0', '纭璁ゆ惰揣', null, null, '229390');
INSERT INTO `wemall_order_log` VALUES ('295110', '2016-04-06 13:00:00', '\0', '纭璁ゆ惰揣', null, null, '229391');
INSERT INTO `wemall_order_log` VALUES ('295111', '2016-04-06 13:00:00', '\0', '纭璁ゆ惰揣', null, null, '229409');
INSERT INTO `wemall_order_log` VALUES ('295112', '2016-04-06 13:00:00', '\0', '纭璁ゆ惰揣', null, null, '229425');
INSERT INTO `wemall_order_log` VALUES ('295113', '2016-04-06 14:00:00', '\0', '纭璁ゆ惰揣', null, null, '1');
INSERT INTO `wemall_order_log` VALUES ('295114', '2016-04-06 14:00:00', '\0', '纭璁ゆ惰揣', null, null, '32768');
INSERT INTO `wemall_order_log` VALUES ('295115', '2016-04-06 14:00:00', '\0', '纭璁ゆ惰揣', null, null, '65536');
INSERT INTO `wemall_order_log` VALUES ('295116', '2016-04-06 14:00:00', '\0', '纭璁ゆ惰揣', null, null, '98304');
INSERT INTO `wemall_order_log` VALUES ('295117', '2016-04-06 14:00:00', '\0', '纭璁ゆ惰揣', null, null, '229377');
INSERT INTO `wemall_order_log` VALUES ('295118', '2016-04-06 14:00:00', '\0', '纭璁ゆ惰揣', null, null, '229378');
INSERT INTO `wemall_order_log` VALUES ('295119', '2016-04-06 14:00:00', '\0', '纭璁ゆ惰揣', null, null, '229390');
INSERT INTO `wemall_order_log` VALUES ('295120', '2016-04-06 14:00:00', '\0', '纭璁ゆ惰揣', null, null, '229391');
INSERT INTO `wemall_order_log` VALUES ('295121', '2016-04-06 14:00:00', '\0', '纭璁ゆ惰揣', null, null, '229409');
INSERT INTO `wemall_order_log` VALUES ('295122', '2016-04-06 14:00:00', '\0', '纭璁ゆ惰揣', null, null, '229425');
INSERT INTO `wemall_order_log` VALUES ('295123', '2016-04-06 14:30:00', '\0', '纭璁ゆ惰揣', null, null, '1');
INSERT INTO `wemall_order_log` VALUES ('295124', '2016-04-06 14:30:00', '\0', '纭璁ゆ惰揣', null, null, '32768');
INSERT INTO `wemall_order_log` VALUES ('295125', '2016-04-06 14:30:00', '\0', '纭璁ゆ惰揣', null, null, '65536');
INSERT INTO `wemall_order_log` VALUES ('295126', '2016-04-06 14:30:00', '\0', '纭璁ゆ惰揣', null, null, '98304');
INSERT INTO `wemall_order_log` VALUES ('295127', '2016-04-06 14:30:00', '\0', '纭璁ゆ惰揣', null, null, '229377');
INSERT INTO `wemall_order_log` VALUES ('295128', '2016-04-06 14:30:00', '\0', '纭璁ゆ惰揣', null, null, '229378');
INSERT INTO `wemall_order_log` VALUES ('295129', '2016-04-06 14:30:00', '\0', '纭璁ゆ惰揣', null, null, '229390');
INSERT INTO `wemall_order_log` VALUES ('295130', '2016-04-06 14:30:00', '\0', '纭璁ゆ惰揣', null, null, '229391');
INSERT INTO `wemall_order_log` VALUES ('295131', '2016-04-06 14:30:01', '\0', '纭璁ゆ惰揣', null, null, '229409');
INSERT INTO `wemall_order_log` VALUES ('295132', '2016-04-06 14:30:01', '\0', '纭璁ゆ惰揣', null, null, '229425');
INSERT INTO `wemall_order_log` VALUES ('295133', '2016-04-06 15:00:00', '\0', '纭璁ゆ惰揣', null, null, '1');
INSERT INTO `wemall_order_log` VALUES ('295134', '2016-04-06 15:00:00', '\0', '纭璁ゆ惰揣', null, null, '32768');
INSERT INTO `wemall_order_log` VALUES ('295135', '2016-04-06 15:00:00', '\0', '纭璁ゆ惰揣', null, null, '65536');
INSERT INTO `wemall_order_log` VALUES ('295136', '2016-04-06 15:00:00', '\0', '纭璁ゆ惰揣', null, null, '98304');
INSERT INTO `wemall_order_log` VALUES ('295137', '2016-04-06 15:00:01', '\0', '纭璁ゆ惰揣', null, null, '229377');
INSERT INTO `wemall_order_log` VALUES ('295138', '2016-04-06 15:00:01', '\0', '纭璁ゆ惰揣', null, null, '229378');
INSERT INTO `wemall_order_log` VALUES ('295139', '2016-04-06 15:00:01', '\0', '纭璁ゆ惰揣', null, null, '229390');
INSERT INTO `wemall_order_log` VALUES ('295140', '2016-04-06 15:00:01', '\0', '纭璁ゆ惰揣', null, null, '229391');
INSERT INTO `wemall_order_log` VALUES ('295141', '2016-04-06 15:00:01', '\0', '纭璁ゆ惰揣', null, null, '229409');
INSERT INTO `wemall_order_log` VALUES ('295142', '2016-04-06 15:00:01', '\0', '纭璁ゆ惰揣', null, null, '229425');
INSERT INTO `wemall_order_log` VALUES ('295143', '2016-04-06 16:00:00', '\0', '纭璁ゆ惰揣', null, null, '1');
INSERT INTO `wemall_order_log` VALUES ('295144', '2016-04-06 16:00:00', '\0', '纭璁ゆ惰揣', null, null, '32768');
INSERT INTO `wemall_order_log` VALUES ('295145', '2016-04-06 16:00:00', '\0', '纭璁ゆ惰揣', null, null, '65536');
INSERT INTO `wemall_order_log` VALUES ('295146', '2016-04-06 16:00:00', '\0', '纭璁ゆ惰揣', null, null, '98304');
INSERT INTO `wemall_order_log` VALUES ('295147', '2016-04-06 16:00:00', '\0', '纭璁ゆ惰揣', null, null, '229377');
INSERT INTO `wemall_order_log` VALUES ('295148', '2016-04-06 16:00:00', '\0', '纭璁ゆ惰揣', null, null, '229378');
INSERT INTO `wemall_order_log` VALUES ('295149', '2016-04-06 16:00:00', '\0', '纭璁ゆ惰揣', null, null, '229390');
INSERT INTO `wemall_order_log` VALUES ('295150', '2016-04-06 16:00:00', '\0', '纭璁ゆ惰揣', null, null, '229391');
INSERT INTO `wemall_order_log` VALUES ('295151', '2016-04-06 16:00:00', '\0', '纭璁ゆ惰揣', null, null, '229409');
INSERT INTO `wemall_order_log` VALUES ('295152', '2016-04-06 16:00:00', '\0', '纭璁ゆ惰揣', null, null, '229425');
INSERT INTO `wemall_order_log` VALUES ('295153', '2016-04-06 16:30:01', '\0', '纭璁ゆ惰揣', null, null, '1');
INSERT INTO `wemall_order_log` VALUES ('295154', '2016-04-06 16:30:01', '\0', '纭璁ゆ惰揣', null, null, '32768');
INSERT INTO `wemall_order_log` VALUES ('295155', '2016-04-06 16:30:01', '\0', '纭璁ゆ惰揣', null, null, '65536');
INSERT INTO `wemall_order_log` VALUES ('295156', '2016-04-06 16:30:01', '\0', '纭璁ゆ惰揣', null, null, '98304');
INSERT INTO `wemall_order_log` VALUES ('295157', '2016-04-06 16:30:01', '\0', '纭璁ゆ惰揣', null, null, '229377');
INSERT INTO `wemall_order_log` VALUES ('295158', '2016-04-06 16:30:01', '\0', '纭璁ゆ惰揣', null, null, '229378');
INSERT INTO `wemall_order_log` VALUES ('295159', '2016-04-06 16:30:01', '\0', '纭璁ゆ惰揣', null, null, '229390');
INSERT INTO `wemall_order_log` VALUES ('295160', '2016-04-06 16:30:01', '\0', '纭璁ゆ惰揣', null, null, '229391');
INSERT INTO `wemall_order_log` VALUES ('295161', '2016-04-06 16:30:01', '\0', '纭璁ゆ惰揣', null, null, '229409');
INSERT INTO `wemall_order_log` VALUES ('295162', '2016-04-06 16:30:01', '\0', '纭璁ゆ惰揣', null, null, '229425');
INSERT INTO `wemall_order_log` VALUES ('295163', '2016-04-06 17:00:00', '\0', '纭璁ゆ惰揣', null, null, '1');
INSERT INTO `wemall_order_log` VALUES ('295164', '2016-04-06 17:00:00', '\0', '纭璁ゆ惰揣', null, null, '32768');
INSERT INTO `wemall_order_log` VALUES ('295165', '2016-04-06 17:00:00', '\0', '纭璁ゆ惰揣', null, null, '65536');
INSERT INTO `wemall_order_log` VALUES ('295166', '2016-04-06 17:00:00', '\0', '纭璁ゆ惰揣', null, null, '98304');
INSERT INTO `wemall_order_log` VALUES ('295167', '2016-04-06 17:00:00', '\0', '纭璁ゆ惰揣', null, null, '229377');
INSERT INTO `wemall_order_log` VALUES ('295168', '2016-04-06 17:00:00', '\0', '纭璁ゆ惰揣', null, null, '229378');
INSERT INTO `wemall_order_log` VALUES ('295169', '2016-04-06 17:00:00', '\0', '纭璁ゆ惰揣', null, null, '229390');
INSERT INTO `wemall_order_log` VALUES ('295170', '2016-04-06 17:00:00', '\0', '纭璁ゆ惰揣', null, null, '229391');
INSERT INTO `wemall_order_log` VALUES ('295171', '2016-04-06 17:00:00', '\0', '纭璁ゆ惰揣', null, null, '229409');
INSERT INTO `wemall_order_log` VALUES ('295172', '2016-04-06 17:00:00', '\0', '纭璁ゆ惰揣', null, null, '229425');
INSERT INTO `wemall_order_log` VALUES ('295173', '2016-04-06 17:30:00', '\0', '纭璁ゆ惰揣', null, null, '1');
INSERT INTO `wemall_order_log` VALUES ('295174', '2016-04-06 17:30:00', '\0', '纭璁ゆ惰揣', null, null, '32768');
INSERT INTO `wemall_order_log` VALUES ('295175', '2016-04-06 17:30:00', '\0', '纭璁ゆ惰揣', null, null, '65536');
INSERT INTO `wemall_order_log` VALUES ('295176', '2016-04-06 17:30:00', '\0', '纭璁ゆ惰揣', null, null, '98304');
INSERT INTO `wemall_order_log` VALUES ('295177', '2016-04-06 17:30:00', '\0', '纭璁ゆ惰揣', null, null, '229377');
INSERT INTO `wemall_order_log` VALUES ('295178', '2016-04-06 17:30:00', '\0', '纭璁ゆ惰揣', null, null, '229378');
INSERT INTO `wemall_order_log` VALUES ('295179', '2016-04-06 17:30:00', '\0', '纭璁ゆ惰揣', null, null, '229390');
INSERT INTO `wemall_order_log` VALUES ('295180', '2016-04-06 17:30:00', '\0', '纭璁ゆ惰揣', null, null, '229391');
INSERT INTO `wemall_order_log` VALUES ('295181', '2016-04-06 17:30:00', '\0', '纭璁ゆ惰揣', null, null, '229409');
INSERT INTO `wemall_order_log` VALUES ('295182', '2016-04-06 17:30:00', '\0', '纭璁ゆ惰揣', null, null, '229425');
INSERT INTO `wemall_order_log` VALUES ('295183', '2016-04-06 18:00:01', '\0', '纭璁ゆ惰揣', null, null, '1');
INSERT INTO `wemall_order_log` VALUES ('295184', '2016-04-06 18:00:01', '\0', '纭璁ゆ惰揣', null, null, '32768');
INSERT INTO `wemall_order_log` VALUES ('295185', '2016-04-06 18:00:01', '\0', '纭璁ゆ惰揣', null, null, '65536');
INSERT INTO `wemall_order_log` VALUES ('295186', '2016-04-06 18:00:01', '\0', '纭璁ゆ惰揣', null, null, '98304');
INSERT INTO `wemall_order_log` VALUES ('295187', '2016-04-06 18:00:01', '\0', '纭璁ゆ惰揣', null, null, '229377');
INSERT INTO `wemall_order_log` VALUES ('295188', '2016-04-06 18:00:01', '\0', '纭璁ゆ惰揣', null, null, '229378');
INSERT INTO `wemall_order_log` VALUES ('295189', '2016-04-06 18:00:01', '\0', '纭璁ゆ惰揣', null, null, '229390');
INSERT INTO `wemall_order_log` VALUES ('295190', '2016-04-06 18:00:01', '\0', '纭璁ゆ惰揣', null, null, '229391');
INSERT INTO `wemall_order_log` VALUES ('295191', '2016-04-06 18:00:01', '\0', '纭璁ゆ惰揣', null, null, '229409');
INSERT INTO `wemall_order_log` VALUES ('295192', '2016-04-06 18:00:01', '\0', '纭璁ゆ惰揣', null, null, '229425');
INSERT INTO `wemall_order_log` VALUES ('295193', '2016-04-06 18:30:00', '\0', '纭璁ゆ惰揣', null, null, '1');
INSERT INTO `wemall_order_log` VALUES ('295194', '2016-04-06 18:30:00', '\0', '纭璁ゆ惰揣', null, null, '32768');
INSERT INTO `wemall_order_log` VALUES ('295195', '2016-04-06 18:30:00', '\0', '纭璁ゆ惰揣', null, null, '65536');
INSERT INTO `wemall_order_log` VALUES ('295196', '2016-04-06 18:30:00', '\0', '纭璁ゆ惰揣', null, null, '98304');
INSERT INTO `wemall_order_log` VALUES ('295197', '2016-04-06 18:30:00', '\0', '纭璁ゆ惰揣', null, null, '229377');
INSERT INTO `wemall_order_log` VALUES ('295198', '2016-04-06 18:30:00', '\0', '纭璁ゆ惰揣', null, null, '229378');
INSERT INTO `wemall_order_log` VALUES ('295199', '2016-04-06 18:30:00', '\0', '纭璁ゆ惰揣', null, null, '229390');
INSERT INTO `wemall_order_log` VALUES ('295200', '2016-04-06 18:30:00', '\0', '纭璁ゆ惰揣', null, null, '229391');
INSERT INTO `wemall_order_log` VALUES ('295201', '2016-04-06 18:30:00', '\0', '纭璁ゆ惰揣', null, null, '229409');
INSERT INTO `wemall_order_log` VALUES ('295202', '2016-04-06 18:30:00', '\0', '纭璁ゆ惰揣', null, null, '229425');
INSERT INTO `wemall_order_log` VALUES ('295203', '2016-04-06 19:00:00', '\0', '纭璁ゆ惰揣', null, null, '1');
INSERT INTO `wemall_order_log` VALUES ('295204', '2016-04-06 19:00:00', '\0', '纭璁ゆ惰揣', null, null, '32768');
INSERT INTO `wemall_order_log` VALUES ('295205', '2016-04-06 19:00:00', '\0', '纭璁ゆ惰揣', null, null, '65536');
INSERT INTO `wemall_order_log` VALUES ('295206', '2016-04-06 19:00:00', '\0', '纭璁ゆ惰揣', null, null, '98304');
INSERT INTO `wemall_order_log` VALUES ('295207', '2016-04-06 19:00:00', '\0', '纭璁ゆ惰揣', null, null, '229377');
INSERT INTO `wemall_order_log` VALUES ('295208', '2016-04-06 19:00:00', '\0', '纭璁ゆ惰揣', null, null, '229378');
INSERT INTO `wemall_order_log` VALUES ('295209', '2016-04-06 19:00:00', '\0', '纭璁ゆ惰揣', null, null, '229390');
INSERT INTO `wemall_order_log` VALUES ('295210', '2016-04-06 19:00:00', '\0', '纭璁ゆ惰揣', null, null, '229391');
INSERT INTO `wemall_order_log` VALUES ('295211', '2016-04-06 19:00:00', '\0', '纭璁ゆ惰揣', null, null, '229409');
INSERT INTO `wemall_order_log` VALUES ('295212', '2016-04-06 19:00:00', '\0', '纭璁ゆ惰揣', null, null, '229425');
INSERT INTO `wemall_order_log` VALUES ('295213', '2016-04-06 19:30:00', '\0', '纭璁ゆ惰揣', null, null, '1');
INSERT INTO `wemall_order_log` VALUES ('295214', '2016-04-06 19:30:00', '\0', '纭璁ゆ惰揣', null, null, '32768');
INSERT INTO `wemall_order_log` VALUES ('295215', '2016-04-06 19:30:00', '\0', '纭璁ゆ惰揣', null, null, '65536');
INSERT INTO `wemall_order_log` VALUES ('295216', '2016-04-06 19:30:00', '\0', '纭璁ゆ惰揣', null, null, '98304');
INSERT INTO `wemall_order_log` VALUES ('295217', '2016-04-06 19:30:00', '\0', '纭璁ゆ惰揣', null, null, '229377');
INSERT INTO `wemall_order_log` VALUES ('295218', '2016-04-06 19:30:00', '\0', '纭璁ゆ惰揣', null, null, '229378');
INSERT INTO `wemall_order_log` VALUES ('295219', '2016-04-06 19:30:00', '\0', '纭璁ゆ惰揣', null, null, '229390');
INSERT INTO `wemall_order_log` VALUES ('295220', '2016-04-06 19:30:00', '\0', '纭璁ゆ惰揣', null, null, '229391');
INSERT INTO `wemall_order_log` VALUES ('295221', '2016-04-06 19:30:00', '\0', '纭璁ゆ惰揣', null, null, '229409');
INSERT INTO `wemall_order_log` VALUES ('295222', '2016-04-06 19:30:00', '\0', '纭璁ゆ惰揣', null, null, '229425');
INSERT INTO `wemall_order_log` VALUES ('295223', '2016-04-06 20:00:00', '\0', '纭璁ゆ惰揣', null, null, '1');
INSERT INTO `wemall_order_log` VALUES ('295224', '2016-04-06 20:00:00', '\0', '纭璁ゆ惰揣', null, null, '32768');
INSERT INTO `wemall_order_log` VALUES ('295225', '2016-04-06 20:00:00', '\0', '纭璁ゆ惰揣', null, null, '65536');
INSERT INTO `wemall_order_log` VALUES ('295226', '2016-04-06 20:00:00', '\0', '纭璁ゆ惰揣', null, null, '98304');
INSERT INTO `wemall_order_log` VALUES ('295227', '2016-04-06 20:00:00', '\0', '纭璁ゆ惰揣', null, null, '229377');
INSERT INTO `wemall_order_log` VALUES ('295228', '2016-04-06 20:00:00', '\0', '纭璁ゆ惰揣', null, null, '229378');
INSERT INTO `wemall_order_log` VALUES ('295229', '2016-04-06 20:00:00', '\0', '纭璁ゆ惰揣', null, null, '229390');
INSERT INTO `wemall_order_log` VALUES ('295230', '2016-04-06 20:00:00', '\0', '纭璁ゆ惰揣', null, null, '229391');
INSERT INTO `wemall_order_log` VALUES ('295231', '2016-04-06 20:00:00', '\0', '纭璁ゆ惰揣', null, null, '229409');
INSERT INTO `wemall_order_log` VALUES ('295232', '2016-04-06 20:00:00', '\0', '纭璁ゆ惰揣', null, null, '229425');
INSERT INTO `wemall_order_log` VALUES ('295233', '2016-04-06 20:30:01', '\0', '纭璁ゆ惰揣', null, null, '1');
INSERT INTO `wemall_order_log` VALUES ('295234', '2016-04-06 20:30:01', '\0', '纭璁ゆ惰揣', null, null, '32768');
INSERT INTO `wemall_order_log` VALUES ('295235', '2016-04-06 20:30:01', '\0', '纭璁ゆ惰揣', null, null, '65536');
INSERT INTO `wemall_order_log` VALUES ('295236', '2016-04-06 20:30:01', '\0', '纭璁ゆ惰揣', null, null, '98304');
INSERT INTO `wemall_order_log` VALUES ('295237', '2016-04-06 20:30:01', '\0', '纭璁ゆ惰揣', null, null, '229377');
INSERT INTO `wemall_order_log` VALUES ('295238', '2016-04-06 20:30:01', '\0', '纭璁ゆ惰揣', null, null, '229378');
INSERT INTO `wemall_order_log` VALUES ('295239', '2016-04-06 20:30:01', '\0', '纭璁ゆ惰揣', null, null, '229390');
INSERT INTO `wemall_order_log` VALUES ('295240', '2016-04-06 20:30:01', '\0', '纭璁ゆ惰揣', null, null, '229391');
INSERT INTO `wemall_order_log` VALUES ('295241', '2016-04-06 20:30:01', '\0', '纭璁ゆ惰揣', null, null, '229409');
INSERT INTO `wemall_order_log` VALUES ('295242', '2016-04-06 20:30:01', '\0', '纭璁ゆ惰揣', null, null, '229425');
INSERT INTO `wemall_order_log` VALUES ('295243', '2016-04-07 10:00:01', '\0', '纭璁ゆ惰揣', null, null, '1');
INSERT INTO `wemall_order_log` VALUES ('295244', '2016-04-07 10:00:01', '\0', '纭璁ゆ惰揣', null, null, '32768');
INSERT INTO `wemall_order_log` VALUES ('295245', '2016-04-07 10:00:01', '\0', '纭璁ゆ惰揣', null, null, '65536');
INSERT INTO `wemall_order_log` VALUES ('295246', '2016-04-07 10:00:01', '\0', '纭璁ゆ惰揣', null, null, '98304');
INSERT INTO `wemall_order_log` VALUES ('295247', '2016-04-07 10:00:01', '\0', '纭璁ゆ惰揣', null, null, '229377');
INSERT INTO `wemall_order_log` VALUES ('295248', '2016-04-07 10:00:01', '\0', '纭璁ゆ惰揣', null, null, '229378');
INSERT INTO `wemall_order_log` VALUES ('295249', '2016-04-07 10:00:01', '\0', '纭璁ゆ惰揣', null, null, '229390');
INSERT INTO `wemall_order_log` VALUES ('295250', '2016-04-07 10:00:01', '\0', '纭璁ゆ惰揣', null, null, '229391');
INSERT INTO `wemall_order_log` VALUES ('295251', '2016-04-07 10:00:01', '\0', '纭璁ゆ惰揣', null, null, '229409');
INSERT INTO `wemall_order_log` VALUES ('295252', '2016-04-07 10:00:01', '\0', '纭璁ゆ惰揣', null, null, '229425');
INSERT INTO `wemall_order_log` VALUES ('295253', '2016-04-07 10:30:00', '\0', '纭璁ゆ惰揣', null, null, '1');
INSERT INTO `wemall_order_log` VALUES ('295254', '2016-04-07 10:30:00', '\0', '纭璁ゆ惰揣', null, null, '32768');
INSERT INTO `wemall_order_log` VALUES ('295255', '2016-04-07 10:30:00', '\0', '纭璁ゆ惰揣', null, null, '65536');
INSERT INTO `wemall_order_log` VALUES ('295256', '2016-04-07 10:30:00', '\0', '纭璁ゆ惰揣', null, null, '98304');
INSERT INTO `wemall_order_log` VALUES ('295257', '2016-04-07 10:30:00', '\0', '纭璁ゆ惰揣', null, null, '229377');
INSERT INTO `wemall_order_log` VALUES ('295258', '2016-04-07 10:30:00', '\0', '纭璁ゆ惰揣', null, null, '229378');
INSERT INTO `wemall_order_log` VALUES ('295259', '2016-04-07 10:30:00', '\0', '纭璁ゆ惰揣', null, null, '229390');
INSERT INTO `wemall_order_log` VALUES ('295260', '2016-04-07 10:30:00', '\0', '纭璁ゆ惰揣', null, null, '229391');
INSERT INTO `wemall_order_log` VALUES ('295261', '2016-04-07 10:30:00', '\0', '纭璁ゆ惰揣', null, null, '229409');
INSERT INTO `wemall_order_log` VALUES ('295262', '2016-04-07 10:30:00', '\0', '纭璁ゆ惰揣', null, null, '229425');
INSERT INTO `wemall_order_log` VALUES ('295263', '2016-04-07 11:00:00', '\0', '纭璁ゆ惰揣', null, null, '1');
INSERT INTO `wemall_order_log` VALUES ('295264', '2016-04-07 11:00:00', '\0', '纭璁ゆ惰揣', null, null, '32768');
INSERT INTO `wemall_order_log` VALUES ('295265', '2016-04-07 11:00:00', '\0', '纭璁ゆ惰揣', null, null, '65536');
INSERT INTO `wemall_order_log` VALUES ('295266', '2016-04-07 11:00:00', '\0', '纭璁ゆ惰揣', null, null, '98304');
INSERT INTO `wemall_order_log` VALUES ('295267', '2016-04-07 11:00:00', '\0', '纭璁ゆ惰揣', null, null, '229377');
INSERT INTO `wemall_order_log` VALUES ('295268', '2016-04-07 11:00:00', '\0', '纭璁ゆ惰揣', null, null, '229378');
INSERT INTO `wemall_order_log` VALUES ('295269', '2016-04-07 11:00:00', '\0', '纭璁ゆ惰揣', null, null, '229390');
INSERT INTO `wemall_order_log` VALUES ('295270', '2016-04-07 11:00:00', '\0', '纭璁ゆ惰揣', null, null, '229391');
INSERT INTO `wemall_order_log` VALUES ('295271', '2016-04-07 11:00:00', '\0', '纭璁ゆ惰揣', null, null, '229409');
INSERT INTO `wemall_order_log` VALUES ('295272', '2016-04-07 11:00:00', '\0', '纭璁ゆ惰揣', null, null, '229425');
INSERT INTO `wemall_order_log` VALUES ('295273', '2016-04-07 11:26:22', '\0', '浜よ㈠', null, '32769', '229451');
INSERT INTO `wemall_order_log` VALUES ('295274', '2016-04-07 11:30:00', '\0', '纭璁ゆ惰揣', null, null, '1');
INSERT INTO `wemall_order_log` VALUES ('295275', '2016-04-07 11:30:00', '\0', '纭璁ゆ惰揣', null, null, '32768');
INSERT INTO `wemall_order_log` VALUES ('295276', '2016-04-07 11:30:00', '\0', '纭璁ゆ惰揣', null, null, '65536');
INSERT INTO `wemall_order_log` VALUES ('295277', '2016-04-07 11:30:00', '\0', '纭璁ゆ惰揣', null, null, '98304');
INSERT INTO `wemall_order_log` VALUES ('295278', '2016-04-07 11:30:00', '\0', '纭璁ゆ惰揣', null, null, '229377');
INSERT INTO `wemall_order_log` VALUES ('295279', '2016-04-07 11:30:00', '\0', '纭璁ゆ惰揣', null, null, '229378');
INSERT INTO `wemall_order_log` VALUES ('295280', '2016-04-07 11:30:00', '\0', '纭璁ゆ惰揣', null, null, '229390');
INSERT INTO `wemall_order_log` VALUES ('295281', '2016-04-07 11:30:00', '\0', '纭璁ゆ惰揣', null, null, '229391');
INSERT INTO `wemall_order_log` VALUES ('295282', '2016-04-07 11:30:00', '\0', '纭璁ゆ惰揣', null, null, '229409');
INSERT INTO `wemall_order_log` VALUES ('295283', '2016-04-07 11:30:00', '\0', '纭璁ゆ惰揣', null, null, '229425');
INSERT INTO `wemall_order_log` VALUES ('295284', '2016-04-07 12:00:00', '\0', '纭璁ゆ惰揣', null, null, '1');
INSERT INTO `wemall_order_log` VALUES ('295285', '2016-04-07 12:00:00', '\0', '纭璁ゆ惰揣', null, null, '32768');
INSERT INTO `wemall_order_log` VALUES ('295286', '2016-04-07 12:00:00', '\0', '纭璁ゆ惰揣', null, null, '65536');
INSERT INTO `wemall_order_log` VALUES ('295287', '2016-04-07 12:00:00', '\0', '纭璁ゆ惰揣', null, null, '98304');
INSERT INTO `wemall_order_log` VALUES ('295288', '2016-04-07 12:00:00', '\0', '纭璁ゆ惰揣', null, null, '229377');
INSERT INTO `wemall_order_log` VALUES ('295289', '2016-04-07 12:00:00', '\0', '纭璁ゆ惰揣', null, null, '229378');
INSERT INTO `wemall_order_log` VALUES ('295290', '2016-04-07 12:00:00', '\0', '纭璁ゆ惰揣', null, null, '229390');
INSERT INTO `wemall_order_log` VALUES ('295291', '2016-04-07 12:00:00', '\0', '纭璁ゆ惰揣', null, null, '229391');
INSERT INTO `wemall_order_log` VALUES ('295292', '2016-04-07 12:00:00', '\0', '纭璁ゆ惰揣', null, null, '229409');
INSERT INTO `wemall_order_log` VALUES ('295293', '2016-04-07 12:00:00', '\0', '纭璁ゆ惰揣', null, null, '229425');
INSERT INTO `wemall_order_log` VALUES ('295294', '2016-04-07 12:30:00', '\0', '纭璁ゆ惰揣', null, null, '1');
INSERT INTO `wemall_order_log` VALUES ('295295', '2016-04-07 12:30:00', '\0', '纭璁ゆ惰揣', null, null, '32768');
INSERT INTO `wemall_order_log` VALUES ('295296', '2016-04-07 12:30:00', '\0', '纭璁ゆ惰揣', null, null, '65536');
INSERT INTO `wemall_order_log` VALUES ('295297', '2016-04-07 12:30:00', '\0', '纭璁ゆ惰揣', null, null, '98304');
INSERT INTO `wemall_order_log` VALUES ('295298', '2016-04-07 12:30:00', '\0', '纭璁ゆ惰揣', null, null, '229377');
INSERT INTO `wemall_order_log` VALUES ('295299', '2016-04-07 12:30:00', '\0', '纭璁ゆ惰揣', null, null, '229378');
INSERT INTO `wemall_order_log` VALUES ('295300', '2016-04-07 12:30:00', '\0', '纭璁ゆ惰揣', null, null, '229390');
INSERT INTO `wemall_order_log` VALUES ('295301', '2016-04-07 12:30:00', '\0', '纭璁ゆ惰揣', null, null, '229391');
INSERT INTO `wemall_order_log` VALUES ('295302', '2016-04-07 12:30:00', '\0', '纭璁ゆ惰揣', null, null, '229409');
INSERT INTO `wemall_order_log` VALUES ('295303', '2016-04-07 12:30:00', '\0', '纭璁ゆ惰揣', null, null, '229425');
INSERT INTO `wemall_order_log` VALUES ('295304', '2016-04-07 13:00:01', '\0', '纭璁ゆ惰揣', null, null, '1');
INSERT INTO `wemall_order_log` VALUES ('295305', '2016-04-07 13:00:01', '\0', '纭璁ゆ惰揣', null, null, '32768');
INSERT INTO `wemall_order_log` VALUES ('295306', '2016-04-07 13:00:01', '\0', '纭璁ゆ惰揣', null, null, '65536');
INSERT INTO `wemall_order_log` VALUES ('295307', '2016-04-07 13:00:01', '\0', '纭璁ゆ惰揣', null, null, '98304');
INSERT INTO `wemall_order_log` VALUES ('295308', '2016-04-07 13:00:01', '\0', '纭璁ゆ惰揣', null, null, '229377');
INSERT INTO `wemall_order_log` VALUES ('295309', '2016-04-07 13:00:01', '\0', '纭璁ゆ惰揣', null, null, '229378');
INSERT INTO `wemall_order_log` VALUES ('295310', '2016-04-07 13:00:01', '\0', '纭璁ゆ惰揣', null, null, '229390');
INSERT INTO `wemall_order_log` VALUES ('295311', '2016-04-07 13:00:01', '\0', '纭璁ゆ惰揣', null, null, '229391');
INSERT INTO `wemall_order_log` VALUES ('295312', '2016-04-07 13:00:01', '\0', '纭璁ゆ惰揣', null, null, '229409');
INSERT INTO `wemall_order_log` VALUES ('295313', '2016-04-07 13:00:01', '\0', '纭璁ゆ惰揣', null, null, '229425');
INSERT INTO `wemall_order_log` VALUES ('295314', '2016-04-07 13:30:00', '\0', '纭璁ゆ惰揣', null, null, '1');
INSERT INTO `wemall_order_log` VALUES ('295315', '2016-04-07 13:30:00', '\0', '纭璁ゆ惰揣', null, null, '32768');
INSERT INTO `wemall_order_log` VALUES ('295316', '2016-04-07 13:30:00', '\0', '纭璁ゆ惰揣', null, null, '65536');
INSERT INTO `wemall_order_log` VALUES ('295317', '2016-04-07 13:30:01', '\0', '纭璁ゆ惰揣', null, null, '98304');
INSERT INTO `wemall_order_log` VALUES ('295318', '2016-04-07 13:30:01', '\0', '纭璁ゆ惰揣', null, null, '229377');
INSERT INTO `wemall_order_log` VALUES ('295319', '2016-04-07 13:30:01', '\0', '纭璁ゆ惰揣', null, null, '229378');
INSERT INTO `wemall_order_log` VALUES ('295320', '2016-04-07 13:30:01', '\0', '纭璁ゆ惰揣', null, null, '229390');
INSERT INTO `wemall_order_log` VALUES ('295321', '2016-04-07 13:30:01', '\0', '纭璁ゆ惰揣', null, null, '229391');
INSERT INTO `wemall_order_log` VALUES ('295322', '2016-04-07 13:30:01', '\0', '纭璁ゆ惰揣', null, null, '229409');
INSERT INTO `wemall_order_log` VALUES ('295323', '2016-04-07 13:30:01', '\0', '纭璁ゆ惰揣', null, null, '229425');
INSERT INTO `wemall_order_log` VALUES ('295324', '2016-04-07 16:30:01', '\0', '纭璁ゆ惰揣', null, null, '1');
INSERT INTO `wemall_order_log` VALUES ('295325', '2016-04-07 16:30:01', '\0', '纭璁ゆ惰揣', null, null, '32768');
INSERT INTO `wemall_order_log` VALUES ('295326', '2016-04-07 16:30:01', '\0', '纭璁ゆ惰揣', null, null, '65536');
INSERT INTO `wemall_order_log` VALUES ('295327', '2016-04-07 16:30:01', '\0', '纭璁ゆ惰揣', null, null, '98304');
INSERT INTO `wemall_order_log` VALUES ('295328', '2016-04-07 16:30:01', '\0', '纭璁ゆ惰揣', null, null, '229377');
INSERT INTO `wemall_order_log` VALUES ('295329', '2016-04-07 16:30:01', '\0', '纭璁ゆ惰揣', null, null, '229378');
INSERT INTO `wemall_order_log` VALUES ('295330', '2016-04-07 16:30:01', '\0', '纭璁ゆ惰揣', null, null, '229390');
INSERT INTO `wemall_order_log` VALUES ('295331', '2016-04-07 16:30:01', '\0', '纭璁ゆ惰揣', null, null, '229391');
INSERT INTO `wemall_order_log` VALUES ('295332', '2016-04-07 16:30:01', '\0', '纭璁ゆ惰揣', null, null, '229409');
INSERT INTO `wemall_order_log` VALUES ('295333', '2016-04-07 16:30:01', '\0', '纭璁ゆ惰揣', null, null, '229425');
INSERT INTO `wemall_order_log` VALUES ('295334', '2016-04-07 17:00:00', '\0', '纭璁ゆ惰揣', null, null, '1');
INSERT INTO `wemall_order_log` VALUES ('295335', '2016-04-07 17:00:00', '\0', '纭璁ゆ惰揣', null, null, '32768');
INSERT INTO `wemall_order_log` VALUES ('295336', '2016-04-07 17:00:00', '\0', '纭璁ゆ惰揣', null, null, '65536');
INSERT INTO `wemall_order_log` VALUES ('295337', '2016-04-07 17:00:00', '\0', '纭璁ゆ惰揣', null, null, '98304');
INSERT INTO `wemall_order_log` VALUES ('295338', '2016-04-07 17:00:00', '\0', '纭璁ゆ惰揣', null, null, '229377');
INSERT INTO `wemall_order_log` VALUES ('295339', '2016-04-07 17:00:00', '\0', '纭璁ゆ惰揣', null, null, '229378');
INSERT INTO `wemall_order_log` VALUES ('295340', '2016-04-07 17:00:00', '\0', '纭璁ゆ惰揣', null, null, '229390');
INSERT INTO `wemall_order_log` VALUES ('295341', '2016-04-07 17:00:00', '\0', '纭璁ゆ惰揣', null, null, '229391');
INSERT INTO `wemall_order_log` VALUES ('295342', '2016-04-07 17:00:00', '\0', '纭璁ゆ惰揣', null, null, '229409');
INSERT INTO `wemall_order_log` VALUES ('295343', '2016-04-07 17:00:00', '\0', '纭璁ゆ惰揣', null, null, '229425');
INSERT INTO `wemall_order_log` VALUES ('295344', '2016-04-07 17:30:00', '\0', '纭璁ゆ惰揣', null, null, '1');
INSERT INTO `wemall_order_log` VALUES ('295345', '2016-04-07 17:30:00', '\0', '纭璁ゆ惰揣', null, null, '32768');
INSERT INTO `wemall_order_log` VALUES ('295346', '2016-04-07 17:30:00', '\0', '纭璁ゆ惰揣', null, null, '65536');
INSERT INTO `wemall_order_log` VALUES ('295347', '2016-04-07 17:30:00', '\0', '纭璁ゆ惰揣', null, null, '98304');
INSERT INTO `wemall_order_log` VALUES ('295348', '2016-04-07 17:30:00', '\0', '纭璁ゆ惰揣', null, null, '229377');
INSERT INTO `wemall_order_log` VALUES ('295349', '2016-04-07 17:30:00', '\0', '纭璁ゆ惰揣', null, null, '229378');
INSERT INTO `wemall_order_log` VALUES ('295350', '2016-04-07 17:30:01', '\0', '纭璁ゆ惰揣', null, null, '229390');
INSERT INTO `wemall_order_log` VALUES ('295351', '2016-04-07 17:30:01', '\0', '纭璁ゆ惰揣', null, null, '229391');
INSERT INTO `wemall_order_log` VALUES ('295352', '2016-04-07 17:30:01', '\0', '纭璁ゆ惰揣', null, null, '229409');
INSERT INTO `wemall_order_log` VALUES ('295353', '2016-04-07 17:30:01', '\0', '纭璁ゆ惰揣', null, null, '229425');
INSERT INTO `wemall_order_log` VALUES ('295354', '2016-04-07 18:00:00', '\0', '纭璁ゆ惰揣', null, null, '1');
INSERT INTO `wemall_order_log` VALUES ('295355', '2016-04-07 18:00:00', '\0', '纭璁ゆ惰揣', null, null, '32768');
INSERT INTO `wemall_order_log` VALUES ('295356', '2016-04-07 18:00:00', '\0', '纭璁ゆ惰揣', null, null, '65536');
INSERT INTO `wemall_order_log` VALUES ('295357', '2016-04-07 18:00:00', '\0', '纭璁ゆ惰揣', null, null, '98304');
INSERT INTO `wemall_order_log` VALUES ('295358', '2016-04-07 18:00:00', '\0', '纭璁ゆ惰揣', null, null, '229377');
INSERT INTO `wemall_order_log` VALUES ('295359', '2016-04-07 18:00:00', '\0', '纭璁ゆ惰揣', null, null, '229378');
INSERT INTO `wemall_order_log` VALUES ('295360', '2016-04-07 18:00:00', '\0', '纭璁ゆ惰揣', null, null, '229390');
INSERT INTO `wemall_order_log` VALUES ('295361', '2016-04-07 18:00:00', '\0', '纭璁ゆ惰揣', null, null, '229391');
INSERT INTO `wemall_order_log` VALUES ('295362', '2016-04-07 18:00:00', '\0', '纭璁ゆ惰揣', null, null, '229409');
INSERT INTO `wemall_order_log` VALUES ('295363', '2016-04-07 18:00:00', '\0', '纭璁ゆ惰揣', null, null, '229425');
INSERT INTO `wemall_order_log` VALUES ('295364', '2016-04-07 18:30:00', '\0', '纭璁ゆ惰揣', null, null, '1');
INSERT INTO `wemall_order_log` VALUES ('295365', '2016-04-07 18:30:00', '\0', '纭璁ゆ惰揣', null, null, '32768');
INSERT INTO `wemall_order_log` VALUES ('295366', '2016-04-07 18:30:00', '\0', '纭璁ゆ惰揣', null, null, '65536');
INSERT INTO `wemall_order_log` VALUES ('295367', '2016-04-07 18:30:00', '\0', '纭璁ゆ惰揣', null, null, '98304');
INSERT INTO `wemall_order_log` VALUES ('295368', '2016-04-07 18:30:00', '\0', '纭璁ゆ惰揣', null, null, '229377');
INSERT INTO `wemall_order_log` VALUES ('295369', '2016-04-07 18:30:00', '\0', '纭璁ゆ惰揣', null, null, '229378');
INSERT INTO `wemall_order_log` VALUES ('295370', '2016-04-07 18:30:00', '\0', '纭璁ゆ惰揣', null, null, '229390');
INSERT INTO `wemall_order_log` VALUES ('295371', '2016-04-07 18:30:00', '\0', '纭璁ゆ惰揣', null, null, '229391');
INSERT INTO `wemall_order_log` VALUES ('295372', '2016-04-07 18:30:00', '\0', '纭璁ゆ惰揣', null, null, '229409');
INSERT INTO `wemall_order_log` VALUES ('295373', '2016-04-07 18:30:01', '\0', '纭璁ゆ惰揣', null, null, '229425');
INSERT INTO `wemall_order_log` VALUES ('295374', '2016-04-07 19:00:00', '\0', '纭璁ゆ惰揣', null, null, '1');
INSERT INTO `wemall_order_log` VALUES ('295375', '2016-04-07 19:00:00', '\0', '纭璁ゆ惰揣', null, null, '32768');
INSERT INTO `wemall_order_log` VALUES ('295376', '2016-04-07 19:00:00', '\0', '纭璁ゆ惰揣', null, null, '65536');
INSERT INTO `wemall_order_log` VALUES ('295377', '2016-04-07 19:00:00', '\0', '纭璁ゆ惰揣', null, null, '98304');
INSERT INTO `wemall_order_log` VALUES ('295378', '2016-04-07 19:00:00', '\0', '纭璁ゆ惰揣', null, null, '229377');
INSERT INTO `wemall_order_log` VALUES ('295379', '2016-04-07 19:00:00', '\0', '纭璁ゆ惰揣', null, null, '229378');
INSERT INTO `wemall_order_log` VALUES ('295380', '2016-04-07 19:00:00', '\0', '纭璁ゆ惰揣', null, null, '229390');
INSERT INTO `wemall_order_log` VALUES ('295381', '2016-04-07 19:00:00', '\0', '纭璁ゆ惰揣', null, null, '229391');
INSERT INTO `wemall_order_log` VALUES ('295382', '2016-04-07 19:00:00', '\0', '纭璁ゆ惰揣', null, null, '229409');
INSERT INTO `wemall_order_log` VALUES ('295383', '2016-04-07 19:00:00', '\0', '纭璁ゆ惰揣', null, null, '229425');
INSERT INTO `wemall_order_log` VALUES ('295384', '2016-04-07 19:30:01', '\0', '纭璁ゆ惰揣', null, null, '1');
INSERT INTO `wemall_order_log` VALUES ('295385', '2016-04-07 19:30:01', '\0', '纭璁ゆ惰揣', null, null, '32768');
INSERT INTO `wemall_order_log` VALUES ('295386', '2016-04-07 19:30:01', '\0', '纭璁ゆ惰揣', null, null, '65536');
INSERT INTO `wemall_order_log` VALUES ('295387', '2016-04-07 19:30:01', '\0', '纭璁ゆ惰揣', null, null, '98304');
INSERT INTO `wemall_order_log` VALUES ('295388', '2016-04-07 19:30:01', '\0', '纭璁ゆ惰揣', null, null, '229377');
INSERT INTO `wemall_order_log` VALUES ('295389', '2016-04-07 19:30:01', '\0', '纭璁ゆ惰揣', null, null, '229378');
INSERT INTO `wemall_order_log` VALUES ('295390', '2016-04-07 19:30:01', '\0', '纭璁ゆ惰揣', null, null, '229390');
INSERT INTO `wemall_order_log` VALUES ('295391', '2016-04-07 19:30:01', '\0', '纭璁ゆ惰揣', null, null, '229391');
INSERT INTO `wemall_order_log` VALUES ('295392', '2016-04-07 19:30:01', '\0', '纭璁ゆ惰揣', null, null, '229409');
INSERT INTO `wemall_order_log` VALUES ('295393', '2016-04-07 19:30:01', '\0', '纭璁ゆ惰揣', null, null, '229425');
INSERT INTO `wemall_order_log` VALUES ('295394', '2016-04-07 20:00:00', '\0', '纭璁ゆ惰揣', null, null, '1');
INSERT INTO `wemall_order_log` VALUES ('295395', '2016-04-07 20:00:00', '\0', '纭璁ゆ惰揣', null, null, '32768');
INSERT INTO `wemall_order_log` VALUES ('295396', '2016-04-07 20:00:00', '\0', '纭璁ゆ惰揣', null, null, '65536');
INSERT INTO `wemall_order_log` VALUES ('295397', '2016-04-07 20:00:00', '\0', '纭璁ゆ惰揣', null, null, '98304');
INSERT INTO `wemall_order_log` VALUES ('295398', '2016-04-07 20:00:00', '\0', '纭璁ゆ惰揣', null, null, '229377');
INSERT INTO `wemall_order_log` VALUES ('295399', '2016-04-07 20:00:00', '\0', '纭璁ゆ惰揣', null, null, '229378');
INSERT INTO `wemall_order_log` VALUES ('295400', '2016-04-07 20:00:01', '\0', '纭璁ゆ惰揣', null, null, '229390');
INSERT INTO `wemall_order_log` VALUES ('295401', '2016-04-07 20:00:01', '\0', '纭璁ゆ惰揣', null, null, '229391');
INSERT INTO `wemall_order_log` VALUES ('295402', '2016-04-07 20:00:01', '\0', '纭璁ゆ惰揣', null, null, '229409');
INSERT INTO `wemall_order_log` VALUES ('295403', '2016-04-07 20:00:01', '\0', '纭璁ゆ惰揣', null, null, '229425');
INSERT INTO `wemall_order_log` VALUES ('295404', '2016-04-07 20:30:00', '\0', '纭璁ゆ惰揣', null, null, '1');
INSERT INTO `wemall_order_log` VALUES ('295405', '2016-04-07 20:30:00', '\0', '纭璁ゆ惰揣', null, null, '32768');
INSERT INTO `wemall_order_log` VALUES ('295406', '2016-04-07 20:30:00', '\0', '纭璁ゆ惰揣', null, null, '65536');
INSERT INTO `wemall_order_log` VALUES ('295407', '2016-04-07 20:30:00', '\0', '纭璁ゆ惰揣', null, null, '98304');
INSERT INTO `wemall_order_log` VALUES ('295408', '2016-04-07 20:30:00', '\0', '纭璁ゆ惰揣', null, null, '229377');
INSERT INTO `wemall_order_log` VALUES ('295409', '2016-04-07 20:30:00', '\0', '纭璁ゆ惰揣', null, null, '229378');
INSERT INTO `wemall_order_log` VALUES ('295410', '2016-04-07 20:30:00', '\0', '纭璁ゆ惰揣', null, null, '229390');
INSERT INTO `wemall_order_log` VALUES ('295411', '2016-04-07 20:30:00', '\0', '纭璁ゆ惰揣', null, null, '229391');
INSERT INTO `wemall_order_log` VALUES ('295412', '2016-04-07 20:30:00', '\0', '纭璁ゆ惰揣', null, null, '229409');
INSERT INTO `wemall_order_log` VALUES ('295413', '2016-04-07 20:30:00', '\0', '纭璁ゆ惰揣', null, null, '229425');

-- ----------------------------
-- Table structure for wemall_partner
-- ----------------------------
DROP TABLE IF EXISTS `wemall_partner`;
CREATE TABLE `wemall_partner` (
  `id` bigint(20) NOT NULL AUTO_INCREMENT,
  `addTime` datetime DEFAULT NULL,
  `deleteStatus` bit(1) NOT NULL,
  `sequence` int(11) NOT NULL,
  `title` varchar(255) DEFAULT NULL,
  `url` varchar(255) DEFAULT NULL,
  `image_id` bigint(20) DEFAULT NULL,
  PRIMARY KEY (`id`),
  KEY `FK8A108CF1462F1969` (`image_id`),
  CONSTRAINT `FK8A108CF1462F1969` FOREIGN KEY (`image_id`) REFERENCES `wemall_accessory` (`id`)
) ENGINE=InnoDB DEFAULT CHARSET=utf8;

-- ----------------------------
-- Records of wemall_partner
-- ----------------------------

-- ----------------------------
-- Table structure for wemall_payment
-- ----------------------------
DROP TABLE IF EXISTS `wemall_payment`;
CREATE TABLE `wemall_payment` (
  `id` bigint(20) NOT NULL AUTO_INCREMENT,
  `addTime` datetime DEFAULT NULL,
  `deleteStatus` bit(1) NOT NULL,
  `chinabank_account` varchar(255) DEFAULT NULL,
  `chinabank_key` varchar(255) DEFAULT NULL,
  `content` longtext,
  `install` bit(1) NOT NULL,
  `interfaceType` int(11) NOT NULL,
  `mark` varchar(255) DEFAULT NULL,
  `merchantAcctId` varchar(255) DEFAULT NULL,
  `name` varchar(255) DEFAULT NULL,
  `partner` varchar(255) DEFAULT NULL,
  `pid` varchar(255) DEFAULT NULL,
  `rmbKey` varchar(255) DEFAULT NULL,
  `safeKey` varchar(255) DEFAULT NULL,
  `seller_email` varchar(255) DEFAULT NULL,
  `spname` varchar(255) DEFAULT NULL,
  `tenpay_key` varchar(255) DEFAULT NULL,
  `tenpay_partner` varchar(255) DEFAULT NULL,
  `trade_mode` int(11) NOT NULL,
  `type` varchar(255) DEFAULT NULL,
  `store_id` bigint(20) DEFAULT NULL,
  `alipay_divide_rate` decimal(12,2) DEFAULT NULL,
  `alipay_rate` decimal(12,2) DEFAULT NULL,
  `balance_divide_rate` decimal(12,2) DEFAULT NULL,
  `currency_code` varchar(255) DEFAULT NULL,
  `paypal_userId` varchar(255) DEFAULT NULL,
  `poundage` decimal(12,2) DEFAULT NULL,
  `lzbank_key` varchar(255) DEFAULT NULL,
  `lzbank_partner` varchar(255) DEFAULT NULL,
  `lzbank_trade_mode` varchar(255) DEFAULT NULL,
  `weixin_appId` longtext,
  `weixin_appSecret` longtext,
  `weixin_partnerId` longtext,
  `weixin_partnerKey` longtext,
  `weixin_paySignKey` longtext,
  PRIMARY KEY (`id`),
  KEY `FK8A6FE22F1C0CA9F2` (`store_id`),
  CONSTRAINT `FK8A6FE22F1C0CA9F2` FOREIGN KEY (`store_id`) REFERENCES `wemall_store` (`id`)
) ENGINE=InnoDB AUTO_INCREMENT=17 DEFAULT CHARSET=utf8;

-- ----------------------------
-- Records of wemall_payment
-- ----------------------------
INSERT INTO `wemall_payment` VALUES ('1', '2014-01-02 14:30:41', '\0', null, null, '', '', '0', 'alipay', null, null, '2088111998914580', null, null, '1kwnjaqfo9ssv663z4e8rti7w9d4bycr', 'admin@shopping.com', null, null, null, '0', 'user', '1', null, null, null, null, null, null, null, null, null, null, null, null, null, null);
INSERT INTO `wemall_payment` VALUES ('2', '2014-01-02 14:30:53', '\0', null, null, '', '', '0', 'outline', null, null, null, null, null, null, null, null, null, null, '0', 'user', '1', null, null, null, null, null, null, null, null, null, null, null, null, null, null);
INSERT INTO `wemall_payment` VALUES ('3', '2014-03-15 17:12:11', '\0', null, null, '', '', '0', 'balance', null, null, null, null, null, null, null, null, null, null, '0', 'user', '1', null, null, null, null, null, null, null, null, null, null, null, null, null, null);
INSERT INTO `wemall_payment` VALUES ('4', '2014-09-25 12:05:41', '\0', null, null, '', '', '1', 'alipay', null, null, '4sfs3423sdfdsfdsf', null, null, 'sdfsw23sdfs3242sdfsd', 'erikchang@163.com', null, null, null, '0', 'user', '32769', null, null, null, null, null, null, null, null, null, null, null, null, null, null);
INSERT INTO `wemall_payment` VALUES ('5', '2014-09-25 14:29:59', '\0', null, null, '', '', '0', 'outline', null, null, null, null, null, null, null, null, null, null, '0', 'user', '32769', null, null, null, null, null, null, null, null, null, null, null, null, null, null);
INSERT INTO `wemall_payment` VALUES ('6', '2014-09-27 17:33:33', '\0', null, null, null, '', '0', 'outline', null, '绾夸浠', null, null, null, null, null, null, null, null, '0', 'admin', null, null, null, null, null, null, null, null, null, null, null, null, null, null, null);
INSERT INTO `wemall_payment` VALUES ('7', '2014-10-09 18:03:39', '\0', null, null, '', '', '0', 'payafter', null, null, null, null, null, null, null, null, null, null, '0', 'user', '32768', null, null, null, null, null, null, null, null, null, null, null, null, null, null);
INSERT INTO `wemall_payment` VALUES ('9', '2014-10-31 12:33:04', '\0', null, null, '', '', '0', 'paypal', null, null, null, null, null, null, null, null, null, null, '0', 'user', '1', null, null, null, 'USD', 'erikchang@163.com', null, null, null, null, null, null, null, null, null);
INSERT INTO `wemall_payment` VALUES ('10', '2014-11-01 15:11:03', '\0', null, null, '', '\0', '0', 'alipay', null, null, '', null, null, '', '', null, null, null, '0', 'user', '32768', null, null, null, null, null, null, null, null, null, null, null, null, null, null);
INSERT INTO `wemall_payment` VALUES ('11', '2014-11-30 18:18:04', '\0', null, null, null, '', '0', 'alipay_wap', null, '浠瀹虹椤垫浠', '', null, null, '', '', null, null, null, '0', 'admin', null, null, null, null, null, null, null, null, null, null, null, null, null, null, null);
INSERT INTO `wemall_payment` VALUES ('12', '2014-12-02 12:16:30', '\0', null, null, '', '', '0', 'alipay_wap', null, null, '2088111998914580', null, null, '1kwnjaqfo9ssv663z4e8rti7w9d4bycr', 'admin@shopping.com', null, null, null, '0', 'user', '1', null, null, null, null, null, null, null, null, null, null, null, null, null, null);
INSERT INTO `wemall_payment` VALUES ('13', '2016-03-17 18:49:10', '\0', null, null, null, '', '0', 'weixin_wap', null, '寰淇″浼锋浠', null, null, null, null, null, null, null, null, '0', 'admin', null, null, null, null, null, null, null, null, null, null, 'wx54fe06bd789a0cfb', '334aeb4ab6ccaff38f21a1a8b92151d2', '1294039901', '00000000123456781234567800000000', '00000000123456781234567800000000');
INSERT INTO `wemall_payment` VALUES ('14', '2015-03-01 00:06:31', '\0', null, null, '4444', '', '0', 'alipay', null, null, '44444', null, null, '4444', '455444', null, null, null, '0', 'user', '32772', null, null, null, null, null, null, null, null, null, null, null, null, null, null);
INSERT INTO `wemall_payment` VALUES ('15', '2016-03-15 17:41:27', '\0', null, null, '123123', '', '1', 'alipay', null, null, '123123123', null, null, '123123', '123123', null, null, null, '0', 'user', '32774', null, null, null, null, null, null, null, null, null, null, null, null, null, null);
INSERT INTO `wemall_payment` VALUES ('16', '2016-04-07 11:04:37', '\0', null, null, null, '', '0', 'wxcodepay', null, '寰淇℃浠', null, null, null, null, null, null, null, null, '0', 'admin', null, null, null, null, null, null, null, null, null, null, 'wx54fe06bd789a0cfb', '334aeb4ab6ccaff38f21a1a8b92151d2', '1294039901', null, '00000000123456781234567800000000');

-- ----------------------------
-- Table structure for wemall_predeposit
-- ----------------------------
DROP TABLE IF EXISTS `wemall_predeposit`;
CREATE TABLE `wemall_predeposit` (
  `id` bigint(20) NOT NULL AUTO_INCREMENT,
  `addTime` datetime DEFAULT NULL,
  `deleteStatus` bit(1) NOT NULL,
  `pd_admin_info` longtext,
  `pd_amount` decimal(12,2) DEFAULT NULL,
  `pd_pay_status` int(11) NOT NULL,
  `pd_payment` varchar(255) DEFAULT NULL,
  `pd_remittance_bank` varchar(255) DEFAULT NULL,
  `pd_remittance_info` longtext,
  `pd_remittance_time` date DEFAULT NULL,
  `pd_remittance_user` varchar(255) DEFAULT NULL,
  `pd_sn` varchar(255) DEFAULT NULL,
  `pd_status` int(11) NOT NULL,
  `pd_admin_id` bigint(20) DEFAULT NULL,
  `pd_user_id` bigint(20) DEFAULT NULL,
  PRIMARY KEY (`id`),
  KEY `FKF0F9A9D28345AEE9` (`pd_admin_id`),
  KEY `FKF0F9A9D2758D0FB7` (`pd_user_id`),
  CONSTRAINT `FKF0F9A9D2758D0FB7` FOREIGN KEY (`pd_user_id`) REFERENCES `wemall_user` (`id`),
  CONSTRAINT `FKF0F9A9D28345AEE9` FOREIGN KEY (`pd_admin_id`) REFERENCES `wemall_user` (`id`)
) ENGINE=InnoDB DEFAULT CHARSET=utf8;

-- ----------------------------
-- Records of wemall_predeposit
-- ----------------------------

-- ----------------------------
-- Table structure for wemall_predeposit_cash
-- ----------------------------
DROP TABLE IF EXISTS `wemall_predeposit_cash`;
CREATE TABLE `wemall_predeposit_cash` (
  `id` bigint(20) NOT NULL AUTO_INCREMENT,
  `addTime` datetime DEFAULT NULL,
  `deleteStatus` bit(1) NOT NULL,
  `cash_account` varchar(255) DEFAULT NULL,
  `cash_admin_info` longtext,
  `cash_amount` decimal(12,2) DEFAULT NULL,
  `cash_bank` varchar(255) DEFAULT NULL,
  `cash_info` longtext,
  `cash_pay_status` int(11) NOT NULL,
  `cash_payment` varchar(255) DEFAULT NULL,
  `cash_sn` varchar(255) DEFAULT NULL,
  `cash_status` int(11) NOT NULL,
  `cash_userName` varchar(255) DEFAULT NULL,
  `cash_admin_id` bigint(20) DEFAULT NULL,
  `cash_user_id` bigint(20) DEFAULT NULL,
  PRIMARY KEY (`id`),
  KEY `FK916ADD807D5CDF6` (`cash_user_id`),
  KEY `FK916ADD803A14B88A` (`cash_admin_id`),
  CONSTRAINT `FK916ADD803A14B88A` FOREIGN KEY (`cash_admin_id`) REFERENCES `wemall_user` (`id`),
  CONSTRAINT `FK916ADD807D5CDF6` FOREIGN KEY (`cash_user_id`) REFERENCES `wemall_user` (`id`)
) ENGINE=InnoDB DEFAULT CHARSET=utf8;

-- ----------------------------
-- Records of wemall_predeposit_cash
-- ----------------------------

-- ----------------------------
-- Table structure for wemall_predeposit_log
-- ----------------------------
DROP TABLE IF EXISTS `wemall_predeposit_log`;
CREATE TABLE `wemall_predeposit_log` (
  `id` bigint(20) NOT NULL AUTO_INCREMENT,
  `addTime` datetime DEFAULT NULL,
  `deleteStatus` bit(1) NOT NULL,
  `pd_log_amount` decimal(12,2) DEFAULT NULL,
  `pd_log_info` longtext,
  `pd_op_type` varchar(255) DEFAULT NULL,
  `pd_type` varchar(255) DEFAULT NULL,
  `pd_log_admin_id` bigint(20) DEFAULT NULL,
  `pd_log_user_id` bigint(20) DEFAULT NULL,
  `predeposit_id` bigint(20) DEFAULT NULL,
  PRIMARY KEY (`id`),
  KEY `FKDD0C74D11B0A508B` (`pd_log_user_id`),
  KEY `FKDD0C74D1321DC511` (`predeposit_id`),
  KEY `FKDD0C74D14CCA9953` (`pd_log_admin_id`),
  CONSTRAINT `FKDD0C74D11B0A508B` FOREIGN KEY (`pd_log_user_id`) REFERENCES `wemall_user` (`id`),
  CONSTRAINT `FKDD0C74D1321DC511` FOREIGN KEY (`predeposit_id`) REFERENCES `wemall_predeposit` (`id`),
  CONSTRAINT `FKDD0C74D14CCA9953` FOREIGN KEY (`pd_log_admin_id`) REFERENCES `wemall_user` (`id`)
) ENGINE=InnoDB AUTO_INCREMENT=72 DEFAULT CHARSET=utf8;

-- ----------------------------
-- Records of wemall_predeposit_log
-- ----------------------------
INSERT INTO `wemall_predeposit_log` VALUES ('1', '2014-03-15 17:08:11', '\0', '10000.00', '', 'ㄤ慨', 'ㄩ瀛娆', '1', '1', null);
INSERT INTO `wemall_predeposit_log` VALUES ('2', '2014-03-15 17:14:36', '\0', '-190.00', '璁㈠120140315170930璐╁灏ㄩ瀛娆', '娑璐', 'ㄩ瀛娆', null, '1', null);
INSERT INTO `wemall_predeposit_log` VALUES ('3', '2014-03-15 17:17:46', '\0', '-190.00', '璁㈠120140315171723璐╁灏ㄩ瀛娆', '娑璐', 'ㄩ瀛娆', null, '1', null);
INSERT INTO `wemall_predeposit_log` VALUES ('4', '2016-04-06 11:30:01', '\0', '190.00', 'ㄧ‘璁ゆ惰揣澧棰瀛娆,璁㈠120140315170930', '澧', 'ㄩ瀛娆', null, '32768', null);
INSERT INTO `wemall_predeposit_log` VALUES ('5', '2016-04-06 11:30:01', '\0', '190.00', 'ㄧ‘璁ゆ惰揣澧棰瀛娆,璁㈠120140315171723', '澧', 'ㄩ瀛娆', null, '32768', null);
INSERT INTO `wemall_predeposit_log` VALUES ('6', '2016-04-06 12:00:00', '\0', '190.00', 'ㄧ‘璁ゆ惰揣澧棰瀛娆,璁㈠120140315170930', '澧', 'ㄩ瀛娆', null, '32768', null);
INSERT INTO `wemall_predeposit_log` VALUES ('7', '2016-04-06 12:00:00', '\0', '190.00', 'ㄧ‘璁ゆ惰揣澧棰瀛娆,璁㈠120140315171723', '澧', 'ㄩ瀛娆', null, '32768', null);
INSERT INTO `wemall_predeposit_log` VALUES ('8', '2016-04-06 12:30:00', '\0', '190.00', 'ㄧ‘璁ゆ惰揣澧棰瀛娆,璁㈠120140315170930', '澧', 'ㄩ瀛娆', null, '32768', null);
INSERT INTO `wemall_predeposit_log` VALUES ('9', '2016-04-06 12:30:00', '\0', '190.00', 'ㄧ‘璁ゆ惰揣澧棰瀛娆,璁㈠120140315171723', '澧', 'ㄩ瀛娆', null, '32768', null);
INSERT INTO `wemall_predeposit_log` VALUES ('10', '2016-04-06 13:00:00', '\0', '190.00', 'ㄧ‘璁ゆ惰揣澧棰瀛娆,璁㈠120140315170930', '澧', 'ㄩ瀛娆', null, '32768', null);
INSERT INTO `wemall_predeposit_log` VALUES ('11', '2016-04-06 13:00:00', '\0', '190.00', 'ㄧ‘璁ゆ惰揣澧棰瀛娆,璁㈠120140315171723', '澧', 'ㄩ瀛娆', null, '32768', null);
INSERT INTO `wemall_predeposit_log` VALUES ('12', '2016-04-06 14:00:00', '\0', '190.00', 'ㄧ‘璁ゆ惰揣澧棰瀛娆,璁㈠120140315170930', '澧', 'ㄩ瀛娆', null, '32768', null);
INSERT INTO `wemall_predeposit_log` VALUES ('13', '2016-04-06 14:00:00', '\0', '190.00', 'ㄧ‘璁ゆ惰揣澧棰瀛娆,璁㈠120140315171723', '澧', 'ㄩ瀛娆', null, '32768', null);
INSERT INTO `wemall_predeposit_log` VALUES ('14', '2016-04-06 14:30:00', '\0', '190.00', 'ㄧ‘璁ゆ惰揣澧棰瀛娆,璁㈠120140315170930', '澧', 'ㄩ瀛娆', null, '32768', null);
INSERT INTO `wemall_predeposit_log` VALUES ('15', '2016-04-06 14:30:00', '\0', '190.00', 'ㄧ‘璁ゆ惰揣澧棰瀛娆,璁㈠120140315171723', '澧', 'ㄩ瀛娆', null, '32768', null);
INSERT INTO `wemall_predeposit_log` VALUES ('16', '2016-04-06 15:00:01', '\0', '190.00', 'ㄧ‘璁ゆ惰揣澧棰瀛娆,璁㈠120140315170930', '澧', 'ㄩ瀛娆', null, '32768', null);
INSERT INTO `wemall_predeposit_log` VALUES ('17', '2016-04-06 15:00:01', '\0', '190.00', 'ㄧ‘璁ゆ惰揣澧棰瀛娆,璁㈠120140315171723', '澧', 'ㄩ瀛娆', null, '32768', null);
INSERT INTO `wemall_predeposit_log` VALUES ('18', '2016-04-06 16:00:00', '\0', '190.00', 'ㄧ‘璁ゆ惰揣澧棰瀛娆,璁㈠120140315170930', '澧', 'ㄩ瀛娆', null, '32768', null);
INSERT INTO `wemall_predeposit_log` VALUES ('19', '2016-04-06 16:00:00', '\0', '190.00', 'ㄧ‘璁ゆ惰揣澧棰瀛娆,璁㈠120140315171723', '澧', 'ㄩ瀛娆', null, '32768', null);
INSERT INTO `wemall_predeposit_log` VALUES ('20', '2016-04-06 16:30:01', '\0', '190.00', 'ㄧ‘璁ゆ惰揣澧棰瀛娆,璁㈠120140315170930', '澧', 'ㄩ瀛娆', null, '32768', null);
INSERT INTO `wemall_predeposit_log` VALUES ('21', '2016-04-06 16:30:01', '\0', '190.00', 'ㄧ‘璁ゆ惰揣澧棰瀛娆,璁㈠120140315171723', '澧', 'ㄩ瀛娆', null, '32768', null);
INSERT INTO `wemall_predeposit_log` VALUES ('22', '2016-04-06 17:00:00', '\0', '190.00', 'ㄧ‘璁ゆ惰揣澧棰瀛娆,璁㈠120140315170930', '澧', 'ㄩ瀛娆', null, '32768', null);
INSERT INTO `wemall_predeposit_log` VALUES ('23', '2016-04-06 17:00:00', '\0', '190.00', 'ㄧ‘璁ゆ惰揣澧棰瀛娆,璁㈠120140315171723', '澧', 'ㄩ瀛娆', null, '32768', null);
INSERT INTO `wemall_predeposit_log` VALUES ('24', '2016-04-06 17:30:00', '\0', '190.00', 'ㄧ‘璁ゆ惰揣澧棰瀛娆,璁㈠120140315170930', '澧', 'ㄩ瀛娆', null, '32768', null);
INSERT INTO `wemall_predeposit_log` VALUES ('25', '2016-04-06 17:30:00', '\0', '190.00', 'ㄧ‘璁ゆ惰揣澧棰瀛娆,璁㈠120140315171723', '澧', 'ㄩ瀛娆', null, '32768', null);
INSERT INTO `wemall_predeposit_log` VALUES ('26', '2016-04-06 18:00:01', '\0', '190.00', 'ㄧ‘璁ゆ惰揣澧棰瀛娆,璁㈠120140315170930', '澧', 'ㄩ瀛娆', null, '32768', null);
INSERT INTO `wemall_predeposit_log` VALUES ('27', '2016-04-06 18:00:01', '\0', '190.00', 'ㄧ‘璁ゆ惰揣澧棰瀛娆,璁㈠120140315171723', '澧', 'ㄩ瀛娆', null, '32768', null);
INSERT INTO `wemall_predeposit_log` VALUES ('28', '2016-04-06 18:30:00', '\0', '190.00', 'ㄧ‘璁ゆ惰揣澧棰瀛娆,璁㈠120140315170930', '澧', 'ㄩ瀛娆', null, '32768', null);
INSERT INTO `wemall_predeposit_log` VALUES ('29', '2016-04-06 18:30:00', '\0', '190.00', 'ㄧ‘璁ゆ惰揣澧棰瀛娆,璁㈠120140315171723', '澧', 'ㄩ瀛娆', null, '32768', null);
INSERT INTO `wemall_predeposit_log` VALUES ('30', '2016-04-06 19:00:00', '\0', '190.00', 'ㄧ‘璁ゆ惰揣澧棰瀛娆,璁㈠120140315170930', '澧', 'ㄩ瀛娆', null, '32768', null);
INSERT INTO `wemall_predeposit_log` VALUES ('31', '2016-04-06 19:00:00', '\0', '190.00', 'ㄧ‘璁ゆ惰揣澧棰瀛娆,璁㈠120140315171723', '澧', 'ㄩ瀛娆', null, '32768', null);
INSERT INTO `wemall_predeposit_log` VALUES ('32', '2016-04-06 19:30:00', '\0', '190.00', 'ㄧ‘璁ゆ惰揣澧棰瀛娆,璁㈠120140315170930', '澧', 'ㄩ瀛娆', null, '32768', null);
INSERT INTO `wemall_predeposit_log` VALUES ('33', '2016-04-06 19:30:00', '\0', '190.00', 'ㄧ‘璁ゆ惰揣澧棰瀛娆,璁㈠120140315171723', '澧', 'ㄩ瀛娆', null, '32768', null);
INSERT INTO `wemall_predeposit_log` VALUES ('34', '2016-04-06 20:00:00', '\0', '190.00', 'ㄧ‘璁ゆ惰揣澧棰瀛娆,璁㈠120140315170930', '澧', 'ㄩ瀛娆', null, '32768', null);
INSERT INTO `wemall_predeposit_log` VALUES ('35', '2016-04-06 20:00:00', '\0', '190.00', 'ㄧ‘璁ゆ惰揣澧棰瀛娆,璁㈠120140315171723', '澧', 'ㄩ瀛娆', null, '32768', null);
INSERT INTO `wemall_predeposit_log` VALUES ('36', '2016-04-06 20:30:01', '\0', '190.00', 'ㄧ‘璁ゆ惰揣澧棰瀛娆,璁㈠120140315170930', '澧', 'ㄩ瀛娆', null, '32768', null);
INSERT INTO `wemall_predeposit_log` VALUES ('37', '2016-04-06 20:30:01', '\0', '190.00', 'ㄧ‘璁ゆ惰揣澧棰瀛娆,璁㈠120140315171723', '澧', 'ㄩ瀛娆', null, '32768', null);
INSERT INTO `wemall_predeposit_log` VALUES ('38', '2016-04-07 10:00:01', '\0', '190.00', 'ㄧ‘璁ゆ惰揣澧棰瀛娆,璁㈠120140315170930', '澧', 'ㄩ瀛娆', null, '32768', null);
INSERT INTO `wemall_predeposit_log` VALUES ('39', '2016-04-07 10:00:01', '\0', '190.00', 'ㄧ‘璁ゆ惰揣澧棰瀛娆,璁㈠120140315171723', '澧', 'ㄩ瀛娆', null, '32768', null);
INSERT INTO `wemall_predeposit_log` VALUES ('40', '2016-04-07 10:30:00', '\0', '190.00', 'ㄧ‘璁ゆ惰揣澧棰瀛娆,璁㈠120140315170930', '澧', 'ㄩ瀛娆', null, '32768', null);
INSERT INTO `wemall_predeposit_log` VALUES ('41', '2016-04-07 10:30:00', '\0', '190.00', 'ㄧ‘璁ゆ惰揣澧棰瀛娆,璁㈠120140315171723', '澧', 'ㄩ瀛娆', null, '32768', null);
INSERT INTO `wemall_predeposit_log` VALUES ('42', '2016-04-07 11:00:00', '\0', '190.00', 'ㄧ‘璁ゆ惰揣澧棰瀛娆,璁㈠120140315170930', '澧', 'ㄩ瀛娆', null, '32768', null);
INSERT INTO `wemall_predeposit_log` VALUES ('43', '2016-04-07 11:00:00', '\0', '190.00', 'ㄧ‘璁ゆ惰揣澧棰瀛娆,璁㈠120140315171723', '澧', 'ㄩ瀛娆', null, '32768', null);
INSERT INTO `wemall_predeposit_log` VALUES ('44', '2016-04-07 11:30:00', '\0', '190.00', 'ㄧ‘璁ゆ惰揣澧棰瀛娆,璁㈠120140315170930', '澧', 'ㄩ瀛娆', null, '32768', null);
INSERT INTO `wemall_predeposit_log` VALUES ('45', '2016-04-07 11:30:00', '\0', '190.00', 'ㄧ‘璁ゆ惰揣澧棰瀛娆,璁㈠120140315171723', '澧', 'ㄩ瀛娆', null, '32768', null);
INSERT INTO `wemall_predeposit_log` VALUES ('46', '2016-04-07 12:00:00', '\0', '190.00', 'ㄧ‘璁ゆ惰揣澧棰瀛娆,璁㈠120140315170930', '澧', 'ㄩ瀛娆', null, '32768', null);
INSERT INTO `wemall_predeposit_log` VALUES ('47', '2016-04-07 12:00:00', '\0', '190.00', 'ㄧ‘璁ゆ惰揣澧棰瀛娆,璁㈠120140315171723', '澧', 'ㄩ瀛娆', null, '32768', null);
INSERT INTO `wemall_predeposit_log` VALUES ('48', '2016-04-07 12:30:00', '\0', '190.00', 'ㄧ‘璁ゆ惰揣澧棰瀛娆,璁㈠120140315170930', '澧', 'ㄩ瀛娆', null, '32768', null);
INSERT INTO `wemall_predeposit_log` VALUES ('49', '2016-04-07 12:30:00', '\0', '190.00', 'ㄧ‘璁ゆ惰揣澧棰瀛娆,璁㈠120140315171723', '澧', 'ㄩ瀛娆', null, '32768', null);
INSERT INTO `wemall_predeposit_log` VALUES ('50', '2016-04-07 13:00:01', '\0', '190.00', 'ㄧ‘璁ゆ惰揣澧棰瀛娆,璁㈠120140315170930', '澧', 'ㄩ瀛娆', null, '32768', null);
INSERT INTO `wemall_predeposit_log` VALUES ('51', '2016-04-07 13:00:01', '\0', '190.00', 'ㄧ‘璁ゆ惰揣澧棰瀛娆,璁㈠120140315171723', '澧', 'ㄩ瀛娆', null, '32768', null);
INSERT INTO `wemall_predeposit_log` VALUES ('52', '2016-04-07 13:30:01', '\0', '190.00', 'ㄧ‘璁ゆ惰揣澧棰瀛娆,璁㈠120140315170930', '澧', 'ㄩ瀛娆', null, '32768', null);
INSERT INTO `wemall_predeposit_log` VALUES ('53', '2016-04-07 13:30:01', '\0', '190.00', 'ㄧ‘璁ゆ惰揣澧棰瀛娆,璁㈠120140315171723', '澧', 'ㄩ瀛娆', null, '32768', null);
INSERT INTO `wemall_predeposit_log` VALUES ('54', '2016-04-07 16:30:01', '\0', '190.00', 'ㄧ‘璁ゆ惰揣澧棰瀛娆,璁㈠120140315170930', '澧', 'ㄩ瀛娆', null, '32768', null);
INSERT INTO `wemall_predeposit_log` VALUES ('55', '2016-04-07 16:30:01', '\0', '190.00', 'ㄧ‘璁ゆ惰揣澧棰瀛娆,璁㈠120140315171723', '澧', 'ㄩ瀛娆', null, '32768', null);
INSERT INTO `wemall_predeposit_log` VALUES ('56', '2016-04-07 17:00:00', '\0', '190.00', 'ㄧ‘璁ゆ惰揣澧棰瀛娆,璁㈠120140315170930', '澧', 'ㄩ瀛娆', null, '32768', null);
INSERT INTO `wemall_predeposit_log` VALUES ('57', '2016-04-07 17:00:00', '\0', '190.00', 'ㄧ‘璁ゆ惰揣澧棰瀛娆,璁㈠120140315171723', '澧', 'ㄩ瀛娆', null, '32768', null);
INSERT INTO `wemall_predeposit_log` VALUES ('58', '2016-04-07 17:30:00', '\0', '190.00', 'ㄧ‘璁ゆ惰揣澧棰瀛娆,璁㈠120140315170930', '澧', 'ㄩ瀛娆', null, '32768', null);
INSERT INTO `wemall_predeposit_log` VALUES ('59', '2016-04-07 17:30:01', '\0', '190.00', 'ㄧ‘璁ゆ惰揣澧棰瀛娆,璁㈠120140315171723', '澧', 'ㄩ瀛娆', null, '32768', null);
INSERT INTO `wemall_predeposit_log` VALUES ('60', '2016-04-07 18:00:00', '\0', '190.00', 'ㄧ‘璁ゆ惰揣澧棰瀛娆,璁㈠120140315170930', '澧', 'ㄩ瀛娆', null, '32768', null);
INSERT INTO `wemall_predeposit_log` VALUES ('61', '2016-04-07 18:00:00', '\0', '190.00', 'ㄧ‘璁ゆ惰揣澧棰瀛娆,璁㈠120140315171723', '澧', 'ㄩ瀛娆', null, '32768', null);
INSERT INTO `wemall_predeposit_log` VALUES ('62', '2016-04-07 18:30:00', '\0', '190.00', 'ㄧ‘璁ゆ惰揣澧棰瀛娆,璁㈠120140315170930', '澧', 'ㄩ瀛娆', null, '32768', null);
INSERT INTO `wemall_predeposit_log` VALUES ('63', '2016-04-07 18:30:00', '\0', '190.00', 'ㄧ‘璁ゆ惰揣澧棰瀛娆,璁㈠120140315171723', '澧', 'ㄩ瀛娆', null, '32768', null);
INSERT INTO `wemall_predeposit_log` VALUES ('64', '2016-04-07 19:00:00', '\0', '190.00', 'ㄧ‘璁ゆ惰揣澧棰瀛娆,璁㈠120140315170930', '澧', 'ㄩ瀛娆', null, '32768', null);
INSERT INTO `wemall_predeposit_log` VALUES ('65', '2016-04-07 19:00:00', '\0', '190.00', 'ㄧ‘璁ゆ惰揣澧棰瀛娆,璁㈠120140315171723', '澧', 'ㄩ瀛娆', null, '32768', null);
INSERT INTO `wemall_predeposit_log` VALUES ('66', '2016-04-07 19:30:01', '\0', '190.00', 'ㄧ‘璁ゆ惰揣澧棰瀛娆,璁㈠120140315170930', '澧', 'ㄩ瀛娆', null, '32768', null);
INSERT INTO `wemall_predeposit_log` VALUES ('67', '2016-04-07 19:30:01', '\0', '190.00', 'ㄧ‘璁ゆ惰揣澧棰瀛娆,璁㈠120140315171723', '澧', 'ㄩ瀛娆', null, '32768', null);
INSERT INTO `wemall_predeposit_log` VALUES ('68', '2016-04-07 20:00:00', '\0', '190.00', 'ㄧ‘璁ゆ惰揣澧棰瀛娆,璁㈠120140315170930', '澧', 'ㄩ瀛娆', null, '32768', null);
INSERT INTO `wemall_predeposit_log` VALUES ('69', '2016-04-07 20:00:01', '\0', '190.00', 'ㄧ‘璁ゆ惰揣澧棰瀛娆,璁㈠120140315171723', '澧', 'ㄩ瀛娆', null, '32768', null);
INSERT INTO `wemall_predeposit_log` VALUES ('70', '2016-04-07 20:30:00', '\0', '190.00', 'ㄧ‘璁ゆ惰揣澧棰瀛娆,璁㈠120140315170930', '澧', 'ㄩ瀛娆', null, '32768', null);
INSERT INTO `wemall_predeposit_log` VALUES ('71', '2016-04-07 20:30:00', '\0', '190.00', 'ㄧ‘璁ゆ惰揣澧棰瀛娆,璁㈠120140315171723', '澧', 'ㄩ瀛娆', null, '32768', null);

-- ----------------------------
-- Table structure for wemall_refund_log
-- ----------------------------
DROP TABLE IF EXISTS `wemall_refund_log`;
CREATE TABLE `wemall_refund_log` (
  `id` bigint(20) NOT NULL AUTO_INCREMENT,
  `addTime` datetime DEFAULT NULL,
  `deleteStatus` bit(1) NOT NULL,
  `refund` decimal(12,2) DEFAULT NULL,
  `refund_id` varchar(255) DEFAULT NULL,
  `refund_log` varchar(255) DEFAULT NULL,
  `refund_type` varchar(255) DEFAULT NULL,
  `of_id` bigint(20) DEFAULT NULL,
  `refund_user_id` bigint(20) DEFAULT NULL,
  PRIMARY KEY (`id`),
  KEY `FKC075AFCE8E17FA8A` (`refund_user_id`),
  KEY `FKC075AFCE9F21119E` (`of_id`),
  CONSTRAINT `FKC075AFCE8E17FA8A` FOREIGN KEY (`refund_user_id`) REFERENCES `wemall_user` (`id`),
  CONSTRAINT `FKC075AFCE9F21119E` FOREIGN KEY (`of_id`) REFERENCES `wemall_orderform` (`id`)
) ENGINE=InnoDB DEFAULT CHARSET=utf8;

-- ----------------------------
-- Records of wemall_refund_log
-- ----------------------------

-- ----------------------------
-- Table structure for wemall_report
-- ----------------------------
DROP TABLE IF EXISTS `wemall_report`;
CREATE TABLE `wemall_report` (
  `id` bigint(20) NOT NULL AUTO_INCREMENT,
  `addTime` datetime DEFAULT NULL,
  `deleteStatus` bit(1) NOT NULL,
  `content` longtext,
  `handle_Time` datetime DEFAULT NULL,
  `handle_info` longtext,
  `result` int(11) NOT NULL,
  `status` int(11) NOT NULL,
  `acc1_id` bigint(20) DEFAULT NULL,
  `acc2_id` bigint(20) DEFAULT NULL,
  `acc3_id` bigint(20) DEFAULT NULL,
  `goods_id` bigint(20) DEFAULT NULL,
  `subject_id` bigint(20) DEFAULT NULL,
  `user_id` bigint(20) DEFAULT NULL,
  PRIMARY KEY (`id`),
  KEY `FKEBD95F85A995E663` (`goods_id`),
  KEY `FKEBD95F85C84755CF` (`subject_id`),
  KEY `FKEBD95F85EBD92B44` (`acc2_id`),
  KEY `FKEBD95F85537B6C51` (`user_id`),
  KEY `FKEBD95F85EBD99FA3` (`acc3_id`),
  KEY `FKEBD95F85EBD8B6E5` (`acc1_id`),
  CONSTRAINT `FKEBD95F85537B6C51` FOREIGN KEY (`user_id`) REFERENCES `wemall_user` (`id`),
  CONSTRAINT `FKEBD95F85A995E663` FOREIGN KEY (`goods_id`) REFERENCES `wemall_goods` (`id`),
  CONSTRAINT `FKEBD95F85C84755CF` FOREIGN KEY (`subject_id`) REFERENCES `wemall_report_subject` (`id`),
  CONSTRAINT `FKEBD95F85EBD8B6E5` FOREIGN KEY (`acc1_id`) REFERENCES `wemall_accessory` (`id`),
  CONSTRAINT `FKEBD95F85EBD92B44` FOREIGN KEY (`acc2_id`) REFERENCES `wemall_accessory` (`id`),
  CONSTRAINT `FKEBD95F85EBD99FA3` FOREIGN KEY (`acc3_id`) REFERENCES `wemall_accessory` (`id`)
) ENGINE=InnoDB DEFAULT CHARSET=utf8;

-- ----------------------------
-- Records of wemall_report
-- ----------------------------

-- ----------------------------
-- Table structure for wemall_report_subject
-- ----------------------------
DROP TABLE IF EXISTS `wemall_report_subject`;
CREATE TABLE `wemall_report_subject` (
  `id` bigint(20) NOT NULL AUTO_INCREMENT,
  `addTime` datetime DEFAULT NULL,
  `deleteStatus` bit(1) NOT NULL,
  `title` varchar(255) DEFAULT NULL,
  `type_id` bigint(20) DEFAULT NULL,
  PRIMARY KEY (`id`),
  KEY `FK8CD20672965F1C05` (`type_id`),
  CONSTRAINT `FK8CD20672965F1C05` FOREIGN KEY (`type_id`) REFERENCES `wemall_report_type` (`id`)
) ENGINE=InnoDB DEFAULT CHARSET=utf8;

-- ----------------------------
-- Records of wemall_report_subject
-- ----------------------------

-- ----------------------------
-- Table structure for wemall_report_type
-- ----------------------------
DROP TABLE IF EXISTS `wemall_report_type`;
CREATE TABLE `wemall_report_type` (
  `id` bigint(20) NOT NULL AUTO_INCREMENT,
  `addTime` datetime DEFAULT NULL,
  `deleteStatus` bit(1) NOT NULL,
  `content` longtext,
  `name` varchar(255) DEFAULT NULL,
  PRIMARY KEY (`id`)
) ENGINE=InnoDB AUTO_INCREMENT=2 DEFAULT CHARSET=utf8;

-- ----------------------------
-- Records of wemall_report_type
-- ----------------------------
INSERT INTO `wemall_report_type` VALUES ('1', '2015-03-02 20:02:54', '\0', '琚剧瀹', '琚涓炬');

-- ----------------------------
-- Table structure for wemall_res
-- ----------------------------
DROP TABLE IF EXISTS `wemall_res`;
CREATE TABLE `wemall_res` (
  `id` bigint(20) NOT NULL AUTO_INCREMENT,
  `addTime` datetime DEFAULT NULL,
  `deleteStatus` bit(1) NOT NULL,
  `info` varchar(255) DEFAULT NULL,
  `resName` varchar(255) DEFAULT NULL,
  `sequence` int(11) NOT NULL,
  `type` varchar(255) DEFAULT NULL,
  `value` varchar(255) DEFAULT NULL,
  PRIMARY KEY (`id`)
) ENGINE=InnoDB AUTO_INCREMENT=779 DEFAULT CHARSET=utf8;

-- ----------------------------
-- Records of wemall_res
-- ----------------------------
INSERT INTO `wemall_res` VALUES ('1', '2015-02-26 14:59:09', '\0', null, '扮＄', '0', 'URL', '/admin/index.htm*');
INSERT INTO `wemall_res` VALUES ('2', '2015-02-26 14:59:09', '\0', null, '娆㈣椤甸', '0', 'URL', null);
INSERT INTO `wemall_res` VALUES ('3', '2015-02-26 14:59:09', '\0', null, '充浠', '0', 'URL', null);
INSERT INTO `wemall_res` VALUES ('4', '2015-02-26 14:59:09', '\0', null, '绔硅剧疆', '0', 'URL', '/admin/set_site.htm*');
INSERT INTO `wemall_res` VALUES ('5', '2015-02-26 14:59:09', '\0', null, '涓浼璁剧疆', '0', 'URL', '/admin/set_image.htm*');
INSERT INTO `wemall_res` VALUES ('6', '2015-02-26 14:59:09', '\0', null, 'Email璁剧疆', '0', 'URL', '/admin/set_email.htm*');
INSERT INTO `wemall_res` VALUES ('7', '2015-02-26 14:59:09', '\0', null, '淇¤剧疆', '0', 'URL', null);
INSERT INTO `wemall_res` VALUES ('8', '2015-02-26 14:59:09', '\0', null, 'SEO璁剧疆', '0', 'URL', '/admin/set_seo.htm*');
INSERT INTO `wemall_res` VALUES ('9', '2015-02-26 14:59:09', '\0', null, 'QQ浜诲', '0', 'URL', null);
INSERT INTO `wemall_res` VALUES ('10', '2015-02-26 14:59:09', '\0', null, '娑璁剧疆', '0', 'URL', '/admin/set_fenrun.htm*');
INSERT INTO `wemall_res` VALUES ('11', '2015-02-26 14:59:10', '\0', null, '淇瀛缃', '0', 'URL', null);
INSERT INTO `wemall_res` VALUES ('12', '2015-02-26 14:59:10', '\0', null, '浜绾у璁剧疆', '0', 'URL', '/admin/set_second_domain.htm*');
INSERT INTO `wemall_res` VALUES ('13', '2015-02-26 14:59:10', '\0', null, '浜绾у璁剧疆淇瀛', '0', 'URL', null);
INSERT INTO `wemall_res` VALUES ('14', '2015-02-26 14:59:10', '\0', null, '淇瀛娑璁剧疆', '0', 'URL', null);
INSERT INTO `wemall_res` VALUES ('15', '2015-02-26 14:59:10', '\0', null, 'websiteCss璁剧疆', '0', 'URL', null);
INSERT INTO `wemall_res` VALUES ('16', '2015-02-26 14:59:10', '\0', null, '浠瑰琛', '0', 'URL', '/admin/payment_list.htm*');
INSERT INTO `wemall_res` VALUES ('17', '2015-02-26 14:59:10', '\0', null, '浠瑰璁剧疆', '0', 'URL', null);
INSERT INTO `wemall_res` VALUES ('18', '2015-02-26 14:59:10', '\0', null, '浠瑰缂杈', '0', 'URL', null);
INSERT INTO `wemall_res` VALUES ('19', '2015-02-26 14:59:10', '\0', null, '浠瑰淇瀛', '0', 'URL', null);
INSERT INTO `wemall_res` VALUES ('20', '2015-02-26 14:59:10', '\0', null, '骞冲版浠瑰璁剧疆', '0', 'URL', null);
INSERT INTO `wemall_res` VALUES ('21', '2015-02-26 14:59:10', '\0', null, '妯℃夸瀛', '0', 'URL', null);
INSERT INTO `wemall_res` VALUES ('22', '2015-02-26 14:59:10', '\0', null, '妯℃跨杈', '0', 'URL', null);
INSERT INTO `wemall_res` VALUES ('23', '2015-02-26 14:59:11', '\0', null, '妯℃垮', '0', 'URL', null);
INSERT INTO `wemall_res` VALUES ('24', '2015-02-26 14:59:11', '\0', null, '妯℃垮琛', '0', 'URL', '/admin/template_list.htm*');
INSERT INTO `wemall_res` VALUES ('25', '2015-02-26 14:59:11', '\0', null, '妯℃AJAX存', '0', 'URL', null);
INSERT INTO `wemall_res` VALUES ('26', '2015-02-26 14:59:11', '\0', null, '妯℃挎坊', '0', 'URL', null);
INSERT INTO `wemall_res` VALUES ('27', '2015-02-26 14:59:11', '\0', null, '妯℃跨杈', '0', 'URL', null);
INSERT INTO `wemall_res` VALUES ('28', '2015-02-26 14:59:11', '\0', null, '板哄琛', '0', 'URL', '/admin/area_list.htm*');
INSERT INTO `wemall_res` VALUES ('29', '2015-02-26 14:59:11', '\0', null, '板轰瀛', '0', 'URL', null);
INSERT INTO `wemall_res` VALUES ('30', '2015-02-26 14:59:11', '\0', null, '板哄', '0', 'URL', null);
INSERT INTO `wemall_res` VALUES ('31', '2015-02-26 14:59:11', '\0', null, '板哄煎', '0', 'URL', null);
INSERT INTO `wemall_res` VALUES ('32', '2015-02-26 14:59:11', '\0', null, '板Ajax缂杈', '0', 'URL', null);
INSERT INTO `wemall_res` VALUES ('33', '2015-02-26 14:59:11', '\0', null, '杩璐瑰板哄琛', '0', 'URL', '/admin/trans_area_list.htm*');
INSERT INTO `wemall_res` VALUES ('34', '2015-02-26 14:59:11', '\0', null, '杩璐瑰板轰瀛', '0', 'URL', null);
INSERT INTO `wemall_res` VALUES ('35', '2015-02-26 14:59:11', '\0', null, '杩璐瑰板哄', '0', 'URL', null);
INSERT INTO `wemall_res` VALUES ('36', '2015-02-26 14:59:11', '\0', null, '杩璐瑰板Ajax存', '0', 'URL', null);
INSERT INTO `wemall_res` VALUES ('37', '2015-02-26 14:59:12', '\0', null, 'AJAX存', '0', 'URL', null);
INSERT INTO `wemall_res` VALUES ('38', '2015-02-26 14:59:12', '\0', null, '娣诲', '0', 'URL', null);
INSERT INTO `wemall_res` VALUES ('39', '2015-02-26 14:59:12', '\0', null, '杩瑙琛', '0', 'URL', null);
INSERT INTO `wemall_res` VALUES ('40', '2015-02-26 14:59:12', '\0', null, '琛', '0', 'URL', '/admin/goods_list.htm*');
INSERT INTO `wemall_res` VALUES ('41', '2015-02-26 14:59:12', '\0', null, '缂杈', '0', 'URL', null);
INSERT INTO `wemall_res` VALUES ('42', '2015-02-26 14:59:12', '\0', null, '淇瀛', '0', 'URL', null);
INSERT INTO `wemall_res` VALUES ('43', '2015-02-26 14:59:12', '\0', null, '', '0', 'URL', null);
INSERT INTO `wemall_res` VALUES ('44', '2015-02-26 14:59:12', '\0', null, '绫诲琛', '0', 'URL', '/admin/goods_class_list.htm*');
INSERT INTO `wemall_res` VALUES ('45', '2015-02-26 14:59:12', '\0', null, '绫绘坊', '0', 'URL', null);
INSERT INTO `wemall_res` VALUES ('46', '2015-02-26 14:59:12', '\0', null, '绫荤杈', '0', 'URL', null);
INSERT INTO `wemall_res` VALUES ('47', '2015-02-26 14:59:12', '\0', null, '绫讳瀛', '0', 'URL', null);
INSERT INTO `wemall_res` VALUES ('48', '2015-02-26 14:59:12', '\0', null, '绫讳绾у杞', '0', 'URL', null);
INSERT INTO `wemall_res` VALUES ('49', '2015-02-26 14:59:13', '\0', null, '绫Ajax存', '0', 'URL', null);
INSERT INTO `wemall_res` VALUES ('50', '2015-02-26 14:59:13', '\0', null, '绫绘归ㄨ', '0', 'URL', null);
INSERT INTO `wemall_res` VALUES ('51', '2015-02-26 14:59:13', '\0', null, '绫绘归', '0', 'URL', null);
INSERT INTO `wemall_res` VALUES ('52', '2015-02-26 14:59:13', '\0', null, '娣诲', '0', 'URL', null);
INSERT INTO `wemall_res` VALUES ('53', '2015-02-26 14:59:13', '\0', null, '琛', '0', 'URL', '/admin/goods_brand_list.htm*');
INSERT INTO `wemall_res` VALUES ('54', '2015-02-26 14:59:13', '\0', null, '淇瀛', '0', 'URL', null);
INSERT INTO `wemall_res` VALUES ('55', '2015-02-26 14:59:13', '\0', null, '', '0', 'URL', null);
INSERT INTO `wemall_res` VALUES ('56', '2015-02-26 14:59:13', '\0', null, '寰瀹℃稿琛', '0', 'URL', null);
INSERT INTO `wemall_res` VALUES ('57', '2015-02-26 14:59:13', '\0', null, 'AJAX存', '0', 'URL', null);
INSERT INTO `wemall_res` VALUES ('58', '2015-02-26 14:59:13', '\0', null, '缂杈', '0', 'URL', null);
INSERT INTO `wemall_res` VALUES ('59', '2015-02-26 14:59:14', '\0', null, '瀹℃搁杩', '0', 'URL', null);
INSERT INTO `wemall_res` VALUES ('60', '2015-02-26 14:59:14', '\0', null, '瀹℃告缁', '0', 'URL', null);
INSERT INTO `wemall_res` VALUES ('61', '2015-02-26 14:59:14', '\0', null, '绫诲娣诲', '0', 'URL', null);
INSERT INTO `wemall_res` VALUES ('62', '2015-02-26 14:59:14', '\0', null, '绫诲琛', '0', 'URL', '/admin/goods_type_list.htm*');
INSERT INTO `wemall_res` VALUES ('63', '2015-02-26 14:59:14', '\0', null, '绫诲淇瀛', '0', 'URL', null);
INSERT INTO `wemall_res` VALUES ('64', '2015-02-26 14:59:14', '\0', null, '绫诲', '0', 'URL', null);
INSERT INTO `wemall_res` VALUES ('65', '2015-02-26 14:59:14', '\0', null, '绫诲AJAX存', '0', 'URL', null);
INSERT INTO `wemall_res` VALUES ('66', '2015-02-26 14:59:14', '\0', null, '绫诲灞AJAX', '0', 'URL', null);
INSERT INTO `wemall_res` VALUES ('67', '2015-02-26 14:59:14', '\0', null, '绫诲缂杈', '0', 'URL', null);
INSERT INTO `wemall_res` VALUES ('68', '2015-02-26 14:59:14', '\0', null, '瑙兼坊', '0', 'URL', null);
INSERT INTO `wemall_res` VALUES ('69', '2015-02-26 14:59:14', '\0', null, '瑙煎琛', '0', 'URL', '/admin/goods_spec_list.htm*');
INSERT INTO `wemall_res` VALUES ('70', '2015-02-26 14:59:14', '\0', null, '瑙间瀛', '0', 'URL', null);
INSERT INTO `wemall_res` VALUES ('71', '2015-02-26 14:59:15', '\0', null, '瑙煎', '0', 'URL', null);
INSERT INTO `wemall_res` VALUES ('72', '2015-02-26 14:59:15', '\0', null, '瑙AJAX存', '0', 'URL', null);
INSERT INTO `wemall_res` VALUES ('73', '2015-02-26 14:59:15', '\0', null, '瑙煎AJAX', '0', 'URL', null);
INSERT INTO `wemall_res` VALUES ('74', '2015-02-26 14:59:15', '\0', null, '瑙肩杈', '0', 'URL', null);
INSERT INTO `wemall_res` VALUES ('75', '2015-02-26 14:59:15', '\0', null, '茬疆琛', '0', 'URL', '/admin/sparegoods_list.htm*');
INSERT INTO `wemall_res` VALUES ('76', '2015-02-26 14:59:15', '\0', null, '茬疆涓朵跺', '0', 'URL', null);
INSERT INTO `wemall_res` VALUES ('77', '2015-02-26 14:59:15', '\0', null, '茬疆淇℃', '0', 'URL', null);
INSERT INTO `wemall_res` VALUES ('78', '2015-02-26 14:59:15', '\0', null, '茬疆AJAX存', '0', 'URL', null);
INSERT INTO `wemall_res` VALUES ('79', '2015-02-26 14:59:15', '\0', null, '茬疆绫诲琛', '0', 'URL', '/admin/sparegoods_class_list.htm*');
INSERT INTO `wemall_res` VALUES ('80', '2015-02-26 14:59:15', '\0', null, '茬疆绫绘坊', '0', 'URL', null);
INSERT INTO `wemall_res` VALUES ('81', '2015-02-26 14:59:15', '\0', null, '茬疆绫荤杈', '0', 'URL', null);
INSERT INTO `wemall_res` VALUES ('82', '2015-02-26 14:59:16', '\0', null, '茬疆绫讳瀛', '0', 'URL', null);
INSERT INTO `wemall_res` VALUES ('83', '2015-02-26 14:59:16', '\0', null, '茬疆绫诲', '0', 'URL', null);
INSERT INTO `wemall_res` VALUES ('84', '2015-02-26 14:59:16', '\0', null, '茬疆绫Ajax存', '0', 'URL', null);
INSERT INTO `wemall_res` VALUES ('85', '2015-02-26 14:59:16', '\0', null, '茬疆绫讳绾у杞', '0', 'URL', null);
INSERT INTO `wemall_res` VALUES ('86', '2015-02-26 14:59:16', '\0', null, '茬疆绫婚璇瀛', '0', 'URL', null);
INSERT INTO `wemall_res` VALUES ('87', '2015-02-26 14:59:16', '\0', null, '搴哄琛', '0', 'URL', '/admin/store_list.htm*');
INSERT INTO `wemall_res` VALUES ('88', '2015-02-26 14:59:16', '\0', null, '搴烘坊1', '0', 'URL', null);
INSERT INTO `wemall_res` VALUES ('89', '2015-02-26 14:59:16', '\0', null, '搴虹杈', '0', 'URL', null);
INSERT INTO `wemall_res` VALUES ('90', '2015-02-26 14:59:16', '\0', null, '搴轰瀛', '0', 'URL', null);
INSERT INTO `wemall_res` VALUES ('91', '2015-02-26 14:59:16', '\0', null, '搴烘坊2', '0', 'URL', null);
INSERT INTO `wemall_res` VALUES ('92', '2015-02-26 14:59:17', '\0', null, '搴哄', '0', 'URL', null);
INSERT INTO `wemall_res` VALUES ('93', '2015-02-26 14:59:17', '\0', null, '搴AJAX存', '0', 'URL', null);
INSERT INTO `wemall_res` VALUES ('94', '2015-02-26 14:59:17', '\0', null, '瀹朵俊', '0', 'URL', '/admin/store_base.htm*');
INSERT INTO `wemall_res` VALUES ('95', '2015-02-26 14:59:17', '\0', null, '瀹朵俊ㄤ瀛', '0', 'URL', null);
INSERT INTO `wemall_res` VALUES ('96', '2015-02-26 14:59:17', '\0', null, '搴烘ā', '0', 'URL', '/admin/store_template.htm*');
INSERT INTO `wemall_res` VALUES ('97', '2015-02-26 14:59:17', '\0', null, '搴烘ā垮', '0', 'URL', null);
INSERT INTO `wemall_res` VALUES ('98', '2015-02-26 14:59:17', '\0', null, '搴烘ā夸瀛', '0', 'URL', null);
INSERT INTO `wemall_res` VALUES ('99', '2015-02-26 14:59:17', '\0', null, '搴哄绾у琛', '0', 'URL', null);
INSERT INTO `wemall_res` VALUES ('100', '2015-02-26 14:59:17', '\0', null, '搴哄绾х杈', '0', 'URL', null);
INSERT INTO `wemall_res` VALUES ('101', '2015-02-26 14:59:17', '\0', null, '搴哄绾т瀛', '0', 'URL', null);
INSERT INTO `wemall_res` VALUES ('102', '2015-02-26 14:59:18', '\0', null, '搴哄绾фュョ', '0', 'URL', null);
INSERT INTO `wemall_res` VALUES ('103', '2015-02-26 14:59:18', '\0', null, '搴虹绾у琛', '0', 'URL', '/admin/storegrade_list.htm*');
INSERT INTO `wemall_res` VALUES ('104', '2015-02-26 14:59:18', '\0', null, '搴虹绾ф坊', '0', 'URL', null);
INSERT INTO `wemall_res` VALUES ('105', '2015-02-26 14:59:18', '\0', null, '搴虹绾х杈', '0', 'URL', null);
INSERT INTO `wemall_res` VALUES ('106', '2015-02-26 14:59:18', '\0', null, '搴虹绾т瀛', '0', 'URL', null);
INSERT INTO `wemall_res` VALUES ('107', '2015-02-26 14:59:18', '\0', null, '搴虹绾у', '0', 'URL', null);
INSERT INTO `wemall_res` VALUES ('108', '2015-02-26 14:59:18', '\0', null, '搴虹绾AJAX存', '0', 'URL', null);
INSERT INTO `wemall_res` VALUES ('109', '2015-02-26 14:59:18', '\0', null, '搴虹绾фā胯剧疆', '0', 'URL', null);
INSERT INTO `wemall_res` VALUES ('110', '2015-02-26 14:59:18', '\0', null, '搴虹绾фā夸瀛', '0', 'URL', null);
INSERT INTO `wemall_res` VALUES ('111', '2015-02-26 14:59:18', '\0', null, '搴哄绫绘坊', '0', 'URL', null);
INSERT INTO `wemall_res` VALUES ('112', '2015-02-26 14:59:19', '\0', null, '搴哄绫诲琛', '0', 'URL', '/admin/storeclass_list.htm*');
INSERT INTO `wemall_res` VALUES ('113', '2015-02-26 14:59:19', '\0', null, '搴哄绫讳瀛', '0', 'URL', null);
INSERT INTO `wemall_res` VALUES ('114', '2015-02-26 14:59:19', '\0', null, '搴哄绫诲', '0', 'URL', null);
INSERT INTO `wemall_res` VALUES ('115', '2015-02-26 14:59:19', '\0', null, '搴哄绫AJAX淇瀛', '0', 'URL', null);
INSERT INTO `wemall_res` VALUES ('116', '2015-02-26 14:59:19', '\0', null, '搴哄绫讳绾ф版杞', '0', 'URL', null);
INSERT INTO `wemall_res` VALUES ('117', '2015-02-26 14:59:19', '\0', null, '搴哄绫荤杈', '0', 'URL', null);
INSERT INTO `wemall_res` VALUES ('118', '2015-02-26 14:59:19', '\0', null, '浼琛', '0', 'URL', '/admin/user_list.htm*');
INSERT INTO `wemall_res` VALUES ('119', '2015-02-26 14:59:19', '\0', null, '浼淇＄', '0', 'URL', '/admin/user_creditrule.htm*');
INSERT INTO `wemall_res` VALUES ('120', '2015-02-26 14:59:19', '\0', null, '涔板朵俊ㄤ瀛', '0', 'URL', null);
INSERT INTO `wemall_res` VALUES ('121', '2015-02-26 14:59:19', '\0', null, '浼缂杈', '0', 'URL', null);
INSERT INTO `wemall_res` VALUES ('122', '2015-02-26 14:59:19', '\0', null, '浼娣诲', '0', 'URL', null);
INSERT INTO `wemall_res` VALUES ('123', '2015-02-26 14:59:19', '\0', null, '浼', '0', 'URL', null);
INSERT INTO `wemall_res` VALUES ('124', '2015-02-26 14:59:20', '\0', null, '浼淇瀛', '0', 'URL', null);
INSERT INTO `wemall_res` VALUES ('125', '2015-02-26 14:59:20', '\0', null, '浼', '0', 'URL', '/admin/user_msg.htm*');
INSERT INTO `wemall_res` VALUES ('126', '2015-02-26 14:59:20', '\0', null, '浼ュ', '0', 'URL', null);
INSERT INTO `wemall_res` VALUES ('127', '2015-02-26 14:59:20', '\0', null, '棰瀛娆炬ㄤ慨', '0', 'URL', null);
INSERT INTO `wemall_res` VALUES ('128', '2015-02-26 14:59:20', '\0', null, '杞界ㄦ烽瀛娆句俊', '0', 'URL', null);
INSERT INTO `wemall_res` VALUES ('129', '2015-02-26 14:59:20', '\0', null, '棰瀛娆炬ㄤ慨逛瀛', '0', 'URL', null);
INSERT INTO `wemall_res` VALUES ('130', '2015-02-26 14:59:20', '\0', null, '棰瀛娆惧琛', '0', 'URL', '/admin/predeposit_list.htm*');
INSERT INTO `wemall_res` VALUES ('131', '2015-02-26 14:59:20', '\0', null, '棰瀛娆剧杈', '0', 'URL', null);
INSERT INTO `wemall_res` VALUES ('132', '2015-02-26 14:59:20', '\0', null, '棰瀛娆句瀛', '0', 'URL', null);
INSERT INTO `wemall_res` VALUES ('133', '2015-02-26 14:59:20', '\0', null, '棰瀛娆炬缁琛', '0', 'URL', '/admin/predepositlog_list.htm*');
INSERT INTO `wemall_res` VALUES ('134', '2015-02-26 14:59:20', '\0', null, '绠＄缂杈', '0', 'URL', null);
INSERT INTO `wemall_res` VALUES ('135', '2015-02-26 14:59:20', '\0', null, '绠＄琛', '0', 'URL', null);
INSERT INTO `wemall_res` VALUES ('136', '2015-02-26 14:59:21', '\0', null, '绠＄淇瀛', '0', 'URL', null);
INSERT INTO `wemall_res` VALUES ('137', '2015-02-26 14:59:21', '\0', null, '绠＄娣诲', '0', 'URL', null);
INSERT INTO `wemall_res` VALUES ('138', '2015-02-26 14:59:21', '\0', null, '绠＄', '0', 'URL', null);
INSERT INTO `wemall_res` VALUES ('139', '2015-02-26 14:59:21', '\0', null, '绠＄淇瑰', '0', 'URL', null);
INSERT INTO `wemall_res` VALUES ('140', '2015-02-26 14:59:21', '\0', null, '绠＄瀵淇瀛', '0', 'URL', null);
INSERT INTO `wemall_res` VALUES ('141', '2015-02-26 14:59:21', '\0', null, '璁㈠琛', '0', 'URL', '/admin/order_list.htm*');
INSERT INTO `wemall_res` VALUES ('142', '2015-02-26 14:59:21', '\0', null, '璁㈠璇', '0', 'URL', null);
INSERT INTO `wemall_res` VALUES ('143', '2015-02-26 14:59:21', '\0', null, '璁㈠璁剧疆', '0', 'URL', '/admin/set_order_confirm.htm*');
INSERT INTO `wemall_res` VALUES ('144', '2015-02-26 14:59:21', '\0', null, '璁㈠璁剧疆淇瀛', '0', 'URL', null);
INSERT INTO `wemall_res` VALUES ('145', '2015-02-26 14:59:21', '\0', null, 'ㄨ㈠琛', '0', 'URL', '/admin/consult_list.htm*');
INSERT INTO `wemall_res` VALUES ('146', '2015-02-26 14:59:22', '\0', null, 'ㄨ㈠', '0', 'URL', null);
INSERT INTO `wemall_res` VALUES ('147', '2015-02-26 14:59:22', '\0', null, '涓炬ュ', '0', 'URL', '/admin/report_list.htm*');
INSERT INTO `wemall_res` VALUES ('148', '2015-02-26 14:59:22', '\0', null, '澶涓炬ュ琛', '0', 'URL', null);
INSERT INTO `wemall_res` VALUES ('149', '2015-02-26 14:59:22', '\0', null, '宸插涓炬ュ琛', '0', 'URL', null);
INSERT INTO `wemall_res` VALUES ('150', '2015-02-26 14:59:22', '\0', null, '涓炬ュ', '0', 'URL', null);
INSERT INTO `wemall_res` VALUES ('151', '2015-02-26 14:59:22', '\0', null, '涓炬ヤ富棰澧', '0', 'URL', null);
INSERT INTO `wemall_res` VALUES ('152', '2015-02-26 14:59:22', '\0', null, '涓炬ヤ富棰琛', '0', 'URL', null);
INSERT INTO `wemall_res` VALUES ('153', '2015-02-26 14:59:22', '\0', null, '涓炬ヤ富棰淇瀛', '0', 'URL', null);
INSERT INTO `wemall_res` VALUES ('154', '2015-02-26 14:59:22', '\0', null, '涓炬ヤ富棰', '0', 'URL', null);
INSERT INTO `wemall_res` VALUES ('155', '2015-02-26 14:59:22', '\0', null, '涓炬ヤ富棰缂杈', '0', 'URL', null);
INSERT INTO `wemall_res` VALUES ('156', '2015-02-26 14:59:22', '\0', null, '涓炬ョ被澧', '0', 'URL', null);
INSERT INTO `wemall_res` VALUES ('157', '2015-02-26 14:59:22', '\0', null, '涓炬ョ被琛', '0', 'URL', null);
INSERT INTO `wemall_res` VALUES ('158', '2015-02-26 14:59:23', '\0', null, '涓炬ョ被淇瀛', '0', 'URL', null);
INSERT INTO `wemall_res` VALUES ('159', '2015-02-26 14:59:23', '\0', null, '涓炬ョ被', '0', 'URL', null);
INSERT INTO `wemall_res` VALUES ('160', '2015-02-26 14:59:23', '\0', null, '涓炬ョ被缂杈', '0', 'URL', null);
INSERT INTO `wemall_res` VALUES ('161', '2015-02-26 14:59:23', '\0', null, '璇浠风杈', '0', 'URL', null);
INSERT INTO `wemall_res` VALUES ('162', '2015-02-26 14:59:23', '\0', null, '璇浠风杈', '0', 'URL', null);
INSERT INTO `wemall_res` VALUES ('163', '2015-02-26 14:59:23', '\0', null, '璇浠峰琛', '0', 'URL', '/admin/evaluate_list.htm*');
INSERT INTO `wemall_res` VALUES ('164', '2015-02-26 14:59:23', '\0', null, '璇璁剧疆', '0', 'URL', null);
INSERT INTO `wemall_res` VALUES ('165', '2015-02-26 14:59:23', '\0', null, '璇剧', '0', 'URL', null);
INSERT INTO `wemall_res` VALUES ('166', '2015-02-26 14:59:23', '\0', null, '璇琛', '0', 'URL', '/admin/complaint_list.htm*');
INSERT INTO `wemall_res` VALUES ('167', '2015-02-26 14:59:23', '\0', null, '璇璁剧疆淇瀛', '0', 'URL', null);
INSERT INTO `wemall_res` VALUES ('168', '2015-02-26 14:59:23', '\0', null, '璇璇', '0', 'URL', null);
INSERT INTO `wemall_res` VALUES ('169', '2015-02-26 14:59:24', '\0', null, '璇瀹℃', '0', 'URL', null);
INSERT INTO `wemall_res` VALUES ('170', '2015-02-26 14:59:24', '\0', null, '璇抽', '0', 'URL', null);
INSERT INTO `wemall_res` VALUES ('171', '2015-02-26 14:59:24', '\0', null, '甯璇瀵硅', '0', 'URL', null);
INSERT INTO `wemall_res` VALUES ('172', '2015-02-26 14:59:24', '\0', null, '璇浠茶', '0', 'URL', null);
INSERT INTO `wemall_res` VALUES ('173', '2015-02-26 14:59:24', '\0', null, '璇涓婚娣诲', '0', 'URL', null);
INSERT INTO `wemall_res` VALUES ('174', '2015-02-26 14:59:24', '\0', null, '璇涓婚琛', '0', 'URL', null);
INSERT INTO `wemall_res` VALUES ('175', '2015-02-26 14:59:24', '\0', null, '璇涓婚淇瀛', '0', 'URL', null);
INSERT INTO `wemall_res` VALUES ('176', '2015-02-26 14:59:24', '\0', null, '璇涓婚', '0', 'URL', null);
INSERT INTO `wemall_res` VALUES ('177', '2015-02-26 14:59:24', '\0', null, '璇涓婚缂杈', '0', 'URL', null);
INSERT INTO `wemall_res` VALUES ('178', '2015-02-26 14:59:24', '\0', null, '绔娣诲', '0', 'URL', null);
INSERT INTO `wemall_res` VALUES ('179', '2015-02-26 14:59:24', '\0', null, '绔琛', '0', 'URL', '/admin/article_list.htm*');
INSERT INTO `wemall_res` VALUES ('180', '2015-02-26 14:59:25', '\0', null, '绔淇瀛', '0', 'URL', null);
INSERT INTO `wemall_res` VALUES ('181', '2015-02-26 14:59:25', '\0', null, '绔', '0', 'URL', null);
INSERT INTO `wemall_res` VALUES ('182', '2015-02-26 14:59:25', '\0', null, '绔AJAX存', '0', 'URL', null);
INSERT INTO `wemall_res` VALUES ('183', '2015-02-26 14:59:25', '\0', null, '绔缂杈', '0', 'URL', null);
INSERT INTO `wemall_res` VALUES ('184', '2015-02-26 14:59:25', '\0', null, '绔绫绘坊', '0', 'URL', null);
INSERT INTO `wemall_res` VALUES ('185', '2015-02-26 14:59:25', '\0', null, '绔绫诲琛', '0', 'URL', '/admin/articleclass_list.htm*');
INSERT INTO `wemall_res` VALUES ('186', '2015-02-26 14:59:25', '\0', null, '绔绫讳瀛', '0', 'URL', null);
INSERT INTO `wemall_res` VALUES ('187', '2015-02-26 14:59:25', '\0', null, '绔绫诲', '0', 'URL', null);
INSERT INTO `wemall_res` VALUES ('188', '2015-02-26 14:59:25', '\0', null, '绔绫AJAX存', '0', 'URL', null);
INSERT INTO `wemall_res` VALUES ('189', '2015-02-26 14:59:25', '\0', null, '绔涓绾у绫', '0', 'URL', '/admin/articleclass_data.htm*');
INSERT INTO `wemall_res` VALUES ('190', '2015-02-26 14:59:26', '\0', null, '绔绫荤杈', '0', 'URL', '/admin/articleclass_edit.htm*');
INSERT INTO `wemall_res` VALUES ('191', '2015-02-26 14:59:26', '\0', null, '浣浼浼存坊', '0', 'URL', '/admin/partner_add.htm*');
INSERT INTO `wemall_res` VALUES ('192', '2015-02-26 14:59:26', '\0', null, '浣浼浼村琛', '0', 'URL', '/admin/partner_list.htm*');
INSERT INTO `wemall_res` VALUES ('193', '2015-02-26 14:59:26', '\0', null, '浣浼浼翠瀛', '0', 'URL', '/admin/partner_save.htm*');
INSERT INTO `wemall_res` VALUES ('194', '2015-02-26 14:59:26', '\0', null, '浣浼浼村', '0', 'URL', null);
INSERT INTO `wemall_res` VALUES ('195', '2015-02-26 14:59:26', '\0', null, '浣浼浼寸杈', '0', 'URL', null);
INSERT INTO `wemall_res` VALUES ('196', '2015-02-26 14:59:26', '\0', null, '绯荤绔板', '0', 'URL', null);
INSERT INTO `wemall_res` VALUES ('197', '2015-02-26 14:59:26', '\0', null, '绯荤绔琛', '0', 'URL', '/admin/document_list.htm*');
INSERT INTO `wemall_res` VALUES ('198', '2015-02-26 14:59:26', '\0', null, '绯荤绔淇瀛', '0', 'URL', null);
INSERT INTO `wemall_res` VALUES ('199', '2015-02-26 14:59:26', '\0', null, '绯荤绔', '0', 'URL', null);
INSERT INTO `wemall_res` VALUES ('200', '2015-02-26 14:59:27', '\0', null, '绯荤绔AJAX存', '0', 'URL', null);
INSERT INTO `wemall_res` VALUES ('201', '2015-02-26 14:59:27', '\0', null, '绯荤绔缂杈', '0', 'URL', null);
INSERT INTO `wemall_res` VALUES ('202', '2015-02-26 14:59:27', '\0', null, '椤甸㈠艰娣诲', '0', 'URL', null);
INSERT INTO `wemall_res` VALUES ('203', '2015-02-26 14:59:27', '\0', null, '椤甸㈠艰琛', '0', 'URL', '/admin/navigation_list.htm*');
INSERT INTO `wemall_res` VALUES ('204', '2015-02-26 14:59:27', '\0', null, '椤甸㈠艰淇瀛', '0', 'URL', null);
INSERT INTO `wemall_res` VALUES ('205', '2015-02-26 14:59:27', '\0', null, '椤甸㈠艰', '0', 'URL', null);
INSERT INTO `wemall_res` VALUES ('206', '2015-02-26 14:59:27', '\0', null, '椤甸㈠艰AJAX存', '0', 'URL', null);
INSERT INTO `wemall_res` VALUES ('207', '2015-02-26 14:59:27', '\0', null, '椤甸㈠艰缂杈', '0', 'URL', null);
INSERT INTO `wemall_res` VALUES ('208', '2015-02-26 14:59:27', '\0', null, '烘璁剧疆淇瀛', '0', 'URL', null);
INSERT INTO `wemall_res` VALUES ('209', '2015-02-26 14:59:27', '\0', null, '绉瑙', '0', 'URL', '/admin/operation_integral_rule.htm*');
INSERT INTO `wemall_res` VALUES ('210', '2015-02-26 14:59:28', '\0', null, '烘璁剧疆', '0', 'URL', '/admin/operation_base_set.htm*');
INSERT INTO `wemall_res` VALUES ('211', '2015-02-26 14:59:28', '\0', null, '绉瑙淇瀛', '0', 'URL', null);
INSERT INTO `wemall_res` VALUES ('212', '2015-02-26 14:59:28', '\0', null, '甯璐涔拌板', '0', 'URL', null);
INSERT INTO `wemall_res` VALUES ('213', '2015-02-26 14:59:28', '\0', null, '甯ュ琛', '0', 'URL', '/admin/gold_record.htm*');
INSERT INTO `wemall_res` VALUES ('214', '2015-02-26 14:59:28', '\0', null, '甯璐涔拌板缂杈', '0', 'URL', null);
INSERT INTO `wemall_res` VALUES ('215', '2015-02-26 14:59:28', '\0', null, '甯璐涔拌板', '0', 'URL', null);
INSERT INTO `wemall_res` VALUES ('216', '2015-02-26 14:59:28', '\0', null, '甯璐涔拌板', '0', 'URL', null);
INSERT INTO `wemall_res` VALUES ('217', '2015-02-26 14:59:28', '\0', null, '甯璐涔拌板', '0', 'URL', null);
INSERT INTO `wemall_res` VALUES ('218', '2015-02-26 14:59:28', '\0', null, '绉缁', '0', 'URL', '/admin/integrallog_list.htm*');
INSERT INTO `wemall_res` VALUES ('219', '2015-02-26 14:59:29', '\0', null, '绉绠＄', '0', 'URL', '/admin/user_integral.htm*');
INSERT INTO `wemall_res` VALUES ('220', '2015-02-26 14:59:29', '\0', null, '绉ㄦ峰', '0', 'URL', null);
INSERT INTO `wemall_res` VALUES ('221', '2015-02-26 14:59:29', '\0', null, '绉绠＄淇瀛', '0', 'URL', null);
INSERT INTO `wemall_res` VALUES ('222', '2015-02-26 14:59:29', '\0', null, '撮杞瀹℃', '0', 'URL', null);
INSERT INTO `wemall_res` VALUES ('223', '2015-02-26 14:59:29', '\0', null, '撮杞ョ', '0', 'URL', null);
INSERT INTO `wemall_res` VALUES ('224', '2015-02-26 14:59:29', '\0', null, '撮杞瀹℃镐瀛', '0', 'URL', null);
INSERT INTO `wemall_res` VALUES ('225', '2015-02-26 14:59:29', '\0', null, '撮杞璁剧疆', '0', 'URL', '/admin/ztc_set.htm*');
INSERT INTO `wemall_res` VALUES ('226', '2015-02-26 14:59:29', '\0', null, '撮杞璁剧疆淇瀛', '0', 'URL', null);
INSERT INTO `wemall_res` VALUES ('227', '2015-02-26 14:59:29', '\0', null, '撮杞', '0', 'URL', null);
INSERT INTO `wemall_res` VALUES ('228', '2015-02-26 14:59:30', '\0', null, '撮杞宠峰琛', '0', 'URL', null);
INSERT INTO `wemall_res` VALUES ('229', '2015-02-26 14:59:30', '\0', null, '撮杞甯ュ', '0', 'URL', null);
INSERT INTO `wemall_res` VALUES ('230', '2015-02-26 14:59:30', '\0', null, '浼告坊', '0', 'URL', null);
INSERT INTO `wemall_res` VALUES ('231', '2015-02-26 14:59:30', '\0', null, '浼镐瀛', '0', 'URL', null);
INSERT INTO `wemall_res` VALUES ('232', '2015-02-26 14:59:30', '\0', null, '浼稿琛', '0', 'URL', '/admin/coupon_list.htm*');
INSERT INTO `wemall_res` VALUES ('233', '2015-02-26 14:59:30', '\0', null, '浼稿', '0', 'URL', null);
INSERT INTO `wemall_res` VALUES ('234', '2015-02-26 14:59:30', '\0', null, '浼AJAX存', '0', 'URL', null);
INSERT INTO `wemall_res` VALUES ('235', '2015-02-26 14:59:30', '\0', null, '浼镐瀛', '0', 'URL', null);
INSERT INTO `wemall_res` VALUES ('236', '2015-02-26 14:59:30', '\0', null, '浼稿句瀛', '0', 'URL', null);
INSERT INTO `wemall_res` VALUES ('237', '2015-02-26 14:59:30', '\0', null, '骞垮琛', '0', 'URL', '/admin/advert_list.htm*');
INSERT INTO `wemall_res` VALUES ('238', '2015-02-26 14:59:30', '\0', null, '骞垮澧', '0', 'URL', null);
INSERT INTO `wemall_res` VALUES ('239', '2015-02-26 14:59:31', '\0', null, '骞垮ョ', '0', 'URL', null);
INSERT INTO `wemall_res` VALUES ('240', '2015-02-26 14:59:31', '\0', null, '骞垮瀹℃', '0', 'URL', null);
INSERT INTO `wemall_res` VALUES ('241', '2015-02-26 14:59:31', '\0', null, '骞垮缂杈', '0', 'URL', null);
INSERT INTO `wemall_res` VALUES ('242', '2015-02-26 14:59:31', '\0', null, '骞垮淇瀛', '0', 'URL', null);
INSERT INTO `wemall_res` VALUES ('243', '2015-02-26 14:59:31', '\0', null, '骞垮', '0', 'URL', null);
INSERT INTO `wemall_res` VALUES ('244', '2015-02-26 14:59:31', '\0', null, '骞垮浣娣诲', '0', 'URL', null);
INSERT INTO `wemall_res` VALUES ('245', '2015-02-26 14:59:31', '\0', null, '骞垮浣淇瀛', '0', 'URL', null);
INSERT INTO `wemall_res` VALUES ('246', '2015-02-26 14:59:31', '\0', null, '骞垮浣琛', '0', 'URL', null);
INSERT INTO `wemall_res` VALUES ('247', '2015-02-26 14:59:31', '\0', null, '骞垮浣缂杈', '0', 'URL', null);
INSERT INTO `wemall_res` VALUES ('248', '2015-02-26 14:59:31', '\0', null, '骞垮浣', '0', 'URL', null);
INSERT INTO `wemall_res` VALUES ('249', '2015-02-26 14:59:32', '\0', null, '寰瀹℃瑰箍琛', '0', 'URL', null);
INSERT INTO `wemall_res` VALUES ('250', '2015-02-26 14:59:32', '\0', null, '绉绀煎琛', '0', 'URL', null);
INSERT INTO `wemall_res` VALUES ('251', '2015-02-26 14:59:32', '\0', null, '绉绀煎娣诲', '0', 'URL', null);
INSERT INTO `wemall_res` VALUES ('252', '2015-02-26 14:59:32', '\0', null, '绉绀煎缂杈', '0', 'URL', null);
INSERT INTO `wemall_res` VALUES ('253', '2015-02-26 14:59:32', '\0', null, '绉绀煎淇瀛', '0', 'URL', null);
INSERT INTO `wemall_res` VALUES ('254', '2015-02-26 14:59:32', '\0', null, '绉绀煎', '0', 'URL', null);
INSERT INTO `wemall_res` VALUES ('255', '2015-02-26 14:59:32', '\0', null, '绉绀煎㈠琛', '0', 'URL', null);
INSERT INTO `wemall_res` VALUES ('256', '2015-02-26 14:59:32', '\0', null, '绉绀煎㈣', '0', 'URL', null);
INSERT INTO `wemall_res` VALUES ('257', '2015-02-26 14:59:32', '\0', null, '娑绉璁㈠', '0', 'URL', null);
INSERT INTO `wemall_res` VALUES ('258', '2015-02-26 14:59:32', '\0', null, '璁㈠纭璁や娆', '0', 'URL', null);
INSERT INTO `wemall_res` VALUES ('259', '2015-02-26 14:59:32', '\0', null, '璁㈠', '0', 'URL', null);
INSERT INTO `wemall_res` VALUES ('260', '2015-02-26 14:59:33', '\0', null, '璁㈠璐圭ㄨ', '0', 'URL', null);
INSERT INTO `wemall_res` VALUES ('261', '2015-02-26 14:59:33', '\0', null, '璁㈠璐圭ㄨ翠瀛', '0', 'URL', null);
INSERT INTO `wemall_res` VALUES ('262', '2015-02-26 14:59:33', '\0', null, '璐ц剧疆', '0', 'URL', null);
INSERT INTO `wemall_res` VALUES ('263', '2015-02-26 14:59:33', '\0', null, '璐ц剧疆淇瀛', '0', 'URL', null);
INSERT INTO `wemall_res` VALUES ('264', '2015-02-26 14:59:33', '\0', null, '㈣喘哄澧', '0', 'URL', null);
INSERT INTO `wemall_res` VALUES ('265', '2015-02-26 14:59:33', '\0', null, '㈣喘哄琛', '0', 'URL', '/admin/group_list.htm*');
INSERT INTO `wemall_res` VALUES ('266', '2015-02-26 14:59:33', '\0', null, '㈣喘哄淇瀛', '0', 'URL', null);
INSERT INTO `wemall_res` VALUES ('267', '2015-02-26 14:59:33', '\0', null, '㈣喘哄', '0', 'URL', null);
INSERT INTO `wemall_res` VALUES ('268', '2015-02-26 14:59:33', '\0', null, '㈣喘哄Ajax存', '0', 'URL', null);
INSERT INTO `wemall_res` VALUES ('269', '2015-02-26 14:59:34', '\0', null, '㈣喘哄涓绾у杞', '0', 'URL', null);
INSERT INTO `wemall_res` VALUES ('270', '2015-02-26 14:59:34', '\0', null, '㈣喘哄缂杈', '0', 'URL', null);
INSERT INTO `wemall_res` VALUES ('271', '2015-02-26 14:59:34', '\0', null, '㈣喘绫诲', '0', 'URL', null);
INSERT INTO `wemall_res` VALUES ('272', '2015-02-26 14:59:34', '\0', null, '㈣喘绫诲琛', '0', 'URL', null);
INSERT INTO `wemall_res` VALUES ('273', '2015-02-26 14:59:34', '\0', null, '㈣喘绫讳瀛', '0', 'URL', null);
INSERT INTO `wemall_res` VALUES ('274', '2015-02-26 14:59:34', '\0', null, '㈣喘绫诲', '0', 'URL', null);
INSERT INTO `wemall_res` VALUES ('275', '2015-02-26 14:59:34', '\0', null, '㈣喘绫Ajax存', '0', 'URL', null);
INSERT INTO `wemall_res` VALUES ('276', '2015-02-26 14:59:34', '\0', null, '㈣喘绫讳绾у杞', '0', 'URL', null);
INSERT INTO `wemall_res` VALUES ('277', '2015-02-26 14:59:34', '\0', null, '㈣喘绫荤杈', '0', 'URL', null);
INSERT INTO `wemall_res` VALUES ('278', '2015-02-26 14:59:34', '\0', null, '㈣喘澧', '0', 'URL', null);
INSERT INTO `wemall_res` VALUES ('279', '2015-02-26 14:59:34', '\0', null, '㈣喘琛', '0', 'URL', null);
INSERT INTO `wemall_res` VALUES ('280', '2015-02-26 14:59:35', '\0', null, '㈣喘缂杈', '0', 'URL', null);
INSERT INTO `wemall_res` VALUES ('281', '2015-02-26 14:59:35', '\0', null, '㈣喘淇瀛', '0', 'URL', null);
INSERT INTO `wemall_res` VALUES ('282', '2015-02-26 14:59:35', '\0', null, '㈣喘', '0', 'URL', null);
INSERT INTO `wemall_res` VALUES ('283', '2015-02-26 14:59:35', '\0', null, '㈣喘抽', '0', 'URL', null);
INSERT INTO `wemall_res` VALUES ('284', '2015-02-26 14:59:35', '\0', null, '㈣喘宠峰琛', '0', 'URL', null);
INSERT INTO `wemall_res` VALUES ('285', '2015-02-26 14:59:35', '\0', null, '㈣喘瀹℃搁杩', '0', 'URL', null);
INSERT INTO `wemall_res` VALUES ('286', '2015-02-26 14:59:35', '\0', null, '㈣喘瀹℃告缁', '0', 'URL', null);
INSERT INTO `wemall_res` VALUES ('287', '2015-02-26 14:59:35', '\0', null, '㈣喘瀹℃告ㄨ', '0', 'URL', null);
INSERT INTO `wemall_res` VALUES ('288', '2015-02-26 14:59:35', '\0', null, '㈣喘浠锋煎洪村琛', '0', 'URL', null);
INSERT INTO `wemall_res` VALUES ('289', '2015-02-26 14:59:36', '\0', null, '㈣喘浠锋煎洪村琛', '0', 'URL', null);
INSERT INTO `wemall_res` VALUES ('290', '2015-02-26 14:59:36', '\0', null, '㈣喘浠锋煎洪翠瀛', '0', 'URL', null);
INSERT INTO `wemall_res` VALUES ('291', '2015-02-26 14:59:36', '\0', null, '㈣喘浠锋煎洪村', '0', 'URL', null);
INSERT INTO `wemall_res` VALUES ('292', '2015-02-26 14:59:36', '\0', null, '㈣喘浠锋煎洪村琛', '0', 'URL', null);
INSERT INTO `wemall_res` VALUES ('293', '2015-02-26 14:59:36', '\0', null, '妤煎绫诲琛', '0', 'URL', '/admin/goods_floor_list.htm*');
INSERT INTO `wemall_res` VALUES ('294', '2015-02-26 14:59:36', '\0', null, '妤煎绫绘坊', '0', 'URL', null);
INSERT INTO `wemall_res` VALUES ('295', '2015-02-26 14:59:36', '\0', null, '妤煎绫荤杈', '0', 'URL', null);
INSERT INTO `wemall_res` VALUES ('296', '2015-02-26 14:59:36', '\0', null, '妤煎绫讳瀛', '0', 'URL', null);
INSERT INTO `wemall_res` VALUES ('297', '2015-02-26 14:59:36', '\0', null, '妤煎绫诲', '0', 'URL', null);
INSERT INTO `wemall_res` VALUES ('298', '2015-02-26 14:59:36', '\0', null, '妤煎绫Ajax存', '0', 'URL', null);
INSERT INTO `wemall_res` VALUES ('299', '2015-02-26 14:59:36', '\0', null, '妤煎绫讳绾у杞', '0', 'URL', null);
INSERT INTO `wemall_res` VALUES ('300', '2015-02-26 14:59:37', '\0', null, '妤煎妯℃跨杈', '0', 'URL', null);
INSERT INTO `wemall_res` VALUES ('301', '2015-02-26 14:59:37', '\0', null, '妤煎妯℃垮绫荤杈', '0', 'URL', null);
INSERT INTO `wemall_res` VALUES ('302', '2015-02-26 14:59:37', '\0', null, '妤煎妯℃垮绫诲杞', '0', 'URL', null);
INSERT INTO `wemall_res` VALUES ('303', '2015-02-26 14:59:37', '\0', null, '妤煎妯℃垮绫讳瀛', '0', 'URL', null);
INSERT INTO `wemall_res` VALUES ('304', '2015-02-26 14:59:37', '\0', null, '妤煎妯℃垮绫诲缂杈', '0', 'URL', null);
INSERT INTO `wemall_res` VALUES ('305', '2015-02-26 14:59:37', '\0', null, '妤煎妯℃垮绫诲淇瀛', '0', 'URL', null);
INSERT INTO `wemall_res` VALUES ('306', '2015-02-26 14:59:37', '\0', null, '妤煎妯℃垮充晶琛ㄧ杈', '0', 'URL', null);
INSERT INTO `wemall_res` VALUES ('307', '2015-02-26 14:59:37', '\0', null, '妤煎妯℃垮充晶琛ㄤ瀛', '0', 'URL', null);
INSERT INTO `wemall_res` VALUES ('308', '2015-02-26 14:59:38', '\0', null, '妤煎妯℃垮乏涓瑰箍缂杈', '0', 'URL', null);
INSERT INTO `wemall_res` VALUES ('309', '2015-02-26 14:59:38', '\0', null, '妤煎妯℃垮乏涓瑰箍淇瀛', '0', 'URL', null);
INSERT INTO `wemall_res` VALUES ('310', '2015-02-26 14:59:38', '\0', null, '妤煎妯℃垮充瑰箍缂杈', '0', 'URL', null);
INSERT INTO `wemall_res` VALUES ('311', '2015-02-26 14:59:38', '\0', null, '妤煎妯℃垮充瑰箍淇瀛', '0', 'URL', null);
INSERT INTO `wemall_res` VALUES ('312', '2015-02-26 14:59:38', '\0', null, '妤煎妯℃垮缂杈', '0', 'URL', null);
INSERT INTO `wemall_res` VALUES ('313', '2015-02-26 14:59:38', '\0', null, '妤煎妯℃垮淇瀛', '0', 'URL', null);
INSERT INTO `wemall_res` VALUES ('314', '2015-02-26 14:59:38', '\0', null, '妤煎妯℃垮杞', '0', 'URL', null);
INSERT INTO `wemall_res` VALUES ('315', '2015-02-26 14:59:38', '\0', null, '妤煎妯℃垮绫诲缂杈', '0', 'URL', null);
INSERT INTO `wemall_res` VALUES ('316', '2015-02-26 14:59:38', '\0', null, '版搴澶浠', '0', 'URL', null);
INSERT INTO `wemall_res` VALUES ('317', '2015-02-26 14:59:38', '\0', null, '版搴澶浠藉琛', '0', 'URL', '/admin/database_add.htm*');
INSERT INTO `wemall_res` VALUES ('318', '2015-02-26 14:59:39', '\0', null, '版搴澶浠藉', '0', 'URL', null);
INSERT INTO `wemall_res` VALUES ('319', '2015-02-26 14:59:39', '\0', null, '版搴澶浠戒瀛', '0', 'URL', null);
INSERT INTO `wemall_res` VALUES ('320', '2015-02-26 14:59:39', '\0', null, '版搴峰浠', '0', 'URL', null);
INSERT INTO `wemall_res` VALUES ('321', '2015-02-26 14:59:39', '\0', null, '版搴瀵煎ュ瀵', '0', 'URL', null);
INSERT INTO `wemall_res` VALUES ('322', '2015-02-26 14:59:39', '\0', null, '版搴峰煎', '0', 'URL', null);
INSERT INTO `wemall_res` VALUES ('323', '2015-02-26 14:59:39', '\0', null, '存扮瀛', '0', 'URL', null);
INSERT INTO `wemall_res` VALUES ('324', '2015-02-26 14:59:39', '\0', null, '缂瀛琛', '0', 'URL', '/admin/cache_list.htm*');
INSERT INTO `wemall_res` VALUES ('325', '2015-02-26 14:59:39', '\0', null, 'ㄦ妫绱㈣剧疆', '0', 'URL', '/admin/lucene.htm*');
INSERT INTO `wemall_res` VALUES ('326', '2015-02-26 14:59:39', '\0', null, 'ㄦ妫绱㈡存', '0', 'URL', null);
INSERT INTO `wemall_res` VALUES ('327', '2015-02-26 14:59:39', '\0', null, 'ㄦ妫绱㈠抽瀛淇瀛', '0', 'URL', null);
INSERT INTO `wemall_res` VALUES ('328', '2015-02-26 14:59:39', '\0', null, '娲诲ㄥ', '0', 'URL', null);
INSERT INTO `wemall_res` VALUES ('329', '2015-02-26 14:59:40', '\0', null, '娲诲AJAX存', '0', 'URL', null);
INSERT INTO `wemall_res` VALUES ('330', '2015-02-26 14:59:40', '\0', null, '娲诲ㄥ琛', '0', 'URL', '/admin/activity_list.htm*');
INSERT INTO `wemall_res` VALUES ('331', '2015-02-26 14:59:40', '\0', null, '娲诲ㄦ坊', '0', 'URL', null);
INSERT INTO `wemall_res` VALUES ('332', '2015-02-26 14:59:40', '\0', null, '娲诲ㄧ杈', '0', 'URL', null);
INSERT INTO `wemall_res` VALUES ('333', '2015-02-26 14:59:40', '\0', null, '娲诲ㄤ瀛', '0', 'URL', null);
INSERT INTO `wemall_res` VALUES ('334', '2015-02-26 14:59:40', '\0', null, '娲诲ㄥ琛', '0', 'URL', null);
INSERT INTO `wemall_res` VALUES ('335', '2015-02-26 14:59:40', '\0', null, '娲诲ㄩ杩', '0', 'URL', null);
INSERT INTO `wemall_res` VALUES ('336', '2015-02-26 14:59:40', '\0', null, '娲诲ㄦ缁', '0', 'URL', null);
INSERT INTO `wemall_res` VALUES ('337', '2015-02-26 14:59:40', '\0', null, '逛环琛', '0', 'URL', '/admin/set_bargain.htm*');
INSERT INTO `wemall_res` VALUES ('338', '2015-02-26 14:59:40', '\0', null, '逛环淇瀛', '0', 'URL', null);
INSERT INTO `wemall_res` VALUES ('339', '2015-02-26 14:59:40', '\0', null, '逛环娣诲', '0', 'URL', null);
INSERT INTO `wemall_res` VALUES ('340', '2015-02-26 14:59:41', '\0', null, '逛环', '0', 'URL', null);
INSERT INTO `wemall_res` VALUES ('341', '2015-02-26 14:59:41', '\0', null, '浠ョ逛环ajax存', '0', 'URL', null);
INSERT INTO `wemall_res` VALUES ('342', '2015-02-26 14:59:41', '\0', null, '绯荤逛环璁剧疆', '0', 'URL', null);
INSERT INTO `wemall_res` VALUES ('343', '2015-02-26 14:59:41', '\0', null, '堕存ヨ㈣剧疆', '0', 'URL', null);
INSERT INTO `wemall_res` VALUES ('344', '2015-02-26 14:59:41', '\0', null, 'ㄧ逛环璁剧疆淇瀛', '0', 'URL', null);
INSERT INTO `wemall_res` VALUES ('345', '2015-02-26 14:59:41', '\0', null, '逛环琛', '0', 'URL', null);
INSERT INTO `wemall_res` VALUES ('346', '2015-02-26 14:59:41', '\0', null, '逛环杩', '0', 'URL', null);
INSERT INTO `wemall_res` VALUES ('347', '2015-02-26 14:59:41', '\0', null, '逛环瀹℃告拌', '0', 'URL', null);
INSERT INTO `wemall_res` VALUES ('348', '2015-02-26 14:59:41', '\0', null, '逛环缁', '0', 'URL', null);
INSERT INTO `wemall_res` VALUES ('349', '2015-02-26 14:59:41', '\0', null, '涔板氨璁剧疆', '0', 'URL', '/admin/set_delivery.htm*');
INSERT INTO `wemall_res` VALUES ('350', '2015-02-26 14:59:41', '\0', null, '涔板氨璁剧疆淇瀛', '0', 'URL', null);
INSERT INTO `wemall_res` VALUES ('351', '2015-02-26 14:59:42', '\0', null, '涔板氨琛', '0', 'URL', null);
INSERT INTO `wemall_res` VALUES ('352', '2015-02-26 14:59:42', '\0', null, '涔板氨瀹℃', '0', 'URL', null);
INSERT INTO `wemall_res` VALUES ('353', '2015-02-26 14:59:42', '\0', null, '涔板氨缁', '0', 'URL', null);
INSERT INTO `wemall_res` VALUES ('354', '2015-02-26 14:59:42', '\0', null, '蹇璁剧疆', '0', 'URL', '/admin/set_kuaidi.htm*');
INSERT INTO `wemall_res` VALUES ('355', '2015-02-26 14:59:42', '\0', null, '淇瀛蹇璁剧疆', '0', 'URL', null);
INSERT INTO `wemall_res` VALUES ('356', '2015-02-26 14:59:42', '\0', null, '蹇稿琛', '0', 'URL', '/admin/express_company_list.htm*');
INSERT INTO `wemall_res` VALUES ('357', '2015-02-26 14:59:42', '\0', null, '蹇告坊', '0', 'URL', null);
INSERT INTO `wemall_res` VALUES ('358', '2015-02-26 14:59:42', '\0', null, '蹇哥杈', '0', 'URL', null);
INSERT INTO `wemall_res` VALUES ('359', '2015-02-26 14:59:42', '\0', null, '蹇镐瀛', '0', 'URL', null);
INSERT INTO `wemall_res` VALUES ('360', '2015-02-26 14:59:42', '\0', null, '蹇稿', '0', 'URL', null);
INSERT INTO `wemall_res` VALUES ('361', '2015-02-26 14:59:42', '\0', null, '蹇Ajax存版版', '0', 'URL', null);
INSERT INTO `wemall_res` VALUES ('362', '2015-02-26 14:59:42', '\0', null, 'UC缃', '0', 'URL', null);
INSERT INTO `wemall_res` VALUES ('363', '2015-02-26 14:59:42', '\0', null, 'UC淇℃淇瀛', '0', 'URL', null);
INSERT INTO `wemall_res` VALUES ('364', '2015-02-26 14:59:43', '\0', null, '茬疆妤煎淇瀛', '0', 'URL', null);
INSERT INTO `wemall_res` VALUES ('365', '2015-02-26 14:59:43', '\0', null, '茬疆妤煎缂杈', '0', 'URL', null);
INSERT INTO `wemall_res` VALUES ('366', '2015-02-26 14:59:43', '\0', null, '茬疆妤煎琛', '0', 'URL', '/admin/sparegoodsfloor_list.htm*');
INSERT INTO `wemall_res` VALUES ('367', '2015-02-26 14:59:43', '\0', null, '茬疆妤煎娣诲', '0', 'URL', null);
INSERT INTO `wemall_res` VALUES ('368', '2015-02-26 14:59:43', '\0', null, '茬疆妤煎ajax存', '0', 'URL', null);
INSERT INTO `wemall_res` VALUES ('369', '2015-02-26 14:59:43', '\0', null, '茬疆妤煎', '0', 'URL', null);
INSERT INTO `wemall_res` VALUES ('370', '2015-02-26 14:59:43', '\0', null, '茬疆妤煎绫昏剧疆', '0', 'URL', null);
INSERT INTO `wemall_res` VALUES ('371', '2015-02-26 14:59:43', '\0', null, '妤煎绫ajax存', '0', 'URL', null);
INSERT INTO `wemall_res` VALUES ('372', '2015-02-26 14:59:43', '\0', null, '茬疆妤煎绫昏剧疆剧ず', '0', 'URL', null);
INSERT INTO `wemall_res` VALUES ('373', '2015-02-26 14:59:43', '\0', null, '茬疆妤煎璁剧疆', '0', 'URL', null);
INSERT INTO `wemall_res` VALUES ('374', '2015-02-26 14:59:43', '\0', null, '茬疆妤煎璁剧疆剧ず', '0', 'URL', null);
INSERT INTO `wemall_res` VALUES ('375', '2015-02-26 14:59:44', '\0', null, '浼ㄦ', '0', 'URL', null);
INSERT INTO `wemall_res` VALUES ('376', '2015-02-26 14:59:44', '\0', null, '搴哄ㄦ琛', '0', 'URL', '/admin/sns_store.htm*');
INSERT INTO `wemall_res` VALUES ('377', '2015-02-26 14:59:44', '\0', null, '搴哄ㄦ', '0', 'URL', null);
INSERT INTO `wemall_res` VALUES ('378', '2015-02-26 14:59:44', '\0', null, '浼ㄦ琛', '0', 'URL', '/admin/sns_user.htm*');
INSERT INTO `wemall_res` VALUES ('379', '2015-02-26 14:59:44', '\0', null, 'snsㄦ璁剧疆瑙搴', '0', 'URL', null);
INSERT INTO `wemall_res` VALUES ('380', '2015-02-26 14:59:44', '\0', null, '浼稿剧', '0', 'URL', null);
INSERT INTO `wemall_res` VALUES ('381', '2015-02-26 14:59:44', '\0', null, '浼稿剧琛', '0', 'URL', '/admin/user_photo_list.htm*');
INSERT INTO `wemall_res` VALUES ('382', '2015-02-26 14:59:44', '\0', null, '浼稿琛', '0', 'URL', null);
INSERT INTO `wemall_res` VALUES ('383', '2015-02-26 14:59:44', '\0', null, '浼稿', '0', 'URL', null);
INSERT INTO `wemall_res` VALUES ('384', '2015-02-26 14:59:44', '\0', null, '缁璁剧疆', '0', 'URL', '/admin/set_combin.htm*');
INSERT INTO `wemall_res` VALUES ('385', '2015-02-26 14:59:44', '\0', null, '缁璁剧疆', '0', 'URL', '/admin/set_combin.htm*');
INSERT INTO `wemall_res` VALUES ('386', '2015-02-26 14:59:45', '\0', null, '缁璁剧疆淇瀛', '0', 'URL', null);
INSERT INTO `wemall_res` VALUES ('387', '2015-02-26 14:59:45', '\0', null, '缁瀹℃', '0', 'URL', null);
INSERT INTO `wemall_res` VALUES ('388', '2015-02-26 14:59:45', '\0', null, '缁缁', '0', 'URL', null);
INSERT INTO `wemall_res` VALUES ('389', '2015-02-26 14:59:45', '\0', null, '寰淇″鸿剧疆淇瀛', '0', 'URL', null);
INSERT INTO `wemall_res` VALUES ('390', '2015-02-26 14:59:45', '\0', null, '寰淇″鸿瑙抽', '0', 'URL', null);
INSERT INTO `wemall_res` VALUES ('391', '2015-02-26 14:59:45', '\0', null, '寰淇″哄', '0', 'URL', null);
INSERT INTO `wemall_res` VALUES ('392', '2015-02-26 14:59:45', '\0', null, '琛', '0', 'URL', null);
INSERT INTO `wemall_res` VALUES ('393', '2015-02-26 14:59:45', '\0', null, '寰淇″AJAX存', '0', 'URL', null);
INSERT INTO `wemall_res` VALUES ('394', '2015-02-26 14:59:45', '\0', null, '㈣喘琛', '0', 'URL', null);
INSERT INTO `wemall_res` VALUES ('395', '2015-02-26 14:59:45', '\0', null, '寰淇″㈣喘AJAX存', '0', 'URL', null);
INSERT INTO `wemall_res` VALUES ('396', '2015-02-26 14:59:45', '\0', null, '寰淇″琛', '0', 'URL', null);
INSERT INTO `wemall_res` VALUES ('397', '2015-02-26 14:59:46', '\0', null, '寰淇″ㄨ', '0', 'URL', null);
INSERT INTO `wemall_res` VALUES ('398', '2015-02-26 14:59:46', '\0', null, '寰缃', '0', 'URL', null);
INSERT INTO `wemall_res` VALUES ('399', '2015-02-26 14:59:46', '\0', null, '寰缃淇瀛', '0', 'URL', null);
INSERT INTO `wemall_res` VALUES ('400', '2015-02-26 14:59:46', '\0', null, '寰缃', '0', 'URL', null);
INSERT INTO `wemall_res` VALUES ('401', '2015-02-26 14:59:46', '\0', null, '寰娣诲', '0', 'URL', null);
INSERT INTO `wemall_res` VALUES ('402', '2015-02-26 14:59:46', '\0', null, '寰淇瀛', '0', 'URL', null);
INSERT INTO `wemall_res` VALUES ('403', '2015-02-26 14:59:46', '\0', null, '寰', '0', 'URL', null);
INSERT INTO `wemall_res` VALUES ('404', '2015-02-26 14:59:46', '\0', null, '寰寤', '0', 'URL', null);
INSERT INTO `wemall_res` VALUES ('405', '2015-02-26 14:59:46', '\0', null, '寰楠璇', '0', 'URL', null);
INSERT INTO `wemall_res` VALUES ('406', '2015-02-26 14:59:46', '\0', null, '寰淇″', '0', 'URL', null);
INSERT INTO `wemall_res` VALUES ('407', '2015-02-26 14:59:47', '\0', null, '寰淇″鸿剧疆', '0', 'URL', null);
INSERT INTO `wemall_res` VALUES ('408', '2015-02-26 14:59:47', '\0', null, '哄涓琛', '0', 'URL', '/seller/goods.htm*');
INSERT INTO `wemall_res` VALUES ('409', '2015-02-26 14:59:47', '\0', null, '缂杈', '0', 'URL', '/seller/goods_edit.htm*');
INSERT INTO `wemall_res` VALUES ('410', '2015-02-26 14:59:47', '\0', null, '', '0', 'URL', '/seller/goods_del.htm*');
INSERT INTO `wemall_res` VALUES ('411', '2015-02-26 14:59:47', '\0', null, '甯绗涓姝', '0', 'URL', '/seller/add_goods_first.htm*');
INSERT INTO `wemall_res` VALUES ('412', '2015-02-26 14:59:47', '\0', null, '杩璐规ā垮椤垫剧ず', '0', 'URL', '/seller/goods_transport.htm*');
INSERT INTO `wemall_res` VALUES ('413', '2015-02-26 14:59:47', '\0', null, '甯绗浜姝', '0', 'URL', '/seller/add_goods_second.htm*');
INSERT INTO `wemall_res` VALUES ('414', '2015-02-26 14:59:47', '\0', null, '浜у瑙兼剧ず', '0', 'URL', '/seller/goods_inventory.htm*');
INSERT INTO `wemall_res` VALUES ('415', '2015-02-26 14:59:47', '\0', null, '剧', '0', 'URL', '/seller/goods_image_del.htm*');
INSERT INTO `wemall_res` VALUES ('416', '2015-02-26 14:59:47', '\0', null, '甯绗涓姝', '0', 'URL', '/seller/add_goods_finish.htm*');
INSERT INTO `wemall_res` VALUES ('417', '2015-02-26 14:59:47', '\0', null, '杞藉绫', '0', 'URL', '/seller/load_goods_class.htm*');
INSERT INTO `wemall_res` VALUES ('418', '2015-02-26 14:59:48', '\0', null, 'ょㄦ峰父ㄥ绫', '0', 'URL', '/seller/del_goods_class_staple.htm*');
INSERT INTO `wemall_res` VALUES ('419', '2015-02-26 14:59:48', '\0', null, '浠搴涓琛', '0', 'URL', '/seller/goods_storage.htm*');
INSERT INTO `wemall_res` VALUES ('420', '2015-02-26 14:59:48', '\0', null, '杩瑙涓跺', '0', 'URL', '/seller/goods_out.htm*');
INSERT INTO `wemall_res` VALUES ('421', '2015-02-26 14:59:48', '\0', null, '涓涓', '0', 'URL', '/seller/goods_sale.htm*');
INSERT INTO `wemall_res` VALUES ('422', '2015-02-26 14:59:48', '\0', null, '琚涓炬ョ', '0', 'URL', '/seller/goods_report.htm*');
INSERT INTO `wemall_res` VALUES ('423', '2015-02-26 14:59:48', '\0', null, '涓炬ュ剧ョ', '0', 'URL', '/seller/report_img.htm*');
INSERT INTO `wemall_res` VALUES ('424', '2015-02-26 14:59:48', '\0', null, '瀹跺绫诲琛', '0', 'URL', '/seller/usergoodsclass_list.htm*');
INSERT INTO `wemall_res` VALUES ('425', '2015-02-26 14:59:48', '\0', null, '瀹跺绫讳瀛', '0', 'URL', '/seller/usergoodsclass_save.htm*');
INSERT INTO `wemall_res` VALUES ('426', '2015-02-26 14:59:48', '\0', null, '瀹跺绫诲', '0', 'URL', '/seller/usergoodsclass_del.htm*');
INSERT INTO `wemall_res` VALUES ('427', '2015-02-26 14:59:48', '\0', null, '板瀹跺绫', '0', 'URL', '/seller/address_add.htm*');
INSERT INTO `wemall_res` VALUES ('428', '2015-02-26 14:59:48', '\0', null, '缂杈瀹跺绫', '0', 'URL', '/seller/usergoodsclass_edit.htm*');
INSERT INTO `wemall_res` VALUES ('429', '2015-02-26 14:59:49', '\0', null, '瀵煎ユ瀹CSV', '0', 'URL', '/seller/taobao_import_csv.htm*');
INSERT INTO `wemall_res` VALUES ('430', '2015-02-26 14:59:49', '\0', null, '涓浼娣瀹剧', '0', 'URL', '/seller/taobao_img_upload.htm*');
INSERT INTO `wemall_res` VALUES ('431', '2015-02-26 14:59:49', '\0', null, '娣瀹瀵煎ュ', '0', 'URL', '/seller/taobao_import_finish.htm*');
INSERT INTO `wemall_res` VALUES ('432', '2015-02-26 14:59:49', '\0', null, '瀵煎ユ瀹CSV', '0', 'URL', '/seller/taobao.htm*');
INSERT INTO `wemall_res` VALUES ('433', '2015-02-26 14:59:49', '\0', null, '瀹惰㈠琛', '0', 'URL', '/seller/order.htm*');
INSERT INTO `wemall_res` VALUES ('434', '2015-02-26 14:59:49', '\0', null, '瀹惰㈠璇', '0', 'URL', '/seller/order_view.htm*');
INSERT INTO `wemall_res` VALUES ('435', '2015-02-26 14:59:49', '\0', null, '瀹惰磋㈠璐圭ㄤ瀛', '0', 'URL', '/seller/order_fee_save.htm*');
INSERT INTO `wemall_res` VALUES ('436', '2015-02-26 14:59:49', '\0', null, '绾夸浠娆剧‘璁', '0', 'URL', '/seller/seller_order_outline.htm*');
INSERT INTO `wemall_res` VALUES ('437', '2015-02-26 14:59:49', '\0', null, '绾夸浠娆剧‘璁や瀛', '0', 'URL', '/seller/seller_order_outline_save.htm*');
INSERT INTO `wemall_res` VALUES ('438', '2015-02-26 14:59:50', '\0', null, '瀹剁‘璁ゅ璐т瀛', '0', 'URL', '/seller/order_shipping_save.htm*');
INSERT INTO `wemall_res` VALUES ('439', '2015-02-26 14:59:50', '\0', null, '瀹朵慨圭╂', '0', 'URL', '/seller/order_shipping_code.htm*');
INSERT INTO `wemall_res` VALUES ('440', '2015-02-26 14:59:50', '\0', null, '瀹朵慨圭╂淇瀛', '0', 'URL', '/seller/order_shipping_code_save.htm*');
INSERT INTO `wemall_res` VALUES ('441', '2015-02-26 14:59:50', '\0', null, '瀹堕娆句瀛', '0', 'URL', '/seller/order_refund_save.htm*');
INSERT INTO `wemall_res` VALUES ('442', '2015-02-26 14:59:50', '\0', null, '瀹堕璐т瀛', '0', 'URL', '/seller/order_return_save.htm*');
INSERT INTO `wemall_res` VALUES ('443', '2015-02-26 14:59:50', '\0', null, '瀹剁╂璇', '0', 'URL', '/seller/order_query_userinfor.htm*');
INSERT INTO `wemall_res` VALUES ('444', '2015-02-26 14:59:50', '\0', null, '瀹朵瀛璐х宠', '0', 'URL', '/seller/seller_order_return.htm*');
INSERT INTO `wemall_res` VALUES ('445', '2015-02-26 14:59:50', '\0', null, '纭璁や拱瀹堕璐', '0', 'URL', '/seller/seller_order_return_confirm.htm*');
INSERT INTO `wemall_res` VALUES ('446', '2015-02-26 14:59:50', '\0', null, '涔板堕璐х╂璇', '0', 'URL', '/seller/seller_order_return_ship_view.htm*');
INSERT INTO `wemall_res` VALUES ('447', '2015-02-26 14:59:50', '\0', null, '瀹剁‘璁ゅ璐', '0', 'URL', '/seller/order_shipping.htm*');
INSERT INTO `wemall_res` VALUES ('448', '2015-02-26 14:59:50', '\0', null, '瀹跺娑璁㈠淇瀛', '0', 'URL', '/seller/order_cancel_save.htm*');
INSERT INTO `wemall_res` VALUES ('449', '2015-02-26 14:59:51', '\0', null, '瀹惰浠', '0', 'URL', '/seller/order_evaluate.htm*');
INSERT INTO `wemall_res` VALUES ('450', '2015-02-26 14:59:51', '\0', null, '瀹惰浠蜂瀛', '0', 'URL', '/seller/order_evaluate_save.htm*');
INSERT INTO `wemall_res` VALUES ('451', '2015-02-26 14:59:51', '\0', null, '瀹剁╂璇', '0', 'URL', '/seller/ship_view.htm*');
INSERT INTO `wemall_res` VALUES ('452', '2015-02-26 14:59:51', '\0', null, '瀹跺娑璁㈠', '0', 'URL', '/seller/order_cancel.htm*');
INSERT INTO `wemall_res` VALUES ('453', '2015-02-26 14:59:51', '\0', null, '瀹惰磋㈠璐圭', '0', 'URL', '/seller/order_fee.htm*');
INSERT INTO `wemall_res` VALUES ('454', '2015-02-26 14:59:51', '\0', null, '瀹堕娆', '0', 'URL', '/seller/order_refund.htm*');
INSERT INTO `wemall_res` VALUES ('455', '2015-02-26 14:59:51', '\0', null, '瀹堕璐', '0', 'URL', '/seller/order_return.htm*');
INSERT INTO `wemall_res` VALUES ('456', '2015-02-26 14:59:51', '\0', null, '拌㈠', '0', 'URL', '/seller/order_print.htm*');
INSERT INTO `wemall_res` VALUES ('457', '2015-02-26 14:59:51', '\0', null, '涔板堕璐х宠疯', '0', 'URL', '/seller/seller_order_return_apply_view.htm*');
INSERT INTO `wemall_res` VALUES ('458', '2015-02-26 14:59:51', '\0', null, '浠瑰琛', '0', 'URL', '/seller/payment.htm*');
INSERT INTO `wemall_res` VALUES ('459', '2015-02-26 14:59:52', '\0', null, '浠瑰缂杈', '0', 'URL', '/seller/payment_edit.htm*');
INSERT INTO `wemall_res` VALUES ('460', '2015-02-26 14:59:52', '\0', null, '浠瑰淇瀛', '0', 'URL', '/seller/payment_save.htm*');
INSERT INTO `wemall_res` VALUES ('461', '2015-02-26 14:59:52', '\0', null, '浠瑰瀹瑁', '0', 'URL', '/seller/payment_install.htm*');
INSERT INTO `wemall_res` VALUES ('462', '2015-02-26 14:59:52', '\0', null, '浠瑰歌浇', '0', 'URL', '/seller/payment_uninstall.htm*');
INSERT INTO `wemall_res` VALUES ('463', '2015-02-26 14:59:52', '\0', null, '瀹惰璐规ā垮琛', '0', 'URL', '/seller/transport_list.htm*');
INSERT INTO `wemall_res` VALUES ('464', '2015-02-26 14:59:52', '\0', null, '瀹惰璐规ā跨杈', '0', 'URL', '/seller/transport_edit.htm*');
INSERT INTO `wemall_res` VALUES ('465', '2015-02-26 14:59:52', '\0', null, '瀹惰璐规ā垮', '0', 'URL', '/seller/transport_copy.htm*');
INSERT INTO `wemall_res` VALUES ('466', '2015-02-26 14:59:52', '\0', null, '瀹惰璐规ā夸瀛', '0', 'URL', '/seller/transport_save.htm*');
INSERT INTO `wemall_res` VALUES ('467', '2015-02-26 14:59:52', '\0', null, '瀹惰璐规ā夸瀛', '0', 'URL', '/seller/transport_success.htm*');
INSERT INTO `wemall_res` VALUES ('468', '2015-02-26 14:59:52', '\0', null, '瀹惰璐规ā胯缁淇℃', '0', 'URL', '/seller/transport_info.htm*');
INSERT INTO `wemall_res` VALUES ('469', '2015-02-26 14:59:53', '\0', null, '瀹惰璐规ā垮哄缂杈', '0', 'URL', '/seller/transport_area.htm*');
INSERT INTO `wemall_res` VALUES ('470', '2015-02-26 14:59:53', '\0', null, '瀹惰璐规ā垮', '0', 'URL', '/seller/transport_del.htm*');
INSERT INTO `wemall_res` VALUES ('471', '2015-02-26 14:59:53', '\0', null, '瀹惰璐规ā挎坊', '0', 'URL', '/seller/transport_add.htm*');
INSERT INTO `wemall_res` VALUES ('472', '2015-02-26 14:59:53', '\0', null, '搴哄绾', '0', 'URL', '/seller/store_grade.htm*');
INSERT INTO `wemall_res` VALUES ('473', '2015-02-26 14:59:53', '\0', null, '宠峰虹涓姝', '0', 'URL', '/seller/store_create_first.htm*');
INSERT INTO `wemall_res` VALUES ('474', '2015-02-26 14:59:53', '\0', null, '宠峰虹浜姝', '0', 'URL', '/seller/store_create_second.htm*');
INSERT INTO `wemall_res` VALUES ('475', '2015-02-26 14:59:53', '\0', null, '宠峰哄', '0', 'URL', '/seller/store_create_finish.htm*');
INSERT INTO `wemall_res` VALUES ('476', '2015-02-26 14:59:53', '\0', null, '搴鸿剧疆淇瀛', '0', 'URL', '/seller/store_set_save.htm*');
INSERT INTO `wemall_res` VALUES ('477', '2015-02-26 14:59:53', '\0', null, '搴哄板句瀛', '0', 'URL', '/seller/store_map_save.htm*');
INSERT INTO `wemall_res` VALUES ('478', '2015-02-26 14:59:54', '\0', null, '涓婚璁剧疆', '0', 'URL', '/seller/store_theme_save.htm*');
INSERT INTO `wemall_res` VALUES ('479', '2015-02-26 14:59:54', '\0', null, '搴鸿よ淇瀛', '0', 'URL', '/seller/store_approve_save.htm*');
INSERT INTO `wemall_res` VALUES ('480', '2015-02-26 14:59:54', '\0', null, '搴哄绾х宠峰', '0', 'URL', '/seller/store_grade_finish.htm*');
INSERT INTO `wemall_res` VALUES ('481', '2015-02-26 14:59:54', '\0', null, '搴哄够淇瀛', '0', 'URL', '/seller/store_slide_save.htm*');
INSERT INTO `wemall_res` VALUES ('482', '2015-02-26 14:59:54', '\0', null, '搴鸿剧疆', '0', 'URL', '/seller/store_set.htm*');
INSERT INTO `wemall_res` VALUES ('483', '2015-02-26 14:59:54', '\0', null, '搴哄板', '0', 'URL', '/seller/store_map.htm*');
INSERT INTO `wemall_res` VALUES ('484', '2015-02-26 14:59:54', '\0', null, '涓婚璁剧疆', '0', 'URL', '/seller/store_theme.htm*');
INSERT INTO `wemall_res` VALUES ('485', '2015-02-26 14:59:54', '\0', null, '搴鸿よ', '0', 'URL', '/seller/store_approve.htm*');
INSERT INTO `wemall_res` VALUES ('486', '2015-02-26 14:59:54', '\0', null, '搴哄够', '0', 'URL', '/seller/store_slide.htm*');
INSERT INTO `wemall_res` VALUES ('487', '2015-02-26 14:59:54', '\0', null, '瀛璐峰琛', '0', 'URL', '/seller/sub_account_list.htm*');
INSERT INTO `wemall_res` VALUES ('488', '2015-02-26 14:59:55', '\0', null, '瀛璐锋坊', '0', 'URL', '/seller/sub_account_add.htm*');
INSERT INTO `wemall_res` VALUES ('489', '2015-02-26 14:59:55', '\0', null, '瀛璐风杈', '0', 'URL', '/seller/sub_account_edit.htm*');
INSERT INTO `wemall_res` VALUES ('490', '2015-02-26 14:59:55', '\0', null, '瀛璐蜂瀛', '0', 'URL', '/seller/sub_account_save.htm*');
INSERT INTO `wemall_res` VALUES ('491', '2015-02-26 14:59:55', '\0', null, '瀛璐峰', '0', 'URL', '/seller/sub_account_del.htm*');
INSERT INTO `wemall_res` VALUES ('492', '2015-02-26 14:59:55', '\0', null, '瀹跺艰缂杈', '0', 'URL', '/seller/store_nav_edit.htm*');
INSERT INTO `wemall_res` VALUES ('493', '2015-02-26 14:59:55', '\0', null, '瀹跺艰淇瀛', '0', 'URL', '/seller/store_nav_save.htm*');
INSERT INTO `wemall_res` VALUES ('494', '2015-02-26 14:59:55', '\0', null, '瀹跺艰', '0', 'URL', '/seller/store_nav_del.htm*');
INSERT INTO `wemall_res` VALUES ('495', '2015-02-26 14:59:55', '\0', null, '瀹跺艰娣诲', '0', 'URL', '/seller/store_nav_add.htm*');
INSERT INTO `wemall_res` VALUES ('496', '2015-02-26 14:59:55', '\0', null, '瀹跺艰绠＄', '0', 'URL', '/seller/store_nav.htm*');
INSERT INTO `wemall_res` VALUES ('497', '2015-02-26 14:59:55', '\0', null, '瀹跺浣浼浼存坊', '0', 'URL', '/seller/store_partner_add.htm*');
INSERT INTO `wemall_res` VALUES ('498', '2015-02-26 14:59:55', '\0', null, '瀹跺浣浼浼寸杈', '0', 'URL', '/seller/store_partner_edit.htm*');
INSERT INTO `wemall_res` VALUES ('499', '2015-02-26 14:59:56', '\0', null, '瀹跺浣浼浼翠瀛', '0', 'URL', '/seller/store_partner_save.htm*');
INSERT INTO `wemall_res` VALUES ('500', '2015-02-26 14:59:56', '\0', null, '瀹跺浣浼浼村', '0', 'URL', '/seller/store_partner_del.htm*');
INSERT INTO `wemall_res` VALUES ('501', '2015-02-26 14:59:56', '\0', null, '瀹跺浣浼浼村琛', '0', 'URL', '/seller/store_partner.htm*');
INSERT INTO `wemall_res` VALUES ('502', '2015-02-26 14:59:56', '\0', null, '瀹堕娆惧琛', '0', 'URL', '/seller/refund.htm*');
INSERT INTO `wemall_res` VALUES ('503', '2015-02-26 14:59:56', '\0', null, '瀹堕娆惧琛', '0', 'URL', '/seller/refund_view.htm*');
INSERT INTO `wemall_res` VALUES ('504', '2015-02-26 14:59:56', '\0', null, '瀹堕璐у琛', '0', 'URL', '/seller/goods_return.htm*');
INSERT INTO `wemall_res` VALUES ('505', '2015-02-26 14:59:56', '\0', null, '瀹堕娆惧琛', '0', 'URL', '/seller/return_view.htm*');
INSERT INTO `wemall_res` VALUES ('506', '2015-02-26 14:59:56', '\0', null, '瀹舵ョ璇璇', '0', 'URL', '/seller/complaint_view.htm*');
INSERT INTO `wemall_res` VALUES ('507', '2015-02-26 14:59:56', '\0', null, '瀹惰璇琛', '0', 'URL', '/seller/complaint.htm*');
INSERT INTO `wemall_res` VALUES ('508', '2015-02-26 14:59:56', '\0', null, '瀹舵ョ璇璇', '0', 'URL', '/seller/complaint_appeal.htm*');
INSERT INTO `wemall_res` VALUES ('509', '2015-02-26 14:59:57', '\0', null, '瀹舵璇璧', '0', 'URL', '/seller/complaint_handle.htm*');
INSERT INTO `wemall_res` VALUES ('510', '2015-02-26 14:59:57', '\0', null, '瀹跺ㄨ㈠琛', '0', 'URL', '/seller/consult.htm*');
INSERT INTO `wemall_res` VALUES ('511', '2015-02-26 14:59:57', '\0', null, '瀹跺ㄨ㈠澶淇瀛', '0', 'URL', '/seller/consult_reply_save.htm*');
INSERT INTO `wemall_res` VALUES ('512', '2015-02-26 14:59:57', '\0', null, '瀹跺ㄨ㈠澶', '0', 'URL', '/seller/consult_reply.htm*');
INSERT INTO `wemall_res` VALUES ('513', '2015-02-26 14:59:57', '\0', null, '瀹跺ㄨ㈠', '0', 'URL', '/seller/consult_del.htm*');
INSERT INTO `wemall_res` VALUES ('514', '2015-02-26 14:59:57', '\0', null, '撮杞宠峰琛', '0', 'URL', '/seller/ztc_apply_list.htm*');
INSERT INTO `wemall_res` VALUES ('515', '2015-02-26 14:59:57', '\0', null, '撮杞宠锋ョ', '0', 'URL', '/seller/ztc_apply_view.htm*');
INSERT INTO `wemall_res` VALUES ('516', '2015-02-26 14:59:57', '\0', null, '撮杞宠蜂瀛', '0', 'URL', '/seller/ztc_apply_save.htm*');
INSERT INTO `wemall_res` VALUES ('517', '2015-02-26 14:59:57', '\0', null, '撮杞杞', '0', 'URL', '/seller/ztc_goods.htm*');
INSERT INTO `wemall_res` VALUES ('518', '2015-02-26 14:59:57', '\0', null, '撮杞宠', '0', 'URL', '/seller/ztc_apply.htm*');
INSERT INTO `wemall_res` VALUES ('519', '2015-02-26 14:59:58', '\0', null, '撮杞琛', '0', 'URL', '/seller/ztc_list.htm*');
INSERT INTO `wemall_res` VALUES ('520', '2015-02-26 14:59:58', '\0', null, '宠峰娲诲', '0', 'URL', '/seller/activity_apply.htm*');
INSERT INTO `wemall_res` VALUES ('521', '2015-02-26 14:59:58', '\0', null, '娲诲ㄥ杞', '0', 'URL', '/seller/activity_goods.htm*');
INSERT INTO `wemall_res` VALUES ('522', '2015-02-26 14:59:58', '\0', null, '宠峰娲诲', '0', 'URL', '/seller/activity_apply_save.htm*');
INSERT INTO `wemall_res` VALUES ('523', '2015-02-26 14:59:58', '\0', null, '娲诲ㄥ琛', '0', 'URL', '/seller/activity.htm*');
INSERT INTO `wemall_res` VALUES ('524', '2015-02-26 14:59:58', '\0', null, '娲诲ㄥ琛', '0', 'URL', '/seller/activity_goods_list.htm*');
INSERT INTO `wemall_res` VALUES ('525', '2015-02-26 14:59:58', '\0', null, '瀹跺㈣喘琛', '0', 'URL', '/seller/group.htm*');
INSERT INTO `wemall_res` VALUES ('526', '2015-02-26 14:59:58', '\0', null, '瀹跺㈣喘娣诲', '0', 'URL', '/seller/group_add.htm*');
INSERT INTO `wemall_res` VALUES ('527', '2015-02-26 14:59:58', '\0', null, '瀹跺㈣喘缂杈', '0', 'URL', '/seller/group_edit.htm*');
INSERT INTO `wemall_res` VALUES ('528', '2015-02-26 14:59:58', '\0', null, '㈣喘', '0', 'URL', '/seller/group_del.htm*');
INSERT INTO `wemall_res` VALUES ('529', '2015-02-26 14:59:58', '\0', null, '㈣喘淇瀛', '0', 'URL', '/seller/group_goods_save.htm*');
INSERT INTO `wemall_res` VALUES ('530', '2015-02-26 14:59:59', '\0', null, '瀹跺㈣喘', '0', 'URL', '/seller/group_goods.htm*');
INSERT INTO `wemall_res` VALUES ('531', '2015-02-26 14:59:59', '\0', null, '浠ョ逛环', '0', 'URL', '/seller/bargain.htm*');
INSERT INTO `wemall_res` VALUES ('532', '2015-02-26 14:59:59', '\0', null, '淇瀛', '0', 'URL', '/seller/bargain_apply_save.htm*');
INSERT INTO `wemall_res` VALUES ('533', '2015-02-26 14:59:59', '\0', null, '淇瀛', '0', 'URL', '/seller/bargain_apply_success.htm*');
INSERT INTO `wemall_res` VALUES ('534', '2015-02-26 14:59:59', '\0', null, '淇瀛澶辫触', '0', 'URL', '/seller/bargain_apply_error.htm*');
INSERT INTO `wemall_res` VALUES ('535', '2015-02-26 14:59:59', '\0', null, '逛环琛', '0', 'URL', '/seller/bargain_goods_list.htm*');
INSERT INTO `wemall_res` VALUES ('536', '2015-02-26 14:59:59', '\0', null, '娣诲', '0', 'URL', '/seller/bargain_goods.htm*');
INSERT INTO `wemall_res` VALUES ('537', '2015-02-26 14:59:59', '\0', null, '宠蜂ョ逛环', '0', 'URL', '/seller/bargain_apply.htm*');
INSERT INTO `wemall_res` VALUES ('538', '2015-02-26 15:00:00', '\0', null, '涔板氨濂椁璐涔颁瀛', '0', 'URL', '/seller/delivery_buy_save.htm*');
INSERT INTO `wemall_res` VALUES ('539', '2015-02-26 15:00:00', '\0', null, '涔板氨濂椁璐涔版', '0', 'URL', '/seller/delivery_buy_success.htm*');
INSERT INTO `wemall_res` VALUES ('540', '2015-02-26 15:00:00', '\0', null, '涔板氨濂椁璐涔板け璐', '0', 'URL', '/seller/delivery_buy_error.htm*');
INSERT INTO `wemall_res` VALUES ('541', '2015-02-26 15:00:00', '\0', null, '宠蜂拱灏遍', '0', 'URL', '/seller/delivery_apply.htm*');
INSERT INTO `wemall_res` VALUES ('542', '2015-02-26 15:00:00', '\0', null, '杞戒拱灏遍', '0', 'URL', '/seller/delivery_goods.htm*');
INSERT INTO `wemall_res` VALUES ('543', '2015-02-26 15:00:00', '\0', null, '涔板氨淇瀛', '0', 'URL', '/seller/delivery_apply_save.htm*');
INSERT INTO `wemall_res` VALUES ('544', '2015-02-26 15:00:00', '\0', null, '涔板氨', '0', 'URL', '/seller/delivery_del.htm*');
INSERT INTO `wemall_res` VALUES ('545', '2015-02-26 15:00:00', '\0', null, '涔板氨濂椁璐涔', '0', 'URL', '/seller/delivery_buy.htm*');
INSERT INTO `wemall_res` VALUES ('546', '2015-02-26 15:00:00', '\0', null, '涔板氨', '0', 'URL', '/seller/delivery.htm*');
INSERT INTO `wemall_res` VALUES ('547', '2015-02-26 15:00:00', '\0', null, '涔板氨濂椁璐涔版ュ', '0', 'URL', '/seller/delivery_log.htm*');
INSERT INTO `wemall_res` VALUES ('548', '2015-02-26 15:00:00', '\0', null, '甯', '0', 'URL', '/seller/gold_record.htm*');
INSERT INTO `wemall_res` VALUES ('549', '2015-02-26 15:00:01', '\0', null, '㈡ュ', '0', 'URL', '/seller/gold_log.htm*');
INSERT INTO `wemall_res` VALUES ('550', '2015-02-26 15:00:01', '\0', null, '甯', '0', 'URL', '/seller/gold_record_list.htm*');
INSERT INTO `wemall_res` VALUES ('551', '2015-02-26 15:00:01', '\0', null, '甯淇瀛', '0', 'URL', '/buyer/gold_record_save.htm*');
INSERT INTO `wemall_res` VALUES ('552', '2015-02-26 15:00:01', '\0', null, '甯㈡浠', '0', 'URL', '/seller/gold_pay.htm*');
INSERT INTO `wemall_res` VALUES ('553', '2015-02-26 15:00:01', '\0', null, '甯㈣', '0', 'URL', '/seller/gold_view.htm*');
INSERT INTO `wemall_res` VALUES ('554', '2015-02-26 15:00:01', '\0', null, '骞垮琛', '0', 'URL', '/seller/advert_list.htm*');
INSERT INTO `wemall_res` VALUES ('555', '2015-02-26 15:00:01', '\0', null, '骞垮璐涔颁瀛', '0', 'URL', '/seller/advert_apply_save.htm*');
INSERT INTO `wemall_res` VALUES ('556', '2015-02-26 15:00:01', '\0', null, '骞垮缂杈', '0', 'URL', '/seller/advert_apply_edit.htm*');
INSERT INTO `wemall_res` VALUES ('557', '2015-02-26 15:00:01', '\0', null, '骞垮璐涔颁瀛', '0', 'URL', '/seller/advert_delay_save.htm*');
INSERT INTO `wemall_res` VALUES ('558', '2015-02-26 15:00:01', '\0', null, '骞垮', '0', 'URL', '/seller/advert_my.htm*');
INSERT INTO `wemall_res` VALUES ('559', '2015-02-26 15:00:02', '\0', null, '骞垮璐涔', '0', 'URL', '/seller/advert_apply.htm*');
INSERT INTO `wemall_res` VALUES ('560', '2015-02-26 15:00:02', '\0', null, '骞垮寤舵', '0', 'URL', '/seller/advert_delay.htm*');
INSERT INTO `wemall_res` VALUES ('561', '2015-02-26 15:00:02', '\0', null, '剧姘村颁瀛', '0', 'URL', '/seller/watermark_save.htm*');
INSERT INTO `wemall_res` VALUES ('562', '2015-02-26 15:00:02', '\0', null, '剧姘村', '0', 'URL', '/seller/watermark.htm*');
INSERT INTO `wemall_res` VALUES ('563', '2015-02-26 15:00:02', '\0', null, '稿琛', '0', 'URL', '/seller/album.htm*');
INSERT INTO `wemall_res` VALUES ('564', '2015-02-26 15:00:02', '\0', null, '稿杞绉', '0', 'URL', '/seller/album_transfer.htm*');
INSERT INTO `wemall_res` VALUES ('565', '2015-02-26 15:00:02', '\0', null, '剧杞绉荤稿', '0', 'URL', '/seller/album_transfer_save.htm*');
INSERT INTO `wemall_res` VALUES ('566', '2015-02-26 15:00:02', '\0', null, '剧杞绉荤稿', '0', 'URL', '/seller/album_watermark.htm*');
INSERT INTO `wemall_res` VALUES ('567', '2015-02-26 15:00:02', '\0', null, '板稿', '0', 'URL', '/seller/album_add.htm*');
INSERT INTO `wemall_res` VALUES ('568', '2015-02-26 15:00:02', '\0', null, '剧琛', '0', 'URL', '/seller/album_image.htm*');
INSERT INTO `wemall_res` VALUES ('569', '2015-02-26 15:00:02', '\0', null, '稿淇瀛', '0', 'URL', '/seller/album_save.htm*');
INSERT INTO `wemall_res` VALUES ('570', '2015-02-26 15:00:03', '\0', null, '剧涓浼', '0', 'URL', '/seller/album_upload.htm*');
INSERT INTO `wemall_res` VALUES ('571', '2015-02-26 15:00:03', '\0', null, '稿灏㈣剧疆', '0', 'URL', '/seller/album_cover.htm*');
INSERT INTO `wemall_res` VALUES ('572', '2015-02-26 15:00:03', '\0', null, '板稿', '0', 'URL', '/seller/album_edit.htm*');
INSERT INTO `wemall_res` VALUES ('573', '2015-02-26 15:00:03', '\0', null, '稿', '0', 'URL', '/seller/album_del.htm*');
INSERT INTO `wemall_res` VALUES ('574', '2015-02-26 15:00:03', '\0', null, '剧骞荤ョ', '0', 'URL', '/seller/image_slide.htm*');
INSERT INTO `wemall_res` VALUES ('575', '2015-02-26 15:00:03', '\0', null, '稿剧', '0', 'URL', '/seller/album_img_del.htm*');
INSERT INTO `wemall_res` VALUES ('576', '2015-02-26 15:00:03', '\0', null, '瀹朵腑蹇', '0', 'URL', '/seller/index.htm*');
INSERT INTO `wemall_res` VALUES ('577', '2015-02-26 15:00:03', '\0', null, '瀹朵腑蹇瀵艰', '0', 'URL', '/seller/nav.htm*');
INSERT INTO `wemall_res` VALUES ('578', '2015-02-26 15:00:03', '\0', null, '瀹朵腑蹇蹇峰借剧疆', '0', 'URL', '/seller/store_quick_menu.htm*');
INSERT INTO `wemall_res` VALUES ('579', '2015-02-26 15:00:03', '\0', null, '瀹朵腑蹇蹇峰借剧疆淇瀛', '0', 'URL', '/seller/store_quick_menu_save.htm*');
INSERT INTO `wemall_res` VALUES ('580', '2015-02-26 15:00:03', '\0', null, '瀹朵腑蹇瀵艰', '0', 'URL', '/seller/head.htm*');
INSERT INTO `wemall_res` VALUES ('581', '2015-02-26 15:00:04', '\0', null, '瀹跺琛', '0', 'URL', '/seller/usergoodsbrand_list.htm*');
INSERT INTO `wemall_res` VALUES ('582', '2015-02-26 15:00:04', '\0', null, '瀹跺宠', '0', 'URL', '/seller/usergoodsbrand_add.htm*');
INSERT INTO `wemall_res` VALUES ('583', '2015-02-26 15:00:04', '\0', null, '瀹跺缂杈', '0', 'URL', '/seller/usergoodsbrand_edit.htm*');
INSERT INTO `wemall_res` VALUES ('584', '2015-02-26 15:00:04', '\0', null, '瀹跺', '0', 'URL', '/seller/usergoodsbrand_dele.htm*');
INSERT INTO `wemall_res` VALUES ('585', '2015-02-26 15:00:04', '\0', null, '瀹跺淇瀛', '0', 'URL', '/seller/usergoodsbrand_save.htm*');
INSERT INTO `wemall_res` VALUES ('586', '2015-02-26 15:00:04', '\0', null, '茬疆琛', '0', 'URL', '/seller/spare_goods.htm*');
INSERT INTO `wemall_res` VALUES ('587', '2015-02-26 15:00:04', '\0', null, '甯茬疆', '0', 'URL', '/seller/add_spare_goods.htm*');
INSERT INTO `wemall_res` VALUES ('588', '2015-02-26 15:00:04', '\0', null, '茬疆淇℃缂杈', '0', 'URL', '/seller/spare_goods_edit.htm*');
INSERT INTO `wemall_res` VALUES ('589', '2015-02-26 15:00:04', '\0', null, '茬疆淇℃', '0', 'URL', '/seller/spare_goods_dele.htm*');
INSERT INTO `wemall_res` VALUES ('590', '2015-02-26 15:00:04', '\0', null, '茬疆涓朵舵浣', '0', 'URL', '/seller/spare_goods_updown.htm*');
INSERT INTO `wemall_res` VALUES ('591', '2015-02-26 15:00:04', '\0', null, '茬疆淇瀛', '0', 'URL', '/seller/spare_goods_save.htm*');
INSERT INTO `wemall_res` VALUES ('592', '2015-02-26 15:00:05', '\0', null, '茬疆甯椤Ajax杞戒绾у板轰俊', '0', 'URL', '/seller/sparegoods_area_data.htm*');
INSERT INTO `wemall_res` VALUES ('593', '2015-02-26 15:00:05', '\0', null, '剧', '0', 'URL', '/seller/sparegoods_removeimg.htm*');
INSERT INTO `wemall_res` VALUES ('594', '2015-02-26 15:00:05', '\0', null, '杞藉', '0', 'URL', '/seller/combin_goods.htm*');
INSERT INTO `wemall_res` VALUES ('595', '2015-02-26 15:00:05', '\0', null, '缁濂椁璐涔颁瀛', '0', 'URL', '/seller/combin_buy_save.htm*');
INSERT INTO `wemall_res` VALUES ('596', '2015-02-26 15:00:05', '\0', null, '缁濂椁璐涔版', '0', 'URL', '/seller/combin_buy_success.htm*');
INSERT INTO `wemall_res` VALUES ('597', '2015-02-26 15:00:05', '\0', null, '缁濂椁璐涔板け璐', '0', 'URL', '/seller/combin_buy_error.htm*');
INSERT INTO `wemall_res` VALUES ('598', '2015-02-26 15:00:05', '\0', null, '缁', '0', 'URL', '/seller/combin.htm*');
INSERT INTO `wemall_res` VALUES ('599', '2015-02-26 15:00:05', '\0', null, '宠风', '0', 'URL', '/seller/combin_apply.htm*');
INSERT INTO `wemall_res` VALUES ('600', '2015-02-26 15:00:05', '\0', null, '缁璐涔版ュ', '0', 'URL', '/seller/combin_log.htm*');
INSERT INTO `wemall_res` VALUES ('601', '2015-02-26 15:00:05', '\0', null, '缁淇瀛', '0', 'URL', '/seller/combin_save.htm*');
INSERT INTO `wemall_res` VALUES ('602', '2015-02-26 15:00:06', '\0', null, '缁缂杈', '0', 'URL', '/seller/combin_edit.htm*');
INSERT INTO `wemall_res` VALUES ('603', '2015-02-26 15:00:06', '\0', null, '缁', '0', 'URL', '/seller/combin_del.htm*');
INSERT INTO `wemall_res` VALUES ('604', '2015-02-26 15:00:06', '\0', null, '缁濂椁璐涔', '0', 'URL', '/seller/combin_buy.htm*');
INSERT INTO `wemall_res` VALUES ('605', '2015-02-26 15:00:06', '\0', null, '寰淇″版淇瀛', '0', 'URL', '/seller/weixin_store_save.htm*');
INSERT INTO `wemall_res` VALUES ('606', '2015-02-26 15:00:06', '\0', null, '寰淇″', '0', 'URL', '/seller/weixin_store_buy.htm*');
INSERT INTO `wemall_res` VALUES ('607', '2015-02-26 15:00:06', '\0', null, '寰淇″璐涔颁瀛', '0', 'URL', '/seller/weixin_store_buy_save.htm*');
INSERT INTO `wemall_res` VALUES ('608', '2015-02-26 15:00:06', '\0', null, '寰淇″璐涔版', '0', 'URL', '/seller/weixin_store_buy_success.htm*');
INSERT INTO `wemall_res` VALUES ('609', '2015-02-26 15:00:06', '\0', null, '寰淇″璐涔板け璐', '0', 'URL', '/seller/weixin_store_buy_error.htm*');
INSERT INTO `wemall_res` VALUES ('610', '2015-02-26 15:00:06', '\0', null, '寰淇″璐涔版ュ', '0', 'URL', '/seller/weixin_store_log.htm*');
INSERT INTO `wemall_res` VALUES ('611', '2015-02-26 15:00:06', '\0', null, '寰淇″缃椤甸', '0', 'URL', '/seller/weixin_store_menu.htm*');
INSERT INTO `wemall_res` VALUES ('612', '2015-02-26 15:00:07', '\0', null, '寰淇″缃', '0', 'URL', '/seller/weixin_store_menu_add.htm*');
INSERT INTO `wemall_res` VALUES ('613', '2015-02-26 15:00:07', '\0', null, '寰淇″淇瀛', '0', 'URL', '/seller/weixin_store_menu_save.htm*');
INSERT INTO `wemall_res` VALUES ('614', '2015-02-26 15:00:07', '\0', null, '寰淇″', '0', 'URL', '/seller/weixin_store_menu_delete.htm*');
INSERT INTO `wemall_res` VALUES ('615', '2015-02-26 15:00:07', '\0', null, '寰淇¤寤', '0', 'URL', '/seller/weixin_store_menu_create.htm*');
INSERT INTO `wemall_res` VALUES ('616', '2015-02-26 15:00:07', '\0', null, '寰淇″', '0', 'URL', '/seller/weixin_store.htm*');
INSERT INTO `wemall_res` VALUES ('617', '2015-02-26 15:00:07', '\0', null, '寰淇℃', '0', 'URL', '/seller/weixin_msg.htm*');
INSERT INTO `wemall_res` VALUES ('618', '2015-02-26 15:00:07', '\0', null, '涔板朵腑蹇', '0', 'URL', '/buyer/index.htm*');
INSERT INTO `wemall_res` VALUES ('619', '2015-02-26 15:00:07', '\0', null, '涔板朵腑蹇瀵艰', '0', 'URL', '/buyer/head.htm*');
INSERT INTO `wemall_res` VALUES ('620', '2015-02-26 15:00:07', '\0', null, '涔板朵腑蹇瀵艰', '0', 'URL', '/buyer/nav.htm*');
INSERT INTO `wemall_res` VALUES ('621', '2015-02-26 15:00:07', '\0', null, 'ゅㄦ', '0', 'URL', '/buyer/dynamic_del.htm*');
INSERT INTO `wemall_res` VALUES ('622', '2015-02-26 15:00:08', '\0', null, 'ajax澶淇瀛规', '0', 'URL', '/buyer/dynamic_ajax_reply.htm*');
INSERT INTO `wemall_res` VALUES ('623', '2015-02-26 15:00:08', '\0', null, 'ajax璧ㄦ规', '0', 'URL', '/buyer/dynamic_ajax_praise.htm*');
INSERT INTO `wemall_res` VALUES ('624', '2015-02-26 15:00:08', '\0', null, 'ajax杞ㄦ淇瀛规', '0', 'URL', '/buyer/dynamic_ajax_turn.htm*');
INSERT INTO `wemall_res` VALUES ('625', '2015-02-26 15:00:08', '\0', null, 'ゅㄦ涓硅宸卞甯璇璁', '0', 'URL', '/buyer/dynamic_reply_del.htm*');
INSERT INTO `wemall_res` VALUES ('626', '2015-02-26 15:00:08', '\0', null, 'ㄦ峰浜惰搴哄琛', '0', 'URL', '/buyer/fav_store_list.htm*');
INSERT INTO `wemall_res` VALUES ('627', '2015-02-26 15:00:08', '\0', null, 'ㄦ峰浜惰搴ajax琛', '0', 'URL', '/buyer/fav_store_list_ajax.htm*');
INSERT INTO `wemall_res` VALUES ('628', '2015-02-26 15:00:08', '\0', null, 'ㄦ峰浜惰琛', '0', 'URL', '/buyer/fav_goods_list.htm*');
INSERT INTO `wemall_res` VALUES ('629', '2015-02-26 15:00:08', '\0', null, 'ㄦ峰浜惰ajax琛', '0', 'URL', '/buyer/fav_goods_list_ajax.htm*');
INSERT INTO `wemall_res` VALUES ('630', '2015-02-26 15:00:08', '\0', null, 'ㄦ甯淇瀛', '0', 'URL', '/buyer/dynamic_save.htm*');
INSERT INTO `wemall_res` VALUES ('631', '2015-02-26 15:00:08', '\0', null, '涓浜轰俊峰涓绾у板ajax', '0', 'URL', '/buyer/account_getAreaChilds.htm*');
INSERT INTO `wemall_res` VALUES ('632', '2015-02-26 15:00:09', '\0', null, '瀵淇', '0', 'URL', '/buyer/account_password.htm*');
INSERT INTO `wemall_res` VALUES ('633', '2015-02-26 15:00:09', '\0', null, '瀵淇逛瀛', '0', 'URL', '/buyer/account_password_save.htm*');
INSERT INTO `wemall_res` VALUES ('634', '2015-02-26 15:00:09', '\0', null, '绠变慨逛瀛', '0', 'URL', '/buyer/account_email_save.htm*');
INSERT INTO `wemall_res` VALUES ('635', '2015-02-26 15:00:09', '\0', null, '惧淇', '0', 'URL', '/buyer/account_avatar.htm*');
INSERT INTO `wemall_res` VALUES ('636', '2015-02-26 15:00:09', '\0', null, '哄风淇', '0', 'URL', '/buyer/account_mobile.htm*');
INSERT INTO `wemall_res` VALUES ('637', '2015-02-26 15:00:09', '\0', null, '哄风淇瀛', '0', 'URL', '/buyer/account_mobile_save.htm*');
INSERT INTO `wemall_res` VALUES ('638', '2015-02-26 15:00:09', '\0', null, '虹淇″', '0', 'URL', '/buyer/account_mobile_sms.htm*');
INSERT INTO `wemall_res` VALUES ('639', '2015-02-26 15:00:09', '\0', null, '濂藉绠＄', '0', 'URL', '/buyer/friend.htm*');
INSERT INTO `wemall_res` VALUES ('640', '2015-02-26 15:00:10', '\0', null, '濂藉娣诲', '0', 'URL', '/buyer/friend_add_save.htm*');
INSERT INTO `wemall_res` VALUES ('641', '2015-02-26 15:00:10', '\0', null, '璐疯Вょ瀹', '0', 'URL', '/buyer/account_bind_cancel.htm*');
INSERT INTO `wemall_res` VALUES ('642', '2015-02-26 15:00:10', '\0', null, '涓浜轰俊瀵艰', '0', 'URL', '/buyer/account_nav.htm*');
INSERT INTO `wemall_res` VALUES ('643', '2015-02-26 15:00:10', '\0', null, '涓浜轰俊', '0', 'URL', '/buyer/account.htm*');
INSERT INTO `wemall_res` VALUES ('644', '2015-02-26 15:00:10', '\0', null, '涓浜轰俊淇瀛', '0', 'URL', '/buyer/account_save.htm*');
INSERT INTO `wemall_res` VALUES ('645', '2015-02-26 15:00:10', '\0', null, '绠变慨', '0', 'URL', '/buyer/account_email.htm*');
INSERT INTO `wemall_res` VALUES ('646', '2015-02-26 15:00:10', '\0', null, '惧涓浼', '0', 'URL', '/buyer/upload_avatar.htm*');
INSERT INTO `wemall_res` VALUES ('647', '2015-02-26 15:00:10', '\0', null, '濂藉娣诲', '0', 'URL', '/buyer/friend_add.htm*');
INSERT INTO `wemall_res` VALUES ('648', '2015-02-26 15:00:10', '\0', null, '绱㈢ㄦ', '0', 'URL', '/buyer/account_friend_search.htm*');
INSERT INTO `wemall_res` VALUES ('649', '2015-02-26 15:00:11', '\0', null, '濂藉', '0', 'URL', '/buyer/friend_del.htm*');
INSERT INTO `wemall_res` VALUES ('650', '2015-02-26 15:00:11', '\0', null, '璐风瀹', '0', 'URL', '/buyer/account_bind.htm*');
INSERT INTO `wemall_res` VALUES ('651', '2015-02-26 15:00:11', '\0', null, '绔淇', '0', 'URL', '/buyer/message.htm*');
INSERT INTO `wemall_res` VALUES ('652', '2015-02-26 15:00:11', '\0', null, '绔淇′瀛', '0', 'URL', '/buyer/message_save.htm*');
INSERT INTO `wemall_res` VALUES ('653', '2015-02-26 15:00:11', '\0', null, '绔淇″澶', '0', 'URL', '/buyer/message_reply.htm*');
INSERT INTO `wemall_res` VALUES ('654', '2015-02-26 15:00:11', '\0', null, '绔淇℃ョ', '0', 'URL', '/buyer/message_info.htm*');
INSERT INTO `wemall_res` VALUES ('655', '2015-02-26 15:00:11', '\0', null, '绔淇″', '0', 'URL', '/buyer/message_send.htm*');
INSERT INTO `wemall_res` VALUES ('656', '2015-02-26 15:00:11', '\0', null, '绔淇″', '0', 'URL', '/buyer/message_del.htm*');
INSERT INTO `wemall_res` VALUES ('657', '2015-02-26 15:00:11', '\0', null, '惰揣板琛', '0', 'URL', '/buyer/address.htm*');
INSERT INTO `wemall_res` VALUES ('658', '2015-02-26 15:00:12', '\0', null, '板惰揣板', '0', 'URL', '/buyer/address_edit.htm*');
INSERT INTO `wemall_res` VALUES ('659', '2015-02-26 15:00:12', '\0', null, '惰揣板淇瀛', '0', 'URL', '/buyer/address_save.htm*');
INSERT INTO `wemall_res` VALUES ('660', '2015-02-26 15:00:12', '\0', null, '惰揣板', '0', 'URL', '/buyer/address_del.htm*');
INSERT INTO `wemall_res` VALUES ('661', '2015-02-26 15:00:12', '\0', null, '板惰揣板', '0', 'URL', '/buyer/address_add.htm*');
INSERT INTO `wemall_res` VALUES ('662', '2015-02-26 15:00:12', '\0', null, 'ㄦ峰惰', '0', 'URL', '/buyer/favorite_goods.htm*');
INSERT INTO `wemall_res` VALUES ('663', '2015-02-26 15:00:12', '\0', null, 'ㄦ峰烘惰', '0', 'URL', '/buyer/favorite_store.htm*');
INSERT INTO `wemall_res` VALUES ('664', '2015-02-26 15:00:12', '\0', null, 'ㄦ锋惰', '0', 'URL', '/buyer/favorite_del.htm*');
INSERT INTO `wemall_res` VALUES ('665', '2015-02-26 15:00:12', '\0', null, '涔板朵妇ュ琛', '0', 'URL', '/buyer/report.htm*');
INSERT INTO `wemall_res` VALUES ('666', '2015-02-26 15:00:12', '\0', null, '涔板朵妇ュ', '0', 'URL', '/buyer/report_add.htm*');
INSERT INTO `wemall_res` VALUES ('667', '2015-02-26 15:00:12', '\0', null, '淇瀛涔板朵妇ュ', '0', 'URL', '/buyer/report_save.htm*');
INSERT INTO `wemall_res` VALUES ('668', '2015-02-26 15:00:13', '\0', null, '涔板朵妇ヨ', '0', 'URL', '/buyer/report_view.htm*');
INSERT INTO `wemall_res` VALUES ('669', '2015-02-26 15:00:13', '\0', null, '涔板跺娑涓炬', '0', 'URL', '/buyer/report_cancel.htm*');
INSERT INTO `wemall_res` VALUES ('670', '2015-02-26 15:00:13', '\0', null, '涔板惰㈠琛', '0', 'URL', '/buyer/order.htm*');
INSERT INTO `wemall_res` VALUES ('671', '2015-02-26 15:00:13', '\0', null, '涔板惰㈠璇', '0', 'URL', '/buyer/order_view.htm*');
INSERT INTO `wemall_res` VALUES ('672', '2015-02-26 15:00:13', '\0', null, '璁㈠娑', '0', 'URL', '/buyer/order_cancel_save.htm*');
INSERT INTO `wemall_res` VALUES ('673', '2015-02-26 15:00:13', '\0', null, '惰揣纭璁や瀛', '0', 'URL', '/buyer/order_cofirm_save.htm*');
INSERT INTO `wemall_res` VALUES ('674', '2015-02-26 15:00:13', '\0', null, '涔板惰浠', '0', 'URL', '/buyer/order_evaluate.htm*');
INSERT INTO `wemall_res` VALUES ('675', '2015-02-26 15:00:13', '\0', null, '涔板惰浠蜂瀛', '0', 'URL', '/buyer/order_evaluate_save.htm*');
INSERT INTO `wemall_res` VALUES ('676', '2015-02-26 15:00:13', '\0', null, '涔板剁╂璇', '0', 'URL', '/buyer/ship_view.htm*');
INSERT INTO `wemall_res` VALUES ('677', '2015-02-26 15:00:14', '\0', null, '淇℃', '0', 'URL', '/buyer/order_seller_intro.htm*');
INSERT INTO `wemall_res` VALUES ('678', '2015-02-26 15:00:14', '\0', null, '涔板堕璐х宠', '0', 'URL', '/buyer/order_return_apply.htm*');
INSERT INTO `wemall_res` VALUES ('679', '2015-02-26 15:00:14', '\0', null, '涔板堕璐х宠蜂瀛', '0', 'URL', '/buyer/order_return_apply_save.htm*');
INSERT INTO `wemall_res` VALUES ('680', '2015-02-26 15:00:14', '\0', null, '涔板堕璐х╂淇℃', '0', 'URL', '/buyer/order_return_ship.htm*');
INSERT INTO `wemall_res` VALUES ('681', '2015-02-26 15:00:14', '\0', null, '涔板堕璐х╂淇℃淇瀛', '0', 'URL', '/buyer/order_return_ship_save.htm*');
INSERT INTO `wemall_res` VALUES ('682', '2015-02-26 15:00:14', '\0', null, '璁㈠娑', '0', 'URL', '/buyer/order_cancel.htm*');
INSERT INTO `wemall_res` VALUES ('683', '2015-02-26 15:00:14', '\0', null, '惰揣纭璁', '0', 'URL', '/buyer/order_cofirm.htm*');
INSERT INTO `wemall_res` VALUES ('684', '2015-02-26 15:00:14', '\0', null, 'よ㈠淇℃', '0', 'URL', '/buyer/order_delete.htm*');
INSERT INTO `wemall_res` VALUES ('685', '2015-02-26 15:00:14', '\0', null, '╂璺韪ヨ', '0', 'URL', '/buyer/query_ship.htm*');
INSERT INTO `wemall_res` VALUES ('686', '2015-02-26 15:00:14', '\0', null, '涔板跺ㄨ㈠琛', '0', 'URL', '/buyer/consult.htm*');
INSERT INTO `wemall_res` VALUES ('687', '2015-02-26 15:00:15', '\0', null, '浼', '0', 'URL', '/buyer/predeposit.htm*');
INSERT INTO `wemall_res` VALUES ('688', '2015-02-26 15:00:15', '\0', null, '浼兼浠', '0', 'URL', '/buyer/predeposit_pay.htm*');
INSERT INTO `wemall_res` VALUES ('689', '2015-02-26 15:00:15', '\0', null, '浼跺ユ缁', '0', 'URL', '/buyer/predeposit_log.htm*');
INSERT INTO `wemall_res` VALUES ('690', '2015-02-26 15:00:15', '\0', null, '浼煎琛', '0', 'URL', '/buyer/predeposit_list.htm*');
INSERT INTO `wemall_res` VALUES ('691', '2015-02-26 15:00:15', '\0', null, '浼艰', '0', 'URL', '/buyer/predeposit_view.htm*');
INSERT INTO `wemall_res` VALUES ('692', '2015-02-26 15:00:15', '\0', null, '浼间瀛', '0', 'URL', '/buyer/predeposit_save.htm*');
INSERT INTO `wemall_res` VALUES ('693', '2015-02-26 15:00:15', '\0', null, '扮＄淇瀛', '0', 'URL', '/buyer/buyer_cash_save.htm*');
INSERT INTO `wemall_res` VALUES ('694', '2015-02-26 15:00:15', '\0', null, '扮＄', '0', 'URL', '/buyer/buyer_cash_list.htm*');
INSERT INTO `wemall_res` VALUES ('695', '2015-02-26 15:00:15', '\0', null, '浼拌', '0', 'URL', '/buyer/buyer_cash_view.htm*');
INSERT INTO `wemall_res` VALUES ('696', '2015-02-26 15:00:15', '\0', null, '扮＄', '0', 'URL', '/buyer/buyer_cash.htm*');
INSERT INTO `wemall_res` VALUES ('697', '2015-02-26 15:00:16', '\0', null, '璇剧', '0', 'URL', '/buyer/complaint_img.htm*');
INSERT INTO `wemall_res` VALUES ('698', '2015-02-26 15:00:16', '\0', null, '涔板舵ョ璇璇', '0', 'URL', '/buyer/complaint_view.htm*');
INSERT INTO `wemall_res` VALUES ('699', '2015-02-26 15:00:16', '\0', null, '甯璇瀵硅', '0', 'URL', '/buyer/complaint_talk.htm*');
INSERT INTO `wemall_res` VALUES ('700', '2015-02-26 15:00:16', '\0', null, '涔板舵璇璧', '0', 'URL', '/buyer/complaint_handle.htm*');
INSERT INTO `wemall_res` VALUES ('701', '2015-02-26 15:00:16', '\0', null, '涔板舵璇琛', '0', 'URL', '/buyer/complaint_save.htm*');
INSERT INTO `wemall_res` VALUES ('702', '2015-02-26 15:00:16', '\0', null, '涔板跺娑璇', '0', 'URL', '/buyer/complaint_cancel.htm*');
INSERT INTO `wemall_res` VALUES ('703', '2015-02-26 15:00:16', '\0', null, '宠浜や徊瑁', '0', 'URL', '/buyer/complaint_arbitrate.htm*');
INSERT INTO `wemall_res` VALUES ('704', '2015-02-26 15:00:16', '\0', null, '涔板舵璇琛', '0', 'URL', '/buyer/complaint.htm*');
INSERT INTO `wemall_res` VALUES ('705', '2015-02-26 15:00:16', '\0', null, '绉㈢涓姝', '0', 'URL', '/integral_exchange1.htm*');
INSERT INTO `wemall_res` VALUES ('706', '2015-02-26 15:00:16', '\0', null, '绉㈢浜姝', '0', 'URL', '/integral_exchange2.htm*');
INSERT INTO `wemall_res` VALUES ('707', '2015-02-26 15:00:17', '\0', null, '绉㈢涓姝', '0', 'URL', '/integral_exchange3.htm*');
INSERT INTO `wemall_res` VALUES ('708', '2015-02-26 15:00:17', '\0', null, '绉璁㈠浠', '0', 'URL', '/integral_order_pay.htm*');
INSERT INTO `wemall_res` VALUES ('709', '2015-02-26 15:00:17', '\0', null, '璁㈠绾夸浠', '0', 'URL', '/integral_order_pay_outline.htm*');
INSERT INTO `wemall_res` VALUES ('710', '2015-02-26 15:00:17', '\0', null, '璁㈠棰浠娆炬浠', '0', 'URL', '/integral_order_pay_balance.htm*');
INSERT INTO `wemall_res` VALUES ('711', '2015-02-26 15:00:17', '\0', null, '绉璁㈠浠缁', '0', 'URL', '/integral_order_finish.htm*');
INSERT INTO `wemall_res` VALUES ('712', '2015-02-26 15:00:17', '\0', null, '璁㈠浠璇', '0', 'URL', '/integral_order_pay_view.htm*');
INSERT INTO `wemall_res` VALUES ('713', '2015-02-26 15:00:17', '\0', null, '涔板惰㈠琛', '0', 'URL', '/buyer/integral_order_list.htm*');
INSERT INTO `wemall_res` VALUES ('714', '2015-02-26 15:00:17', '\0', null, '纭璁ゆ惰揣', '0', 'URL', '/buyer/integral_order_cofirm.htm*');
INSERT INTO `wemall_res` VALUES ('715', '2015-02-26 15:00:17', '\0', null, '纭璁ゆ惰揣淇瀛', '0', 'URL', '/buyer/integral_order_cofirm_save.htm*');
INSERT INTO `wemall_res` VALUES ('716', '2015-02-26 15:00:18', '\0', null, '绉璁㈠璇', '0', 'URL', '/buyer/integral_order_view.htm*');
INSERT INTO `wemall_res` VALUES ('717', '2015-02-26 15:00:18', '\0', null, '娑璁㈠', '0', 'URL', '/buyer/integral_order_cancel.htm*');
INSERT INTO `wemall_res` VALUES ('718', '2015-02-26 15:00:18', '\0', null, '涓浜轰富椤靛ゅㄦ', '0', 'URL', '/buyer/homepage_dynamic_del.htm*');
INSERT INTO `wemall_res` VALUES ('719', '2015-02-26 15:00:18', '\0', null, '涓浜轰富椤垫伴浜瀵', '0', 'URL', '/buyer/homepage_dynamic_lock.htm*');
INSERT INTO `wemall_res` VALUES ('720', '2015-02-26 15:00:18', '\0', null, '涓浜轰富椤垫坊虫敞', '0', 'URL', '/buyer/homepage_add_attention.htm*');
INSERT INTO `wemall_res` VALUES ('721', '2015-02-26 15:00:18', '\0', null, '涓浜轰富椤垫坊虫敞', '0', 'URL', '/buyer/homepage_remove_attention.htm*');
INSERT INTO `wemall_res` VALUES ('722', '2015-02-26 15:00:18', '\0', null, '濂藉琛', '0', 'URL', '/buyer/homepage/myfriends.htm*');
INSERT INTO `wemall_res` VALUES ('723', '2015-02-26 15:00:18', '\0', null, '虫敞琛', '0', 'URL', '/buyer/homepage/myattention.htm*');
INSERT INTO `wemall_res` VALUES ('724', '2015-02-26 15:00:19', '\0', null, '虫敞琛', '0', 'URL', '/buyer/homepage/myfans.htm*');
INSERT INTO `wemall_res` VALUES ('725', '2015-02-26 15:00:19', '\0', null, '杩璁垮', '0', 'URL', '/buyer/homepage_visit.htm*');
INSERT INTO `wemall_res` VALUES ('726', '2015-02-26 15:00:19', '\0', null, 'よ垮ajax', '0', 'URL', '/buyer/homepage_visit_dele.htm*');
INSERT INTO `wemall_res` VALUES ('727', '2015-02-26 15:00:19', '\0', null, 'ヨ㈠凡缁璐涔板璐宸茬惰瀹璐', '0', 'URL', '/buyer/homepage_query_goods.htm*');
INSERT INTO `wemall_res` VALUES ('728', '2015-02-26 15:00:19', '\0', null, 'ヨ㈠凡缁惰搴', '0', 'URL', '/buyer/homepage_query_stores.htm*');
INSERT INTO `wemall_res` VALUES ('729', '2015-02-26 15:00:19', '\0', null, 'ヨ㈠凡虫敞搴ajax椤', '0', 'URL', '/buyer/homepage_query_stores_ajax.htm*');
INSERT INTO `wemall_res` VALUES ('730', '2015-02-26 15:00:19', '\0', null, '涓浜轰富椤垫坊虫敞', '0', 'URL', '/buyer/homepage_goods_url_add.htm*');
INSERT INTO `wemall_res` VALUES ('731', '2015-02-26 15:00:20', '\0', null, 'ヨ㈡惰瀹璐ajax椤', '0', 'URL', '/buyer/homepage_query_goods_favorite_ajax.htm*');
INSERT INTO `wemall_res` VALUES ('732', '2015-02-26 15:00:20', '\0', null, 'ヨ㈠凡缁璐涔板璐ajax椤', '0', 'URL', '/buyer/homepage_query_goods_order_ajax.htm*');
INSERT INTO `wemall_res` VALUES ('733', '2015-02-26 15:00:20', '\0', null, '涓浜轰富椤', '0', 'URL', '/buyer/homepage.htm*');
INSERT INTO `wemall_res` VALUES ('734', '2015-02-26 15:00:20', '\0', null, '涓浜轰富椤靛ご', '0', 'URL', '/buyer/homepage_head.htm*');
INSERT INTO `wemall_res` VALUES ('735', '2015-02-26 15:00:20', '\0', null, '涔板朵稿琛', '0', 'URL', '/buyer/coupon.htm*');
INSERT INTO `wemall_res` VALUES ('736', '2015-02-26 15:00:20', '\0', null, '寰淇＄ㄦ锋稿琛', '0', 'URL', '/weixin/buyer/coupon.htm*');
INSERT INTO `wemall_res` VALUES ('737', '2015-02-26 15:00:21', '\0', null, 'ㄦ蜂腑蹇', '0', 'URL', '/weixin/buyer/account.htm*');
INSERT INTO `wemall_res` VALUES ('738', '2015-02-26 15:00:21', '\0', null, '寰淇＄ㄦ锋惰', '0', 'URL', '/weixin/buyer/favorite_goods.htm*');
INSERT INTO `wemall_res` VALUES ('739', '2015-02-26 15:00:21', '\0', null, '寰淇＄ㄦ锋惰', '0', 'URL', '/weixin/buyer/favorite_goods_ajax.htm*');
INSERT INTO `wemall_res` VALUES ('740', '2015-02-26 15:00:21', '\0', null, '寰淇＄ㄦ锋稿琛ajax杞', '0', 'URL', '/weixin/buyer/coupon_ajax.htm*');
INSERT INTO `wemall_res` VALUES ('741', '2015-02-26 15:00:21', '\0', null, '寰淇＄ㄦ锋惰揣板', '0', 'URL', '/weixin/buyer/address.htm*');
INSERT INTO `wemall_res` VALUES ('742', '2015-02-26 15:00:21', '\0', null, '惰揣板娣诲', '0', 'URL', '/weixin/buyer/address_add.htm*');
INSERT INTO `wemall_res` VALUES ('743', '2015-02-26 15:00:21', '\0', null, '惰揣板缂杈', '0', 'URL', '/weixin/buyer/address_edit.htm*');
INSERT INTO `wemall_res` VALUES ('744', '2015-02-26 15:00:21', '\0', null, '惰揣板淇瀛', '0', 'URL', '/weixin/buyer/address_save.htm*');
INSERT INTO `wemall_res` VALUES ('745', '2015-02-26 15:00:21', '\0', null, '惰揣板', '0', 'URL', '/weixin/buyer/address_del.htm*');
INSERT INTO `wemall_res` VALUES ('746', '2015-02-26 15:00:22', '\0', null, '璁㈠琛', '0', 'URL', '/weixin/buyer/order.htm*');
INSERT INTO `wemall_res` VALUES ('747', '2015-02-26 15:00:22', '\0', null, '璁㈠琛ajax杞', '0', 'URL', '/weixin/buyer/order_ajax.htm*');
INSERT INTO `wemall_res` VALUES ('748', '2015-02-26 15:00:22', '\0', null, '璁㈠璇', '0', 'URL', '/weixin/buyer/order_view.htm*');
INSERT INTO `wemall_res` VALUES ('749', '2015-02-26 15:00:22', '\0', null, '璁㈠娑', '0', 'URL', '/weixin/buyer/order_cancel.htm*');
INSERT INTO `wemall_res` VALUES ('750', '2015-02-26 15:00:22', '\0', null, '璁㈠娑', '0', 'URL', '/weixin/buyer/order_cancel_save.htm*');
INSERT INTO `wemall_res` VALUES ('751', '2015-02-26 15:00:22', '\0', null, '惰揣纭璁や瀛', '0', 'URL', '/weixin/buyer/order_cofirm_save.htm*');
INSERT INTO `wemall_res` VALUES ('752', '2015-02-26 15:00:22', '\0', null, '涔板惰浠', '0', 'URL', '/weixin/buyer/order_evaluate.htm*');
INSERT INTO `wemall_res` VALUES ('753', '2015-02-26 15:00:22', '\0', null, '涔板惰浠蜂瀛', '0', 'URL', '/weixin/buyer/order_evaluate_save.htm*');
INSERT INTO `wemall_res` VALUES ('754', '2015-02-26 15:00:22', '\0', null, '璁㈠琛', '0', 'URL', '/weixin/buyer/ship_view.htm*');
INSERT INTO `wemall_res` VALUES ('755', '2015-02-26 15:00:22', '\0', null, '璁㈠浠璇', '0', 'URL', '/order_pay_view.htm*');
INSERT INTO `wemall_res` VALUES ('756', '2015-02-26 15:00:23', '\0', null, '璁㈠绾夸浠', '0', 'URL', '/order_pay_outline.htm*');
INSERT INTO `wemall_res` VALUES ('757', '2015-02-26 15:00:23', '\0', null, '璁㈠璐у颁娆', '0', 'URL', '/order_pay_payafter.htm*');
INSERT INTO `wemall_res` VALUES ('758', '2015-02-26 15:00:23', '\0', null, '璁㈠棰浠娆炬浠', '0', 'URL', '/order_pay_balance.htm*');
INSERT INTO `wemall_res` VALUES ('759', '2015-02-26 15:00:23', '\0', null, '璐╄溅涓惰揣板淇瀛', '0', 'URL', '/cart_address_save.htm*');
INSERT INTO `wemall_res` VALUES ('760', '2015-02-26 15:00:23', '\0', null, '璁㈠浠缁', '0', 'URL', '/order_finish.htm*');
INSERT INTO `wemall_res` VALUES ('761', '2015-02-26 15:00:23', '\0', null, '璁㈠浠', '0', 'URL', '/order_pay.htm*');
INSERT INTO `wemall_res` VALUES ('762', '2015-02-26 15:00:23', '\0', null, 'ョ璐╄溅', '0', 'URL', '/goods_cart1.htm*');
INSERT INTO `wemall_res` VALUES ('763', '2015-02-26 15:00:23', '\0', null, '纭璁よ喘╄溅濉板', '0', 'URL', '/goods_cart2.htm*');
INSERT INTO `wemall_res` VALUES ('764', '2015-02-26 15:00:23', '\0', null, '瀹璁㈠浜よユ浠', '0', 'URL', '/goods_cart3.htm*');
INSERT INTO `wemall_res` VALUES ('765', '2015-02-26 15:00:23', '\0', null, '板板', '0', 'URL', '/cart_address.htm*');
INSERT INTO `wemall_res` VALUES ('766', '2015-02-26 15:00:24', '\0', null, '板', '0', 'URL', '/order_address.htm*');
INSERT INTO `wemall_res` VALUES ('767', '2015-02-26 15:00:24', '\0', null, '璐╄溅涓惰揣板淇瀛', '0', 'URL', '/weixin/cart_address_save.htm*');
INSERT INTO `wemall_res` VALUES ('768', '2015-02-26 15:00:24', '\0', null, 'ョ璐╄溅', '0', 'URL', '/weixin/goods_cart1.htm*');
INSERT INTO `wemall_res` VALUES ('769', '2015-02-26 15:00:24', '\0', null, '纭璁よ喘╄溅濉板', '0', 'URL', '/weixin/goods_cart2.htm*');
INSERT INTO `wemall_res` VALUES ('770', '2015-02-26 15:00:24', '\0', null, '瀹璁㈠浜よユ浠', '0', 'URL', '/weixin/goods_cart3.htm*');
INSERT INTO `wemall_res` VALUES ('771', '2015-02-26 15:00:24', '\0', null, '璁㈠浠璇', '0', 'URL', '/weixin/order_pay_view.htm*');
INSERT INTO `wemall_res` VALUES ('772', '2015-02-26 15:00:24', '\0', null, '璁㈠浠', '0', 'URL', '/weixin/order_pay.htm*');
INSERT INTO `wemall_res` VALUES ('773', '2015-02-26 15:00:24', '\0', null, '璁㈠绾夸浠', '0', 'URL', '/weixin/order_pay_outline.htm*');
INSERT INTO `wemall_res` VALUES ('774', '2015-02-26 15:00:24', '\0', null, '璁㈠棰浠娆炬浠', '0', 'URL', '/weixin/order_pay_balance.htm*');
INSERT INTO `wemall_res` VALUES ('775', '2015-02-26 15:00:25', '\0', null, '璁㈠璐у颁娆', '0', 'URL', '/weixin/order_pay_payafter.htm*');
INSERT INTO `wemall_res` VALUES ('776', '2015-02-26 15:00:25', '\0', null, '璁㈠浠缁', '0', 'URL', '/weixin/order_finish.htm*');
INSERT INTO `wemall_res` VALUES ('777', '2015-02-26 15:00:25', '\0', null, '板板', '0', 'URL', '/weixin/cart_address.htm*');
INSERT INTO `wemall_res` VALUES ('778', '2015-02-26 15:00:25', '\0', null, '板', '0', 'URL', '/weixin/order_address.htm*');

-- ----------------------------
-- Table structure for wemall_return_gsp
-- ----------------------------
DROP TABLE IF EXISTS `wemall_return_gsp`;
CREATE TABLE `wemall_return_gsp` (
  `item_id` bigint(20) NOT NULL,
  `gsp_id` bigint(20) NOT NULL,
  KEY `FK199D8ACF8468FF8` (`item_id`),
  KEY `FK199D8AC2F8BE734` (`gsp_id`),
  CONSTRAINT `FK199D8AC2F8BE734` FOREIGN KEY (`gsp_id`) REFERENCES `wemall_goodsspecproperty` (`id`),
  CONSTRAINT `FK199D8ACF8468FF8` FOREIGN KEY (`item_id`) REFERENCES `wemall_goods_returnitem` (`id`)
) ENGINE=InnoDB DEFAULT CHARSET=utf8;

-- ----------------------------
-- Records of wemall_return_gsp
-- ----------------------------
INSERT INTO `wemall_return_gsp` VALUES ('1', '14');
INSERT INTO `wemall_return_gsp` VALUES ('1', '32768');

-- ----------------------------
-- Table structure for wemall_role
-- ----------------------------
DROP TABLE IF EXISTS `wemall_role`;
CREATE TABLE `wemall_role` (
  `id` bigint(20) NOT NULL AUTO_INCREMENT,
  `addTime` datetime DEFAULT NULL,
  `deleteStatus` bit(1) NOT NULL,
  `display` bit(1) NOT NULL,
  `info` varchar(255) DEFAULT NULL,
  `roleCode` varchar(255) DEFAULT NULL,
  `roleName` varchar(255) DEFAULT NULL,
  `sequence` int(11) NOT NULL,
  `type` varchar(255) DEFAULT NULL,
  `rg_id` bigint(20) DEFAULT NULL,
  PRIMARY KEY (`id`),
  KEY `FK9DBEE8ED10A75EE6` (`rg_id`),
  CONSTRAINT `FK9DBEE8ED10A75EE6` FOREIGN KEY (`rg_id`) REFERENCES `wemall_rolegroup` (`id`)
) ENGINE=InnoDB AUTO_INCREMENT=110 DEFAULT CHARSET=utf8;

-- ----------------------------
-- Records of wemall_role
-- ----------------------------
INSERT INTO `wemall_role` VALUES ('1', '2015-02-26 14:59:21', '\0', '\0', null, 'ROLE_ADMIN_INDEX', '扮＄', '0', 'ADMIN', '1');
INSERT INTO `wemall_role` VALUES ('2', '2015-02-26 14:59:09', '\0', '', null, 'ROLE_ADMIN_SET_SITE', '绔硅剧疆', '0', 'ADMIN', '1');
INSERT INTO `wemall_role` VALUES ('3', '2015-02-26 14:59:09', '\0', '', null, 'ROLE_ADMIN_SET_IMAGE', '涓浼璁剧疆', '0', 'ADMIN', '1');
INSERT INTO `wemall_role` VALUES ('4', '2015-02-26 14:59:09', '\0', '', null, 'ROLE_ADMIN_SET_EMAIL', 'Email璁剧疆', '0', 'ADMIN', '1');
INSERT INTO `wemall_role` VALUES ('5', '2015-02-26 14:59:09', '\0', '', null, 'ROLE_ADMIN_SET_SMS', '淇¤剧疆', '0', 'ADMIN', '1');
INSERT INTO `wemall_role` VALUES ('6', '2015-02-26 14:59:09', '\0', '', null, 'ROLE_ADMIN_SET_SEO', 'SEO璁剧疆', '0', 'ADMIN', '1');
INSERT INTO `wemall_role` VALUES ('7', '2015-02-26 14:59:10', '\0', '', null, 'ROLE_ADMIN_SET_SECOND_DOMAIN', '浜绾у璁剧疆', '0', 'ADMIN', '1');
INSERT INTO `wemall_role` VALUES ('8', '2015-02-26 14:59:10', '\0', '', null, 'ROLE_ADMIN_SET_FENRUN', '娑绠＄', '0', 'ADMIN', '1');
INSERT INTO `wemall_role` VALUES ('9', '2015-02-26 14:59:10', '\0', '\0', null, 'ROLE_ADMIN_CONFIG_SAVE', '淇瀛缃', '0', 'ADMIN', '1');
INSERT INTO `wemall_role` VALUES ('10', '2015-02-26 14:59:10', '\0', '', null, 'ROLE_ADMIN_SET_WEBSITECSS', 'Email璁剧疆', '0', 'ADMIN', '1');
INSERT INTO `wemall_role` VALUES ('11', '2015-02-26 14:59:10', '\0', '', null, 'ROLE_PAYMENT_SET', '浠瑰', '0', 'ADMIN', '1');
INSERT INTO `wemall_role` VALUES ('12', '2015-02-26 14:59:11', '\0', '', null, 'ROLE_TEMPLATE_SET', 'ユā', '0', 'ADMIN', '1');
INSERT INTO `wemall_role` VALUES ('13', '2015-02-26 14:59:11', '\0', '', null, 'ROLE_ADMIN_AREA_SET', '甯哥ㄥ板', '0', 'ADMIN', '1');
INSERT INTO `wemall_role` VALUES ('14', '2015-02-26 14:59:12', '\0', '', null, 'ROLE_ADMIN_TRANS_AREA', '杩璐瑰哄', '0', 'ADMIN', '1');
INSERT INTO `wemall_role` VALUES ('15', '2015-02-26 14:59:12', '\0', '', null, 'ROLE_ADMIN_GOODS', '绠＄', '0', 'ADMIN', '2');
INSERT INTO `wemall_role` VALUES ('16', '2015-02-26 14:59:36', '\0', '', null, 'ROLE_GOODS_CLASS', '绫荤＄', '0', 'ADMIN', '2');
INSERT INTO `wemall_role` VALUES ('17', '2015-02-26 14:59:14', '\0', '', null, 'ROLE_GOODS_BRAND', '绠＄', '0', 'ADMIN', '2');
INSERT INTO `wemall_role` VALUES ('18', '2015-02-26 14:59:14', '\0', '', null, 'ROLE_GOODS_TYPE', '绫诲绠＄', '0', 'ADMIN', '2');
INSERT INTO `wemall_role` VALUES ('19', '2015-02-26 14:59:15', '\0', '', null, 'ROLE_GOODS_SPEC', '瑙肩＄', '0', 'ADMIN', '2');
INSERT INTO `wemall_role` VALUES ('20', '2015-02-26 14:59:15', '\0', '', null, 'ROLE_SPAREGOODS_ADMIN', '茬疆', '0', 'ADMIN', '3');
INSERT INTO `wemall_role` VALUES ('21', '2015-02-26 14:59:16', '\0', '', null, 'ROLE_SPAREGOODS_CLASS_ADMIN', '茬疆绫', '0', 'ADMIN', '3');
INSERT INTO `wemall_role` VALUES ('22', '2015-02-26 14:59:18', '\0', '', null, 'ROLE_ADMIN_STORE_SET', '搴虹＄', '0', 'ADMIN', '4');
INSERT INTO `wemall_role` VALUES ('23', '2015-02-26 14:59:17', '\0', '', null, 'ROLE_ADMIN_STORE_BASE', '烘璁剧疆', '0', 'ADMIN', '4');
INSERT INTO `wemall_role` VALUES ('24', '2015-02-26 14:59:17', '\0', '', null, 'ROLE_ADMIN_STORE_TEMPLATE', '搴烘ā', '0', 'ADMIN', '4');
INSERT INTO `wemall_role` VALUES ('25', '2015-02-26 14:59:18', '\0', '', null, 'ROLE_STORE_GRADE', '搴虹绾', '0', 'ADMIN', '4');
INSERT INTO `wemall_role` VALUES ('26', '2015-02-26 14:59:19', '\0', '', null, 'ROLE_STORE_CLASS', '搴哄绫', '0', 'ADMIN', '4');
INSERT INTO `wemall_role` VALUES ('27', '2015-02-26 14:59:44', '\0', '', null, 'ROLE_USER_MANAGE', '浼绠＄', '0', 'ADMIN', '5');
INSERT INTO `wemall_role` VALUES ('28', '2015-02-26 14:59:19', '\0', '', null, 'ROLE_USER_CREDITRULE', '浼淇＄', '0', 'ADMIN', '5');
INSERT INTO `wemall_role` VALUES ('29', '2015-02-26 14:59:20', '\0', '', null, 'ROLE_USER_MSG', '浼', '0', 'ADMIN', '5');
INSERT INTO `wemall_role` VALUES ('30', '2015-02-26 14:59:20', '\0', '', null, 'ROLE_PREDEPOSIT', '棰瀛娆剧＄', '0', 'ADMIN', '5');
INSERT INTO `wemall_role` VALUES ('31', '2015-02-26 14:59:21', '\0', '', null, 'ROLE_ADMIN_MANAGE', '绠＄绠＄', '0', 'ADMIN', '1');
INSERT INTO `wemall_role` VALUES ('32', '2015-02-26 14:59:21', '\0', '', null, 'ROLE_ORDER_ADMIN', '璁㈠绠＄', '0', 'ADMIN', '6');
INSERT INTO `wemall_role` VALUES ('33', '2015-02-26 14:59:21', '\0', '', null, 'ROLE_SET_ORDER_CONFIRM', '璁㈠璁剧疆', '0', 'ADMIN', '6');
INSERT INTO `wemall_role` VALUES ('34', '2015-02-26 14:59:22', '\0', '', null, 'ROLE_CONSULT_ADMIN', 'ㄨ㈢＄', '0', 'ADMIN', '6');
INSERT INTO `wemall_role` VALUES ('35', '2015-02-26 14:59:23', '\0', '', null, 'ROLE_REPORT_MANAGE', '涓炬ョ＄', '0', 'ADMIN', '6');
INSERT INTO `wemall_role` VALUES ('36', '2015-02-26 14:59:23', '\0', '', null, 'ROLE_EVALUATE_ADMIN', '璇浠', '0', 'ADMIN', '6');
INSERT INTO `wemall_role` VALUES ('37', '2015-02-26 14:59:24', '\0', '', null, 'ROLE_COMPLAINT_MANAGE', '璇绠＄', '0', 'ADMIN', '6');
INSERT INTO `wemall_role` VALUES ('38', '2015-02-26 14:59:25', '\0', '', null, 'ROLE_ARTICLE', '绔绠＄', '0', 'ADMIN', '7');
INSERT INTO `wemall_role` VALUES ('39', '2015-02-26 14:59:26', '\0', '', null, 'ROLE_ARTICLE_CLASS', '绔绫', '0', 'ADMIN', '7');
INSERT INTO `wemall_role` VALUES ('40', '2015-02-26 14:59:26', '\0', '', null, 'ROLE_PARTNER_MANAGE', '浣浼浼', '0', 'ADMIN', '7');
INSERT INTO `wemall_role` VALUES ('41', '2015-02-26 14:59:27', '\0', '', null, 'ROLE_DOCUMENT_MANAGE', '绯荤绔', '0', 'ADMIN', '7');
INSERT INTO `wemall_role` VALUES ('42', '2015-02-26 14:59:27', '\0', '', null, 'ROLE_NAV_MANAGE', '椤甸㈠艰', '0', 'ADMIN', '7');
INSERT INTO `wemall_role` VALUES ('43', '2015-02-26 14:59:28', '\0', '', null, 'ROLE_OPERATION_BASE', '烘璁剧疆', '0', 'ADMIN', '8');
INSERT INTO `wemall_role` VALUES ('44', '2015-02-26 14:59:28', '\0', '', null, 'ROLE_INTEGRAL_RULE', '绉瑙', '0', 'ADMIN', '8');
INSERT INTO `wemall_role` VALUES ('45', '2015-02-26 14:59:28', '\0', '', null, 'ROLE_GOLD_RECORD_ADMIN', '甯绠＄', '0', 'ADMIN', '8');
INSERT INTO `wemall_role` VALUES ('46', '2015-02-26 14:59:29', '\0', '', null, 'ROLE_USER_INTEGRAL', '绉缁', '0', 'ADMIN', '5');
INSERT INTO `wemall_role` VALUES ('47', '2015-02-26 14:59:30', '\0', '', null, 'ROLE_ZTC_SET', '绔浠风撮杞', '0', 'ADMIN', '8');
INSERT INTO `wemall_role` VALUES ('48', '2015-02-26 14:59:30', '\0', '', null, 'ROLE_COUPON_ADMIN', '浼哥＄', '0', 'ADMIN', '8');
INSERT INTO `wemall_role` VALUES ('49', '2015-02-26 14:59:32', '\0', '', null, 'ROLE_ADVERT_ADMIN', '骞垮绠＄', '0', 'ADMIN', '8');
INSERT INTO `wemall_role` VALUES ('50', '2015-02-26 14:59:33', '\0', '', null, 'ROLE_INTEGRAL_GOODS_ADMIN', '绉', '0', 'ADMIN', '8');
INSERT INTO `wemall_role` VALUES ('51', '2015-02-26 14:59:36', '\0', '', null, 'ROLE_GROUP_ADMIN', '㈣喘绠＄', '0', 'ADMIN', '8');
INSERT INTO `wemall_role` VALUES ('52', '2015-02-26 14:59:38', '\0', '', null, 'ROLE_GOODS_FLOOR', '棣椤垫ゼ灞', '0', 'ADMIN', '2');
INSERT INTO `wemall_role` VALUES ('53', '2015-02-26 14:59:39', '\0', '', null, 'ROLE_DATA_MANAGE', '版搴绠＄', '0', 'ADMIN', '9');
INSERT INTO `wemall_role` VALUES ('54', '2015-02-26 14:59:39', '\0', '', null, 'ROLE_CACHE_MANAGE', '存扮瀛', '0', 'ADMIN', '9');
INSERT INTO `wemall_role` VALUES ('55', '2015-02-26 14:59:39', '\0', '', null, 'ROLE_LUENCE_MANAGE', 'ㄦ妫绱', '0', 'ADMIN', '9');
INSERT INTO `wemall_role` VALUES ('56', '2015-02-26 14:59:40', '\0', '', null, 'ROLE_ACTIVITY_ADMIN', '娲诲ㄧ＄', '0', 'ADMIN', '8');
INSERT INTO `wemall_role` VALUES ('57', '2015-02-26 14:59:41', '\0', '', null, 'ROLE_BARGAIN_ADMIN', '澶╁ぉ逛环', '0', 'ADMIN', '8');
INSERT INTO `wemall_role` VALUES ('58', '2015-02-26 14:59:42', '\0', '', null, 'ROLE_DELIVERY_ADMIN', '涔板氨', '0', 'ADMIN', '8');
INSERT INTO `wemall_role` VALUES ('59', '2015-02-26 14:59:42', '\0', '', null, 'ROLE_ADMIN_SET_KUAIDI', '蹇璁剧疆', '0', 'ADMIN', '1');
INSERT INTO `wemall_role` VALUES ('60', '2015-02-26 14:59:42', '\0', '', null, 'ROLE_ADMIN_EXPRESS_COMPANY', '蹇', '0', 'ADMIN', '1');
INSERT INTO `wemall_role` VALUES ('61', '2015-02-26 14:59:43', '\0', '', null, 'ROLE_ADMIN_BBS', 'UC村', '0', 'ADMIN', '9');
INSERT INTO `wemall_role` VALUES ('62', '2015-02-26 14:59:43', '\0', '', null, 'ROLE_SPAREGOODSFLOOR_ADMIN', '茬疆妤煎', '0', 'ADMIN', '3');
INSERT INTO `wemall_role` VALUES ('63', '2015-02-26 14:59:46', '\0', '', null, 'ROLE_COMBIN_ADMIN', '缁', '0', 'ADMIN', '8');
INSERT INTO `wemall_role` VALUES ('64', '2015-02-26 14:59:47', '\0', '', null, 'ROLE_WEIXIN_ADMIN', '寰淇″', '0', 'ADMIN', '8');
INSERT INTO `wemall_role` VALUES ('65', '2015-02-26 14:59:45', '\0', '', null, 'ROLE_ADMIN_WEIXIN_GOODS', '寰淇″', '0', 'ADMIN', '8');
INSERT INTO `wemall_role` VALUES ('66', '2015-02-26 14:59:46', '\0', '', null, 'ROLE_ADMIN_WEIXIN_BRAND', '寰淇″', '0', 'ADMIN', '8');
INSERT INTO `wemall_role` VALUES ('67', '2015-02-26 14:59:46', '\0', '', null, 'ROLE_WEIXIN_PLAT_ADMIN', '寰缃', '0', 'ADMIN', '8');
INSERT INTO `wemall_role` VALUES ('68', '2015-02-26 14:59:47', '\0', '', null, 'ROLE_GOODS_LIST_SELLER', '哄涓', '0', 'SELLER', '10');
INSERT INTO `wemall_role` VALUES ('69', '2015-02-26 14:59:47', '\0', '', null, 'ROLE_GOODS_EDIT_SELLER', '缂杈', '0', 'SELLER', '10');
INSERT INTO `wemall_role` VALUES ('70', '2015-02-26 14:59:47', '\0', '', null, 'ROLE_GOODS_DEL_SELLER', '', '0', 'SELLER', '10');
INSERT INTO `wemall_role` VALUES ('71', '2015-02-26 14:59:48', '\0', '', null, 'ROLE_GOODS_SELLER', '甯', '0', 'SELLER', '10');
INSERT INTO `wemall_role` VALUES ('72', '2015-02-26 14:59:48', '\0', '', null, 'ROLE_GOODS_STORAGE_SELLER', '浠搴涓', '0', 'SELLER', '10');
INSERT INTO `wemall_role` VALUES ('73', '2015-02-26 14:59:48', '\0', '', null, 'ROLE_GOODS_OUT_SELLER', '杩瑙涓跺', '0', 'SELLER', '10');
INSERT INTO `wemall_role` VALUES ('74', '2015-02-26 14:59:48', '\0', '', null, 'ROLE_GOODS_SALE_SELLER', '涓涓', '0', 'SELLER', '10');
INSERT INTO `wemall_role` VALUES ('75', '2015-02-26 14:59:48', '\0', '', null, 'ROLE_GOODS_REPORT_SELLER', '琚涓炬ョ', '0', 'SELLER', '10');
INSERT INTO `wemall_role` VALUES ('76', '2015-02-26 14:59:48', '\0', '', null, 'ROLE_USERGOODSCLASS_SELLER', '绫', '0', 'SELLER', '10');
INSERT INTO `wemall_role` VALUES ('77', '2015-02-26 14:59:49', '\0', '', null, 'ROLE_TAOBAO_SELLER', '娣瀹瀵煎', '0', 'SELLER', '11');
INSERT INTO `wemall_role` VALUES ('78', '2015-02-26 14:59:51', '\0', '', null, 'ROLE_ORDER_SELLER', '璁㈠绠＄', '0', 'SELLER', '12');
INSERT INTO `wemall_role` VALUES ('79', '2015-02-26 14:59:52', '\0', '', null, 'ROLE_PAYMENT_SELLER', '浠瑰', '0', 'SELLER', '12');
INSERT INTO `wemall_role` VALUES ('80', '2015-02-26 14:59:53', '\0', '', null, 'ROLE_TRANSPORT_SELLER', '╂宸ュ', '0', 'SELLER', '12');
INSERT INTO `wemall_role` VALUES ('81', '2015-02-26 14:59:54', '\0', '', null, 'ROLE_STORE_SET_SELLER', '搴鸿剧疆', '0', 'SELLER', '13');
INSERT INTO `wemall_role` VALUES ('82', '2015-02-26 14:59:53', '\0', '', null, 'ROLE_CREATE_STORE', '宠峰', '0', 'BUYER', '14');
INSERT INTO `wemall_role` VALUES ('83', '2015-02-26 14:59:54', '\0', '', null, 'ROLE_STORE_THEME_SELLER', '涓婚璁剧疆', '0', 'SELLER', '13');
INSERT INTO `wemall_role` VALUES ('84', '2015-02-26 14:59:55', '\0', '', null, 'ROLE_SUB_ACCOUNT_SELLER', '瀛璐风＄', '0', 'SELLER', '13');
INSERT INTO `wemall_role` VALUES ('85', '2015-02-26 14:59:55', '\0', '', null, 'ROLE_STORE_NAV', '瀵艰绠＄', '0', 'SELLER', '13');
INSERT INTO `wemall_role` VALUES ('86', '2015-02-26 14:59:55', '\0', '', null, 'ROLE_STORE_NAV_SELLER', '瀵艰绠＄', '0', 'SELLER', '13');
INSERT INTO `wemall_role` VALUES ('87', '2015-02-26 14:59:56', '\0', '', null, 'ROLE_STORE_PARTNER_SELLER', '炬', '0', 'SELLER', '13');
INSERT INTO `wemall_role` VALUES ('88', '2015-02-26 14:59:56', '\0', '', null, 'ROLE_REFUND_SELLER', '娆剧＄', '0', 'SELLER', '15');
INSERT INTO `wemall_role` VALUES ('89', '2015-02-26 14:59:56', '\0', '', null, 'ROLE_GOODS_RETURN_SELLER', '璐х＄', '0', 'SELLER', '15');
INSERT INTO `wemall_role` VALUES ('90', '2015-02-26 14:59:57', '\0', '', null, 'ROLE_COMPLAINT_SELLER', '璇绠＄', '0', 'SELLER', '15');
INSERT INTO `wemall_role` VALUES ('91', '2015-02-26 14:59:57', '\0', '', null, 'ROLE_CONSULT_SELLER', 'ㄨ㈢＄', '0', 'SELLER', '15');
INSERT INTO `wemall_role` VALUES ('92', '2015-02-26 14:59:58', '\0', '', null, 'ROLE_ZTC_SELLER', '绔浠风撮杞', '0', 'SELLER', '16');
INSERT INTO `wemall_role` VALUES ('93', '2015-02-26 14:59:58', '\0', '', null, 'ROLE_ACTIVITY_SELLER', '娲诲ㄧ＄', '0', 'SELLER', '16');
INSERT INTO `wemall_role` VALUES ('94', '2015-02-26 14:59:59', '\0', '', null, 'ROLE_GROUP_SELLER', '㈣喘绠＄', '0', 'SELLER', '16');
INSERT INTO `wemall_role` VALUES ('95', '2015-02-26 14:59:59', '\0', '', null, 'ROLE_BARGAIN_SELLER', '浠ョ逛环', '0', 'SELLER', '16');
INSERT INTO `wemall_role` VALUES ('96', '2015-02-26 15:00:00', '\0', '', null, 'ROLE_DELIVERY_SELLER', '涔板氨', '0', 'SELLER', '16');
INSERT INTO `wemall_role` VALUES ('97', '2015-02-26 15:00:01', '\0', '', null, 'ROLE_GOLD_SELLER', '甯绠＄', '0', 'SELLER', '17');
INSERT INTO `wemall_role` VALUES ('98', '2015-02-26 15:00:02', '\0', '', null, 'ROLE_ADVERT_SELLER', '骞垮绠＄', '0', 'SELLER', '17');
INSERT INTO `wemall_role` VALUES ('99', '2015-02-26 15:00:03', '\0', '', null, 'ROLE_ALBUM_SELLER', '剧绠＄', '0', 'SELLER', '17');
INSERT INTO `wemall_role` VALUES ('100', '2015-02-26 15:00:20', '\0', '', null, 'ROLE_USER_CENTER', '瀹朵腑蹇', '0', 'BUYER', '18');
INSERT INTO `wemall_role` VALUES ('101', '2015-02-26 15:00:03', '\0', '', null, 'ROLE_USER_CENTER_SELLER', 'ㄦ蜂腑蹇', '0', 'SELLER', '18');
INSERT INTO `wemall_role` VALUES ('102', '2015-02-26 15:00:04', '\0', '', null, 'ROLE_USERGOODSBRAND_SELLER', '宠', '0', 'SELLER', '10');
INSERT INTO `wemall_role` VALUES ('103', '2015-02-26 15:00:06', '\0', '', null, 'ROLE_COMBIN_SELLER', '缁', '0', 'SELLER', '16');
INSERT INTO `wemall_role` VALUES ('104', '2015-02-26 15:00:07', '\0', '', null, 'ROLE_WEIXIN_STORE_SELLER', '寰淇″', '0', 'SELLER', '19');
INSERT INTO `wemall_role` VALUES ('105', '2015-02-26 15:00:16', '\0', '', null, 'ROLE_PREDEPOSIT_SET', '棰瀛娆剧＄', '0', 'BUYER', '18');
INSERT INTO `wemall_role` VALUES ('106', '2015-02-26 15:00:17', '\0', '', null, 'ROLE_INTEGRAL_EXCHANGE', '绉', '0', 'BUYER', '20');
INSERT INTO `wemall_role` VALUES ('107', '2015-02-26 15:00:24', '\0', '', null, 'ROLE_GOODS_CART', '璐╂绋3', '0', 'BUYER', '21');
INSERT INTO `wemall_role` VALUES ('108', '2015-02-26 15:00:22', '\0', '', null, 'ROLE_WEIXIN_USER_CENTER', '寰淇＄ㄦ蜂腑蹇', '0', 'BUYER', '22');
INSERT INTO `wemall_role` VALUES ('109', '2015-02-26 15:00:25', '\0', '', null, 'ROLE_WEIXIN_GOODS_CART', '寰淇¤喘╂绋3', '0', 'BUYER', '23');

-- ----------------------------
-- Table structure for wemall_rolegroup
-- ----------------------------
DROP TABLE IF EXISTS `wemall_rolegroup`;
CREATE TABLE `wemall_rolegroup` (
  `id` bigint(20) NOT NULL AUTO_INCREMENT,
  `addTime` datetime DEFAULT NULL,
  `deleteStatus` bit(1) NOT NULL,
  `name` varchar(255) DEFAULT NULL,
  `sequence` int(11) NOT NULL,
  `type` varchar(255) DEFAULT NULL,
  PRIMARY KEY (`id`)
) ENGINE=InnoDB AUTO_INCREMENT=24 DEFAULT CHARSET=utf8;

-- ----------------------------
-- Records of wemall_rolegroup
-- ----------------------------
INSERT INTO `wemall_rolegroup` VALUES ('1', '2015-02-26 14:59:09', '\0', '璁剧疆', '0', 'ADMIN');
INSERT INTO `wemall_rolegroup` VALUES ('2', '2015-02-26 14:59:12', '\0', '', '5', 'ADMIN');
INSERT INTO `wemall_rolegroup` VALUES ('3', '2015-02-26 14:59:15', '\0', '茬疆', '10', 'ADMIN');
INSERT INTO `wemall_rolegroup` VALUES ('4', '2015-02-26 14:59:16', '\0', '搴', '11', 'ADMIN');
INSERT INTO `wemall_rolegroup` VALUES ('5', '2015-02-26 14:59:19', '\0', '浼', '14', 'ADMIN');
INSERT INTO `wemall_rolegroup` VALUES ('6', '2015-02-26 14:59:21', '\0', '浜ゆ', '18', 'ADMIN');
INSERT INTO `wemall_rolegroup` VALUES ('7', '2015-02-26 14:59:24', '\0', '缃绔', '26', 'ADMIN');
INSERT INTO `wemall_rolegroup` VALUES ('8', '2015-02-26 14:59:27', '\0', '杩', '31', 'ADMIN');
INSERT INTO `wemall_rolegroup` VALUES ('9', '2015-02-26 14:59:38', '\0', '宸ュ', '43', 'ADMIN');
INSERT INTO `wemall_rolegroup` VALUES ('10', '2015-02-26 14:59:47', '\0', '绠＄', '58', 'SELLER');
INSERT INTO `wemall_rolegroup` VALUES ('11', '2015-02-26 14:59:49', '\0', '娣瀹绠＄', '60', 'SELLER');
INSERT INTO `wemall_rolegroup` VALUES ('12', '2015-02-26 14:59:49', '\0', '浜ゆ绠＄', '61', 'SELLER');
INSERT INTO `wemall_rolegroup` VALUES ('13', '2015-02-26 14:59:53', '\0', '搴鸿剧疆', '64', 'SELLER');
INSERT INTO `wemall_rolegroup` VALUES ('14', '2015-02-26 14:59:53', '\0', '宠峰', '64', 'BUYER');
INSERT INTO `wemall_rolegroup` VALUES ('15', '2015-02-26 14:59:56', '\0', '瀹㈡锋', '68', 'SELLER');
INSERT INTO `wemall_rolegroup` VALUES ('16', '2015-02-26 14:59:57', '\0', '淇绠＄', '73', 'SELLER');
INSERT INTO `wemall_rolegroup` VALUES ('17', '2015-02-26 15:00:01', '\0', '朵璁剧疆', '78', 'SELLER');
INSERT INTO `wemall_rolegroup` VALUES ('18', '2015-02-26 15:00:03', '\0', 'ㄦ蜂腑蹇', '82', 'BUYER');
INSERT INTO `wemall_rolegroup` VALUES ('19', '2015-02-26 15:00:06', '\0', '寰淇＄＄', '86', 'SELLER');
INSERT INTO `wemall_rolegroup` VALUES ('20', '2015-02-26 15:00:16', '\0', '绉', '98', 'BUYER');
INSERT INTO `wemall_rolegroup` VALUES ('21', '2015-02-26 15:00:17', '\0', 'ㄧ嚎璐', '98', 'BUYER');
INSERT INTO `wemall_rolegroup` VALUES ('22', '2015-02-26 15:00:20', '\0', '寰淇＄ㄦ蜂腑蹇', '102', 'BUYER');
INSERT INTO `wemall_rolegroup` VALUES ('23', '2015-02-26 15:00:24', '\0', '寰淇″ㄧ嚎璐', '106', 'BUYER');

-- ----------------------------
-- Table structure for wemall_role_res
-- ----------------------------
DROP TABLE IF EXISTS `wemall_role_res`;
CREATE TABLE `wemall_role_res` (
  `role_id` bigint(20) NOT NULL,
  `res_id` bigint(20) NOT NULL,
  KEY `FK6494F768261DF063` (`res_id`),
  KEY `FK6494F768AE50A871` (`role_id`),
  CONSTRAINT `FK6494F768261DF063` FOREIGN KEY (`res_id`) REFERENCES `wemall_res` (`id`),
  CONSTRAINT `FK6494F768AE50A871` FOREIGN KEY (`role_id`) REFERENCES `wemall_role` (`id`)
) ENGINE=InnoDB DEFAULT CHARSET=utf8;

-- ----------------------------
-- Records of wemall_role_res
-- ----------------------------
INSERT INTO `wemall_role_res` VALUES ('2', '4');
INSERT INTO `wemall_role_res` VALUES ('3', '5');
INSERT INTO `wemall_role_res` VALUES ('4', '6');
INSERT INTO `wemall_role_res` VALUES ('5', '7');
INSERT INTO `wemall_role_res` VALUES ('6', '8');
INSERT INTO `wemall_role_res` VALUES ('9', '11');
INSERT INTO `wemall_role_res` VALUES ('7', '9');
INSERT INTO `wemall_role_res` VALUES ('7', '12');
INSERT INTO `wemall_role_res` VALUES ('7', '13');
INSERT INTO `wemall_role_res` VALUES ('8', '10');
INSERT INTO `wemall_role_res` VALUES ('8', '14');
INSERT INTO `wemall_role_res` VALUES ('10', '15');
INSERT INTO `wemall_role_res` VALUES ('11', '16');
INSERT INTO `wemall_role_res` VALUES ('11', '17');
INSERT INTO `wemall_role_res` VALUES ('11', '18');
INSERT INTO `wemall_role_res` VALUES ('11', '19');
INSERT INTO `wemall_role_res` VALUES ('11', '20');
INSERT INTO `wemall_role_res` VALUES ('12', '21');
INSERT INTO `wemall_role_res` VALUES ('12', '22');
INSERT INTO `wemall_role_res` VALUES ('12', '23');
INSERT INTO `wemall_role_res` VALUES ('12', '24');
INSERT INTO `wemall_role_res` VALUES ('12', '25');
INSERT INTO `wemall_role_res` VALUES ('12', '26');
INSERT INTO `wemall_role_res` VALUES ('12', '27');
INSERT INTO `wemall_role_res` VALUES ('13', '28');
INSERT INTO `wemall_role_res` VALUES ('13', '29');
INSERT INTO `wemall_role_res` VALUES ('13', '30');
INSERT INTO `wemall_role_res` VALUES ('13', '31');
INSERT INTO `wemall_role_res` VALUES ('13', '32');
INSERT INTO `wemall_role_res` VALUES ('14', '33');
INSERT INTO `wemall_role_res` VALUES ('14', '34');
INSERT INTO `wemall_role_res` VALUES ('14', '35');
INSERT INTO `wemall_role_res` VALUES ('14', '36');
INSERT INTO `wemall_role_res` VALUES ('15', '37');
INSERT INTO `wemall_role_res` VALUES ('15', '38');
INSERT INTO `wemall_role_res` VALUES ('15', '39');
INSERT INTO `wemall_role_res` VALUES ('15', '40');
INSERT INTO `wemall_role_res` VALUES ('15', '41');
INSERT INTO `wemall_role_res` VALUES ('15', '42');
INSERT INTO `wemall_role_res` VALUES ('15', '43');
INSERT INTO `wemall_role_res` VALUES ('17', '52');
INSERT INTO `wemall_role_res` VALUES ('17', '53');
INSERT INTO `wemall_role_res` VALUES ('17', '54');
INSERT INTO `wemall_role_res` VALUES ('17', '55');
INSERT INTO `wemall_role_res` VALUES ('17', '56');
INSERT INTO `wemall_role_res` VALUES ('17', '57');
INSERT INTO `wemall_role_res` VALUES ('17', '58');
INSERT INTO `wemall_role_res` VALUES ('17', '59');
INSERT INTO `wemall_role_res` VALUES ('17', '60');
INSERT INTO `wemall_role_res` VALUES ('18', '61');
INSERT INTO `wemall_role_res` VALUES ('18', '62');
INSERT INTO `wemall_role_res` VALUES ('18', '63');
INSERT INTO `wemall_role_res` VALUES ('18', '64');
INSERT INTO `wemall_role_res` VALUES ('18', '65');
INSERT INTO `wemall_role_res` VALUES ('18', '66');
INSERT INTO `wemall_role_res` VALUES ('18', '67');
INSERT INTO `wemall_role_res` VALUES ('19', '68');
INSERT INTO `wemall_role_res` VALUES ('19', '69');
INSERT INTO `wemall_role_res` VALUES ('19', '70');
INSERT INTO `wemall_role_res` VALUES ('19', '71');
INSERT INTO `wemall_role_res` VALUES ('19', '72');
INSERT INTO `wemall_role_res` VALUES ('19', '73');
INSERT INTO `wemall_role_res` VALUES ('19', '74');
INSERT INTO `wemall_role_res` VALUES ('20', '75');
INSERT INTO `wemall_role_res` VALUES ('20', '76');
INSERT INTO `wemall_role_res` VALUES ('20', '77');
INSERT INTO `wemall_role_res` VALUES ('20', '78');
INSERT INTO `wemall_role_res` VALUES ('21', '79');
INSERT INTO `wemall_role_res` VALUES ('21', '80');
INSERT INTO `wemall_role_res` VALUES ('21', '81');
INSERT INTO `wemall_role_res` VALUES ('21', '82');
INSERT INTO `wemall_role_res` VALUES ('21', '83');
INSERT INTO `wemall_role_res` VALUES ('21', '84');
INSERT INTO `wemall_role_res` VALUES ('21', '85');
INSERT INTO `wemall_role_res` VALUES ('21', '86');
INSERT INTO `wemall_role_res` VALUES ('23', '94');
INSERT INTO `wemall_role_res` VALUES ('23', '95');
INSERT INTO `wemall_role_res` VALUES ('24', '96');
INSERT INTO `wemall_role_res` VALUES ('24', '97');
INSERT INTO `wemall_role_res` VALUES ('24', '98');
INSERT INTO `wemall_role_res` VALUES ('22', '87');
INSERT INTO `wemall_role_res` VALUES ('22', '88');
INSERT INTO `wemall_role_res` VALUES ('22', '89');
INSERT INTO `wemall_role_res` VALUES ('22', '90');
INSERT INTO `wemall_role_res` VALUES ('22', '91');
INSERT INTO `wemall_role_res` VALUES ('22', '92');
INSERT INTO `wemall_role_res` VALUES ('22', '93');
INSERT INTO `wemall_role_res` VALUES ('22', '99');
INSERT INTO `wemall_role_res` VALUES ('22', '100');
INSERT INTO `wemall_role_res` VALUES ('22', '101');
INSERT INTO `wemall_role_res` VALUES ('22', '102');
INSERT INTO `wemall_role_res` VALUES ('25', '103');
INSERT INTO `wemall_role_res` VALUES ('25', '104');
INSERT INTO `wemall_role_res` VALUES ('25', '105');
INSERT INTO `wemall_role_res` VALUES ('25', '106');
INSERT INTO `wemall_role_res` VALUES ('25', '107');
INSERT INTO `wemall_role_res` VALUES ('25', '108');
INSERT INTO `wemall_role_res` VALUES ('25', '109');
INSERT INTO `wemall_role_res` VALUES ('25', '110');
INSERT INTO `wemall_role_res` VALUES ('26', '111');
INSERT INTO `wemall_role_res` VALUES ('26', '112');
INSERT INTO `wemall_role_res` VALUES ('26', '113');
INSERT INTO `wemall_role_res` VALUES ('26', '114');
INSERT INTO `wemall_role_res` VALUES ('26', '115');
INSERT INTO `wemall_role_res` VALUES ('26', '116');
INSERT INTO `wemall_role_res` VALUES ('26', '117');
INSERT INTO `wemall_role_res` VALUES ('28', '119');
INSERT INTO `wemall_role_res` VALUES ('28', '120');
INSERT INTO `wemall_role_res` VALUES ('29', '125');
INSERT INTO `wemall_role_res` VALUES ('29', '126');
INSERT INTO `wemall_role_res` VALUES ('30', '127');
INSERT INTO `wemall_role_res` VALUES ('30', '128');
INSERT INTO `wemall_role_res` VALUES ('30', '129');
INSERT INTO `wemall_role_res` VALUES ('30', '130');
INSERT INTO `wemall_role_res` VALUES ('30', '131');
INSERT INTO `wemall_role_res` VALUES ('30', '132');
INSERT INTO `wemall_role_res` VALUES ('30', '133');
INSERT INTO `wemall_role_res` VALUES ('31', '134');
INSERT INTO `wemall_role_res` VALUES ('31', '135');
INSERT INTO `wemall_role_res` VALUES ('31', '136');
INSERT INTO `wemall_role_res` VALUES ('31', '137');
INSERT INTO `wemall_role_res` VALUES ('31', '138');
INSERT INTO `wemall_role_res` VALUES ('1', '1');
INSERT INTO `wemall_role_res` VALUES ('1', '2');
INSERT INTO `wemall_role_res` VALUES ('1', '3');
INSERT INTO `wemall_role_res` VALUES ('1', '139');
INSERT INTO `wemall_role_res` VALUES ('1', '140');
INSERT INTO `wemall_role_res` VALUES ('32', '141');
INSERT INTO `wemall_role_res` VALUES ('32', '142');
INSERT INTO `wemall_role_res` VALUES ('33', '143');
INSERT INTO `wemall_role_res` VALUES ('33', '144');
INSERT INTO `wemall_role_res` VALUES ('34', '145');
INSERT INTO `wemall_role_res` VALUES ('34', '146');
INSERT INTO `wemall_role_res` VALUES ('35', '147');
INSERT INTO `wemall_role_res` VALUES ('35', '148');
INSERT INTO `wemall_role_res` VALUES ('35', '149');
INSERT INTO `wemall_role_res` VALUES ('35', '150');
INSERT INTO `wemall_role_res` VALUES ('35', '151');
INSERT INTO `wemall_role_res` VALUES ('35', '152');
INSERT INTO `wemall_role_res` VALUES ('35', '153');
INSERT INTO `wemall_role_res` VALUES ('35', '154');
INSERT INTO `wemall_role_res` VALUES ('35', '155');
INSERT INTO `wemall_role_res` VALUES ('35', '156');
INSERT INTO `wemall_role_res` VALUES ('35', '157');
INSERT INTO `wemall_role_res` VALUES ('35', '158');
INSERT INTO `wemall_role_res` VALUES ('35', '159');
INSERT INTO `wemall_role_res` VALUES ('35', '160');
INSERT INTO `wemall_role_res` VALUES ('36', '161');
INSERT INTO `wemall_role_res` VALUES ('36', '162');
INSERT INTO `wemall_role_res` VALUES ('36', '163');
INSERT INTO `wemall_role_res` VALUES ('37', '164');
INSERT INTO `wemall_role_res` VALUES ('37', '165');
INSERT INTO `wemall_role_res` VALUES ('37', '166');
INSERT INTO `wemall_role_res` VALUES ('37', '167');
INSERT INTO `wemall_role_res` VALUES ('37', '168');
INSERT INTO `wemall_role_res` VALUES ('37', '169');
INSERT INTO `wemall_role_res` VALUES ('37', '170');
INSERT INTO `wemall_role_res` VALUES ('37', '171');
INSERT INTO `wemall_role_res` VALUES ('37', '172');
INSERT INTO `wemall_role_res` VALUES ('37', '173');
INSERT INTO `wemall_role_res` VALUES ('37', '174');
INSERT INTO `wemall_role_res` VALUES ('37', '175');
INSERT INTO `wemall_role_res` VALUES ('37', '176');
INSERT INTO `wemall_role_res` VALUES ('37', '177');
INSERT INTO `wemall_role_res` VALUES ('38', '178');
INSERT INTO `wemall_role_res` VALUES ('38', '179');
INSERT INTO `wemall_role_res` VALUES ('38', '180');
INSERT INTO `wemall_role_res` VALUES ('38', '181');
INSERT INTO `wemall_role_res` VALUES ('38', '182');
INSERT INTO `wemall_role_res` VALUES ('38', '183');
INSERT INTO `wemall_role_res` VALUES ('39', '184');
INSERT INTO `wemall_role_res` VALUES ('39', '185');
INSERT INTO `wemall_role_res` VALUES ('39', '186');
INSERT INTO `wemall_role_res` VALUES ('39', '187');
INSERT INTO `wemall_role_res` VALUES ('39', '188');
INSERT INTO `wemall_role_res` VALUES ('39', '189');
INSERT INTO `wemall_role_res` VALUES ('39', '190');
INSERT INTO `wemall_role_res` VALUES ('40', '191');
INSERT INTO `wemall_role_res` VALUES ('40', '192');
INSERT INTO `wemall_role_res` VALUES ('40', '193');
INSERT INTO `wemall_role_res` VALUES ('40', '194');
INSERT INTO `wemall_role_res` VALUES ('40', '195');
INSERT INTO `wemall_role_res` VALUES ('41', '196');
INSERT INTO `wemall_role_res` VALUES ('41', '197');
INSERT INTO `wemall_role_res` VALUES ('41', '198');
INSERT INTO `wemall_role_res` VALUES ('41', '199');
INSERT INTO `wemall_role_res` VALUES ('41', '200');
INSERT INTO `wemall_role_res` VALUES ('41', '201');
INSERT INTO `wemall_role_res` VALUES ('42', '202');
INSERT INTO `wemall_role_res` VALUES ('42', '203');
INSERT INTO `wemall_role_res` VALUES ('42', '204');
INSERT INTO `wemall_role_res` VALUES ('42', '205');
INSERT INTO `wemall_role_res` VALUES ('42', '206');
INSERT INTO `wemall_role_res` VALUES ('42', '207');
INSERT INTO `wemall_role_res` VALUES ('43', '208');
INSERT INTO `wemall_role_res` VALUES ('43', '210');
INSERT INTO `wemall_role_res` VALUES ('44', '209');
INSERT INTO `wemall_role_res` VALUES ('44', '211');
INSERT INTO `wemall_role_res` VALUES ('45', '212');
INSERT INTO `wemall_role_res` VALUES ('45', '213');
INSERT INTO `wemall_role_res` VALUES ('45', '214');
INSERT INTO `wemall_role_res` VALUES ('45', '215');
INSERT INTO `wemall_role_res` VALUES ('45', '216');
INSERT INTO `wemall_role_res` VALUES ('45', '217');
INSERT INTO `wemall_role_res` VALUES ('46', '218');
INSERT INTO `wemall_role_res` VALUES ('46', '219');
INSERT INTO `wemall_role_res` VALUES ('46', '220');
INSERT INTO `wemall_role_res` VALUES ('46', '221');
INSERT INTO `wemall_role_res` VALUES ('47', '222');
INSERT INTO `wemall_role_res` VALUES ('47', '223');
INSERT INTO `wemall_role_res` VALUES ('47', '224');
INSERT INTO `wemall_role_res` VALUES ('47', '225');
INSERT INTO `wemall_role_res` VALUES ('47', '226');
INSERT INTO `wemall_role_res` VALUES ('47', '227');
INSERT INTO `wemall_role_res` VALUES ('47', '228');
INSERT INTO `wemall_role_res` VALUES ('47', '229');
INSERT INTO `wemall_role_res` VALUES ('48', '230');
INSERT INTO `wemall_role_res` VALUES ('48', '231');
INSERT INTO `wemall_role_res` VALUES ('48', '232');
INSERT INTO `wemall_role_res` VALUES ('48', '233');
INSERT INTO `wemall_role_res` VALUES ('48', '234');
INSERT INTO `wemall_role_res` VALUES ('48', '235');
INSERT INTO `wemall_role_res` VALUES ('48', '236');
INSERT INTO `wemall_role_res` VALUES ('49', '237');
INSERT INTO `wemall_role_res` VALUES ('49', '238');
INSERT INTO `wemall_role_res` VALUES ('49', '239');
INSERT INTO `wemall_role_res` VALUES ('49', '240');
INSERT INTO `wemall_role_res` VALUES ('49', '241');
INSERT INTO `wemall_role_res` VALUES ('49', '242');
INSERT INTO `wemall_role_res` VALUES ('49', '243');
INSERT INTO `wemall_role_res` VALUES ('49', '244');
INSERT INTO `wemall_role_res` VALUES ('49', '245');
INSERT INTO `wemall_role_res` VALUES ('49', '246');
INSERT INTO `wemall_role_res` VALUES ('49', '247');
INSERT INTO `wemall_role_res` VALUES ('49', '248');
INSERT INTO `wemall_role_res` VALUES ('49', '249');
INSERT INTO `wemall_role_res` VALUES ('50', '250');
INSERT INTO `wemall_role_res` VALUES ('50', '251');
INSERT INTO `wemall_role_res` VALUES ('50', '252');
INSERT INTO `wemall_role_res` VALUES ('50', '253');
INSERT INTO `wemall_role_res` VALUES ('50', '254');
INSERT INTO `wemall_role_res` VALUES ('50', '255');
INSERT INTO `wemall_role_res` VALUES ('50', '256');
INSERT INTO `wemall_role_res` VALUES ('50', '257');
INSERT INTO `wemall_role_res` VALUES ('50', '258');
INSERT INTO `wemall_role_res` VALUES ('50', '259');
INSERT INTO `wemall_role_res` VALUES ('50', '260');
INSERT INTO `wemall_role_res` VALUES ('50', '261');
INSERT INTO `wemall_role_res` VALUES ('50', '262');
INSERT INTO `wemall_role_res` VALUES ('50', '263');
INSERT INTO `wemall_role_res` VALUES ('51', '264');
INSERT INTO `wemall_role_res` VALUES ('51', '265');
INSERT INTO `wemall_role_res` VALUES ('51', '266');
INSERT INTO `wemall_role_res` VALUES ('51', '267');
INSERT INTO `wemall_role_res` VALUES ('51', '268');
INSERT INTO `wemall_role_res` VALUES ('51', '270');
INSERT INTO `wemall_role_res` VALUES ('51', '271');
INSERT INTO `wemall_role_res` VALUES ('51', '272');
INSERT INTO `wemall_role_res` VALUES ('51', '273');
INSERT INTO `wemall_role_res` VALUES ('51', '274');
INSERT INTO `wemall_role_res` VALUES ('51', '275');
INSERT INTO `wemall_role_res` VALUES ('51', '277');
INSERT INTO `wemall_role_res` VALUES ('51', '278');
INSERT INTO `wemall_role_res` VALUES ('51', '279');
INSERT INTO `wemall_role_res` VALUES ('51', '280');
INSERT INTO `wemall_role_res` VALUES ('51', '281');
INSERT INTO `wemall_role_res` VALUES ('51', '282');
INSERT INTO `wemall_role_res` VALUES ('51', '283');
INSERT INTO `wemall_role_res` VALUES ('51', '284');
INSERT INTO `wemall_role_res` VALUES ('51', '285');
INSERT INTO `wemall_role_res` VALUES ('51', '286');
INSERT INTO `wemall_role_res` VALUES ('51', '287');
INSERT INTO `wemall_role_res` VALUES ('51', '288');
INSERT INTO `wemall_role_res` VALUES ('51', '289');
INSERT INTO `wemall_role_res` VALUES ('51', '290');
INSERT INTO `wemall_role_res` VALUES ('51', '291');
INSERT INTO `wemall_role_res` VALUES ('51', '292');
INSERT INTO `wemall_role_res` VALUES ('16', '44');
INSERT INTO `wemall_role_res` VALUES ('16', '45');
INSERT INTO `wemall_role_res` VALUES ('16', '46');
INSERT INTO `wemall_role_res` VALUES ('16', '47');
INSERT INTO `wemall_role_res` VALUES ('16', '48');
INSERT INTO `wemall_role_res` VALUES ('16', '49');
INSERT INTO `wemall_role_res` VALUES ('16', '50');
INSERT INTO `wemall_role_res` VALUES ('16', '51');
INSERT INTO `wemall_role_res` VALUES ('16', '269');
INSERT INTO `wemall_role_res` VALUES ('16', '276');
INSERT INTO `wemall_role_res` VALUES ('16', '299');
INSERT INTO `wemall_role_res` VALUES ('52', '293');
INSERT INTO `wemall_role_res` VALUES ('52', '294');
INSERT INTO `wemall_role_res` VALUES ('52', '295');
INSERT INTO `wemall_role_res` VALUES ('52', '296');
INSERT INTO `wemall_role_res` VALUES ('52', '297');
INSERT INTO `wemall_role_res` VALUES ('52', '298');
INSERT INTO `wemall_role_res` VALUES ('52', '300');
INSERT INTO `wemall_role_res` VALUES ('52', '301');
INSERT INTO `wemall_role_res` VALUES ('52', '302');
INSERT INTO `wemall_role_res` VALUES ('52', '303');
INSERT INTO `wemall_role_res` VALUES ('52', '304');
INSERT INTO `wemall_role_res` VALUES ('52', '305');
INSERT INTO `wemall_role_res` VALUES ('52', '306');
INSERT INTO `wemall_role_res` VALUES ('52', '307');
INSERT INTO `wemall_role_res` VALUES ('52', '308');
INSERT INTO `wemall_role_res` VALUES ('52', '309');
INSERT INTO `wemall_role_res` VALUES ('52', '310');
INSERT INTO `wemall_role_res` VALUES ('52', '311');
INSERT INTO `wemall_role_res` VALUES ('52', '312');
INSERT INTO `wemall_role_res` VALUES ('52', '313');
INSERT INTO `wemall_role_res` VALUES ('52', '314');
INSERT INTO `wemall_role_res` VALUES ('52', '315');
INSERT INTO `wemall_role_res` VALUES ('53', '316');
INSERT INTO `wemall_role_res` VALUES ('53', '317');
INSERT INTO `wemall_role_res` VALUES ('53', '318');
INSERT INTO `wemall_role_res` VALUES ('53', '319');
INSERT INTO `wemall_role_res` VALUES ('53', '320');
INSERT INTO `wemall_role_res` VALUES ('53', '321');
INSERT INTO `wemall_role_res` VALUES ('53', '322');
INSERT INTO `wemall_role_res` VALUES ('54', '323');
INSERT INTO `wemall_role_res` VALUES ('54', '324');
INSERT INTO `wemall_role_res` VALUES ('55', '325');
INSERT INTO `wemall_role_res` VALUES ('55', '326');
INSERT INTO `wemall_role_res` VALUES ('55', '327');
INSERT INTO `wemall_role_res` VALUES ('56', '328');
INSERT INTO `wemall_role_res` VALUES ('56', '329');
INSERT INTO `wemall_role_res` VALUES ('56', '330');
INSERT INTO `wemall_role_res` VALUES ('56', '331');
INSERT INTO `wemall_role_res` VALUES ('56', '332');
INSERT INTO `wemall_role_res` VALUES ('56', '333');
INSERT INTO `wemall_role_res` VALUES ('56', '334');
INSERT INTO `wemall_role_res` VALUES ('56', '335');
INSERT INTO `wemall_role_res` VALUES ('56', '336');
INSERT INTO `wemall_role_res` VALUES ('57', '337');
INSERT INTO `wemall_role_res` VALUES ('57', '338');
INSERT INTO `wemall_role_res` VALUES ('57', '339');
INSERT INTO `wemall_role_res` VALUES ('57', '340');
INSERT INTO `wemall_role_res` VALUES ('57', '341');
INSERT INTO `wemall_role_res` VALUES ('57', '342');
INSERT INTO `wemall_role_res` VALUES ('57', '343');
INSERT INTO `wemall_role_res` VALUES ('57', '344');
INSERT INTO `wemall_role_res` VALUES ('57', '345');
INSERT INTO `wemall_role_res` VALUES ('57', '346');
INSERT INTO `wemall_role_res` VALUES ('57', '347');
INSERT INTO `wemall_role_res` VALUES ('57', '348');
INSERT INTO `wemall_role_res` VALUES ('58', '349');
INSERT INTO `wemall_role_res` VALUES ('58', '350');
INSERT INTO `wemall_role_res` VALUES ('58', '351');
INSERT INTO `wemall_role_res` VALUES ('58', '352');
INSERT INTO `wemall_role_res` VALUES ('58', '353');
INSERT INTO `wemall_role_res` VALUES ('59', '354');
INSERT INTO `wemall_role_res` VALUES ('59', '355');
INSERT INTO `wemall_role_res` VALUES ('60', '356');
INSERT INTO `wemall_role_res` VALUES ('60', '357');
INSERT INTO `wemall_role_res` VALUES ('60', '358');
INSERT INTO `wemall_role_res` VALUES ('60', '359');
INSERT INTO `wemall_role_res` VALUES ('60', '360');
INSERT INTO `wemall_role_res` VALUES ('60', '361');
INSERT INTO `wemall_role_res` VALUES ('61', '362');
INSERT INTO `wemall_role_res` VALUES ('61', '363');
INSERT INTO `wemall_role_res` VALUES ('62', '364');
INSERT INTO `wemall_role_res` VALUES ('62', '365');
INSERT INTO `wemall_role_res` VALUES ('62', '366');
INSERT INTO `wemall_role_res` VALUES ('62', '367');
INSERT INTO `wemall_role_res` VALUES ('62', '368');
INSERT INTO `wemall_role_res` VALUES ('62', '369');
INSERT INTO `wemall_role_res` VALUES ('62', '370');
INSERT INTO `wemall_role_res` VALUES ('62', '371');
INSERT INTO `wemall_role_res` VALUES ('62', '372');
INSERT INTO `wemall_role_res` VALUES ('62', '373');
INSERT INTO `wemall_role_res` VALUES ('62', '374');
INSERT INTO `wemall_role_res` VALUES ('27', '118');
INSERT INTO `wemall_role_res` VALUES ('27', '121');
INSERT INTO `wemall_role_res` VALUES ('27', '122');
INSERT INTO `wemall_role_res` VALUES ('27', '123');
INSERT INTO `wemall_role_res` VALUES ('27', '124');
INSERT INTO `wemall_role_res` VALUES ('27', '375');
INSERT INTO `wemall_role_res` VALUES ('27', '376');
INSERT INTO `wemall_role_res` VALUES ('27', '377');
INSERT INTO `wemall_role_res` VALUES ('27', '378');
INSERT INTO `wemall_role_res` VALUES ('27', '379');
INSERT INTO `wemall_role_res` VALUES ('27', '380');
INSERT INTO `wemall_role_res` VALUES ('27', '381');
INSERT INTO `wemall_role_res` VALUES ('27', '382');
INSERT INTO `wemall_role_res` VALUES ('27', '383');
INSERT INTO `wemall_role_res` VALUES ('65', '392');
INSERT INTO `wemall_role_res` VALUES ('65', '393');
INSERT INTO `wemall_role_res` VALUES ('65', '394');
INSERT INTO `wemall_role_res` VALUES ('65', '395');
INSERT INTO `wemall_role_res` VALUES ('66', '396');
INSERT INTO `wemall_role_res` VALUES ('66', '397');
INSERT INTO `wemall_role_res` VALUES ('67', '398');
INSERT INTO `wemall_role_res` VALUES ('67', '399');
INSERT INTO `wemall_role_res` VALUES ('67', '400');
INSERT INTO `wemall_role_res` VALUES ('67', '401');
INSERT INTO `wemall_role_res` VALUES ('67', '402');
INSERT INTO `wemall_role_res` VALUES ('67', '403');
INSERT INTO `wemall_role_res` VALUES ('67', '404');
INSERT INTO `wemall_role_res` VALUES ('67', '405');
INSERT INTO `wemall_role_res` VALUES ('63', '384');
INSERT INTO `wemall_role_res` VALUES ('63', '385');
INSERT INTO `wemall_role_res` VALUES ('63', '386');
INSERT INTO `wemall_role_res` VALUES ('63', '387');
INSERT INTO `wemall_role_res` VALUES ('63', '388');
INSERT INTO `wemall_role_res` VALUES ('63', '390');
INSERT INTO `wemall_role_res` VALUES ('63', '391');
INSERT INTO `wemall_role_res` VALUES ('63', '406');
INSERT INTO `wemall_role_res` VALUES ('64', '389');
INSERT INTO `wemall_role_res` VALUES ('64', '407');
INSERT INTO `wemall_role_res` VALUES ('68', '408');
INSERT INTO `wemall_role_res` VALUES ('69', '409');
INSERT INTO `wemall_role_res` VALUES ('70', '410');
INSERT INTO `wemall_role_res` VALUES ('71', '411');
INSERT INTO `wemall_role_res` VALUES ('71', '412');
INSERT INTO `wemall_role_res` VALUES ('71', '413');
INSERT INTO `wemall_role_res` VALUES ('71', '414');
INSERT INTO `wemall_role_res` VALUES ('71', '415');
INSERT INTO `wemall_role_res` VALUES ('71', '416');
INSERT INTO `wemall_role_res` VALUES ('71', '417');
INSERT INTO `wemall_role_res` VALUES ('71', '418');
INSERT INTO `wemall_role_res` VALUES ('72', '419');
INSERT INTO `wemall_role_res` VALUES ('73', '420');
INSERT INTO `wemall_role_res` VALUES ('74', '421');
INSERT INTO `wemall_role_res` VALUES ('75', '422');
INSERT INTO `wemall_role_res` VALUES ('75', '423');
INSERT INTO `wemall_role_res` VALUES ('76', '424');
INSERT INTO `wemall_role_res` VALUES ('76', '425');
INSERT INTO `wemall_role_res` VALUES ('76', '426');
INSERT INTO `wemall_role_res` VALUES ('76', '427');
INSERT INTO `wemall_role_res` VALUES ('76', '428');
INSERT INTO `wemall_role_res` VALUES ('77', '429');
INSERT INTO `wemall_role_res` VALUES ('77', '430');
INSERT INTO `wemall_role_res` VALUES ('77', '431');
INSERT INTO `wemall_role_res` VALUES ('77', '432');
INSERT INTO `wemall_role_res` VALUES ('78', '433');
INSERT INTO `wemall_role_res` VALUES ('78', '434');
INSERT INTO `wemall_role_res` VALUES ('78', '435');
INSERT INTO `wemall_role_res` VALUES ('78', '436');
INSERT INTO `wemall_role_res` VALUES ('78', '437');
INSERT INTO `wemall_role_res` VALUES ('78', '438');
INSERT INTO `wemall_role_res` VALUES ('78', '439');
INSERT INTO `wemall_role_res` VALUES ('78', '440');
INSERT INTO `wemall_role_res` VALUES ('78', '441');
INSERT INTO `wemall_role_res` VALUES ('78', '442');
INSERT INTO `wemall_role_res` VALUES ('78', '443');
INSERT INTO `wemall_role_res` VALUES ('78', '444');
INSERT INTO `wemall_role_res` VALUES ('78', '445');
INSERT INTO `wemall_role_res` VALUES ('78', '446');
INSERT INTO `wemall_role_res` VALUES ('78', '447');
INSERT INTO `wemall_role_res` VALUES ('78', '448');
INSERT INTO `wemall_role_res` VALUES ('78', '449');
INSERT INTO `wemall_role_res` VALUES ('78', '450');
INSERT INTO `wemall_role_res` VALUES ('78', '451');
INSERT INTO `wemall_role_res` VALUES ('78', '452');
INSERT INTO `wemall_role_res` VALUES ('78', '453');
INSERT INTO `wemall_role_res` VALUES ('78', '454');
INSERT INTO `wemall_role_res` VALUES ('78', '455');
INSERT INTO `wemall_role_res` VALUES ('78', '456');
INSERT INTO `wemall_role_res` VALUES ('78', '457');
INSERT INTO `wemall_role_res` VALUES ('79', '458');
INSERT INTO `wemall_role_res` VALUES ('79', '459');
INSERT INTO `wemall_role_res` VALUES ('79', '460');
INSERT INTO `wemall_role_res` VALUES ('79', '461');
INSERT INTO `wemall_role_res` VALUES ('79', '462');
INSERT INTO `wemall_role_res` VALUES ('80', '463');
INSERT INTO `wemall_role_res` VALUES ('80', '464');
INSERT INTO `wemall_role_res` VALUES ('80', '465');
INSERT INTO `wemall_role_res` VALUES ('80', '466');
INSERT INTO `wemall_role_res` VALUES ('80', '467');
INSERT INTO `wemall_role_res` VALUES ('80', '468');
INSERT INTO `wemall_role_res` VALUES ('80', '469');
INSERT INTO `wemall_role_res` VALUES ('80', '470');
INSERT INTO `wemall_role_res` VALUES ('80', '471');
INSERT INTO `wemall_role_res` VALUES ('82', '473');
INSERT INTO `wemall_role_res` VALUES ('82', '474');
INSERT INTO `wemall_role_res` VALUES ('82', '475');
INSERT INTO `wemall_role_res` VALUES ('83', '478');
INSERT INTO `wemall_role_res` VALUES ('83', '484');
INSERT INTO `wemall_role_res` VALUES ('81', '472');
INSERT INTO `wemall_role_res` VALUES ('81', '476');
INSERT INTO `wemall_role_res` VALUES ('81', '477');
INSERT INTO `wemall_role_res` VALUES ('81', '479');
INSERT INTO `wemall_role_res` VALUES ('81', '480');
INSERT INTO `wemall_role_res` VALUES ('81', '481');
INSERT INTO `wemall_role_res` VALUES ('81', '482');
INSERT INTO `wemall_role_res` VALUES ('81', '483');
INSERT INTO `wemall_role_res` VALUES ('81', '485');
INSERT INTO `wemall_role_res` VALUES ('81', '486');
INSERT INTO `wemall_role_res` VALUES ('84', '487');
INSERT INTO `wemall_role_res` VALUES ('84', '488');
INSERT INTO `wemall_role_res` VALUES ('84', '489');
INSERT INTO `wemall_role_res` VALUES ('84', '490');
INSERT INTO `wemall_role_res` VALUES ('84', '491');
INSERT INTO `wemall_role_res` VALUES ('85', '492');
INSERT INTO `wemall_role_res` VALUES ('85', '493');
INSERT INTO `wemall_role_res` VALUES ('85', '494');
INSERT INTO `wemall_role_res` VALUES ('85', '495');
INSERT INTO `wemall_role_res` VALUES ('86', '496');
INSERT INTO `wemall_role_res` VALUES ('87', '497');
INSERT INTO `wemall_role_res` VALUES ('87', '498');
INSERT INTO `wemall_role_res` VALUES ('87', '499');
INSERT INTO `wemall_role_res` VALUES ('87', '500');
INSERT INTO `wemall_role_res` VALUES ('87', '501');
INSERT INTO `wemall_role_res` VALUES ('88', '502');
INSERT INTO `wemall_role_res` VALUES ('88', '503');
INSERT INTO `wemall_role_res` VALUES ('89', '504');
INSERT INTO `wemall_role_res` VALUES ('89', '505');
INSERT INTO `wemall_role_res` VALUES ('90', '506');
INSERT INTO `wemall_role_res` VALUES ('90', '507');
INSERT INTO `wemall_role_res` VALUES ('90', '508');
INSERT INTO `wemall_role_res` VALUES ('90', '509');
INSERT INTO `wemall_role_res` VALUES ('91', '510');
INSERT INTO `wemall_role_res` VALUES ('91', '511');
INSERT INTO `wemall_role_res` VALUES ('91', '512');
INSERT INTO `wemall_role_res` VALUES ('91', '513');
INSERT INTO `wemall_role_res` VALUES ('92', '514');
INSERT INTO `wemall_role_res` VALUES ('92', '515');
INSERT INTO `wemall_role_res` VALUES ('92', '516');
INSERT INTO `wemall_role_res` VALUES ('92', '517');
INSERT INTO `wemall_role_res` VALUES ('92', '518');
INSERT INTO `wemall_role_res` VALUES ('92', '519');
INSERT INTO `wemall_role_res` VALUES ('93', '520');
INSERT INTO `wemall_role_res` VALUES ('93', '521');
INSERT INTO `wemall_role_res` VALUES ('93', '522');
INSERT INTO `wemall_role_res` VALUES ('93', '523');
INSERT INTO `wemall_role_res` VALUES ('93', '524');
INSERT INTO `wemall_role_res` VALUES ('94', '525');
INSERT INTO `wemall_role_res` VALUES ('94', '526');
INSERT INTO `wemall_role_res` VALUES ('94', '527');
INSERT INTO `wemall_role_res` VALUES ('94', '528');
INSERT INTO `wemall_role_res` VALUES ('94', '529');
INSERT INTO `wemall_role_res` VALUES ('94', '530');
INSERT INTO `wemall_role_res` VALUES ('95', '531');
INSERT INTO `wemall_role_res` VALUES ('95', '532');
INSERT INTO `wemall_role_res` VALUES ('95', '533');
INSERT INTO `wemall_role_res` VALUES ('95', '534');
INSERT INTO `wemall_role_res` VALUES ('95', '535');
INSERT INTO `wemall_role_res` VALUES ('95', '536');
INSERT INTO `wemall_role_res` VALUES ('95', '537');
INSERT INTO `wemall_role_res` VALUES ('96', '538');
INSERT INTO `wemall_role_res` VALUES ('96', '539');
INSERT INTO `wemall_role_res` VALUES ('96', '540');
INSERT INTO `wemall_role_res` VALUES ('96', '541');
INSERT INTO `wemall_role_res` VALUES ('96', '542');
INSERT INTO `wemall_role_res` VALUES ('96', '543');
INSERT INTO `wemall_role_res` VALUES ('96', '544');
INSERT INTO `wemall_role_res` VALUES ('96', '545');
INSERT INTO `wemall_role_res` VALUES ('96', '546');
INSERT INTO `wemall_role_res` VALUES ('96', '547');
INSERT INTO `wemall_role_res` VALUES ('97', '548');
INSERT INTO `wemall_role_res` VALUES ('97', '549');
INSERT INTO `wemall_role_res` VALUES ('97', '550');
INSERT INTO `wemall_role_res` VALUES ('97', '551');
INSERT INTO `wemall_role_res` VALUES ('97', '552');
INSERT INTO `wemall_role_res` VALUES ('97', '553');
INSERT INTO `wemall_role_res` VALUES ('98', '554');
INSERT INTO `wemall_role_res` VALUES ('98', '555');
INSERT INTO `wemall_role_res` VALUES ('98', '556');
INSERT INTO `wemall_role_res` VALUES ('98', '557');
INSERT INTO `wemall_role_res` VALUES ('98', '558');
INSERT INTO `wemall_role_res` VALUES ('98', '559');
INSERT INTO `wemall_role_res` VALUES ('98', '560');
INSERT INTO `wemall_role_res` VALUES ('99', '561');
INSERT INTO `wemall_role_res` VALUES ('99', '562');
INSERT INTO `wemall_role_res` VALUES ('99', '563');
INSERT INTO `wemall_role_res` VALUES ('99', '564');
INSERT INTO `wemall_role_res` VALUES ('99', '565');
INSERT INTO `wemall_role_res` VALUES ('99', '566');
INSERT INTO `wemall_role_res` VALUES ('99', '567');
INSERT INTO `wemall_role_res` VALUES ('99', '568');
INSERT INTO `wemall_role_res` VALUES ('99', '569');
INSERT INTO `wemall_role_res` VALUES ('99', '570');
INSERT INTO `wemall_role_res` VALUES ('99', '571');
INSERT INTO `wemall_role_res` VALUES ('99', '572');
INSERT INTO `wemall_role_res` VALUES ('99', '573');
INSERT INTO `wemall_role_res` VALUES ('99', '574');
INSERT INTO `wemall_role_res` VALUES ('99', '575');
INSERT INTO `wemall_role_res` VALUES ('101', '578');
INSERT INTO `wemall_role_res` VALUES ('101', '579');
INSERT INTO `wemall_role_res` VALUES ('102', '581');
INSERT INTO `wemall_role_res` VALUES ('102', '582');
INSERT INTO `wemall_role_res` VALUES ('102', '583');
INSERT INTO `wemall_role_res` VALUES ('102', '584');
INSERT INTO `wemall_role_res` VALUES ('102', '585');
INSERT INTO `wemall_role_res` VALUES ('103', '594');
INSERT INTO `wemall_role_res` VALUES ('103', '595');
INSERT INTO `wemall_role_res` VALUES ('103', '596');
INSERT INTO `wemall_role_res` VALUES ('103', '597');
INSERT INTO `wemall_role_res` VALUES ('103', '598');
INSERT INTO `wemall_role_res` VALUES ('103', '599');
INSERT INTO `wemall_role_res` VALUES ('103', '600');
INSERT INTO `wemall_role_res` VALUES ('103', '601');
INSERT INTO `wemall_role_res` VALUES ('103', '602');
INSERT INTO `wemall_role_res` VALUES ('103', '603');
INSERT INTO `wemall_role_res` VALUES ('103', '604');
INSERT INTO `wemall_role_res` VALUES ('104', '605');
INSERT INTO `wemall_role_res` VALUES ('104', '606');
INSERT INTO `wemall_role_res` VALUES ('104', '607');
INSERT INTO `wemall_role_res` VALUES ('104', '608');
INSERT INTO `wemall_role_res` VALUES ('104', '609');
INSERT INTO `wemall_role_res` VALUES ('104', '610');
INSERT INTO `wemall_role_res` VALUES ('104', '611');
INSERT INTO `wemall_role_res` VALUES ('104', '612');
INSERT INTO `wemall_role_res` VALUES ('104', '613');
INSERT INTO `wemall_role_res` VALUES ('104', '614');
INSERT INTO `wemall_role_res` VALUES ('104', '615');
INSERT INTO `wemall_role_res` VALUES ('104', '616');
INSERT INTO `wemall_role_res` VALUES ('104', '617');
INSERT INTO `wemall_role_res` VALUES ('105', '687');
INSERT INTO `wemall_role_res` VALUES ('105', '688');
INSERT INTO `wemall_role_res` VALUES ('105', '689');
INSERT INTO `wemall_role_res` VALUES ('105', '690');
INSERT INTO `wemall_role_res` VALUES ('105', '691');
INSERT INTO `wemall_role_res` VALUES ('105', '692');
INSERT INTO `wemall_role_res` VALUES ('105', '693');
INSERT INTO `wemall_role_res` VALUES ('105', '694');
INSERT INTO `wemall_role_res` VALUES ('105', '695');
INSERT INTO `wemall_role_res` VALUES ('105', '696');
INSERT INTO `wemall_role_res` VALUES ('106', '705');
INSERT INTO `wemall_role_res` VALUES ('106', '706');
INSERT INTO `wemall_role_res` VALUES ('106', '707');
INSERT INTO `wemall_role_res` VALUES ('106', '708');
INSERT INTO `wemall_role_res` VALUES ('106', '711');
INSERT INTO `wemall_role_res` VALUES ('100', '576');
INSERT INTO `wemall_role_res` VALUES ('100', '577');
INSERT INTO `wemall_role_res` VALUES ('100', '580');
INSERT INTO `wemall_role_res` VALUES ('100', '586');
INSERT INTO `wemall_role_res` VALUES ('100', '587');
INSERT INTO `wemall_role_res` VALUES ('100', '588');
INSERT INTO `wemall_role_res` VALUES ('100', '589');
INSERT INTO `wemall_role_res` VALUES ('100', '590');
INSERT INTO `wemall_role_res` VALUES ('100', '591');
INSERT INTO `wemall_role_res` VALUES ('100', '592');
INSERT INTO `wemall_role_res` VALUES ('100', '593');
INSERT INTO `wemall_role_res` VALUES ('100', '618');
INSERT INTO `wemall_role_res` VALUES ('100', '619');
INSERT INTO `wemall_role_res` VALUES ('100', '620');
INSERT INTO `wemall_role_res` VALUES ('100', '621');
INSERT INTO `wemall_role_res` VALUES ('100', '622');
INSERT INTO `wemall_role_res` VALUES ('100', '623');
INSERT INTO `wemall_role_res` VALUES ('100', '624');
INSERT INTO `wemall_role_res` VALUES ('100', '625');
INSERT INTO `wemall_role_res` VALUES ('100', '626');
INSERT INTO `wemall_role_res` VALUES ('100', '627');
INSERT INTO `wemall_role_res` VALUES ('100', '628');
INSERT INTO `wemall_role_res` VALUES ('100', '629');
INSERT INTO `wemall_role_res` VALUES ('100', '630');
INSERT INTO `wemall_role_res` VALUES ('100', '631');
INSERT INTO `wemall_role_res` VALUES ('100', '632');
INSERT INTO `wemall_role_res` VALUES ('100', '633');
INSERT INTO `wemall_role_res` VALUES ('100', '634');
INSERT INTO `wemall_role_res` VALUES ('100', '635');
INSERT INTO `wemall_role_res` VALUES ('100', '636');
INSERT INTO `wemall_role_res` VALUES ('100', '637');
INSERT INTO `wemall_role_res` VALUES ('100', '638');
INSERT INTO `wemall_role_res` VALUES ('100', '639');
INSERT INTO `wemall_role_res` VALUES ('100', '640');
INSERT INTO `wemall_role_res` VALUES ('100', '641');
INSERT INTO `wemall_role_res` VALUES ('100', '642');
INSERT INTO `wemall_role_res` VALUES ('100', '643');
INSERT INTO `wemall_role_res` VALUES ('100', '644');
INSERT INTO `wemall_role_res` VALUES ('100', '645');
INSERT INTO `wemall_role_res` VALUES ('100', '646');
INSERT INTO `wemall_role_res` VALUES ('100', '647');
INSERT INTO `wemall_role_res` VALUES ('100', '648');
INSERT INTO `wemall_role_res` VALUES ('100', '649');
INSERT INTO `wemall_role_res` VALUES ('100', '650');
INSERT INTO `wemall_role_res` VALUES ('100', '651');
INSERT INTO `wemall_role_res` VALUES ('100', '652');
INSERT INTO `wemall_role_res` VALUES ('100', '653');
INSERT INTO `wemall_role_res` VALUES ('100', '654');
INSERT INTO `wemall_role_res` VALUES ('100', '655');
INSERT INTO `wemall_role_res` VALUES ('100', '656');
INSERT INTO `wemall_role_res` VALUES ('100', '657');
INSERT INTO `wemall_role_res` VALUES ('100', '658');
INSERT INTO `wemall_role_res` VALUES ('100', '659');
INSERT INTO `wemall_role_res` VALUES ('100', '660');
INSERT INTO `wemall_role_res` VALUES ('100', '661');
INSERT INTO `wemall_role_res` VALUES ('100', '662');
INSERT INTO `wemall_role_res` VALUES ('100', '663');
INSERT INTO `wemall_role_res` VALUES ('100', '664');
INSERT INTO `wemall_role_res` VALUES ('100', '665');
INSERT INTO `wemall_role_res` VALUES ('100', '666');
INSERT INTO `wemall_role_res` VALUES ('100', '667');
INSERT INTO `wemall_role_res` VALUES ('100', '668');
INSERT INTO `wemall_role_res` VALUES ('100', '669');
INSERT INTO `wemall_role_res` VALUES ('100', '670');
INSERT INTO `wemall_role_res` VALUES ('100', '671');
INSERT INTO `wemall_role_res` VALUES ('100', '672');
INSERT INTO `wemall_role_res` VALUES ('100', '673');
INSERT INTO `wemall_role_res` VALUES ('100', '674');
INSERT INTO `wemall_role_res` VALUES ('100', '675');
INSERT INTO `wemall_role_res` VALUES ('100', '676');
INSERT INTO `wemall_role_res` VALUES ('100', '677');
INSERT INTO `wemall_role_res` VALUES ('100', '678');
INSERT INTO `wemall_role_res` VALUES ('100', '679');
INSERT INTO `wemall_role_res` VALUES ('100', '680');
INSERT INTO `wemall_role_res` VALUES ('100', '681');
INSERT INTO `wemall_role_res` VALUES ('100', '682');
INSERT INTO `wemall_role_res` VALUES ('100', '683');
INSERT INTO `wemall_role_res` VALUES ('100', '684');
INSERT INTO `wemall_role_res` VALUES ('100', '685');
INSERT INTO `wemall_role_res` VALUES ('100', '686');
INSERT INTO `wemall_role_res` VALUES ('100', '697');
INSERT INTO `wemall_role_res` VALUES ('100', '698');
INSERT INTO `wemall_role_res` VALUES ('100', '699');
INSERT INTO `wemall_role_res` VALUES ('100', '700');
INSERT INTO `wemall_role_res` VALUES ('100', '701');
INSERT INTO `wemall_role_res` VALUES ('100', '702');
INSERT INTO `wemall_role_res` VALUES ('100', '703');
INSERT INTO `wemall_role_res` VALUES ('100', '704');
INSERT INTO `wemall_role_res` VALUES ('100', '713');
INSERT INTO `wemall_role_res` VALUES ('100', '714');
INSERT INTO `wemall_role_res` VALUES ('100', '715');
INSERT INTO `wemall_role_res` VALUES ('100', '716');
INSERT INTO `wemall_role_res` VALUES ('100', '717');
INSERT INTO `wemall_role_res` VALUES ('100', '718');
INSERT INTO `wemall_role_res` VALUES ('100', '719');
INSERT INTO `wemall_role_res` VALUES ('100', '720');
INSERT INTO `wemall_role_res` VALUES ('100', '721');
INSERT INTO `wemall_role_res` VALUES ('100', '722');
INSERT INTO `wemall_role_res` VALUES ('100', '723');
INSERT INTO `wemall_role_res` VALUES ('100', '724');
INSERT INTO `wemall_role_res` VALUES ('100', '725');
INSERT INTO `wemall_role_res` VALUES ('100', '726');
INSERT INTO `wemall_role_res` VALUES ('100', '727');
INSERT INTO `wemall_role_res` VALUES ('100', '728');
INSERT INTO `wemall_role_res` VALUES ('100', '729');
INSERT INTO `wemall_role_res` VALUES ('100', '730');
INSERT INTO `wemall_role_res` VALUES ('100', '731');
INSERT INTO `wemall_role_res` VALUES ('100', '732');
INSERT INTO `wemall_role_res` VALUES ('100', '733');
INSERT INTO `wemall_role_res` VALUES ('100', '734');
INSERT INTO `wemall_role_res` VALUES ('100', '735');
INSERT INTO `wemall_role_res` VALUES ('108', '736');
INSERT INTO `wemall_role_res` VALUES ('108', '737');
INSERT INTO `wemall_role_res` VALUES ('108', '738');
INSERT INTO `wemall_role_res` VALUES ('108', '739');
INSERT INTO `wemall_role_res` VALUES ('108', '740');
INSERT INTO `wemall_role_res` VALUES ('108', '741');
INSERT INTO `wemall_role_res` VALUES ('108', '742');
INSERT INTO `wemall_role_res` VALUES ('108', '743');
INSERT INTO `wemall_role_res` VALUES ('108', '744');
INSERT INTO `wemall_role_res` VALUES ('108', '745');
INSERT INTO `wemall_role_res` VALUES ('108', '746');
INSERT INTO `wemall_role_res` VALUES ('108', '747');
INSERT INTO `wemall_role_res` VALUES ('108', '748');
INSERT INTO `wemall_role_res` VALUES ('108', '749');
INSERT INTO `wemall_role_res` VALUES ('108', '750');
INSERT INTO `wemall_role_res` VALUES ('108', '751');
INSERT INTO `wemall_role_res` VALUES ('108', '752');
INSERT INTO `wemall_role_res` VALUES ('108', '753');
INSERT INTO `wemall_role_res` VALUES ('108', '754');
INSERT INTO `wemall_role_res` VALUES ('107', '709');
INSERT INTO `wemall_role_res` VALUES ('107', '710');
INSERT INTO `wemall_role_res` VALUES ('107', '712');
INSERT INTO `wemall_role_res` VALUES ('107', '755');
INSERT INTO `wemall_role_res` VALUES ('107', '756');
INSERT INTO `wemall_role_res` VALUES ('107', '757');
INSERT INTO `wemall_role_res` VALUES ('107', '758');
INSERT INTO `wemall_role_res` VALUES ('107', '759');
INSERT INTO `wemall_role_res` VALUES ('107', '760');
INSERT INTO `wemall_role_res` VALUES ('107', '761');
INSERT INTO `wemall_role_res` VALUES ('107', '762');
INSERT INTO `wemall_role_res` VALUES ('107', '763');
INSERT INTO `wemall_role_res` VALUES ('107', '764');
INSERT INTO `wemall_role_res` VALUES ('107', '765');
INSERT INTO `wemall_role_res` VALUES ('107', '766');
INSERT INTO `wemall_role_res` VALUES ('109', '767');
INSERT INTO `wemall_role_res` VALUES ('109', '768');
INSERT INTO `wemall_role_res` VALUES ('109', '769');
INSERT INTO `wemall_role_res` VALUES ('109', '770');
INSERT INTO `wemall_role_res` VALUES ('109', '771');
INSERT INTO `wemall_role_res` VALUES ('109', '772');
INSERT INTO `wemall_role_res` VALUES ('109', '773');
INSERT INTO `wemall_role_res` VALUES ('109', '774');
INSERT INTO `wemall_role_res` VALUES ('109', '775');
INSERT INTO `wemall_role_res` VALUES ('109', '776');
INSERT INTO `wemall_role_res` VALUES ('109', '777');
INSERT INTO `wemall_role_res` VALUES ('109', '778');

-- ----------------------------
-- Table structure for wemall_shipping
-- ----------------------------
DROP TABLE IF EXISTS `wemall_shipping`;
CREATE TABLE `wemall_shipping` (
  `id` bigint(20) NOT NULL AUTO_INCREMENT,
  `addTime` datetime DEFAULT NULL,
  `deleteStatus` bit(1) NOT NULL,
  `sequence` int(11) NOT NULL,
  `shipping_add_fee` decimal(12,2) DEFAULT NULL,
  `shipping_add_weight` int(11) NOT NULL,
  `shipping_fee` decimal(12,2) DEFAULT NULL,
  `shipping_info` longtext,
  `shipping_name` varchar(255) DEFAULT NULL,
  `shipping_weight` int(11) NOT NULL,
  `status` int(11) NOT NULL,
  `store_id` bigint(20) DEFAULT NULL,
  PRIMARY KEY (`id`),
  UNIQUE KEY `id` (`id`),
  KEY `FK55AE97BF920D7683` (`store_id`),
  CONSTRAINT `FK55AE97BF920D7683` FOREIGN KEY (`store_id`) REFERENCES `wemall_store` (`id`)
) ENGINE=InnoDB DEFAULT CHARSET=utf8;

-- ----------------------------
-- Records of wemall_shipping
-- ----------------------------

-- ----------------------------
-- Table structure for wemall_spare_goods
-- ----------------------------
DROP TABLE IF EXISTS `wemall_spare_goods`;
CREATE TABLE `wemall_spare_goods` (
  `id` bigint(20) NOT NULL AUTO_INCREMENT,
  `addTime` datetime DEFAULT NULL,
  `deleteStatus` bit(1) NOT NULL,
  `contact` varchar(255) DEFAULT NULL,
  `content` longtext,
  `errorMessage` varchar(255) DEFAULT NULL,
  `goods_old_price` int(11) DEFAULT '0',
  `goods_price` int(11) DEFAULT '0',
  `name` varchar(255) DEFAULT NULL,
  `oldAndnew` int(11) DEFAULT '0',
  `sellMethod` int(11) DEFAULT '0',
  `seodescribe` longtext,
  `seokeyword` longtext,
  `status` int(11) DEFAULT '0',
  `title` varchar(255) DEFAULT NULL,
  `area_id` bigint(20) DEFAULT NULL,
  `img_id` bigint(20) DEFAULT NULL,
  `spareGoodsClass_id` bigint(20) DEFAULT NULL,
  `user_id` bigint(20) DEFAULT NULL,
  `phone` varchar(255) DEFAULT NULL,
  `img1_id` bigint(20) DEFAULT NULL,
  `img2_id` bigint(20) DEFAULT NULL,
  `img3_id` bigint(20) DEFAULT NULL,
  `img4_id` bigint(20) DEFAULT NULL,
  `main_img_id` bigint(20) DEFAULT NULL,
  `img5_id` bigint(20) DEFAULT NULL,
  `viewInFloor` bit(1) DEFAULT b'0',
  `sgf_id` bigint(20) DEFAULT NULL,
  `QQ` varchar(255) DEFAULT NULL,
  `recommend` bit(1) DEFAULT b'0',
  `down` int(11) DEFAULT '0',
  PRIMARY KEY (`id`),
  UNIQUE KEY `id` (`id`),
  KEY `FK6124F03D2FB91D11` (`area_id`),
  KEY `FK6124F03DEB7ECE12` (`img_id`),
  KEY `FK6124F03D537B6C51` (`user_id`),
  KEY `FK6124F03D557BFC43` (`spareGoodsClass_id`),
  KEY `FK6124F03DF4F59358` (`main_img_id`),
  KEY `FK6124F03DA454C244` (`img4_id`),
  KEY `FK6124F03DA4544DE5` (`img3_id`),
  KEY `FK6124F03DA4536527` (`img1_id`),
  KEY `FK6124F03DA453D986` (`img2_id`),
  KEY `FK6124F03DA45536A3` (`img5_id`),
  KEY `FK6124F03DE2CED19E` (`sgf_id`),
  CONSTRAINT `FK6124F03D2FB91D11` FOREIGN KEY (`area_id`) REFERENCES `wemall_area` (`id`),
  CONSTRAINT `FK6124F03D537B6C51` FOREIGN KEY (`user_id`) REFERENCES `wemall_user` (`id`),
  CONSTRAINT `FK6124F03D557BFC43` FOREIGN KEY (`spareGoodsClass_id`) REFERENCES `wemall_spare_goodsclass` (`id`),
  CONSTRAINT `FK6124F03DA4536527` FOREIGN KEY (`img1_id`) REFERENCES `wemall_accessory` (`id`),
  CONSTRAINT `FK6124F03DA453D986` FOREIGN KEY (`img2_id`) REFERENCES `wemall_accessory` (`id`),
  CONSTRAINT `FK6124F03DA4544DE5` FOREIGN KEY (`img3_id`) REFERENCES `wemall_accessory` (`id`),
  CONSTRAINT `FK6124F03DA454C244` FOREIGN KEY (`img4_id`) REFERENCES `wemall_accessory` (`id`),
  CONSTRAINT `FK6124F03DA45536A3` FOREIGN KEY (`img5_id`) REFERENCES `wemall_accessory` (`id`),
  CONSTRAINT `FK6124F03DE2CED19E` FOREIGN KEY (`sgf_id`) REFERENCES `wemall_spare_goodsfloor` (`id`),
  CONSTRAINT `FK6124F03DEB7ECE12` FOREIGN KEY (`img_id`) REFERENCES `wemall_accessory` (`id`),
  CONSTRAINT `FK6124F03DF4F59358` FOREIGN KEY (`main_img_id`) REFERENCES `wemall_accessory` (`id`)
) ENGINE=InnoDB AUTO_INCREMENT=22 DEFAULT CHARSET=utf8;

-- ----------------------------
-- Records of wemall_spare_goods
-- ----------------------------
INSERT INTO `wemall_spare_goods` VALUES ('1', '2014-10-09 17:13:49', '\0', null, '', null, '2800', '1700', '澶у', '0', '0', null, null, '0', '板伴GTX670惧 浣浠峰哄 瑕灏藉揩绯', '4522489', null, '21', '1', '024-87618871', '426014', null, '426016', '426017', '426014', null, '', '2', '123456', '', '0');
INSERT INTO `wemall_spare_goods` VALUES ('2', '2014-10-10 10:43:46', '\0', null, '<ul style=\"font-size:12.0px;color:#666666;\">\r\n	<li>\r\n		1. 浣跨ㄦ堕匡2\r\n	</li>\r\n	<li>\r\n		2. 版х搴杩帮9\r\n	</li>\r\n	<li>\r\n		3. 瀛ㄧ棰锛0\r\n	</li>\r\n	<li>\r\n		4. 版堕//ㄦ′欢锛 48\r\n	</li>\r\n</ul>\r\n<div>\r\n	<span><span style=\"font-size:12.0px;line-height:24.0px;\">瑁℃匡涓绘匡CPU &nbsp;淇 &nbsp;48灏剁‘璁ら杩璐10</span></span>\r\n</div>', null, '289', '148', '藉', '0', '0', null, null, '0', '纭M2N-SLI Deluxe锛570锛璞 绠℃ｇ', '4522220', null, '19', '1', '18609890912', '426018', null, null, null, '426018', null, '', '2', '123456', '', '0');
INSERT INTO `wemall_spare_goods` VALUES ('3', '2014-10-10 10:58:42', '\0', null, '<ul style=\"color:#666666;font-size:12.0px;\">\r\n	<li>\r\n		<p>\r\n			<span style=\"font-size:16.0px;\">ユ2*2G绾IBM t400绗璁版涓ョ,huancheng㈡2*4g浜灏变袱★姣80涓濂界ㄥ璧浠锛杩璐瑰灏琛ャ</span>\r\n		</p>\r\n	</li>\r\n</ul>', null, '150', '80', '灏濮', '0', '0', null, null, '0', '浜DDR3 2G瀛 1066HZ', '4522888', null, '21', '1', '18309890912', '426019', null, null, null, '426019', null, '', '2', '123456', '', '0');
INSERT INTO `wemall_spare_goods` VALUES ('4', '2014-10-10 11:01:22', '\0', null, '<div>\r\n	<ul>\r\n		<li>\r\n			<span></span> <span>Dell/村</span> \r\n		</li>\r\n	</ul>\r\n</div>\r\n<ul style=\"font-size:12.0px;color:#666666;\">\r\n	<li>\r\n		1. 浣跨ㄦ堕匡浣跨ㄥ骞\r\n	</li>\r\n	<li>\r\n		2. 版х搴杩帮涔浜 涔ㄦ&nbsp;\r\n	</li>\r\n	<li>\r\n		3. 瀛ㄧ棰锛娌℃浠讳棰 &nbsp;娌℃鸿 娌℃杩\r\n	</li>\r\n	<li>\r\n		4. 版堕//ㄦ′欢锛 诲勾涔扮 &nbsp;&nbsp;\r\n	</li>\r\n	<li>\r\n		<br />\r\n	</li>\r\n</ul>\r\n<table>\r\n	<tbody>\r\n		<tr>\r\n			<td colspan=\"2\">\r\n				<p>\r\n					涓讳\r\n				</p>\r\n			</td>\r\n		</tr>\r\n		<tr>\r\n			<td>\r\n				<p>\r\n					\r\n				</p>\r\n			</td>\r\n			<td>\r\n				<p>\r\n					村&nbsp;DELL\r\n				</p>\r\n			</td>\r\n		</tr>\r\n		<tr>\r\n			<td>\r\n				<p>\r\n					\r\n				</p>\r\n			</td>\r\n			<td>\r\n				<p>\r\n					Inspiron&nbsp;M102z\r\n				</p>\r\n			</td>\r\n		</tr>\r\n		<tr>\r\n			<td>\r\n				<p>\r\n					棰\r\n				</p>\r\n			</td>\r\n			<td>\r\n				<p>\r\n					绾㈣\r\n				</p>\r\n			</td>\r\n		</tr>\r\n		<tr>\r\n			<td>\r\n				<p>\r\n					骞冲\r\n				</p>\r\n			</td>\r\n			<td>\r\n				<p>\r\n					AMD\r\n				</p>\r\n			</td>\r\n		</tr>\r\n		<tr>\r\n			<td colspan=\"2\">\r\n				<p>\r\n					杞浠\r\n				</p>\r\n			</td>\r\n		</tr>\r\n		<tr>\r\n			<td>\r\n				<p>\r\n					虹郴缁\r\n				</p>\r\n			</td>\r\n			<td>\r\n				<p>\r\n					姝ｇ&nbsp;Windows&nbsp;7&nbsp;Home&nbsp;Basic&nbsp;64&nbsp;浣\r\n				</p>\r\n			</td>\r\n		</tr>\r\n		<tr>\r\n			<td colspan=\"2\">\r\n				<p>\r\n					澶\r\n				</p>\r\n			</td>\r\n		</tr>\r\n		<tr>\r\n			<td>\r\n				<p>\r\n					CPU绫诲\r\n				</p>\r\n			</td>\r\n			<td>\r\n				<p>\r\n					AMD\r\n				</p>\r\n			</td>\r\n		</tr>\r\n		<tr>\r\n			<td>\r\n				<p>\r\n					CPU\r\n				</p>\r\n			</td>\r\n			<td>\r\n				<p>\r\n					C50\r\n				</p>\r\n			</td>\r\n		</tr>\r\n		<tr>\r\n			<td>\r\n				<p>\r\n					CPU搴\r\n				</p>\r\n			</td>\r\n			<td>\r\n				<p>\r\n					1.0GHz\r\n				</p>\r\n			</td>\r\n		</tr>\r\n		<tr>\r\n			<td>\r\n				<p>\r\n					绯荤荤嚎\r\n				</p>\r\n			</td>\r\n			<td>\r\n				<p>\r\n					1066MHz\r\n				</p>\r\n			</td>\r\n		</tr>\r\n		<tr>\r\n			<td>\r\n				<p>\r\n					浜绾х瀛\r\n				</p>\r\n			</td>\r\n			<td>\r\n				<p>\r\n					1MB\r\n				</p>\r\n			</td>\r\n		</tr>\r\n		<tr>\r\n			<td colspan=\"2\">\r\n				<p>\r\n					瀛\r\n				</p>\r\n			</td>\r\n		</tr>\r\n		<tr>\r\n			<td>\r\n				<p>\r\n					瀛瀹归\r\n				</p>\r\n			</td>\r\n			<td>\r\n				<p>\r\n					2GB\r\n				</p>\r\n			</td>\r\n		</tr>\r\n		<tr>\r\n			<td>\r\n				<p>\r\n					瀛绫诲\r\n				</p>\r\n			</td>\r\n			<td>\r\n				<p>\r\n					DDR3\r\n				</p>\r\n			</td>\r\n		</tr>\r\n		<tr>\r\n			<td colspan=\"2\">\r\n				<p>\r\n					纭\r\n				</p>\r\n			</td>\r\n		</tr>\r\n		<tr>\r\n			<td>\r\n				<p>\r\n					纭瀹归\r\n				</p>\r\n			</td>\r\n			<td>\r\n				<p>\r\n					320GB\r\n				</p>\r\n			</td>\r\n		</tr>\r\n		<tr>\r\n			<td>\r\n				<p>\r\n					杞\r\n				</p>\r\n			</td>\r\n			<td>\r\n				<p>\r\n					7200杞/\r\n				</p>\r\n			</td>\r\n		</tr>\r\n		<tr>\r\n			<td colspan=\"2\">\r\n				<p>\r\n					惧\r\n				</p>\r\n			</td>\r\n		</tr>\r\n		<tr>\r\n			<td>\r\n				<p>\r\n					绫诲\r\n				</p>\r\n			</td>\r\n			<td>\r\n				<p>\r\n					惧\r\n				</p>\r\n			</td>\r\n		</tr>\r\n		<tr>\r\n			<td>\r\n				<p>\r\n					剧ず\r\n				</p>\r\n			</td>\r\n			<td>\r\n				<p>\r\n					ATI&nbsp;Mobility&nbsp;Radeon&nbsp;HD&nbsp;6310\r\n				</p>\r\n			</td>\r\n		</tr>\r\n		<tr>\r\n			<td>\r\n				<p>\r\n					惧瀹归\r\n				</p>\r\n			</td>\r\n			<td>\r\n				<p>\r\n					变韩绯荤瀛锛锛\r\n				</p>\r\n			</td>\r\n		</tr>\r\n		<tr>\r\n			<td colspan=\"2\">\r\n				<p>\r\n					椹\r\n				</p>\r\n			</td>\r\n		</tr>\r\n		<tr>\r\n			<td>\r\n				<p>\r\n					椹辩被\r\n				</p>\r\n			</td>\r\n			<td>\r\n				<p>\r\n					椹\r\n				</p>\r\n			</td>\r\n		</tr>\r\n		<tr>\r\n			<td colspan=\"2\">\r\n				<p>\r\n					剧ず\r\n				</p>\r\n			</td>\r\n		</tr>\r\n		<tr>\r\n			<td>\r\n				<p>\r\n					灞骞瑙\r\n				</p>\r\n			</td>\r\n			<td>\r\n				<p>\r\n					11.1卞\r\n				</p>\r\n			</td>\r\n		</tr>\r\n		<tr>\r\n			<td>\r\n				<p>\r\n					剧ず姣渚\r\n				</p>\r\n			</td>\r\n			<td>\r\n				<p>\r\n					瀹藉16锛9\r\n				</p>\r\n			</td>\r\n		</tr>\r\n		<tr>\r\n			<td>\r\n				<p>\r\n					╃杈ㄧ\r\n				</p>\r\n			</td>\r\n			<td>\r\n				<p>\r\n					1366&nbsp;x&nbsp;768\r\n				</p>\r\n			</td>\r\n		</tr>\r\n		<tr>\r\n			<td>\r\n				<p>\r\n					灞骞绫诲\r\n				</p>\r\n			</td>\r\n			<td>\r\n				<p>\r\n					WLED,&nbsp;Truelife\r\n				</p>\r\n			</td>\r\n		</tr>\r\n		<tr>\r\n			<td colspan=\"2\">\r\n				<p>\r\n					淇\r\n				</p>\r\n			</td>\r\n		</tr>\r\n		<tr>\r\n			<td>\r\n				<p>\r\n					璋惰В璋modem\r\n				</p>\r\n			</td>\r\n			<td>\r\n				<p>\r\n					\r\n				</p>\r\n			</td>\r\n		</tr>\r\n		<tr>\r\n			<td>\r\n				<p>\r\n					缃\r\n				</p>\r\n			</td>\r\n			<td>\r\n				<p>\r\n					Dell&nbsp;Wireless&nbsp;365&nbsp;Bluetooth&nbsp;Internal&nbsp;mini-card\r\n				</p>\r\n			</td>\r\n		</tr>\r\n		<tr>\r\n			<td>\r\n				<p>\r\n					绾垮缃\r\n				</p>\r\n			</td>\r\n			<td>\r\n				<p>\r\n					Dell&nbsp;WirelessTM&nbsp;1501&nbsp;802.11b/g/n\r\n				</p>\r\n			</td>\r\n		</tr>\r\n		<tr>\r\n			<td>\r\n				<p>\r\n					缃3G\r\n				</p>\r\n			</td>\r\n			<td>\r\n				<p>\r\n					\r\n				</p>\r\n			</td>\r\n		</tr>\r\n		<tr>\r\n			<td colspan=\"2\">\r\n				<p>\r\n					绔\r\n				</p>\r\n			</td>\r\n		</tr>\r\n		<tr>\r\n			<td>\r\n				<p>\r\n					RJ45\r\n				</p>\r\n			</td>\r\n			<td>\r\n				<p>\r\n					1涓\r\n				</p>\r\n			</td>\r\n		</tr>\r\n		<tr>\r\n			<td colspan=\"2\">\r\n				<p>\r\n					虫绯荤\r\n				</p>\r\n			</td>\r\n		</tr>\r\n		<tr>\r\n			<td>\r\n				<p>\r\n					澹板\r\n				</p>\r\n			</td>\r\n			<td>\r\n				<p>\r\n					2涓绔浣澹版澹板锛4娆у2&nbsp;x&nbsp;2锛\r\n				</p>\r\n			</td>\r\n		</tr>\r\n		<tr>\r\n			<td>\r\n				<p>\r\n					缃楹椋\r\n				</p>\r\n			</td>\r\n			<td>\r\n				<p>\r\n					\r\n				</p>\r\n			</td>\r\n		</tr>\r\n		<tr>\r\n			<td colspan=\"2\">\r\n				<p>\r\n					杈ヨ惧\r\n				</p>\r\n			</td>\r\n		</tr>\r\n		<tr>\r\n			<td>\r\n				<p>\r\n					\r\n				</p>\r\n			</td>\r\n			<td>\r\n				<p>\r\n					ㄥ昂瀵搁\r\n				</p>\r\n			</td>\r\n		</tr>\r\n		<tr>\r\n			<td>\r\n				<p>\r\n					瑙告\r\n				</p>\r\n			</td>\r\n			<td>\r\n				<p>\r\n					\r\n				</p>\r\n			</td>\r\n		</tr>\r\n		<tr>\r\n			<td colspan=\"2\">\r\n				<p>\r\n					跺璁惧\r\n				</p>\r\n			</td>\r\n		</tr>\r\n		<tr>\r\n			<td>\r\n				<p>\r\n					缃缁澶\r\n				</p>\r\n			</td>\r\n			<td>\r\n				<p>\r\n					\r\n				</p>\r\n			</td>\r\n		</tr>\r\n		<tr>\r\n			<td>\r\n				<p>\r\n					澶村绱\r\n				</p>\r\n			</td>\r\n			<td>\r\n				<p>\r\n					130涓\r\n				</p>\r\n			</td>\r\n		</tr>\r\n		<tr>\r\n			<td>\r\n				<p>\r\n					绾硅\r\n				</p>\r\n			</td>\r\n			<td>\r\n				<p>\r\n					\r\n				</p>\r\n			</td>\r\n		</tr>\r\n		<tr>\r\n			<td>\r\n				<p>\r\n					璇诲″\r\n				</p>\r\n			</td>\r\n			<td>\r\n				<p>\r\n					81璇诲″\r\n				</p>\r\n			</td>\r\n		</tr>\r\n		<tr>\r\n			<td colspan=\"2\">\r\n				<p>\r\n					垫\r\n				</p>\r\n			</td>\r\n		</tr>\r\n		<tr>\r\n			<td>\r\n				<p>\r\n					垫\r\n				</p>\r\n			</td>\r\n			<td>\r\n				<p>\r\n					6&nbsp;绂诲垫\r\n				</p>\r\n			</td>\r\n		</tr>\r\n		<tr>\r\n			<td>\r\n				<p>\r\n					缁堕\r\n				</p>\r\n			</td>\r\n			<td>\r\n				<p>\r\n					6-9灏讹蜂堕磋浣跨ㄧ澧瀹\r\n				</p>\r\n			</td>\r\n		</tr>\r\n		<tr>\r\n			<td>\r\n				<p>\r\n					垫\r\n				</p>\r\n			</td>\r\n			<td>\r\n				<p>\r\n					100-240V搴浜ゆ垫\r\n				</p>\r\n			</td>\r\n		</tr>\r\n		<tr>\r\n			<td colspan=\"2\">\r\n				<p>\r\n					哄ㄨ\r\n				</p>\r\n			</td>\r\n		</tr>\r\n		<tr>\r\n			<td>\r\n				<p>\r\n					灏哄\r\n				</p>\r\n			</td>\r\n			<td>\r\n				<p>\r\n					205*292*24.3/35\r\n				</p>\r\n			</td>\r\n		</tr>\r\n		<tr>\r\n			<td>\r\n				<p>\r\n					\r\n				</p>\r\n			</td>\r\n			<td>\r\n				<p>\r\n					3.44lbs&nbsp;/&nbsp;1.56kg\r\n				</p>\r\n			</td>\r\n		</tr>\r\n	</tbody>\r\n</table>', null, '5000', '2000', '村濮', '0', '0', null, null, '0', '村Inspiron 佃 M102z绯诲绗璁版佃磋交', '4522921', null, '19', '1', '18309890912', '426020', '426021', null, null, '426020', null, '', '2', '123456', '', '0');
INSERT INTO `wemall_spare_goods` VALUES ('5', '2014-10-14 12:18:01', '\0', null, '<div>\r\n	ヤㄧｄ釜澶 杩涓 涓涓瀹楗煎共澶撮借浆浜 杩涓涔娌＄ㄨ 楗煎共澶寸ㄧ澶涓浜 杩浠锋\r\n</div>', null, '799', '500', '藉', '0', '0', null, null, '0', '句LUMIX G 14-42MM/F3.5-5.6澶GF2', '4522005', null, '15', '1', '13309889098', '426023', '426024', '426025', '426026', '426023', null, '', '2', '123456', '\0', '0');
INSERT INTO `wemall_spare_goods` VALUES ('6', '2014-10-14 16:40:46', '\0', null, '<p>\r\n	茶宸辩锛澶у俱浼拌8-9AB灞璐磋\r\n</p>\r\n<p>\r\n	缁版宸茬寰浣浠蜂涓ュ浜\r\n</p>\r\n<p>\r\n	灞骞瀹缇锛绾裤椹便澶达纭ㄩ芥病棰\r\n</p>\r\n<p>\r\n	浣跨ㄤ腑绗璁版锛浜涓瑗胯瀹浜灏浣跨ㄧ杩癸瀹缇缁\r\n</p>\r\n<p>\r\n	璐ц锋浠ュ杩璐癸甯淇浠烽瀵\r\n</p>\r\n<p>\r\n	浠 甯垫 靛 榧 HP  \r\n</p>', null, '3500', '1700', '榛濂冲＋', '0', '0', null, null, '0', '9伴HP G42 I 3 4G 640G GT520', '4521987', null, '19', '1', '13107551099', '426028', '426029', '426030', '426031', '426028', null, '', '2', '18762861', '\0', '0');
INSERT INTO `wemall_spare_goods` VALUES ('7', '2014-10-14 16:43:18', '\0', null, '<div>\r\n	<ul style=\"font-size:12.0px;color:#666666;\">\r\n		<li>\r\n			1. 浣跨ㄦ堕匡1骞村&nbsp; 涔版ュ氨娌℃涔&nbsp;\r\n		</li>\r\n		<li>\r\n			2. 版х搴杩帮 9\r\n		</li>\r\n		<li>\r\n			3. 瀛ㄧ棰锛 璐ㄩ棰\r\n		</li>\r\n		<li>\r\n			4. 版堕//ㄦ′欢锛 绾夸缃 惧ｈ逛究 浣 寰哄ソ\r\n		</li>\r\n	</ul>\r\n	<p>\r\n		&nbsp;茬疆ㄥ叉伴2涓垫(垫寰璐2涓灏卞400澶浜锛5瀵xp灏佃win7灏佃ㄩ瑙灞3gnet涓宸ㄧmi13&nbsp;&nbsp; ╃╀浠峰 娉锛靛ㄩ&nbsp;&nbsp;&nbsp;&nbsp;&nbsp; 3g缃″ヤ拱ユ病&nbsp;锛 跺ㄤ涓锛板ㄦ洪藉浠ヤ唬夸&nbsp;\r\n	</p>\r\n	<p>\r\n		&nbsp;楂锛<span>灞骞&nbsp;1024*600&nbsp; 澶Intel Atom Z515 1.2 &nbsp;瀛1GB&nbsp;&nbsp;256 &nbsp;烘16GB&nbsp;&nbsp; 浠锋艰搴浜</span><br />\r\n璇璐х藉揩涔板讹\r\n	</p>\r\n</div>', null, '2000', '900', '藉', '0', '0', null, null, '0', '5瀵xp灏佃win7ㄩ瑙灞3gnet涓宸ㄧmi13s515瓒n5缈荤ｈ', '4522485', null, '19', '1', '13309889098', '426032', '426033', '426034', '426035', '426032', null, '', '2', '18762861', '\0', '0');
INSERT INTO `wemall_spare_goods` VALUES ('8', '2014-10-14 16:54:03', '\0', null, '哄绫绘剧ず', null, '800', '200', '榛濂冲＋', '0', '0', null, null, '0', '剧ず 瀛 涓绘 纭  惧 椹 垫 cpu 纭 涓 村', '4522362', null, '22', '1', '13107551099', '426036', null, null, null, '426036', null, '', '2', '123456', '\0', '0');
INSERT INTO `wemall_spare_goods` VALUES ('9', '2014-10-14 16:55:38', '\0', null, '<div>\r\n	<h2>\r\n		<b>瀹璐浠缁</b>\r\n	</h2>\r\n	<div>\r\n		<ul style=\"color:#666666;font-size:12.0px;\">\r\n			<li>\r\n				1. 浣跨ㄦ堕匡1骞&nbsp;\r\n			</li>\r\n			<li>\r\n				2. 版х搴杩帮涔ㄦ\r\n			</li>\r\n			<li>\r\n				3. 瀛ㄧ棰锛 \r\n			</li>\r\n			<li>\r\n				4. 版堕//ㄦ′欢锛\r\n			</li>\r\n		</ul>\r\n&nbsp;\r\n		<p>\r\n			ASUS X44L &nbsp;缃i3 2310 2.1涓婚 瀛4G 纭320G 绔1G惧14瀵LED 楂娓澶淬叉ц介戒瑕搴跺版哄 蹇椤12灏剁‘璁ゃ哄ㄨ川淇1涓涓 垮涓涔板舵舵ㄨ纭璁\r\n		</p>\r\n<span style=\"color:#ff0000;font-size:16.0px;\"> \r\n		<p style=\"font-family:tahoma helvetica arial 瀹浣 sans-serif;color:#404040;font-size:12.0px;\">\r\n			<span style=\"color:#ff0000;font-size:16.0px;\"></span>\r\n		</p>\r\n		<p style=\"font-family:tahoma helvetica arial 瀹浣 sans-serif;color:#404040;font-size:12.0px;\">\r\n			<span style=\"color:#ff0000;\"><span style=\"font-size:16.0px;\">椤轰赴+淇浠凤″璇峰蹇㈢炬</span></span>\r\n		</p>\r\n		<p style=\"font-family:tahoma helvetica arial 瀹浣 sans-serif;color:#404040;font-size:12.0px;\">\r\n			<span style=\"color:#ff0000;\"><span style=\"font-size:16.0px;\"></span></span>\r\n		</p>\r\n		<p style=\"font-family:tahoma helvetica arial 瀹浣 sans-serif;color:#404040;font-size:12.0px;\">\r\n			<span style=\"color:#ff0000;\"><span style=\"font-size:16.0px;\">ㄨ浆璧锛浠ユ浠瀹浜ゆ锛绛炬24灏跺蹇椤荤‘璁</span></span>\r\n		</p>\r\n		<p style=\"font-family:tahoma helvetica arial 瀹浣 sans-serif;color:#404040;font-size:12.0px;\">\r\n			&nbsp;\r\n		</p>\r\n		<p style=\"font-family:tahoma helvetica arial 瀹浣 sans-serif;color:#404040;font-size:12.0px;\">\r\n			<span style=\"color:#ff0000;\"><span style=\"font-size:16.0px;\"></span></span>\r\n		</p>\r\n		<p style=\"font-family:tahoma helvetica arial 瀹浣 sans-serif;color:#404040;font-size:12.0px;\">\r\n			&nbsp;\r\n		</p>\r\n		<p style=\"font-family:tahoma helvetica arial 瀹浣 sans-serif;\">\r\n			<span style=\"color:#ff0000;\"><span>浜╁锛涓ュ璐э璇蜂</span></span>\r\n		</p>\r\n</span>\r\n	</div>\r\n</div>', null, '4399', '1388', '浣', '0', '0', null, null, '0', 'ASUS 甯稿ぇ姘绗璁版', '4521988', null, '19', '1', '18901078900', '426037', null, null, null, '426037', null, '', '2', '87686232', '\0', '0');
INSERT INTO `wemall_spare_goods` VALUES ('10', '2014-10-14 17:00:42', '\0', null, '甯甯 瑕烘猴echo宠查<br />\r\n<br />\r\n哄95 借 借 娌℃ 纭浼 .淇.杩姘<br />\r\n<br />\r\n跺版哄琛妫 姝ｅ㈤借创浜 介芥ｅ父 濂冲╄ㄦ轰荤寰濂藉<br />\r\n<br />\r\n 6.1.2(10B146) /绉诲ㄥ 绾,瀹舵<br />\r\n<br />\r\n璐涔版ユ2014骞225&nbsp; 淇淇2015骞225<br />\r\n<br />\r\n璐涔板颁腑&nbsp; 宸叉娲  ″氨浠ョ 浠跺绁ㄩ<br />\r\n<br />\r\n浠(版绾,″,涓寮,虫,靛,淇淇,瑁,绁,绛)<br />\r\n<br />\r\n哄杩伴芥绗 颁绗浜蹭滑浠ョ存ラ璐 璐规<br />\r\n<br />\r\nㄥ借淇 规妫娴 7澶╄ 璇ㄦ存浠讳棰藉浠ラ 璐规<br />\r\n<br />\r\n变宸ヤ姣杈蹇&nbsp; 璇蹇瑕 濂芥浠ュ浜ゆ <br />\r\n<br />\r\n哄涓棰 纭瀹瑕烘 ', null, '2800', '1600', '藉', '1', '0', null, null, '0', 'iphone4s 16G 借ㄤ', '4522053', null, '7', '1', '13309889098', '426038', null, null, null, '426038', null, '', '2', '18762861', '\0', '0');
INSERT INTO `wemall_spare_goods` VALUES ('11', '2014-10-14 17:03:00', '\0', null, '<ul style=\"font-size:12.0px;color:#666666;\">\r\n	<li>\r\n		1. 浣跨ㄦ堕匡涓や釜~\r\n	</li>\r\n	<li>\r\n		2. 版х搴杩帮涔颁互涓锛\r\n	</li>\r\n	<li>\r\n		3. 瀛ㄧ棰锛\r\n	</li>\r\n	<li>\r\n		4. 版堕//ㄦ′欢锛 <br />\r\n	</li>\r\n</ul>', null, '900', '480', '藉', '0', '0', null, null, '0', '浣浠峰哄典俊涓I739-借诧锛锛', '4522626', null, '7', '1', '13107551099', '426039', null, null, null, '426039', null, '', '2', '123456', '\0', '0');
INSERT INTO `wemall_spare_goods` VALUES ('12', '2014-10-14 17:11:45', '\0', null, '<p style=\"text-align:center;\">\r\n	<span style=\"color:#9900ff;\"><strong><span style=\"font-size:24.0px;\">ヨ版句甯锛瀛濂冲瀹澶硅。涓浠跺锛寰辩涓娆捐。琛ｏ绾妫璐ㄥ帮杞杞锛绌跨锛娆㈢濡濡涓瑕杩锛&nbsp;</span></strong></span>\r\n</p>\r\n<p>\r\n	&nbsp;\r\n</p>\r\n<table border=\"0\" cellpadding=\"0\" cellspacing=\"1\">\r\n	<tbody>\r\n		<tr>\r\n			<td style=\"background-color:#ffffff;\">\r\n				<span style=\"color:#008000;font-size:16.0pt;\"><strong><span style=\"font-family:寰杞榛;\"></span></strong></span>\r\n			</td>\r\n			<td style=\"background-color:#ffffff;\">\r\n				<span style=\"color:#008000;font-size:16.0pt;\">蹇卞锛娆惧浜妫娆撅</span>\r\n			</td>\r\n			<td style=\"background-color:#ffffff;\">\r\n				<span style=\"color:#008000;font-size:16.0pt;\"><strong><span style=\"font-family:寰杞榛;\">/Kg</span></strong></span>\r\n			</td>\r\n			<td style=\"background-color:#ffffff;\">\r\n				<span style=\"color:#008000;font-size:16.0pt;\">0.46</span>\r\n			</td>\r\n		</tr>\r\n		<tr>\r\n			<td style=\"background-color:#ffffff;\">\r\n				<span style=\"color:#008000;font-size:16.0pt;\"><strong><span style=\"font-family:寰杞榛;\">棰</span></strong></span>\r\n			</td>\r\n			<td style=\"background-color:#ffffff;\">\r\n				<span style=\"color:#008000;font-size:16.0pt;\">绮缁裤瑗跨孩</span>\r\n			</td>\r\n			<td style=\"background-color:#ffffff;\">\r\n				<span style=\"color:#008000;font-size:16.0pt;\"><strong><span style=\"font-family:寰杞榛;\">灏虹</span></strong></span>\r\n			</td>\r\n			<td style=\"background-color:#ffffff;\">\r\n				<span style=\"color:#008000;font-size:16.0pt;\">8# 10#</span>\r\n			</td>\r\n		</tr>\r\n	</tbody>\r\n</table>\r\n<table border=\"0\" cellpadding=\"0\" cellspacing=\"1\">\r\n	<tbody>\r\n		<tr>\r\n			<td style=\"background-color:#ffffff;\">\r\n				<span style=\"color:#008000;font-size:16.0pt;\"><strong><span style=\"font-family:寰杞榛;\">璐ㄨ存</span></strong></span>\r\n			</td>\r\n			<td style=\"background-color:#ffffff;\">\r\n				<span style=\"color:#008000;font-size:16.0pt;\">100%绾妫</span>\r\n			</td>\r\n		</tr>\r\n	</tbody>\r\n</table>\r\n<table border=\"0\" cellpadding=\"0\" cellspacing=\"1\">\r\n	<tbody>\r\n		<tr>\r\n			<td style=\"background-color:#ffffff;text-align:center;\">\r\n				<br />\r\n			</td>\r\n			<td style=\"background-color:#ffffff;\">\r\n				&nbsp;\r\n			</td>\r\n		</tr>\r\n	</tbody>\r\n</table>\r\n<table border=\"0\" cellpadding=\"0\" cellspacing=\"1\">\r\n	<tbody>\r\n		<tr>\r\n			<td style=\"background-color:#ffffff;\">\r\n				<span style=\"color:#008000;font-size:16.0pt;\"><strong><span style=\"font-family:寰杞榛;\">灏虹版</span></strong></span>\r\n			</td>\r\n			<td style=\"background-color:#ffffff;\">\r\n				<span style=\"color:#008000;font-size:16.0pt;\"><strong><span style=\"font-family:寰杞榛;\">浣锛cm锛骞抽烘宸ユ寰锛璇宸1-2cm宸冲姝ｅ父</span></strong></span>\r\n			</td>\r\n		</tr>\r\n	</tbody>\r\n</table>\r\n<table border=\"0\" cellpadding=\"0\" cellspacing=\"1\">\r\n	<tbody>\r\n		<tr>\r\n			<td style=\"background-color:#ffffff;\">\r\n				<span style=\"color:#008000;font-size:16.0pt;\"><strong><span style=\"font-family:寰杞榛;\">灏虹</span></strong></span>\r\n			</td>\r\n			<td style=\"background-color:#ffffff;\">\r\n				<span style=\"color:#008000;font-size:16.0pt;\"><strong><span style=\"font-family:寰杞榛;\">琛ｉ</span></strong></span>\r\n			</td>\r\n			<td style=\"background-color:#ffffff;\">\r\n				<span style=\"color:#008000;font-size:16.0pt;\"><strong><span style=\"font-family:寰杞榛;\">琚</span></strong></span>\r\n			</td>\r\n			<td style=\"background-color:#ffffff;\">\r\n				<span style=\"color:#008000;font-size:16.0pt;\"><strong><span style=\"font-family:寰杞榛;\">稿*2</span></strong></span>\r\n			</td>\r\n			<td style=\"background-color:#ffffff;\">\r\n				<span style=\"color:#008000;font-size:16.0pt;\"><strong><span style=\"font-family:寰杞榛;\">瑁ら</span></strong></span>\r\n			</td>\r\n			<td style=\"background-color:#ffffff;\">\r\n				<span style=\"color:#008000;font-size:16.0pt;\"><strong><span style=\"font-family:寰杞榛;\">瑁楂/瑁ㄧ</span></strong></span>\r\n			</td>\r\n		</tr>\r\n		<tr>\r\n			<td style=\"background-color:#ffffff;\">\r\n				<span style=\"color:#008000;font-size:16.0pt;\">&nbsp;80</span>\r\n			</td>\r\n			<td style=\"background-color:#ffffff;\">\r\n				<span style=\"color:#008000;font-size:16.0pt;\">&nbsp;31</span>\r\n			</td>\r\n			<td style=\"background-color:#ffffff;\">\r\n				<span style=\"color:#008000;font-size:16.0pt;\">&nbsp;25</span>\r\n			</td>\r\n			<td style=\"background-color:#ffffff;\">\r\n				<span style=\"color:#008000;font-size:16.0pt;\">&nbsp;26*2</span>\r\n			</td>\r\n			<td style=\"background-color:#ffffff;\">\r\n				<span style=\"color:#008000;font-size:16.0pt;\">&nbsp;42</span>\r\n			</td>\r\n			<td style=\"background-color:#ffffff;\">\r\n				<span style=\"color:#008000;font-size:16.0pt;\">&nbsp;20涓ょㄨ 杩2濂</span>\r\n			</td>\r\n		</tr>\r\n		<tr>\r\n			<td style=\"background-color:#ffffff;\">\r\n				<span style=\"color:#008000;font-size:16.0pt;\">&nbsp;90</span>\r\n			</td>\r\n			<td style=\"background-color:#ffffff;\">\r\n				<span style=\"color:#008000;font-size:16.0pt;\">&nbsp;33</span>\r\n			</td>\r\n			<td style=\"background-color:#ffffff;\">\r\n				<span style=\"color:#008000;font-size:16.0pt;\">&nbsp;27</span>\r\n			</td>\r\n			<td style=\"background-color:#ffffff;\">\r\n				<span style=\"color:#008000;font-size:16.0pt;\">&nbsp;27*2</span>\r\n			</td>\r\n			<td style=\"background-color:#ffffff;\">\r\n				<span style=\"color:#008000;font-size:16.0pt;\">&nbsp;44</span>\r\n			</td>\r\n			<td style=\"background-color:#ffffff;\">\r\n				<span style=\"color:#008000;font-size:16.0pt;\">21&nbsp;涓ょㄨ 杩1濂</span>\r\n			</td>\r\n		</tr>\r\n	</tbody>\r\n</table>\r\n<p>\r\n	<img src=\"http://img01.taobaocdn.com/imgextra/i1/499955589/T2HMmiXhRXXXXXXXXX_%21%21499955589.jpg\" align=\"absmiddle\" /><img src=\"http://img04.taobaocdn.com/imgextra/i4/499955589/T2i3miXitXXXXXXXXX_%21%21499955589.jpg\" align=\"absmiddle\" /><img src=\"http://img01.taobaocdn.com/imgextra/i1/499955589/T2NwiiXjpXXXXXXXXX_%21%21499955589.jpg\" align=\"absmiddle\" /><img src=\"http://img04.taobaocdn.com/imgextra/i4/499955589/T2kwiiXkXXXXXXXXXX_%21%21499955589.jpg\" align=\"absmiddle\" /><img src=\"http://img01.taobaocdn.com/imgextra/i1/499955589/T26MeiXkFXXXXXXXXX_%21%21499955589.jpg\" align=\"absmiddle\" /><img src=\"http://img04.taobaocdn.com/imgextra/i4/499955589/T2LgeiXlXXXXXXXXXX_%21%21499955589.jpg\" align=\"absmiddle\" /><img src=\"http://img04.taobaocdn.com/imgextra/i4/499955589/T2s3aiXnlXXXXXXXXX_%21%21499955589.jpg\" align=\"absmiddle\" /><img src=\"http://img03.taobaocdn.com/imgextra/i3/499955589/T2D29iXoBXXXXXXXXX_%21%21499955589.jpg\" align=\"absmiddle\" /><img src=\"http://img01.taobaocdn.com/imgextra/i1/499955589/T2ef9iXXXaXXXXXXXX_%21%21499955589.jpg\" align=\"absmiddle\" /><img src=\"http://img04.taobaocdn.com/imgextra/i4/499955589/T2Qf5iXXVaXXXXXXXX_%21%21499955589.jpg\" align=\"absmiddle\" /><img src=\"http://img01.taobaocdn.com/imgextra/i1/499955589/T2r25iXataXXXXXXXX_%21%21499955589.jpg\" align=\"absmiddle\" /><img src=\"http://img01.taobaocdn.com/imgextra/i1/499955589/T27f1iXaVaXXXXXXXX_%21%21499955589.jpg\" align=\"absmiddle\" /><img src=\"http://img02.taobaocdn.com/imgextra/i2/499955589/T2H21iXbBaXXXXXXXX_%21%21499955589.jpg\" align=\"absmiddle\" /><img src=\"http://img02.taobaocdn.com/imgextra/i2/499955589/T2hv1iXb8aXXXXXXXX_%21%21499955589.jpg\" align=\"absmiddle\" /><img src=\"http://img01.taobaocdn.com/imgextra/i1/499955589/T2W2WiXcJaXXXXXXXX_%21%21499955589.jpg\" align=\"absmiddle\" /><img src=\"http://img03.taobaocdn.com/imgextra/i3/499955589/T2A2WiXdhaXXXXXXXX_%21%21499955589.jpg\" align=\"absmiddle\" />\r\n搴鸿浆璁╋逛环澶涓圭ヨ娆㈢濡濡涓瑕杩锛ㄦ帮涓姝ｅ锛缁句翰浠浠ヤ缁锛涓峰锛甯锛伴锛板寰褰澶╂涓绗2澶\r\n璐э涓鸿辫卞濡杩瑕涓锛涓板舵界颁俊锛浠ヨ峰浣濡濡瑙璋逛环澶绔ヨ锛涓璁浠凤涓锛璋㈣阿瑙ｃ\r\n</p>', null, '80', '20', '灏濮', '1', '0', null, null, '0', '2014版ヨ0-2宀濂崇ヨ妫琛ｄ浠跺瑁 瀛濂冲瀹澶硅。涓浠跺', '4521987', null, '36', '1', '15200123423', '426040', null, null, null, '426040', null, '', '3', '451655121', '\0', '0');
INSERT INTO `wemall_spare_goods` VALUES ('13', '2014-10-14 17:13:16', '\0', null, '<div>\r\n	<ul style=\"font-size:12.0px;color:#666666;\">\r\n		<li>\r\n			ㄦ板甫杞璁╋杩璇绌块芥病锛锛杩浠剁窘缁ㄤ璐涔帮绠杩骞村瀹剁┛锛浣板ㄨ″锛骞夸杩杈瑰绌夸涓锛浠ヨ浆璁╋瀹惰628浜蹭滑锛涓璁浠蜂\r\n		</li>\r\n	</ul>\r\n</div>', null, '560', '300', '榛濂冲＋', '1', '0', null, null, '0', '姝ｅ2013风ヨ查琚缇界D4212206', '4522489', null, '30', '1', '13309889098', '426041', '426042', null, null, '426041', null, '', '3', '18762861', '\0', '0');
INSERT INTO `wemall_spare_goods` VALUES ('14', '2014-10-14 17:16:14', '\0', null, '<ul style=\"color:#666666;font-size:12.0px;\">\r\n	<li>\r\n		1. 浣跨ㄦ堕匡\r\n	</li>\r\n	<li>\r\n		2. 版х搴杩帮\r\n	</li>\r\n	<li>\r\n		3. 瀛ㄧ棰锛\r\n	</li>\r\n	<li>\r\n		4. 版堕//ㄦ′欢锛\r\n	</li>\r\n</ul>\r\n9扮娆炬琚姝ｇ孩诧涓姘1娆°锛韬楂80-105瀹瀹', null, '133', '65', '藉', '1', '0', null, null, '0', '娆俱绾㈣叉肩汗ｈ琚ｈˉ涓绾芥ｅ濂', '4522487', null, '30', '1', '13309889098', '426043', '426044', '426045', null, '426043', null, '', '3', '18762861', '\0', '0');
INSERT INTO `wemall_spare_goods` VALUES ('15', '2014-10-14 17:20:12', '\0', null, '<ul style=\"color:#666666;font-size:12.0px;\">\r\n	<li>\r\n		1. 浣跨ㄦ堕匡\r\n	</li>\r\n	<li>\r\n		2. 版х搴杩帮\r\n	</li>\r\n	<li>\r\n		3. 瀛ㄧ棰锛\r\n	</li>\r\n	<li>\r\n		4. 版堕//ㄦ′欢锛\r\n	</li>\r\n</ul>\r\nㄦ帮缇界锛80-100瀹瀹绌裤2浠跺', null, '234', '80', '浣', '1', '0', null, null, '0', 'ョ郴濂崇ュ￠辫辫辨剧窘缁', '4522005', null, '30', '1', '13107551099', '426046', '426047', '426048', null, '426046', null, '', '3', '451655121', '\0', '0');
INSERT INTO `wemall_spare_goods` VALUES ('16', '2014-10-14 17:23:20', '\0', null, '<div>\r\n	<p>\r\n		绫宠诧ㄦ帮110锛B锛甯涓涓风锛寮规э杞缁碉灏虹唬锛寰绮捐达瑁よ缈婚锛瀹濂界~~~\r\n	</p>\r\n</div>', null, '500', '280', '浣', '1', '0', null, null, '0', 'mikihouse绫宠查胯￥', '4522692', null, '34', '1', '13107551099', '426049', null, null, null, '426049', null, '', '3', '123456', '\0', '0');
INSERT INTO `wemall_spare_goods` VALUES ('17', '2014-10-14 17:25:12', '\0', null, '<div>\r\n	<ul style=\"color:#666666;font-size:12.0px;\">\r\n		<li>\r\n			1. 浣跨ㄦ堕匡\r\n		</li>\r\n		<li>\r\n			2. 版х搴杩帮\r\n		</li>\r\n		<li>\r\n			3. 瀛ㄧ棰锛\r\n		</li>\r\n		<li>\r\n			4. 版堕//ㄦ′欢锛\r\n		</li>\r\n	</ul>\r\n	<p>\r\n		9扮姗茬姣棰妫琚锛ｈ璁捐★╁芥ｅ瀹浣搴涔扮锛涓杩涓娆℃按娌℃浠讳璐ㄩ棰\r\n	</p>\r\n</div>', null, '890', '299', '榛濂冲＋', '1', '0', null, null, '0', '娆俱濂崇ラ╄揣姝ｅ姗叉姣棰炬姘妫琚', '4523272', null, '30', '1', '15200123423', '426050', '426051', '426052', null, '426050', null, '', '3', '451655121', '\0', '0');
INSERT INTO `wemall_spare_goods` VALUES ('18', '2014-10-14 17:26:47', '\0', null, '<ul style=\"font-size:12.0px;color:#666666;\">\r\n	<li>\r\n		1. 浣跨ㄦ堕匡хㄤ涓娆\r\n	</li>\r\n	<li>\r\n		2. 版х搴杩帮99\r\n	</li>\r\n	<li>\r\n		3. 瀛ㄧ棰锛璐ュ跺濡锛瀹瀹澶т锛瀹堕澶澶ㄤ浜\r\n	</li>\r\n	<li>\r\n		4. 版堕//ㄦ′欢锛 хㄤ涔灏辨骞插捐捣ヤ 涓涓娌℃浠讳瑰 姹剁锛\r\n	</li>\r\n</ul>', null, '247', '44', '榛濂冲＋', '0', '0', null, null, '0', '[杞]跨ユ褰辨瑁 褰辨ゼ绔ヨ 褰 婊℃惧ぉ瀹瀹绫冲榧', '4521987', null, '30', '1', '13309889098', '426053', null, null, null, '426053', null, '', '3', '123456', '\0', '0');
INSERT INTO `wemall_spare_goods` VALUES ('19', '2014-10-14 17:28:25', '\0', null, '<div>\r\n	<ul style=\"font-size:12.0px;color:#666666;\">\r\n		<li>\r\n			杩浠舵琚Tょ┛杩涓娆″氨灏浜锛烘涓扮锛灏濂冲╃┛寰辩\r\n		</li>\r\n	</ul>\r\n</div>', null, '94', '30', '灏濮', '1', '0', null, null, '0', '╁借ｇヨ浠ｈ喘涓ф尝娴跺琚T', '4522375', null, '29', '1', '15200123423', '426054', null, null, null, '426054', null, '', '3', '451655121', '\0', '0');
INSERT INTO `wemall_spare_goods` VALUES ('20', '2014-10-14 17:30:48', '\0', null, '<ul style=\"font-size:12.0px;color:#666666;\">\r\n	<li>\r\n		ㄦ板界濂剁舵姣锛浜洪浜2涓锛浠ラ澶浜锛茬疆ㄥ朵腑锛板ㄤ究瀹锛\r\n	</li>\r\n</ul>', null, '280', '120', '榛濂冲＋', '1', '0', null, null, '0', '灏界濂剁舵姣', '4522235', null, '40', '1', '15200123423', '426055', '426056', '426057', null, '426055', null, '', '3', '87686232', '\0', '0');
INSERT INTO `wemall_spare_goods` VALUES ('21', '2014-10-14 17:32:35', '\0', null, '<ul style=\"color:#666666;font-size:12.0px;\">\r\n	<li>\r\n		1. 浣跨ㄦ堕匡 ㄦ\r\n	</li>\r\n	<li>\r\n		2. 版х搴杩帮 ㄦ\r\n	</li>\r\n	<li>\r\n		3. 瀛ㄧ棰锛\r\n	</li>\r\n	<li>\r\n		4. 版堕达 2014骞1012\r\n	</li>\r\n</ul>', null, '200', '120', '浣', '1', '0', null, null, '0', 'ㄦ 娴锋comotomo涔澶涔濂剁250ml 绮 缇戒椹璐╁璇', '4522005', null, '40', '1', '18901078900', '426058', '426059', '426060', null, '426058', null, '', '3', '451655121', '\0', '0');

-- ----------------------------
-- Table structure for wemall_spare_goodsclass
-- ----------------------------
DROP TABLE IF EXISTS `wemall_spare_goodsclass`;
CREATE TABLE `wemall_spare_goodsclass` (
  `id` bigint(20) NOT NULL AUTO_INCREMENT,
  `addTime` datetime DEFAULT NULL,
  `deleteStatus` bit(1) NOT NULL,
  `className` varchar(255) DEFAULT NULL,
  `level` int(11) DEFAULT '0',
  `sequence` int(11) DEFAULT '0',
  `parent_id` bigint(20) DEFAULT NULL,
  `viewInFloor` bit(1) DEFAULT b'1',
  PRIMARY KEY (`id`),
  UNIQUE KEY `id` (`id`),
  KEY `FKAC6B673B93F273F2` (`parent_id`),
  CONSTRAINT `FKAC6B673B93F273F2` FOREIGN KEY (`parent_id`) REFERENCES `wemall_spare_goodsclass` (`id`)
) ENGINE=InnoDB AUTO_INCREMENT=154 DEFAULT CHARSET=utf8;

-- ----------------------------
-- Records of wemall_spare_goodsclass
-- ----------------------------
INSERT INTO `wemall_spare_goodsclass` VALUES ('1', '2014-09-22 19:28:37', '\0', '茬疆扮', '1', '1', null, '');
INSERT INTO `wemall_spare_goodsclass` VALUES ('2', '2014-09-22 19:28:52', '\0', '茬疆姣濠', '1', '2', null, '');
INSERT INTO `wemall_spare_goodsclass` VALUES ('3', '2014-09-22 19:29:43', '\0', '瀹跺ョ', '1', '3', null, '');
INSERT INTO `wemall_spare_goodsclass` VALUES ('4', '2014-09-22 19:29:54', '\0', '褰遍冲剁 ', '1', '4', null, '');
INSERT INTO `wemall_spare_goodsclass` VALUES ('5', '2014-09-22 19:30:06', '\0', '楗', '1', '5', null, '');
INSERT INTO `wemall_spare_goodsclass` VALUES ('6', '2014-09-22 19:30:18', '\0', '瀹惰 ', '1', '6', null, '');
INSERT INTO `wemall_spare_goodsclass` VALUES ('7', '2014-09-22 19:30:28', '\0', '', '2', '0', '1', '');
INSERT INTO `wemall_spare_goodsclass` VALUES ('8', '2014-09-22 19:30:52', '\0', '告/', '2', '1', '1', '');
INSERT INTO `wemall_spare_goodsclass` VALUES ('9', '2014-09-22 19:31:37', '\0', '哄３', '3', '1', '7', '');
INSERT INTO `wemall_spare_goodsclass` VALUES ('10', '2014-10-09 15:25:29', '\0', '靛', '3', '0', '7', '\0');
INSERT INTO `wemall_spare_goodsclass` VALUES ('11', '2014-10-09 15:25:58', '\0', '垫', '3', '0', '7', '\0');
INSERT INTO `wemall_spare_goodsclass` VALUES ('12', '2014-10-09 15:26:34', '\0', '虫', '3', '0', '7', '');
INSERT INTO `wemall_spare_goodsclass` VALUES ('13', '2014-10-09 15:26:47', '\0', '版绾', '3', '0', '7', '');
INSERT INTO `wemall_spare_goodsclass` VALUES ('14', '2014-10-09 15:30:31', '\0', '告', '3', '0', '8', '');
INSERT INTO `wemall_spare_goodsclass` VALUES ('15', '2014-10-09 15:30:46', '\0', '澶', '3', '0', '8', '');
INSERT INTO `wemall_spare_goodsclass` VALUES ('16', '2014-10-09 15:31:00', '\0', '', '3', '0', '8', '');
INSERT INTO `wemall_spare_goodsclass` VALUES ('17', '2014-10-09 15:31:16', '\0', '剁', '3', '0', '8', '');
INSERT INTO `wemall_spare_goodsclass` VALUES ('18', '2014-10-09 15:31:52', '\0', '佃/佃ㄨ竟', '2', '3', '1', '');
INSERT INTO `wemall_spare_goodsclass` VALUES ('19', '2014-10-09 15:33:34', '\0', '绗璁版', '3', '0', '18', '');
INSERT INTO `wemall_spare_goodsclass` VALUES ('20', '2014-10-09 15:33:52', '\0', '骞虫跨佃', '3', '0', '18', '');
INSERT INTO `wemall_spare_goodsclass` VALUES ('21', '2014-10-09 15:34:13', '\0', '板', '3', '0', '18', '');
INSERT INTO `wemall_spare_goodsclass` VALUES ('22', '2014-10-09 15:34:23', '\0', '剧ず', '3', '0', '18', '');
INSERT INTO `wemall_spare_goodsclass` VALUES ('23', '2014-10-09 15:34:54', '\0', '榧', '3', '0', '18', '');
INSERT INTO `wemall_spare_goodsclass` VALUES ('24', '2014-10-09 15:35:05', '\0', '纭', '3', '0', '18', '');
INSERT INTO `wemall_spare_goodsclass` VALUES ('25', '2014-10-09 15:35:16', '\0', '垫', '3', '0', '18', '\0');
INSERT INTO `wemall_spare_goodsclass` VALUES ('26', '2014-10-09 15:49:32', '\0', '绔ヨ', '2', '0', '2', '');
INSERT INTO `wemall_spare_goodsclass` VALUES ('27', '2014-10-09 15:49:51', '\0', '濠村挎', '2', '1', '2', '');
INSERT INTO `wemall_spare_goodsclass` VALUES ('28', '2014-10-09 15:50:10', '\0', '瀹瀹ㄥ', '2', '2', '2', '');
INSERT INTO `wemall_spare_goodsclass` VALUES ('29', '2014-10-09 15:51:28', '\0', 'T', '3', '0', '26', '\0');
INSERT INTO `wemall_spare_goodsclass` VALUES ('30', '2014-10-09 15:51:37', '\0', '澶濂', '3', '0', '26', '\0');
INSERT INTO `wemall_spare_goodsclass` VALUES ('31', '2014-10-09 15:51:47', '\0', '妫琚', '3', '0', '26', '\0');
INSERT INTO `wemall_spare_goodsclass` VALUES ('32', '2014-10-09 15:51:59', '\0', '姣琛', '3', '0', '26', '\0');
INSERT INTO `wemall_spare_goodsclass` VALUES ('33', '2014-10-09 15:52:09', '\0', '缇界', '3', '0', '26', '\0');
INSERT INTO `wemall_spare_goodsclass` VALUES ('34', '2014-10-09 15:52:18', '\0', '濂瑁', '3', '0', '26', '\0');
INSERT INTO `wemall_spare_goodsclass` VALUES ('35', '2014-10-09 15:52:29', '\0', '绔ラ', '3', '0', '26', '\0');
INSERT INTO `wemall_spare_goodsclass` VALUES ('36', '2014-10-09 15:53:13', '\0', '琛', '3', '0', '27', '\0');
INSERT INTO `wemall_spare_goodsclass` VALUES ('37', '2014-10-09 15:53:31', '\0', '扮跨ぜ', '3', '0', '27', '\0');
INSERT INTO `wemall_spare_goodsclass` VALUES ('38', '2014-10-09 15:53:40', '\0', '', '3', '0', '27', '');
INSERT INTO `wemall_spare_goodsclass` VALUES ('39', '2014-10-09 15:53:55', '\0', '绡', '3', '0', '27', '');
INSERT INTO `wemall_spare_goodsclass` VALUES ('40', '2014-10-09 15:55:17', '\0', '濂剁', '3', '0', '28', '');
INSERT INTO `wemall_spare_goodsclass` VALUES ('41', '2014-10-09 15:55:31', '\0', '濂跺', '3', '0', '28', '');
INSERT INTO `wemall_spare_goodsclass` VALUES ('42', '2014-10-09 16:19:26', '\0', '濠村挎ㄨ溅', '3', '0', '28', '');
INSERT INTO `wemall_spare_goodsclass` VALUES ('43', '2014-10-09 16:20:04', '\0', '濠村垮', '3', '0', '28', '');
INSERT INTO `wemall_spare_goodsclass` VALUES ('44', '2014-10-09 16:20:31', '\0', '绾稿翱瑁', '3', '0', '28', '');
INSERT INTO `wemall_spare_goodsclass` VALUES ('45', '2014-10-09 16:20:57', '\0', '娓告吵姹', '3', '0', '28', '');
INSERT INTO `wemall_spare_goodsclass` VALUES ('46', '2014-10-09 16:21:08', '\0', '瀛姝ュ甫', '3', '0', '28', '');
INSERT INTO `wemall_spare_goodsclass` VALUES ('47', '2014-10-09 16:21:26', '\0', '灏垮', '3', '0', '28', '');
INSERT INTO `wemall_spare_goodsclass` VALUES ('48', '2014-10-09 16:21:36', '\0', '婀垮肪', '3', '0', '28', '');
INSERT INTO `wemall_spare_goodsclass` VALUES ('49', '2014-10-09 16:21:46', '\0', '娌娴', '3', '0', '28', '');
INSERT INTO `wemall_spare_goodsclass` VALUES ('50', '2014-10-09 16:21:59', '\0', '姣姣', '3', '0', '28', '\0');
INSERT INTO `wemall_spare_goodsclass` VALUES ('51', '2014-10-09 16:23:19', '\0', '瀹跺', '2', '0', '3', '\0');
INSERT INTO `wemall_spare_goodsclass` VALUES ('52', '2014-10-09 16:23:34', '\0', '瀹剁汉瀹堕グ ', '2', '0', '3', '\0');
INSERT INTO `wemall_spare_goodsclass` VALUES ('53', '2014-10-09 16:23:46', '\0', 'ョㄦュ', '2', '0', '3', '\0');
INSERT INTO `wemall_spare_goodsclass` VALUES ('54', '2014-10-09 16:24:17', '\0', '搴', '3', '0', '51', '\0');
INSERT INTO `wemall_spare_goodsclass` VALUES ('55', '2014-10-09 16:24:26', '\0', '娌', '3', '0', '51', '\0');
INSERT INTO `wemall_spare_goodsclass` VALUES ('56', '2014-10-09 16:24:34', '\0', '跺', '3', '0', '51', '\0');
INSERT INTO `wemall_spare_goodsclass` VALUES ('57', '2014-10-09 16:24:59', '\0', '椁妗', '3', '0', '51', '\0');
INSERT INTO `wemall_spare_goodsclass` VALUES ('58', '2014-10-09 16:25:09', '\0', '妞瀛', '3', '0', '51', '\0');
INSERT INTO `wemall_spare_goodsclass` VALUES ('59', '2014-10-09 16:25:16', '\0', '琛ｆ', '3', '0', '51', '\0');
INSERT INTO `wemall_spare_goodsclass` VALUES ('60', '2014-10-09 16:25:23', '\0', '', '3', '0', '51', '\0');
INSERT INTO `wemall_spare_goodsclass` VALUES ('61', '2014-10-09 16:25:32', '\0', '搴澶存', '3', '0', '51', '\0');
INSERT INTO `wemall_spare_goodsclass` VALUES ('62', '2014-10-09 16:25:40', '\0', '缃╂', '3', '0', '51', '\0');
INSERT INTO `wemall_spare_goodsclass` VALUES ('63', '2014-10-09 16:25:48', '\0', '', '3', '0', '51', '\0');
INSERT INTO `wemall_spare_goodsclass` VALUES ('64', '2014-10-09 16:25:56', '\0', '涔', '3', '0', '51', '\0');
INSERT INTO `wemall_spare_goodsclass` VALUES ('65', '2014-10-09 16:30:35', '\0', '浠跺', '3', '0', '52', '\0');
INSERT INTO `wemall_spare_goodsclass` VALUES ('66', '2014-10-09 16:30:59', '\0', '澶', '3', '0', '52', '\0');
INSERT INTO `wemall_spare_goodsclass` VALUES ('67', '2014-10-09 16:31:07', '\0', '搴', '3', '0', '52', '\0');
INSERT INTO `wemall_spare_goodsclass` VALUES ('68', '2014-10-09 16:31:15', '\0', '琚濂', '3', '0', '52', '\0');
INSERT INTO `wemall_spare_goodsclass` VALUES ('69', '2014-10-09 16:31:22', '\0', '琚瀛', '3', '0', '52', '\0');
INSERT INTO `wemall_spare_goodsclass` VALUES ('70', '2014-10-09 16:31:29', '\0', '绐甯', '3', '0', '52', '\0');
INSERT INTO `wemall_spare_goodsclass` VALUES ('71', '2014-10-09 16:33:14', '\0', '版', '3', '0', '52', '\0');
INSERT INTO `wemall_spare_goodsclass` VALUES ('72', '2014-10-09 16:33:21', '\0', '板', '3', '0', '52', '\0');
INSERT INTO `wemall_spare_goodsclass` VALUES ('73', '2014-10-09 16:33:54', '\0', '', '3', '0', '52', '\0');
INSERT INTO `wemall_spare_goodsclass` VALUES ('74', '2014-10-09 16:34:01', '\0', '妗甯', '3', '0', '52', '\0');
INSERT INTO `wemall_spare_goodsclass` VALUES ('75', '2014-10-09 16:34:27', '\0', '姣宸', '3', '0', '53', '\0');
INSERT INTO `wemall_spare_goodsclass` VALUES ('76', '2014-10-09 16:34:35', '\0', '娲琛ｆ恫', '3', '0', '53', '\0');
INSERT INTO `wemall_spare_goodsclass` VALUES ('77', '2014-10-09 16:34:42', '\0', '娲琛ｇ', '3', '0', '53', '\0');
INSERT INTO `wemall_spare_goodsclass` VALUES ('78', '2014-10-09 16:34:49', '\0', '浼', '3', '0', '53', '\0');
INSERT INTO `wemall_spare_goodsclass` VALUES ('79', '2014-10-09 16:34:56', '\0', 'ㄨ。', '3', '0', '53', '\0');
INSERT INTO `wemall_spare_goodsclass` VALUES ('80', '2014-10-09 16:35:14', '\0', '炬《', '3', '0', '53', '\0');
INSERT INTO `wemall_spare_goodsclass` VALUES ('81', '2014-10-09 16:36:16', '\0', '澶у剁', '2', '0', '4', '\0');
INSERT INTO `wemall_spare_goodsclass` VALUES ('82', '2014-10-09 16:36:26', '\0', '娲诲瀹剁', '2', '0', '4', '\0');
INSERT INTO `wemall_spare_goodsclass` VALUES ('83', '2014-10-09 16:36:41', '\0', 'ㄦ跨靛', '2', '0', '4', '\0');
INSERT INTO `wemall_spare_goodsclass` VALUES ('84', '2014-10-09 16:37:30', '\0', '褰遍/虫/HIFI ', '2', '0', '4', '\0');
INSERT INTO `wemall_spare_goodsclass` VALUES ('85', '2014-10-09 16:38:37', '\0', '佃', '3', '0', '81', '\0');
INSERT INTO `wemall_spare_goodsclass` VALUES ('86', '2014-10-09 16:38:55', '\0', '娲琛ｆ', '3', '0', '81', '\0');
INSERT INTO `wemall_spare_goodsclass` VALUES ('87', '2014-10-09 16:39:10', '\0', '绌鸿', '3', '0', '81', '\0');
INSERT INTO `wemall_spare_goodsclass` VALUES ('88', '2014-10-09 16:39:24', '\0', '扮', '3', '0', '81', '\0');
INSERT INTO `wemall_spare_goodsclass` VALUES ('89', '2014-10-09 16:39:32', '\0', '姘村', '3', '0', '81', '\0');
INSERT INTO `wemall_spare_goodsclass` VALUES ('90', '2014-10-09 16:40:09', '\0', '归', '3', '0', '82', '\0');
INSERT INTO `wemall_spare_goodsclass` VALUES ('91', '2014-10-09 16:40:19', '\0', '椤诲', '3', '0', '82', '\0');
INSERT INTO `wemall_spare_goodsclass` VALUES ('92', '2014-10-09 16:40:26', '\0', '椋', '3', '0', '82', '\0');
INSERT INTO `wemall_spare_goodsclass` VALUES ('93', '2014-10-09 16:40:33', '\0', '婀垮', '3', '0', '82', '\0');
INSERT INTO `wemall_spare_goodsclass` VALUES ('94', '2014-10-09 16:40:40', '\0', '', '3', '0', '82', '\0');
INSERT INTO `wemall_spare_goodsclass` VALUES ('95', '2014-10-09 16:41:13', '\0', '璞娴', '3', '0', '83', '\0');
INSERT INTO `wemall_spare_goodsclass` VALUES ('96', '2014-10-09 16:41:21', '\0', '姒ㄦ', '3', '0', '83', '\0');
INSERT INTO `wemall_spare_goodsclass` VALUES ('97', '2014-10-09 16:41:29', '\0', '稿ザ', '3', '0', '83', '\0');
INSERT INTO `wemall_spare_goodsclass` VALUES ('98', '2014-10-09 16:41:36', '\0', '㈠', '3', '0', '83', '\0');
INSERT INTO `wemall_spare_goodsclass` VALUES ('99', '2014-10-09 16:41:45', '\0', '版娣', '3', '0', '83', '\0');
INSERT INTO `wemall_spare_goodsclass` VALUES ('100', '2014-10-09 16:42:02', '\0', '甸キ', '3', '0', '83', '\0');
INSERT INTO `wemall_spare_goodsclass` VALUES ('101', '2014-10-09 16:42:30', '\0', '虫', '3', '0', '84', '\0');
INSERT INTO `wemall_spare_goodsclass` VALUES ('102', '2014-10-09 16:42:38', '\0', '崇', '3', '0', '84', '\0');
INSERT INTO `wemall_spare_goodsclass` VALUES ('103', '2014-10-09 16:42:45', '\0', '', '3', '0', '84', '\0');
INSERT INTO `wemall_spare_goodsclass` VALUES ('104', '2014-10-09 16:42:54', '\0', '浣崇', '3', '0', '84', '\0');
INSERT INTO `wemall_spare_goodsclass` VALUES ('105', '2014-10-09 16:43:33', '\0', '楹椋', '3', '0', '84', '\0');
INSERT INTO `wemall_spare_goodsclass` VALUES ('106', '2014-10-09 16:43:50', '\0', '濂宠', '2', '0', '5', '\0');
INSERT INTO `wemall_spare_goodsclass` VALUES ('107', '2014-10-09 16:44:06', '\0', '濂抽', '2', '0', '5', '\0');
INSERT INTO `wemall_spare_goodsclass` VALUES ('108', '2014-10-09 16:44:16', '\0', '绠卞', '2', '0', '5', '\0');
INSERT INTO `wemall_spare_goodsclass` VALUES ('109', '2014-10-09 16:44:25', '\0', '楗', '2', '0', '5', '\0');
INSERT INTO `wemall_spare_goodsclass` VALUES ('110', '2014-10-09 16:45:20', '\0', '杩琛ｈ', '3', '0', '106', '\0');
INSERT INTO `wemall_spare_goodsclass` VALUES ('111', '2014-10-09 16:45:29', '\0', '韬瑁', '3', '0', '106', '\0');
INSERT INTO `wemall_spare_goodsclass` VALUES ('112', '2014-10-09 16:45:36', '\0', 'T', '3', '0', '106', '\0');
INSERT INTO `wemall_spare_goodsclass` VALUES ('113', '2014-10-09 16:46:33', '\0', '琛琛', '3', '0', '106', '\0');
INSERT INTO `wemall_spare_goodsclass` VALUES ('114', '2014-10-09 16:46:40', '\0', '琛', '3', '0', '106', '\0');
INSERT INTO `wemall_spare_goodsclass` VALUES ('115', '2014-10-09 16:48:25', '\0', '杩ㄩ', '3', '0', '107', '\0');
INSERT INTO `wemall_spare_goodsclass` VALUES ('116', '2014-10-09 16:48:33', '\0', '', '3', '0', '107', '\0');
INSERT INTO `wemall_spare_goodsclass` VALUES ('117', '2014-10-09 16:48:43', '\0', '', '3', '0', '107', '\0');
INSERT INTO `wemall_spare_goodsclass` VALUES ('118', '2014-10-09 16:49:00', '\0', '甯甯', '3', '0', '107', '\0');
INSERT INTO `wemall_spare_goodsclass` VALUES ('119', '2014-10-09 16:49:21', '\0', '濂冲', '3', '0', '108', '\0');
INSERT INTO `wemall_spare_goodsclass` VALUES ('120', '2014-10-09 16:50:30', '\0', '峰', '3', '0', '108', '\0');
INSERT INTO `wemall_spare_goodsclass` VALUES ('121', '2014-10-09 16:50:39', '\0', '琛绠', '3', '0', '108', '\0');
INSERT INTO `wemall_spare_goodsclass` VALUES ('122', '2014-10-09 16:51:02', '\0', '板甫', '3', '0', '109', '\0');
INSERT INTO `wemall_spare_goodsclass` VALUES ('123', '2014-10-09 16:51:09', '\0', '甯', '3', '0', '109', '\0');
INSERT INTO `wemall_spare_goodsclass` VALUES ('124', '2014-10-09 16:51:25', '\0', '甯藉', '2', '0', '5', '\0');
INSERT INTO `wemall_spare_goodsclass` VALUES ('125', '2014-10-09 16:51:32', '\0', '村肪', '2', '0', '5', '\0');
INSERT INTO `wemall_spare_goodsclass` VALUES ('126', '2014-10-09 16:51:41', '\0', '涓宸', '2', '0', '5', '\0');
INSERT INTO `wemall_spare_goodsclass` VALUES ('127', '2014-10-09 16:52:03', '\0', '瀹', '2', '0', '6', '\0');
INSERT INTO `wemall_spare_goodsclass` VALUES ('128', '2014-10-09 16:52:12', '\0', '琛', '2', '0', '6', '\0');
INSERT INTO `wemall_spare_goodsclass` VALUES ('129', '2014-10-09 16:52:20', '\0', '楗板', '2', '0', '6', '\0');
INSERT INTO `wemall_spare_goodsclass` VALUES ('130', '2014-10-09 16:52:28', '\0', '惰', '2', '0', '6', '\0');
INSERT INTO `wemall_spare_goodsclass` VALUES ('131', '2014-10-09 16:53:06', '\0', '缈＄', '3', '0', '127', '\0');
INSERT INTO `wemall_spare_goodsclass` VALUES ('132', '2014-10-09 16:53:14', '\0', '榛', '3', '0', '127', '\0');
INSERT INTO `wemall_spare_goodsclass` VALUES ('133', '2014-10-09 16:53:20', '\0', '荤', '3', '0', '127', '\0');
INSERT INTO `wemall_spare_goodsclass` VALUES ('134', '2014-10-09 16:53:28', '\0', '', '3', '0', '127', '\0');
INSERT INTO `wemall_spare_goodsclass` VALUES ('135', '2014-10-09 16:53:35', '\0', '纰х', '3', '0', '127', '\0');
INSERT INTO `wemall_spare_goodsclass` VALUES ('136', '2014-10-09 16:53:43', '\0', '', '3', '0', '127', '\0');
INSERT INTO `wemall_spare_goodsclass` VALUES ('137', '2014-10-09 16:53:50', '\0', 'ョ', '3', '0', '127', '\0');
INSERT INTO `wemall_spare_goodsclass` VALUES ('138', '2014-10-09 16:54:12', '\0', '烘拌〃', '3', '0', '128', '\0');
INSERT INTO `wemall_spare_goodsclass` VALUES ('139', '2014-10-09 16:54:26', '\0', '宠辫〃', '3', '0', '128', '\0');
INSERT INTO `wemall_spare_goodsclass` VALUES ('140', '2014-10-09 16:54:33', '\0', '靛琛', '3', '0', '128', '\0');
INSERT INTO `wemall_spare_goodsclass` VALUES ('141', '2014-10-09 16:55:05', '\0', '奸', '3', '0', '129', '\0');
INSERT INTO `wemall_spare_goodsclass` VALUES ('142', '2014-10-09 16:56:16', '\0', '', '3', '0', '129', '\0');
INSERT INTO `wemall_spare_goodsclass` VALUES ('143', '2014-10-09 16:57:18', '\0', '椤归', '3', '0', '129', '\0');
INSERT INTO `wemall_spare_goodsclass` VALUES ('144', '2014-10-09 17:05:23', '\0', '', '3', '0', '129', '\0');
INSERT INTO `wemall_spare_goodsclass` VALUES ('145', '2014-10-09 17:05:34', '\0', '', '3', '0', '129', '\0');
INSERT INTO `wemall_spare_goodsclass` VALUES ('146', '2014-10-09 17:05:42', '\0', '', '3', '0', '129', '\0');
INSERT INTO `wemall_spare_goodsclass` VALUES ('147', '2014-10-09 17:05:49', '\0', '姘存', '3', '0', '129', '\0');
INSERT INTO `wemall_spare_goodsclass` VALUES ('148', '2014-10-09 17:06:10', '\0', 'ょ', '3', '0', '130', '\0');
INSERT INTO `wemall_spare_goodsclass` VALUES ('149', '2014-10-09 17:06:51', '\0', '绁', '3', '0', '130', '\0');
INSERT INTO `wemall_spare_goodsclass` VALUES ('150', '2014-10-09 17:06:58', '\0', '卞', '3', '0', '130', '\0');
INSERT INTO `wemall_spare_goodsclass` VALUES ('151', '2014-10-09 17:07:05', '\0', '扮', '3', '0', '130', '\0');
INSERT INTO `wemall_spare_goodsclass` VALUES ('152', '2014-10-09 17:07:13', '\0', 'ょ', '3', '0', '130', '\0');
INSERT INTO `wemall_spare_goodsclass` VALUES ('153', '2014-10-09 17:07:20', '\0', '剁', '3', '0', '130', '\0');

-- ----------------------------
-- Table structure for wemall_spare_goodsfloor
-- ----------------------------
DROP TABLE IF EXISTS `wemall_spare_goodsfloor`;
CREATE TABLE `wemall_spare_goodsfloor` (
  `id` bigint(20) NOT NULL AUTO_INCREMENT,
  `addTime` datetime DEFAULT NULL,
  `deleteStatus` bit(1) NOT NULL,
  `adver_id` varchar(255) DEFAULT NULL,
  `sequence` int(11) DEFAULT '0',
  `title` varchar(255) DEFAULT NULL,
  `visable` int(11) DEFAULT '1',
  `sgc_id` bigint(20) DEFAULT NULL,
  `adver_type` int(11) DEFAULT '0',
  `advert_url` varchar(255) DEFAULT NULL,
  `advert_id` bigint(20) DEFAULT NULL,
  `advert_img_id` bigint(20) DEFAULT NULL,
  `display` bit(1) DEFAULT b'1',
  `adp_id` bigint(20) DEFAULT NULL,
  PRIMARY KEY (`id`),
  UNIQUE KEY `id` (`id`),
  KEY `FKAC95E1CFE2A2F9ED` (`sgc_id`),
  KEY `FKAC95E1CF8DEA4DD` (`advert_img_id`),
  KEY `FKAC95E1CF20641F1` (`advert_id`),
  KEY `FKAC95E1CF26BE20C1` (`adp_id`),
  CONSTRAINT `FKAC95E1CF20641F1` FOREIGN KEY (`advert_id`) REFERENCES `wemall_advert` (`id`),
  CONSTRAINT `FKAC95E1CF26BE20C1` FOREIGN KEY (`adp_id`) REFERENCES `wemall_adv_pos` (`id`),
  CONSTRAINT `FKAC95E1CF8DEA4DD` FOREIGN KEY (`advert_img_id`) REFERENCES `wemall_accessory` (`id`),
  CONSTRAINT `FKAC95E1CFE2A2F9ED` FOREIGN KEY (`sgc_id`) REFERENCES `wemall_spare_goodsclass` (`id`)
) ENGINE=InnoDB AUTO_INCREMENT=4 DEFAULT CHARSET=utf8;

-- ----------------------------
-- Records of wemall_spare_goodsfloor
-- ----------------------------
INSERT INTO `wemall_spare_goodsfloor` VALUES ('2', '2014-10-10 10:17:41', '\0', '1222', '0', '扮.璞ヨ', '1', '1', '0', '#', null, '426022', '', null);
INSERT INTO `wemall_spare_goodsfloor` VALUES ('3', '2014-10-14 12:30:23', '\0', null, '1', '灏濂&杈ｅ芥', '1', '2', '0', '#', null, '426027', '', null);

-- ----------------------------
-- Table structure for wemall_store
-- ----------------------------
DROP TABLE IF EXISTS `wemall_store`;
CREATE TABLE `wemall_store` (
  `id` bigint(20) NOT NULL AUTO_INCREMENT,
  `addTime` datetime DEFAULT NULL,
  `deleteStatus` bit(1) NOT NULL,
  `card_approve` bit(1) NOT NULL,
  `realstore_approve` bit(1) NOT NULL,
  `store_address` varchar(255) DEFAULT NULL,
  `store_credit` int(11) NOT NULL,
  `store_info` longtext,
  `store_msn` varchar(255) DEFAULT NULL,
  `store_name` varchar(255) DEFAULT NULL,
  `store_ower` varchar(255) DEFAULT NULL,
  `store_ower_card` varchar(255) DEFAULT NULL,
  `store_qq` varchar(255) DEFAULT NULL,
  `store_recommend` bit(1) NOT NULL,
  `store_recommend_time` datetime DEFAULT NULL,
  `store_seo_description` longtext,
  `store_seo_keywords` longtext,
  `store_status` int(11) NOT NULL,
  `store_telephone` varchar(255) DEFAULT NULL,
  `store_zip` varchar(255) DEFAULT NULL,
  `template` varchar(255) DEFAULT NULL,
  `validity` datetime DEFAULT NULL,
  `violation_reseaon` longtext,
  `area_id` bigint(20) DEFAULT NULL,
  `card_id` bigint(20) DEFAULT NULL,
  `grade_id` bigint(20) DEFAULT NULL,
  `sc_id` bigint(20) DEFAULT NULL,
  `store_banner_id` bigint(20) DEFAULT NULL,
  `store_license_id` bigint(20) DEFAULT NULL,
  `store_logo_id` bigint(20) DEFAULT NULL,
  `update_grade_id` bigint(20) DEFAULT NULL,
  `domain_modify_count` int(11) DEFAULT '0',
  `store_second_domain` varchar(255) DEFAULT NULL,
  `favorite_count` int(11) DEFAULT '0',
  `store_lat` decimal(6,2) DEFAULT NULL,
  `store_lng` decimal(6,2) DEFAULT NULL,
  `store_ww` varchar(255) DEFAULT NULL,
  `map_type` varchar(255) DEFAULT 'baidu',
  `delivery_begin_time` datetime DEFAULT NULL,
  `delivery_end_time` datetime DEFAULT NULL,
  `combin_begin_time` datetime DEFAULT NULL,
  `combin_end_time` datetime DEFAULT NULL,
  `weixin_begin_time` date DEFAULT NULL,
  `weixin_end_time` date DEFAULT NULL,
  `weixin_status` int(11) DEFAULT '0',
  `weixin_appId` varchar(255) DEFAULT NULL,
  `weixin_appSecret` varchar(255) DEFAULT NULL,
  `weixin_token` varchar(255) DEFAULT NULL,
  `weixin_welecome_content` longtext,
  `weixin_qr_img_id` bigint(20) DEFAULT NULL,
  `weixin_account` varchar(255) DEFAULT NULL,
  `store_weixin_logo_id` bigint(20) DEFAULT NULL,
  `weixin_store_name` varchar(255) DEFAULT NULL,
  PRIMARY KEY (`id`),
  KEY `FK1A2E9F4AFA5E3FC2` (`area_id`),
  KEY `FK1A2E9F4A8D04BD7` (`update_grade_id`),
  KEY `FK1A2E9F4A33028121` (`grade_id`),
  KEY `FK1A2E9F4A11D81442` (`weixin_qr_img_id`),
  KEY `FK1A2E9F4A929E09BB` (`store_logo_id`),
  KEY `FK1A2E9F4A7CE341A` (`store_banner_id`),
  KEY `FK1A2E9F4A9A6FEF94` (`card_id`),
  KEY `FK1A2E9F4AC98DF95A` (`store_weixin_logo_id`),
  KEY `FK1A2E9F4A33F45DA9` (`sc_id`),
  KEY `FK1A2E9F4AA10642E1` (`store_license_id`),
  CONSTRAINT `FK1A2E9F4A11D81442` FOREIGN KEY (`weixin_qr_img_id`) REFERENCES `wemall_accessory` (`id`),
  CONSTRAINT `FK1A2E9F4A33028121` FOREIGN KEY (`grade_id`) REFERENCES `wemall_storegrade` (`id`),
  CONSTRAINT `FK1A2E9F4A33F45DA9` FOREIGN KEY (`sc_id`) REFERENCES `wemall_storeclass` (`id`),
  CONSTRAINT `FK1A2E9F4A7CE341A` FOREIGN KEY (`store_banner_id`) REFERENCES `wemall_accessory` (`id`),
  CONSTRAINT `FK1A2E9F4A8D04BD7` FOREIGN KEY (`update_grade_id`) REFERENCES `wemall_storegrade` (`id`),
  CONSTRAINT `FK1A2E9F4A929E09BB` FOREIGN KEY (`store_logo_id`) REFERENCES `wemall_accessory` (`id`),
  CONSTRAINT `FK1A2E9F4A9A6FEF94` FOREIGN KEY (`card_id`) REFERENCES `wemall_accessory` (`id`),
  CONSTRAINT `FK1A2E9F4AA10642E1` FOREIGN KEY (`store_license_id`) REFERENCES `wemall_accessory` (`id`),
  CONSTRAINT `FK1A2E9F4AC98DF95A` FOREIGN KEY (`store_weixin_logo_id`) REFERENCES `wemall_accessory` (`id`),
  CONSTRAINT `FK1A2E9F4AFA5E3FC2` FOREIGN KEY (`area_id`) REFERENCES `wemall_area` (`id`)
) ENGINE=InnoDB AUTO_INCREMENT=32776 DEFAULT CHARSET=utf8;

-- ----------------------------
-- Records of wemall_store
-- ----------------------------
INSERT INTO `wemall_store` VALUES ('1', '2013-12-24 12:55:25', '\0', '\0', '\0', 'xxxxx', '1801', '', '88888888@qq.con', '骞冲拌ュ', 'shopping', '123456789012345678', '88888888', '', '2015-03-02 20:05:48', '', '', '2', '024-32323528', '110003', 'blue', null, '', '4522485', null, '1', '1', null, null, null, null, '3', 'shopping', '1', '41.79', '123.37', null, 'baidu', '2014-09-28 10:51:35', '2020-11-28 10:51:35', '2014-10-09 12:13:35', '2010-08-09 12:13:35', '2014-11-12', '2015-07-12', '2', 'wx9c8421965912b0f5', '390fc5d329489a203df74407109ea46c', 'wemall_c2c', '<p>\r\n	娆㈣ュshopping</p>', '426061', 'wemall_c2c', null, null);
INSERT INTO `wemall_store` VALUES ('32768', '2014-01-02 21:01:15', '\0', '\0', '\0', 'xxxx', '0', null, null, '宸逛骇板', 'admin', '', null, '', '2014-10-28 14:50:36', null, null, '2', '', '450001', 'black', null, '', '4524506', null, '1', '16', null, null, null, null, '0', 'shop1', '1', null, null, null, 'baidu', null, null, null, null, null, null, '0', null, null, null, null, null, null, null, null);
INSERT INTO `wemall_store` VALUES ('32769', '2014-09-25 11:26:36', '\0', '\0', '\0', 'xxxx', '0', null, null, '瀹杈鹃淇', '瀹杈', '', null, '', '2014-09-25 12:16:43', null, null, '2', null, '110020', 'pink', null, null, '4522489', null, '1', '20', null, null, null, null, '0', 'shop32769', '0', null, null, null, null, null, null, null, null, null, null, '0', null, null, null, null, null, null, null, null);
INSERT INTO `wemall_store` VALUES ('32770', '2015-02-28 16:08:11', '\0', '', '', '', '0', null, null, '濂芥跺', '榛杈句汉', '110109198509100042', null, '\0', null, null, null, '2', '', '', 'blue', null, '', '4521986', null, '3', '9', null, null, null, null, '0', 'shop32778', '0', null, null, null, null, null, null, null, null, null, null, '0', null, null, null, null, null, null, null, null);
INSERT INTO `wemall_store` VALUES ('32771', '2015-02-28 16:27:28', '\0', '\0', '\0', '', '0', null, null, '涓', '', '110109198509100042', null, '\0', null, null, null, '2', null, '', 'default', null, null, '4521986', null, '1', '9', null, null, null, null, '0', 'shop32778', '0', null, null, null, null, null, null, null, null, null, null, '0', null, null, null, null, null, null, null, null);
INSERT INTO `wemall_store` VALUES ('32772', '2015-03-01 00:05:36', '\0', '\0', '\0', '', '0', null, null, '搴虹被', '', '123456789012345678', null, '\0', null, null, null, '2', null, '', 'default', null, null, '4522006', null, '1', '2', null, null, null, null, '0', 'shop32781', '0', null, null, null, null, null, null, null, null, null, null, '0', null, null, null, null, null, null, null, null);
INSERT INTO `wemall_store` VALUES ('32773', '2015-03-01 15:52:18', '\0', '\0', '\0', '', '0', null, null, '婊椋浼濯', '婊椋', '370785198601190391', null, '\0', null, null, null, '2', '', '', 'default', null, '', '4523558', null, '1', '9', null, null, null, null, '0', 'shop32782', '0', null, null, null, null, null, null, null, null, null, null, '0', null, null, null, null, null, null, null, null);
INSERT INTO `wemall_store` VALUES ('32774', '2016-03-15 17:40:47', '\0', '\0', '\0', '濂ヨ开', '0', null, null, '扮疯搴', 'haiyan', '123123123123', null, '\0', null, null, null, '2', '', '1231231', 'green', null, '', '4523018', null, '3', '2', null, null, null, null, '0', 'shop32786', '0', null, null, null, null, null, null, null, null, null, null, '0', null, null, null, null, null, null, null, null);
INSERT INTO `wemall_store` VALUES ('32775', '2016-04-01 18:01:28', '\0', '\0', '\0', 'XX璺3', '0', '绮惧扮锛娆㈣璐锛<br />', '', '绮惧扮搴', 'john', '123123123123', '', '\0', null, '', '', '2', '', '211000', 'tea', null, null, '4521987', null, '1', '16', null, null, '426308', null, '0', 'shop32787', '0', null, null, '', null, null, null, null, null, null, null, '0', null, null, null, null, null, null, null, null);

-- ----------------------------
-- Table structure for wemall_storecart
-- ----------------------------
DROP TABLE IF EXISTS `wemall_storecart`;
CREATE TABLE `wemall_storecart` (
  `id` bigint(20) NOT NULL AUTO_INCREMENT,
  `addTime` datetime DEFAULT NULL,
  `deleteStatus` bit(1) NOT NULL,
  `cart_session_id` varchar(255) DEFAULT NULL,
  `total_price` decimal(19,2) DEFAULT NULL,
  `store_id` bigint(20) DEFAULT NULL,
  `user_id` bigint(20) DEFAULT NULL,
  `sc_status` int(11) DEFAULT '0',
  PRIMARY KEY (`id`),
  UNIQUE KEY `id` (`id`),
  KEY `FK7EE3A390537B6C51` (`user_id`),
  KEY `FK1808656A1C0CA9F2` (`store_id`),
  CONSTRAINT `FK1808656A1C0CA9F2` FOREIGN KEY (`store_id`) REFERENCES `wemall_store` (`id`),
  CONSTRAINT `FK7EE3A390537B6C51` FOREIGN KEY (`user_id`) REFERENCES `wemall_user` (`id`)
) ENGINE=InnoDB AUTO_INCREMENT=161 DEFAULT CHARSET=utf8;

-- ----------------------------
-- Records of wemall_storecart
-- ----------------------------
INSERT INTO `wemall_storecart` VALUES ('19', '2014-11-28 09:12:45', '\0', null, '5340.00', '1', '1', '1');
INSERT INTO `wemall_storecart` VALUES ('43', '2014-11-28 15:12:34', '\0', null, '789.00', '1', '1', '1');
INSERT INTO `wemall_storecart` VALUES ('72', '2014-11-30 16:43:38', '\0', null, '386.00', '1', '1', '1');
INSERT INTO `wemall_storecart` VALUES ('73', '2014-11-30 18:29:15', '\0', null, '1160.00', '1', '1', '1');
INSERT INTO `wemall_storecart` VALUES ('74', '2014-12-02 12:27:10', '\0', null, '178.00', '1', '1', '1');
INSERT INTO `wemall_storecart` VALUES ('75', '2014-12-02 12:28:42', '\0', null, '178.00', '1', '1', '1');
INSERT INTO `wemall_storecart` VALUES ('76', '2014-12-02 12:29:37', '\0', null, '178.00', '1', '1', '1');
INSERT INTO `wemall_storecart` VALUES ('82', '2014-12-02 16:21:58', '\0', null, '300.00', '1', '1', '1');
INSERT INTO `wemall_storecart` VALUES ('83', '2014-12-02 16:35:32', '\0', null, '600.00', '1', '1', '1');
INSERT INTO `wemall_storecart` VALUES ('84', '2014-12-02 16:49:51', '\0', null, '235.00', '1', '1', '1');
INSERT INTO `wemall_storecart` VALUES ('85', '2014-12-02 17:01:58', '\0', null, '235.00', '1', '1', '1');
INSERT INTO `wemall_storecart` VALUES ('86', '2014-12-02 17:13:34', '\0', null, '235.00', '1', '1', '1');
INSERT INTO `wemall_storecart` VALUES ('87', '2014-12-02 17:21:38', '\0', null, '600.00', '1', '1', '1');
INSERT INTO `wemall_storecart` VALUES ('92', '2014-12-03 09:47:40', '\0', null, '98.00', '1', '1', '1');
INSERT INTO `wemall_storecart` VALUES ('93', '2014-12-03 10:10:13', '\0', null, '890.00', '1', '1', '1');
INSERT INTO `wemall_storecart` VALUES ('94', '2014-12-03 10:17:40', '\0', null, '600.00', '1', '1', '1');
INSERT INTO `wemall_storecart` VALUES ('95', '2014-12-03 10:28:17', '\0', null, '600.00', '1', '1', '1');
INSERT INTO `wemall_storecart` VALUES ('96', '2014-12-03 10:30:34', '\0', null, '600.00', '1', '1', '1');
INSERT INTO `wemall_storecart` VALUES ('97', '2014-12-03 10:42:21', '\0', null, '600.00', '1', '1', '1');
INSERT INTO `wemall_storecart` VALUES ('98', '2014-12-03 11:18:41', '\0', null, '600.00', '1', '1', '1');
INSERT INTO `wemall_storecart` VALUES ('99', '2014-12-03 11:40:20', '\0', null, '15.00', '1', '1', '1');
INSERT INTO `wemall_storecart` VALUES ('100', '2014-12-03 12:19:23', '\0', null, '890.00', '1', '1', '1');
INSERT INTO `wemall_storecart` VALUES ('101', '2014-12-03 12:38:32', '\0', null, '600.00', '1', '1', '1');
INSERT INTO `wemall_storecart` VALUES ('102', '2014-12-03 13:27:25', '\0', null, '15.00', '1', '1', '1');
INSERT INTO `wemall_storecart` VALUES ('103', '2014-12-03 14:12:28', '\0', null, '600.00', '1', '1', '1');
INSERT INTO `wemall_storecart` VALUES ('104', '2014-12-03 14:53:56', '\0', null, '600.00', '1', '1', '1');
INSERT INTO `wemall_storecart` VALUES ('105', '2014-12-03 15:43:01', '\0', null, '600.00', '1', '1', '1');
INSERT INTO `wemall_storecart` VALUES ('111', '2014-12-14 14:04:48', '\0', null, '890.00', '1', '1', '1');
INSERT INTO `wemall_storecart` VALUES ('112', '2014-12-14 14:15:03', '\0', null, '15.00', '1', '1', '1');
INSERT INTO `wemall_storecart` VALUES ('113', '2014-12-14 14:31:22', '\0', null, '890.00', '1', '1', '1');
INSERT INTO `wemall_storecart` VALUES ('114', '2014-12-14 14:35:59', '\0', null, '600.00', '1', '1', '1');
INSERT INTO `wemall_storecart` VALUES ('115', '2014-12-14 14:56:48', '\0', null, '386.00', '1', '1', '1');
INSERT INTO `wemall_storecart` VALUES ('116', '2014-12-14 15:23:08', '\0', null, '890.00', '1', '1', '1');
INSERT INTO `wemall_storecart` VALUES ('117', '2014-12-14 16:18:58', '\0', null, '600.00', '1', '1', '1');
INSERT INTO `wemall_storecart` VALUES ('118', '2014-12-14 16:28:33', '\0', null, '386.00', '1', '1', '1');
INSERT INTO `wemall_storecart` VALUES ('119', '2014-12-14 16:29:17', '\0', null, '600.00', '1', '1', '1');
INSERT INTO `wemall_storecart` VALUES ('120', '2014-12-14 16:35:59', '\0', null, '890.00', '1', '1', '1');
INSERT INTO `wemall_storecart` VALUES ('121', '2014-12-14 16:54:28', '\0', null, '3600.00', '1', '1', '1');
INSERT INTO `wemall_storecart` VALUES ('122', '2014-12-14 16:54:59', '\0', null, '600.00', '1', '1', '1');
INSERT INTO `wemall_storecart` VALUES ('123', '2014-12-14 16:55:30', '\0', null, '3600.00', '1', '1', '1');
INSERT INTO `wemall_storecart` VALUES ('124', '2015-02-28 13:54:38', '\0', null, '600.00', '1', '32777', '1');
INSERT INTO `wemall_storecart` VALUES ('128', '2015-02-28 21:26:35', '\0', null, '680.00', '1', '32780', '1');
INSERT INTO `wemall_storecart` VALUES ('148', '2016-03-17 10:28:31', '\0', null, '5490.00', '1', '32777', '1');
INSERT INTO `wemall_storecart` VALUES ('149', '2016-03-17 17:01:23', '\0', null, '890.00', '1', '32777', '1');
INSERT INTO `wemall_storecart` VALUES ('150', '2016-03-18 11:18:42', '\0', null, '890.00', '1', '32777', '1');
INSERT INTO `wemall_storecart` VALUES ('151', '2016-03-18 11:21:31', '\0', null, '59.00', '32769', '32777', '1');
INSERT INTO `wemall_storecart` VALUES ('152', '2016-03-18 11:24:14', '\0', null, '4000.00', '1', '32777', '1');
INSERT INTO `wemall_storecart` VALUES ('153', '2016-03-18 11:27:05', '\0', null, '390.00', '1', '32777', '1');
INSERT INTO `wemall_storecart` VALUES ('154', '2016-03-18 11:32:45', '\0', null, '580.00', '1', '32777', '1');
INSERT INTO `wemall_storecart` VALUES ('155', '2016-03-18 11:37:02', '\0', null, '453.60', '1', '32777', '1');
INSERT INTO `wemall_storecart` VALUES ('156', '2016-03-18 11:40:22', '\0', null, '308.80', '1', '32777', '1');
INSERT INTO `wemall_storecart` VALUES ('157', '2016-03-18 11:41:20', '\0', null, '100.80', '1', '32777', '1');
INSERT INTO `wemall_storecart` VALUES ('158', '2016-04-06 11:09:38', '\0', 'b696d107-2255-4143-ba02-3a261a7323f7', '235.00', '1', null, '0');
INSERT INTO `wemall_storecart` VALUES ('159', '2016-04-06 11:15:26', '\0', null, '1999.00', '32769', '1', '1');
INSERT INTO `wemall_storecart` VALUES ('160', '2016-04-07 11:25:40', '\0', null, '339.80', '1', '32769', '1');

-- ----------------------------
-- Table structure for wemall_storeclass
-- ----------------------------
DROP TABLE IF EXISTS `wemall_storeclass`;
CREATE TABLE `wemall_storeclass` (
  `id` bigint(20) NOT NULL AUTO_INCREMENT,
  `addTime` datetime DEFAULT NULL,
  `deleteStatus` bit(1) NOT NULL,
  `className` varchar(255) DEFAULT NULL,
  `level` int(11) NOT NULL,
  `sequence` int(11) NOT NULL,
  `parent_id` bigint(20) DEFAULT NULL,
  `description_evaluate` decimal(4,1) DEFAULT NULL,
  `service_evaluate` decimal(4,1) DEFAULT NULL,
  `ship_evaluate` decimal(4,1) DEFAULT NULL,
  PRIMARY KEY (`id`),
  KEY `FKE909086EA8D80D0F` (`parent_id`),
  CONSTRAINT `FKE909086EA8D80D0F` FOREIGN KEY (`parent_id`) REFERENCES `wemall_storeclass` (`id`)
) ENGINE=InnoDB AUTO_INCREMENT=21 DEFAULT CHARSET=utf8;

-- ----------------------------
-- Records of wemall_storeclass
-- ----------------------------
INSERT INTO `wemall_storeclass` VALUES ('1', '2013-12-24 10:22:29', '\0', '峰コ瑁', '0', '0', null, '4.7', '2.0', '2.8');
INSERT INTO `wemall_storeclass` VALUES ('2', '2013-12-24 10:22:46', '\0', '疯', '1', '1', '1', '0.0', '0.0', '0.0');
INSERT INTO `wemall_storeclass` VALUES ('3', '2013-12-24 10:22:55', '\0', '濂宠', '1', '2', '1', '0.0', '0.0', '0.0');
INSERT INTO `wemall_storeclass` VALUES ('4', '2013-12-24 10:23:12', '\0', '绔ヨ', '1', '3', '1', '0.0', '0.0', '0.0');
INSERT INTO `wemall_storeclass` VALUES ('5', '2013-12-24 10:24:38', '\0', '瀹跺琛', '1', '4', '1', '0.0', '0.0', '0.0');
INSERT INTO `wemall_storeclass` VALUES ('6', '2013-12-24 10:24:56', '\0', '楗', '0', '1', null, '0.0', '0.0', '0.0');
INSERT INTO `wemall_storeclass` VALUES ('7', '2013-12-24 10:25:12', '\0', '烽', '1', '1', '6', '0.0', '0.0', '0.0');
INSERT INTO `wemall_storeclass` VALUES ('8', '2013-12-24 10:25:22', '\0', '濂抽', '1', '2', '6', '0.0', '0.0', '0.0');
INSERT INTO `wemall_storeclass` VALUES ('9', '2013-12-24 10:25:47', '\0', '峰/濂冲', '1', '3', '6', '0.0', '0.0', '0.0');
INSERT INTO `wemall_storeclass` VALUES ('10', '2013-12-24 10:26:06', '\0', '琛绠卞', '1', '4', '6', '0.0', '0.0', '0.0');
INSERT INTO `wemall_storeclass` VALUES ('11', '2013-12-24 10:26:26', '\0', '跺楗', '1', '5', '6', '0.0', '0.0', '0.0');
INSERT INTO `wemall_storeclass` VALUES ('12', '2013-12-24 10:26:56', '\0', '峰杩', '0', '3', null, '0.0', '0.0', '0.0');
INSERT INTO `wemall_storeclass` VALUES ('13', '2013-12-24 10:27:24', '\0', '杩ㄦ/杩ㄩ', '1', '1', '12', '0.0', '0.0', '0.0');
INSERT INTO `wemall_storeclass` VALUES ('14', '2013-12-24 10:27:37', '\0', '峰瑁澶', '1', '1', '12', '0.0', '0.0', '0.0');
INSERT INTO `wemall_storeclass` VALUES ('15', '2013-12-24 10:27:47', '\0', '杩ㄥヨ韩', '1', '2', '12', '0.0', '0.0', '0.0');
INSERT INTO `wemall_storeclass` VALUES ('16', '2013-12-24 10:28:09', '\0', '扮靛', '0', '4', null, '0.0', '0.0', '0.0');
INSERT INTO `wemall_storeclass` VALUES ('17', '2013-12-24 10:28:26', '\0', '绗璁版佃', '1', '1', '16', '0.0', '0.0', '0.0');
INSERT INTO `wemall_storeclass` VALUES ('18', '2013-12-24 10:28:36', '\0', 'х', '1', '1', '16', '0.0', '0.0', '0.0');
INSERT INTO `wemall_storeclass` VALUES ('19', '2013-12-24 10:28:48', '\0', '扮', '1', '2', '16', '0.0', '0.0', '0.0');
INSERT INTO `wemall_storeclass` VALUES ('20', '2013-12-24 10:29:01', '\0', '扮浠', '1', '4', '16', '0.0', '0.0', '0.0');

-- ----------------------------
-- Table structure for wemall_storegrade
-- ----------------------------
DROP TABLE IF EXISTS `wemall_storegrade`;
CREATE TABLE `wemall_storegrade` (
  `id` bigint(20) NOT NULL AUTO_INCREMENT,
  `addTime` datetime DEFAULT NULL,
  `deleteStatus` bit(1) NOT NULL,
  `add_funciton` varchar(255) DEFAULT NULL,
  `audit` bit(1) NOT NULL,
  `content` longtext,
  `goodsCount` int(11) NOT NULL,
  `gradeLevel` int(11) NOT NULL,
  `gradeName` varchar(255) DEFAULT NULL,
  `price` varchar(255) DEFAULT NULL,
  `sequence` int(11) NOT NULL,
  `spaceSize` float NOT NULL,
  `sysGrade` bit(1) NOT NULL,
  `templates` varchar(255) DEFAULT NULL,
  `acount_num` int(11) DEFAULT '0',
  PRIMARY KEY (`id`)
) ENGINE=InnoDB AUTO_INCREMENT=4 DEFAULT CHARSET=utf8;

-- ----------------------------
-- Records of wemall_storegrade
-- ----------------------------
INSERT INTO `wemall_storegrade` VALUES ('1', '2013-12-24 10:20:27', '\0', 'editor_multimedia', '\0', '璐瑰', '300', '0', '榛璁ょ绾', '璐瑰', '0', '0', '\0', 'tea,violet,black,green,pink,blue,default,', '2');
INSERT INTO `wemall_storegrade` VALUES ('2', '2013-12-24 10:20:59', '\0', 'editor_multimedia', '', '姣100', '500', '1', '荤骇', '姣100', '1', '0', '\0', 'green,pink,blue,default,', '0');
INSERT INTO `wemall_storegrade` VALUES ('3', '2013-12-24 10:21:31', '\0', 'editor_multimedia', '', '姣200', '1000', '2', '榛荤骇', '姣200', '2', '0', '\0', 'wood,clothes,china,beach,violet,black,green,pink,blue,default,', '0');

-- ----------------------------
-- Table structure for wemall_storegrade_log
-- ----------------------------
DROP TABLE IF EXISTS `wemall_storegrade_log`;
CREATE TABLE `wemall_storegrade_log` (
  `id` bigint(20) NOT NULL AUTO_INCREMENT,
  `addTime` datetime DEFAULT NULL,
  `deleteStatus` bit(1) NOT NULL,
  `log_edit` bit(1) NOT NULL,
  `store_grade_info` varchar(255) DEFAULT NULL,
  `store_grade_status` int(11) NOT NULL,
  `store_id` bigint(20) DEFAULT NULL,
  PRIMARY KEY (`id`),
  KEY `FK10CE6C6C920D7683` (`store_id`),
  CONSTRAINT `FK10CE6C6C920D7683` FOREIGN KEY (`store_id`) REFERENCES `wemall_store` (`id`)
) ENGINE=InnoDB DEFAULT CHARSET=utf8;

-- ----------------------------
-- Records of wemall_storegrade_log
-- ----------------------------

-- ----------------------------
-- Table structure for wemall_store_nav
-- ----------------------------
DROP TABLE IF EXISTS `wemall_store_nav`;
CREATE TABLE `wemall_store_nav` (
  `id` bigint(20) NOT NULL AUTO_INCREMENT,
  `addTime` datetime DEFAULT NULL,
  `deleteStatus` bit(1) NOT NULL,
  `content` longtext,
  `display` bit(1) NOT NULL,
  `sequence` varchar(255) DEFAULT NULL,
  `title` varchar(255) DEFAULT NULL,
  `url` varchar(255) DEFAULT NULL,
  `win_type` varchar(255) DEFAULT NULL,
  `store_id` bigint(20) DEFAULT NULL,
  PRIMARY KEY (`id`),
  KEY `FK1806C2AE1C0CA9F2` (`store_id`),
  CONSTRAINT `FK1806C2AE1C0CA9F2` FOREIGN KEY (`store_id`) REFERENCES `wemall_store` (`id`)
) ENGINE=InnoDB DEFAULT CHARSET=utf8;

-- ----------------------------
-- Records of wemall_store_nav
-- ----------------------------

-- ----------------------------
-- Table structure for wemall_store_partner
-- ----------------------------
DROP TABLE IF EXISTS `wemall_store_partner`;
CREATE TABLE `wemall_store_partner` (
  `id` bigint(20) NOT NULL AUTO_INCREMENT,
  `addTime` datetime DEFAULT NULL,
  `deleteStatus` bit(1) NOT NULL,
  `sequence` int(11) NOT NULL,
  `title` varchar(255) DEFAULT NULL,
  `url` varchar(255) DEFAULT NULL,
  `store_id` bigint(20) DEFAULT NULL,
  PRIMARY KEY (`id`),
  KEY `FKC63438D31C0CA9F2` (`store_id`),
  CONSTRAINT `FKC63438D31C0CA9F2` FOREIGN KEY (`store_id`) REFERENCES `wemall_store` (`id`)
) ENGINE=InnoDB DEFAULT CHARSET=utf8;

-- ----------------------------
-- Records of wemall_store_partner
-- ----------------------------

-- ----------------------------
-- Table structure for wemall_store_point
-- ----------------------------
DROP TABLE IF EXISTS `wemall_store_point`;
CREATE TABLE `wemall_store_point` (
  `id` bigint(20) NOT NULL AUTO_INCREMENT,
  `addTime` datetime DEFAULT NULL,
  `deleteStatus` bit(1) NOT NULL,
  `description_evaluate` decimal(4,1) DEFAULT NULL,
  `description_evaluate_halfyear` decimal(4,1) DEFAULT NULL,
  `description_evaluate_halfyear_count1` int(11) NOT NULL,
  `description_evaluate_halfyear_count2` int(11) NOT NULL,
  `description_evaluate_halfyear_count3` int(11) NOT NULL,
  `description_evaluate_halfyear_count4` int(11) NOT NULL,
  `description_evaluate_halfyear_count5` int(11) NOT NULL,
  `service_evaluate` decimal(4,1) DEFAULT NULL,
  `service_evaluate_halfyear` decimal(4,1) DEFAULT NULL,
  `service_evaluate_halfyear_count1` int(11) NOT NULL,
  `service_evaluate_halfyear_count2` int(11) NOT NULL,
  `service_evaluate_halfyear_count3` int(11) NOT NULL,
  `service_evaluate_halfyear_count4` int(11) NOT NULL,
  `service_evaluate_halfyear_count5` int(11) NOT NULL,
  `ship_evaluate` decimal(4,1) DEFAULT NULL,
  `ship_evaluate_halfyear` decimal(4,1) DEFAULT NULL,
  `ship_evaluate_halfyear_count1` int(11) NOT NULL,
  `ship_evaluate_halfyear_count2` int(11) NOT NULL,
  `ship_evaluate_halfyear_count3` int(11) NOT NULL,
  `ship_evaluate_halfyear_count4` int(11) NOT NULL,
  `ship_evaluate_halfyear_count5` int(11) NOT NULL,
  `store_evaluate1` decimal(4,1) DEFAULT NULL,
  `store_id` bigint(20) DEFAULT NULL,
  `statTime` datetime DEFAULT NULL,
  PRIMARY KEY (`id`),
  UNIQUE KEY `id` (`id`),
  KEY `FK3183385B1C0CA9F2` (`store_id`),
  CONSTRAINT `FK3183385B1C0CA9F2` FOREIGN KEY (`store_id`) REFERENCES `wemall_store` (`id`)
) ENGINE=InnoDB AUTO_INCREMENT=32776 DEFAULT CHARSET=utf8;

-- ----------------------------
-- Records of wemall_store_point
-- ----------------------------
INSERT INTO `wemall_store_point` VALUES ('1', '2014-01-05 15:07:48', '\0', '4.7', '0.0', '0', '0', '0', '0', '0', '2.0', '0.0', '0', '0', '0', '0', '0', '2.8', '2.8', '0', '0', '0', '0', '0', '0.7', '1', '2016-04-07 20:30:00');
INSERT INTO `wemall_store_point` VALUES ('32768', null, '\0', '0.0', '0.0', '0', '0', '0', '0', '0', '0.0', '0.0', '0', '0', '0', '0', '0', '0.0', '0.0', '0', '0', '0', '0', '0', '0.0', '32768', '2016-04-07 20:30:00');
INSERT INTO `wemall_store_point` VALUES ('32769', null, '\0', '0.0', '0.0', '0', '0', '0', '0', '0', '0.0', '0.0', '0', '0', '0', '0', '0', '0.0', '0.0', '0', '0', '0', '0', '0', '0.0', '32769', '2016-04-07 20:30:00');
INSERT INTO `wemall_store_point` VALUES ('32770', null, '\0', '0.0', '0.0', '0', '0', '0', '0', '0', '0.0', '0.0', '0', '0', '0', '0', '0', '0.0', '0.0', '0', '0', '0', '0', '0', '0.0', '32770', '2016-04-07 20:30:00');
INSERT INTO `wemall_store_point` VALUES ('32771', null, '\0', '0.0', '0.0', '0', '0', '0', '0', '0', '0.0', '0.0', '0', '0', '0', '0', '0', '0.0', '0.0', '0', '0', '0', '0', '0', '0.0', '32771', '2016-04-07 20:30:00');
INSERT INTO `wemall_store_point` VALUES ('32772', null, '\0', '0.0', '0.0', '0', '0', '0', '0', '0', '0.0', '0.0', '0', '0', '0', '0', '0', '0.0', '0.0', '0', '0', '0', '0', '0', '0.0', '32772', '2016-04-07 20:30:00');
INSERT INTO `wemall_store_point` VALUES ('32773', null, '\0', '0.0', '0.0', '0', '0', '0', '0', '0', '0.0', '0.0', '0', '0', '0', '0', '0', '0.0', '0.0', '0', '0', '0', '0', '0', '0.0', '32773', '2016-04-07 20:30:00');
INSERT INTO `wemall_store_point` VALUES ('32774', null, '\0', '0.0', '0.0', '0', '0', '0', '0', '0', '0.0', '0.0', '0', '0', '0', '0', '0', '0.0', '0.0', '0', '0', '0', '0', '0', '0.0', '32774', '2016-04-07 20:30:00');
INSERT INTO `wemall_store_point` VALUES ('32775', null, '\0', '0.0', '0.0', '0', '0', '0', '0', '0', '0.0', '0.0', '0', '0', '0', '0', '0', '0.0', '0.0', '0', '0', '0', '0', '0', '0.0', '32775', '2016-04-07 20:30:00');

-- ----------------------------
-- Table structure for wemall_store_slide
-- ----------------------------
DROP TABLE IF EXISTS `wemall_store_slide`;
CREATE TABLE `wemall_store_slide` (
  `id` bigint(20) NOT NULL AUTO_INCREMENT,
  `addTime` datetime DEFAULT NULL,
  `deleteStatus` bit(1) NOT NULL,
  `url` varchar(255) DEFAULT NULL,
  `acc_id` bigint(20) DEFAULT NULL,
  `store_id` bigint(20) DEFAULT NULL,
  PRIMARY KEY (`id`),
  KEY `FK31AC207C1C0CA9F2` (`store_id`),
  KEY `FK31AC207C24933083` (`acc_id`),
  CONSTRAINT `FK31AC207C1C0CA9F2` FOREIGN KEY (`store_id`) REFERENCES `wemall_store` (`id`),
  CONSTRAINT `FK31AC207C24933083` FOREIGN KEY (`acc_id`) REFERENCES `wemall_accessory` (`id`)
) ENGINE=InnoDB DEFAULT CHARSET=utf8;

-- ----------------------------
-- Records of wemall_store_slide
-- ----------------------------

-- ----------------------------
-- Table structure for wemall_store_stat
-- ----------------------------
DROP TABLE IF EXISTS `wemall_store_stat`;
CREATE TABLE `wemall_store_stat` (
  `id` bigint(20) NOT NULL AUTO_INCREMENT,
  `addTime` datetime DEFAULT NULL,
  `deleteStatus` bit(1) NOT NULL,
  `all_goods` int(11) NOT NULL,
  `all_store` int(11) NOT NULL,
  `all_user` int(11) NOT NULL,
  `next_time` datetime DEFAULT NULL,
  `order_amount` decimal(12,2) DEFAULT NULL,
  `store_update` int(11) NOT NULL,
  `week_complaint` int(11) NOT NULL,
  `week_goods` int(11) NOT NULL,
  `week_order` int(11) NOT NULL,
  `week_report` int(11) NOT NULL,
  `week_store` int(11) NOT NULL,
  `week_user` int(11) NOT NULL,
  PRIMARY KEY (`id`)
) ENGINE=InnoDB AUTO_INCREMENT=2 DEFAULT CHARSET=utf8;

-- ----------------------------
-- Records of wemall_store_stat
-- ----------------------------
INSERT INTO `wemall_store_stat` VALUES ('1', '2016-04-07 20:30:00', '\0', '172', '9', '23', '2016-04-07 21:00:00', '0.00', '0', '0', '0', '2', '0', '1', '5');

-- ----------------------------
-- Table structure for wemall_sysconfig
-- ----------------------------
DROP TABLE IF EXISTS `wemall_sysconfig`;
CREATE TABLE `wemall_sysconfig` (
  `id` bigint(20) NOT NULL AUTO_INCREMENT,
  `addTime` datetime DEFAULT NULL,
  `deleteStatus` bit(1) NOT NULL,
  `address` varchar(255) DEFAULT NULL,
  `bigHeight` int(11) NOT NULL,
  `bigWidth` int(11) NOT NULL,
  `closeReason` longtext,
  `codeStat` longtext,
  `complaint_time` int(11) NOT NULL,
  `consumptionRatio` int(11) NOT NULL,
  `copyRight` varchar(255) DEFAULT NULL,
  `creditrule` longtext,
  `deposit` bit(1) NOT NULL,
  `description` varchar(255) DEFAULT NULL,
  `emailEnable` bit(1) NOT NULL,
  `emailHost` varchar(255) DEFAULT NULL,
  `emailPort` int(11) NOT NULL,
  `emailPws` varchar(255) DEFAULT NULL,
  `emailTest` varchar(255) DEFAULT NULL,
  `emailUser` varchar(255) DEFAULT NULL,
  `emailUserName` varchar(255) DEFAULT NULL,
  `everyIndentLimit` int(11) NOT NULL,
  `gold` bit(1) NOT NULL,
  `goldMarketValue` int(11) NOT NULL,
  `groupBuy` bit(1) NOT NULL,
  `hotSearch` varchar(255) DEFAULT NULL,
  `imageFilesize` int(11) NOT NULL,
  `imageSaveType` varchar(255) DEFAULT NULL,
  `imageSuffix` varchar(255) DEFAULT NULL,
  `indentComment` int(11) NOT NULL,
  `integral` bit(1) NOT NULL,
  `integralRate` int(11) NOT NULL,
  `integralStore` bit(1) NOT NULL,
  `keywords` varchar(255) DEFAULT NULL,
  `memberDayLogin` int(11) NOT NULL,
  `memberRegister` int(11) NOT NULL,
  `middleHeight` int(11) NOT NULL,
  `middleWidth` int(11) NOT NULL,
  `securityCodeConsult` bit(1) NOT NULL,
  `securityCodeLogin` bit(1) NOT NULL,
  `securityCodeRegister` bit(1) NOT NULL,
  `securityCodeType` varchar(255) DEFAULT NULL,
  `share_code` longtext,
  `smallHeight` int(11) NOT NULL,
  `smallWidth` int(11) NOT NULL,
  `smsEnbale` bit(1) NOT NULL,
  `smsPassword` varchar(255) DEFAULT NULL,
  `smsTest` varchar(255) DEFAULT NULL,
  `smsURL` varchar(255) DEFAULT NULL,
  `smsUserName` varchar(255) DEFAULT NULL,
  `store_allow` bit(1) NOT NULL,
  `store_payment` longtext,
  `sysLanguage` varchar(255) DEFAULT NULL,
  `templates` longtext,
  `title` varchar(255) DEFAULT NULL,
  `uploadFilePath` varchar(255) DEFAULT NULL,
  `user_creditrule` longtext,
  `visitorConsult` bit(1) NOT NULL,
  `voucher` bit(1) NOT NULL,
  `websiteName` varchar(255) DEFAULT NULL,
  `websiteState` bit(1) NOT NULL,
  `ztc_price` int(11) NOT NULL,
  `ztc_status` bit(1) NOT NULL,
  `goodsImage_id` bigint(20) DEFAULT NULL,
  `memberIcon_id` bigint(20) DEFAULT NULL,
  `storeImage_id` bigint(20) DEFAULT NULL,
  `websiteLogo_id` bigint(20) DEFAULT NULL,
  `domain_allow_count` int(11) DEFAULT '0',
  `second_domain_open` bit(1) DEFAULT b'0',
  `sys_domain` longtext,
  `qq_login` bit(1) DEFAULT b'0',
  `qq_login_id` varchar(255) DEFAULT NULL,
  `qq_login_key` varchar(255) DEFAULT NULL,
  `qq_domain_code` longtext,
  `sina_domain_code` longtext,
  `sina_login` bit(1) DEFAULT b'0',
  `sina_login_id` varchar(255) DEFAULT NULL,
  `sina_login_key` varchar(255) DEFAULT NULL,
  `imageWebServer` varchar(255) DEFAULT NULL,
  `lucene_update` datetime DEFAULT NULL,
  `alipay_fenrun` int(11) DEFAULT '0',
  `balance_fenrun` int(11) DEFAULT '0',
  `auto_order_confirm` int(11) DEFAULT '7',
  `auto_order_notice` int(11) DEFAULT '3',
  `bargain_maximum` int(11) DEFAULT '0',
  `bargain_rebate` decimal(3,2) DEFAULT NULL,
  `bargain_state` longtext,
  `bargain_status` int(11) DEFAULT '0',
  `bargain_title` varchar(255) DEFAULT NULL,
  `service_qq_list` longtext,
  `service_telphone_list` longtext,
  `sys_delivery_maximum` int(11) DEFAULT '0',
  `uc_bbs` bit(1) DEFAULT b'0',
  `kuaidi_id` longtext,
  `uc_api` varchar(255) DEFAULT NULL,
  `uc_appid` varchar(255) DEFAULT NULL,
  `uc_database` varchar(255) DEFAULT NULL,
  `uc_database_port` varchar(255) DEFAULT NULL,
  `uc_database_pws` varchar(255) DEFAULT NULL,
  `uc_database_url` varchar(255) DEFAULT NULL,
  `uc_database_username` varchar(255) DEFAULT NULL,
  `uc_ip` varchar(255) DEFAULT NULL,
  `uc_key` varchar(255) DEFAULT NULL,
  `uc_table_preffix` varchar(255) DEFAULT NULL,
  `currency_code` varchar(255) DEFAULT '楼',
  `bargain_validity` int(11) DEFAULT '3',
  `delivery_amount` int(11) DEFAULT '50',
  `delivery_status` int(11) DEFAULT '0',
  `delivery_title` varchar(255) DEFAULT NULL,
  `websiteCss` varchar(255) DEFAULT 'blue',
  `combin_amount` int(11) DEFAULT '50',
  `combin_count` int(11) DEFAULT '3',
  `ztc_goods_view` int(11) DEFAULT '0',
  `auto_order_evaluate` int(11) DEFAULT '7',
  `auto_order_return` int(11) DEFAULT '7',
  `weixin_store` bit(1) DEFAULT b'0',
  `weixin_amount` int(11) DEFAULT '50',
  `config_payment_type` int(11) DEFAULT '0',
  `weixin_account` varchar(255) DEFAULT NULL,
  `weixin_appId` varchar(255) DEFAULT NULL,
  `weixin_appSecret` varchar(255) DEFAULT NULL,
  `weixin_token` varchar(255) DEFAULT NULL,
  `weixin_welecome_content` longtext,
  `store_weixin_logo_id` bigint(20) DEFAULT NULL,
  `weixin_qr_img_id` bigint(20) DEFAULT NULL,
  `site_url` varchar(255) DEFAULT NULL,
  PRIMARY KEY (`id`),
  KEY `FKDA007E38D756261E` (`websiteLogo_id`),
  KEY `FKDA007E38BE67A14A` (`storeImage_id`),
  KEY `FKDA007E3811D81442` (`weixin_qr_img_id`),
  KEY `FKDA007E381CBC7DB1` (`memberIcon_id`),
  KEY `FKDA007E38C98DF95A` (`store_weixin_logo_id`),
  KEY `FKDA007E382984FABF` (`goodsImage_id`),
  CONSTRAINT `FKDA007E3811D81442` FOREIGN KEY (`weixin_qr_img_id`) REFERENCES `wemall_accessory` (`id`),
  CONSTRAINT `FKDA007E381CBC7DB1` FOREIGN KEY (`memberIcon_id`) REFERENCES `wemall_accessory` (`id`),
  CONSTRAINT `FKDA007E382984FABF` FOREIGN KEY (`goodsImage_id`) REFERENCES `wemall_accessory` (`id`),
  CONSTRAINT `FKDA007E38BE67A14A` FOREIGN KEY (`storeImage_id`) REFERENCES `wemall_accessory` (`id`),
  CONSTRAINT `FKDA007E38C98DF95A` FOREIGN KEY (`store_weixin_logo_id`) REFERENCES `wemall_accessory` (`id`),
  CONSTRAINT `FKDA007E38D756261E` FOREIGN KEY (`websiteLogo_id`) REFERENCES `wemall_accessory` (`id`)
) ENGINE=InnoDB AUTO_INCREMENT=2 DEFAULT CHARSET=utf8;

-- ----------------------------
-- Records of wemall_sysconfig
-- ----------------------------
INSERT INTO `wemall_sysconfig` VALUES ('1', '2016-03-08 19:56:41', '\0', '', '1024', '1024', '绯荤缁存や腑...', '', '30', '0', null, '{\"creditrule29\":1500,\"creditrule28\":1401,\"creditrule27\":1400,\"creditrule26\":1301,\"creditrule25\":1300,\"creditrule24\":1201,\"creditrule23\":1200,\"creditrule22\":1101,\"creditrule21\":1100,\"creditrule20\":1001,\"creditrule2\":101,\"creditrule1\":100,\"creditrule4\":201,\"creditrule3\":200,\"creditrule0\":1,\"creditrule19\":1000,\"creditrule18\":901,\"creditrule9\":500,\"creditrule7\":400,\"creditrule15\":800,\"creditrule8\":401,\"creditrule14\":701,\"creditrule5\":300,\"creditrule17\":900,\"creditrule6\":301,\"creditrule16\":801,\"creditrule11\":600,\"creditrule10\":501,\"creditrule13\":700,\"creditrule12\":601}', '', 'shopping1', '\0', 'smtp.qq.com', '25', 'test123456', '2111610942@qq.com', '2111610942@qq.com', '2111610942@qq.com', '0', '', '10', '', 'iphone5s,疯,濂宠,姣㈠濂,伴,缇界,娴琛烽,娼妫琛,绉杩琛ｈ,搴瑁,跺濂冲', '1024', 'sidYearMonthDayImg', 'gif|jpg|jpeg|bmp|png|tbi', '0', '', '0', '', 'shopping1', '0', '0', '300', '300', '\0', '', '', 'normal', '<div id=\"bdshare\" class=\"bdshare_t bds_tools get-codes-bdshare\">\r\n<a class=\"bds_tsina\"></a>\r\n<a class=\"bds_tqq\"></a>\r\n<span class=\"bds_more\">村</span>\r\n<a class=\"shareCount\"></a>\r\n</div>\r\n<script type=\"text/javascript\" id=\"bdshare_js\" data=\"type=tools&uid=5015224\" ></script>\r\n<script type=\"text/javascript\" id=\"bdshell_js\"></script>\r\n<script type=\"text/javascript\">\r\ndocument.getElementById(\"bdshell_js\").src = \"http://bdimg.share.baidu.com/static/js/shell_v2.js?cdnversion=\" + Math.ceil(new Date()/3600000)\r\n</script>', '160', '160', '\0', '123456', '13641194411', null, 'wemall_admin', '', '{\"alipay_wap\":true,\"balance\":true,\"payafter\":true,\"weixin\":true,\"alipay\":true,\"paypal\":true,\"outline\":true}', 'zh_cn', 'default\r\nblue\r\npink\r\ngreen\r\nblack\r\nviolet\r\nbeach\r\nchina\r\nclothes\r\nwood\r\nlovely\r\nembossed\r\ntea\r\nclassic_black\r\nredware\r\ncoloured_glaze\r\norange\r\nchocolate\r\nbamboo\r\nflax', 'shopping', 'upload', '{\"creditrule29\":800,\"creditrule28\":751,\"creditrule27\":700,\"creditrule26\":651,\"creditrule25\":650,\"creditrule24\":601,\"creditrule23\":600,\"creditrule22\":551,\"creditrule21\":550,\"creditrule20\":501,\"creditrule2\":51,\"creditrule1\":50,\"creditrule4\":101,\"creditrule3\":100,\"creditrule0\":1,\"creditrule19\":500,\"creditrule18\":451,\"creditrule9\":250,\"creditrule7\":200,\"creditrule15\":400,\"creditrule8\":201,\"creditrule14\":351,\"creditrule5\":150,\"creditrule17\":450,\"creditrule6\":151,\"creditrule16\":401,\"creditrule11\":300,\"creditrule10\":251,\"creditrule13\":350,\"creditrule12\":301}', '\0', '\0', 'shopping', '', '30', '', '1', '2', '3', null, '3', '\0', 'bbs\r\nforum', '', '', '', '', '<meta property=\"wb:webmaster\" content=\"3c0d2bedd819ab1c\" />', '', '1040103781', '1269d747b443e5ce4b68fcf3e2707165', null, '2016-04-05 00:00:01', '0', '0', '7', '3', '20', '8.00', '', '1', '澶╁ぉ逛环', '249313652\r\n249313652', '024-25872040', '0', '\0', '4c68365adbe58d72', '', '', '', '', '', '', '', '', '', '', '楼', '3', '30', '1', '涔板氨', 'blue', '60', '5', '0', '7', '7', '', '50', '1', 'wemall_c2c寰', 'jkdserdfger3dfgdfgvbd54dfgdf', '34sdfsdfsdge34sdgsdgdshtgf657sdfgsd43sdfsdgsd', 'wemall_c2c', '寰淇″虫敞娆㈣璇\r\n          \r\n          \r\n          \r\n          ', null, '426063', '');

-- ----------------------------
-- Table structure for wemall_syslog
-- ----------------------------
DROP TABLE IF EXISTS `wemall_syslog`;
CREATE TABLE `wemall_syslog` (
  `id` bigint(20) NOT NULL AUTO_INCREMENT,
  `addTime` datetime DEFAULT NULL,
  `deleteStatus` bit(1) NOT NULL,
  `content` longtext,
  `ip` varchar(255) DEFAULT NULL,
  `title` varchar(255) DEFAULT NULL,
  `type` int(11) NOT NULL,
  `user_id` bigint(20) DEFAULT NULL,
  PRIMARY KEY (`id`),
  KEY `FKEEA95FA8537B6C51` (`user_id`),
  CONSTRAINT `FKEEA95FA8537B6C51` FOREIGN KEY (`user_id`) REFERENCES `wemall_user` (`id`)
) ENGINE=InnoDB AUTO_INCREMENT=20 DEFAULT CHARSET=utf8;

-- ----------------------------
-- Records of wemall_syslog
-- ----------------------------
INSERT INTO `wemall_syslog` VALUES ('1', '2015-03-03 10:34:51', '\0', '浜2015-03-03 10:34:51诲绯荤', '192.168.1.128', 'ㄦ风婚', '0', '1');
INSERT INTO `wemall_syslog` VALUES ('2', '2015-03-03 10:34:59', '\0', '浜2015-03-03 10:34:59诲绯荤', '192.168.1.128', 'ㄦ风婚', '0', '1');
INSERT INTO `wemall_syslog` VALUES ('10', '2016-03-17 00:05:57', '\0', 'null浜2016-03-17 00:05:57虹郴缁', '127.0.0.1', 'ㄦ烽', '0', '32768');
INSERT INTO `wemall_syslog` VALUES ('11', '2016-03-31 15:52:27', '\0', '浜2016-03-31 15:52:27虹郴缁', '192.168.2.107', 'ㄦ烽', '0', '1');
INSERT INTO `wemall_syslog` VALUES ('12', '2016-04-01 17:59:28', '\0', '浜2016-04-01 17:59:28虹郴缁', '127.0.0.1', 'ㄦ烽', '0', '1');
INSERT INTO `wemall_syslog` VALUES ('13', '2016-04-04 13:13:51', '\0', '浜2016-04-04 13:13:51虹郴缁', '127.0.0.1', 'ㄦ烽', '0', '1');
INSERT INTO `wemall_syslog` VALUES ('14', '2016-04-04 13:33:19', '\0', 'null浜2016-04-04 13:33:19虹郴缁', '127.0.0.1', 'ㄦ烽', '0', '32785');
INSERT INTO `wemall_syslog` VALUES ('15', '2016-04-04 20:57:04', '\0', 'null浜2016-04-04 20:57:04虹郴缁', '192.168.2.109', 'ㄦ烽', '0', '32769');
INSERT INTO `wemall_syslog` VALUES ('16', '2016-04-06 15:43:21', '\0', 'null浜2016-04-06 15:43:21虹郴缁', '127.0.0.1', 'ㄦ烽', '0', '32768');
INSERT INTO `wemall_syslog` VALUES ('17', '2016-04-07 13:28:17', '\0', 'null浜2016-04-07 13:28:17虹郴缁', '127.0.0.1', 'ㄦ烽', '0', '32769');
INSERT INTO `wemall_syslog` VALUES ('18', '2016-04-07 19:27:45', '\0', 'null浜2016-04-07 19:27:45虹郴缁', '127.0.0.1', 'ㄦ烽', '0', '32769');
INSERT INTO `wemall_syslog` VALUES ('19', '2016-04-07 20:40:25', '\0', '浜2016-04-07 20:40:25虹郴缁', '127.0.0.1', 'ㄦ烽', '0', '1');

-- ----------------------------
-- Table structure for wemall_template
-- ----------------------------
DROP TABLE IF EXISTS `wemall_template`;
CREATE TABLE `wemall_template` (
  `id` bigint(20) NOT NULL AUTO_INCREMENT,
  `addTime` datetime DEFAULT NULL,
  `deleteStatus` bit(1) NOT NULL,
  `content` longtext,
  `info` varchar(255) DEFAULT NULL,
  `mark` varchar(255) DEFAULT NULL,
  `open` bit(1) NOT NULL,
  `title` varchar(255) DEFAULT NULL,
  `type` varchar(255) DEFAULT NULL,
  PRIMARY KEY (`id`)
) ENGINE=InnoDB AUTO_INCREMENT=229416 DEFAULT CHARSET=utf8;

-- ----------------------------
-- Records of wemall_template
-- ----------------------------
INSERT INTO `wemall_template` VALUES ('229384', '2013-09-03 10:32:50', '\0', '$!user.userName,ㄥソ锛ㄧ搴哄杩瑙琚抽锛:$!reason<br />', '[缁瀹]搴鸿绠＄抽剁', 'msg_toseller_store_closed_notify', '', '搴鸿瑙抽', 'msg');
INSERT INTO `wemall_template` VALUES ('229385', '2013-12-21 13:44:33', '\0', '灏ㄦ凤ㄧ搴哄凡琚抽锛锛搴哄凡版', '[缁瀹]搴鸿琚ㄥ抽剁', 'msg_toseller_store_auto_closed_notify', '', '搴鸿琚ㄥ抽剁', 'msg');
INSERT INTO `wemall_template` VALUES ('229386', '2013-12-21 14:43:06', '\0', '<p>\r\n	$!user.userName,ㄥソ!\r\n</p>\r\n<p>\r\n	&nbsp;&nbsp; ㄧ$!{goods.goods_name}琚绠＄わ:$!reason\r\n</p>', '[缁瀹]琚绠＄ゆ剁', 'msg_toseller_goods_delete_by_admin_notify', '', '琚绠＄ゆ剁', 'msg');
INSERT INTO `wemall_template` VALUES ('229387', '2013-12-21 14:45:53', '\0', '<p>\r\n	$!user.userName,ㄥソ锛\r\n</p>\r\n<p>\r\n	&nbsp;&nbsp; ㄧ搴$!{store.store_name}琚宠烽杩锛\r\n</p>\r\n<p>\r\n	&nbsp;&nbsp;&nbsp;&nbsp;&nbsp;&nbsp;&nbsp;&nbsp;&nbsp;&nbsp;&nbsp;&nbsp; $!{config.title}杩ュ㈤\r\n</p>', '[缁瀹]寮搴宠疯杩剁', 'msg_toseller_store_update_allow_notify', '', '寮搴宠烽杩', 'msg');
INSERT INTO `wemall_template` VALUES ('229388', '2013-12-21 14:59:19', '\0', '$!user.userName,ㄥソ锛<br />\r\n<br />\r\n&nbsp;&nbsp; ㄧ搴$!{store.store_name}琚缁杩锛<br />\r\n<br />\r\n&nbsp;&nbsp;&nbsp;&nbsp;&nbsp;&nbsp;&nbsp;&nbsp;&nbsp;&nbsp;&nbsp;&nbsp; $!{config.title}杩ュ㈤', '[缁瀹]寮搴宠疯缁剁', 'msg_toseller_store_update_refuse_notify', '', '寮搴宠疯缁', 'msg');
INSERT INTO `wemall_template` VALUES ('229389', '2013-12-21 15:02:50', '\0', '<p>\r\n	$!{buyer.userName},ㄥソ锛<br />\r\n<br />\r\n&nbsp;&nbsp;&nbsp; ㄧ璁㈠$!{order.order_id}浠璐圭ㄨ瀹$!{seller.userName}璋翠负$!{order.totalPrice}锛<br />\r\n<br />\r\n&nbsp;&nbsp;&nbsp;&nbsp;&nbsp;&nbsp;&nbsp;&nbsp;&nbsp;&nbsp;&nbsp;&nbsp;&nbsp;&nbsp;&nbsp;&nbsp;&nbsp;&nbsp;&nbsp;&nbsp;&nbsp;&nbsp;&nbsp;&nbsp;&nbsp;&nbsp;&nbsp;&nbsp;&nbsp; $!{config.title}杩ュ㈤\r\n</p>\r\n<p>\r\n	&nbsp;&nbsp;&nbsp;&nbsp;&nbsp;&nbsp;&nbsp;&nbsp;&nbsp;&nbsp;&nbsp;&nbsp;&nbsp;&nbsp;&nbsp;&nbsp;&nbsp;&nbsp;&nbsp;&nbsp;&nbsp;&nbsp;&nbsp;&nbsp;&nbsp;&nbsp;&nbsp;&nbsp;&nbsp; $!{send_time}\r\n</p>\r\n<p>\r\n	<br />\r\n</p>', '[缁涔板]搴鸿翠璁㈠璐圭ㄧ浠堕', 'email_tobuyer_order_update_fee_notify', '', '搴鸿翠璁㈠璐圭', 'email');
INSERT INTO `wemall_template` VALUES ('229390', '2013-12-21 15:07:29', '\0', '$!{buyer.userName},ㄥソ锛<br />\r\n<br />\r\n&nbsp;&nbsp;&nbsp; ㄧ璁㈠$!{order.order_id}宸茬璐э╂淇℃涓:$!{order.ship.shipping_name}锛╂蜂负:$!{order.shipCode},璐ф堕翠负:$!{order.shipTime}锛<br />\r\n<br />\r\n<p>\r\n	&nbsp;&nbsp;&nbsp;&nbsp;&nbsp;&nbsp;&nbsp;&nbsp;&nbsp;&nbsp;&nbsp;&nbsp;&nbsp;&nbsp;&nbsp;&nbsp;&nbsp;&nbsp;&nbsp;&nbsp;&nbsp;&nbsp;&nbsp;&nbsp;&nbsp;&nbsp;&nbsp;&nbsp;&nbsp; $!{config.title}杩ュ㈤\r\n</p>\r\n<p>\r\n	&nbsp;&nbsp;&nbsp;&nbsp;&nbsp;&nbsp;&nbsp;&nbsp;&nbsp;&nbsp;&nbsp;&nbsp;&nbsp;&nbsp;&nbsp;&nbsp;&nbsp;&nbsp;&nbsp;&nbsp;&nbsp;&nbsp;&nbsp;&nbsp;&nbsp;&nbsp;&nbsp;&nbsp;&nbsp; $!{seller_time}\r\n</p>', '[缁涔板]璁㈠宸插璐х浠堕', 'email_tobuyer_order_ship_notify', '', '璁㈠宸插璐х浠堕', 'email');
INSERT INTO `wemall_template` VALUES ('229391', '2013-12-21 15:09:38', '\0', '$!{buyer.userName},ㄥソ锛<br />\r\n<br />\r\n&nbsp;&nbsp;&nbsp; ㄧ璁㈠$!{order.order_id}宸茬琚娑锛<br />\r\n<br />\r\n<p>\r\n	&nbsp;&nbsp;&nbsp;&nbsp;&nbsp;&nbsp;&nbsp;&nbsp;&nbsp;&nbsp;&nbsp;&nbsp;&nbsp;&nbsp;&nbsp;&nbsp;&nbsp;&nbsp;&nbsp;&nbsp;&nbsp;&nbsp;&nbsp;&nbsp;&nbsp;&nbsp;&nbsp;&nbsp;&nbsp; $!{config.title}杩ュ㈤\r\n</p>\r\n<p>\r\n	&nbsp;&nbsp;&nbsp;&nbsp;&nbsp;&nbsp;&nbsp;&nbsp;&nbsp;&nbsp;&nbsp;&nbsp;&nbsp;&nbsp;&nbsp;&nbsp;&nbsp;&nbsp;&nbsp;&nbsp;&nbsp;&nbsp;&nbsp;&nbsp;&nbsp;&nbsp;&nbsp;&nbsp;&nbsp;&nbsp; $!{send_time}\r\n</p>', '[缁涔板]璁㈠琚娑浠堕', 'email_tobuyer_order_cancel_notify', '', '璁㈠琚娑', 'email');
INSERT INTO `wemall_template` VALUES ('229392', '2013-12-21 15:16:36', '\0', '$!{buyer.userName},ㄥソ锛<br />\r\n<br />\r\n&nbsp;&nbsp;&nbsp; ㄧ璁㈠$!{order.order_id}宸茬跺扮嚎涓浠娆撅浠浼跺璐у锛<br />\r\n<br />\r\n<p>\r\n	&nbsp;&nbsp;&nbsp;&nbsp;&nbsp;&nbsp;&nbsp;&nbsp;&nbsp;&nbsp;&nbsp;&nbsp;&nbsp;&nbsp;&nbsp;&nbsp;&nbsp;&nbsp;&nbsp;&nbsp;&nbsp;&nbsp;&nbsp;&nbsp;&nbsp;&nbsp;&nbsp;&nbsp;&nbsp;&nbsp;&nbsp;&nbsp;&nbsp;&nbsp;&nbsp;&nbsp;&nbsp;&nbsp;&nbsp;&nbsp;&nbsp;&nbsp;&nbsp;&nbsp;&nbsp;&nbsp;&nbsp;&nbsp;&nbsp;&nbsp;&nbsp;&nbsp;&nbsp;&nbsp;&nbsp;&nbsp;&nbsp;&nbsp;&nbsp; $!{config.title}杩ュ㈤\r\n</p>\r\n<p>\r\n	&nbsp;&nbsp;&nbsp;&nbsp;&nbsp;&nbsp;&nbsp;&nbsp;&nbsp;&nbsp;&nbsp;&nbsp;&nbsp;&nbsp;&nbsp;&nbsp;&nbsp;&nbsp;&nbsp;&nbsp;&nbsp;&nbsp;&nbsp;&nbsp;&nbsp;&nbsp;&nbsp;&nbsp;&nbsp;&nbsp;&nbsp;&nbsp;&nbsp;&nbsp;&nbsp;&nbsp;&nbsp;&nbsp;&nbsp;&nbsp;&nbsp;&nbsp;&nbsp;&nbsp;&nbsp;&nbsp;&nbsp;&nbsp;&nbsp;&nbsp;&nbsp;&nbsp;&nbsp;&nbsp;&nbsp;&nbsp;&nbsp;&nbsp;&nbsp; $!{send_time}\r\n</p>', '[缁涔板]搴虹‘璁ゆ跺扮嚎涓浠浠堕', 'email_tobuyer_order_outline_pay_ok_notify', '', '搴虹‘璁ゆ跺扮嚎涓浠', 'email');
INSERT INTO `wemall_template` VALUES ('229393', '2013-12-21 15:21:13', '\0', '$!{buyer.userName},ㄥソ锛<br />\r\n<br />\r\n&nbsp;&nbsp;&nbsp; ㄧ璁㈠$!{order.order_id}宸茬浜ゆ锛璇峰朵娆惧锛<br />\r\n<p>\r\n	&nbsp;&nbsp;&nbsp;&nbsp;&nbsp;&nbsp;&nbsp;&nbsp;&nbsp;&nbsp;&nbsp;&nbsp;&nbsp;&nbsp;&nbsp;&nbsp;&nbsp;&nbsp;&nbsp;&nbsp;&nbsp;&nbsp;&nbsp;&nbsp;&nbsp;&nbsp;&nbsp;&nbsp;&nbsp;&nbsp;&nbsp;&nbsp;&nbsp;&nbsp;&nbsp;&nbsp;&nbsp;&nbsp;&nbsp;&nbsp;&nbsp;&nbsp;&nbsp;&nbsp;&nbsp;&nbsp;&nbsp;&nbsp;&nbsp;&nbsp;&nbsp;&nbsp;&nbsp;&nbsp;&nbsp;&nbsp;&nbsp;&nbsp;&nbsp; $!{config.title}杩ュ㈤\r\n</p>\r\n<p>\r\n	&nbsp;&nbsp;&nbsp;&nbsp;&nbsp;&nbsp;&nbsp;&nbsp;&nbsp;&nbsp;&nbsp;&nbsp;&nbsp;&nbsp;&nbsp;&nbsp;&nbsp;&nbsp;&nbsp;&nbsp;&nbsp;&nbsp;&nbsp;&nbsp;&nbsp;&nbsp;&nbsp;&nbsp;&nbsp;&nbsp;&nbsp;&nbsp;&nbsp;&nbsp;&nbsp;&nbsp;&nbsp;&nbsp;&nbsp;&nbsp;&nbsp;&nbsp;&nbsp;&nbsp;&nbsp;&nbsp;&nbsp;&nbsp;&nbsp;&nbsp;&nbsp;&nbsp;&nbsp;&nbsp;&nbsp;&nbsp;&nbsp;&nbsp;&nbsp; $!{send_time}\r\n</p>', '[缁涔板]璁㈠浜ゆ浠堕', 'email_tobuyer_order_submit_ok_notify', '', '璁㈠浜ゆ浠堕', 'email');
INSERT INTO `wemall_template` VALUES ('229394', '2013-12-21 15:28:09', '\0', '$!{buyer.userName},ㄥソ锛<br />\r\n<br />\r\n&nbsp;&nbsp;&nbsp; ㄧ瀵$!{goods.goods_name}ㄨ锛浜澶锛璇瑙:$!{webPath}/goods_view_$!{goods.id}.htm<br />\r\n<br />\r\n&nbsp;&nbsp;&nbsp;&nbsp;&nbsp;&nbsp;&nbsp;&nbsp;&nbsp;&nbsp;&nbsp;&nbsp;&nbsp;&nbsp;&nbsp;&nbsp;&nbsp;&nbsp;&nbsp;&nbsp;&nbsp;&nbsp;&nbsp;&nbsp;&nbsp;&nbsp;&nbsp;&nbsp;&nbsp;&nbsp;&nbsp;&nbsp;&nbsp;&nbsp;&nbsp;&nbsp;&nbsp;&nbsp;&nbsp;&nbsp;&nbsp;&nbsp;&nbsp;&nbsp;&nbsp;&nbsp;&nbsp;&nbsp;&nbsp;&nbsp;&nbsp;&nbsp;&nbsp;&nbsp;&nbsp;&nbsp;&nbsp;&nbsp;&nbsp; $!{config.title}杩ュ㈤<br />\r\n<br />\r\n&nbsp;&nbsp;&nbsp;&nbsp;&nbsp;&nbsp;&nbsp;&nbsp;&nbsp;&nbsp;&nbsp;&nbsp;&nbsp;&nbsp;&nbsp;&nbsp;&nbsp;&nbsp;&nbsp;&nbsp;&nbsp;&nbsp;&nbsp;&nbsp;&nbsp;&nbsp;&nbsp;&nbsp;&nbsp;&nbsp;&nbsp;&nbsp;&nbsp;&nbsp;&nbsp;&nbsp;&nbsp;&nbsp;&nbsp;&nbsp;&nbsp;&nbsp;&nbsp;&nbsp;&nbsp;&nbsp;&nbsp;&nbsp;&nbsp;&nbsp;&nbsp;&nbsp;&nbsp;&nbsp;&nbsp;&nbsp;&nbsp;&nbsp;&nbsp; $!{send_time}', '[缁涔板]ㄨ㈠颁澶浠堕', 'email_tobuyer_cousult_reply_notify', '', 'ㄨ㈠颁澶', 'email');
INSERT INTO `wemall_template` VALUES ('229395', '2013-12-21 16:11:06', '\0', '$!{seller.userName},ㄥソ锛<br />\r\n&nbsp;&nbsp;&nbsp; $!{buyer.userName}娑浜璁㈠蜂负:$!{order.order_id}璁㈠锛<br />\r\n<br />\r\n&nbsp;&nbsp;&nbsp;&nbsp;&nbsp;&nbsp;&nbsp;&nbsp;&nbsp;&nbsp;&nbsp;&nbsp;&nbsp;&nbsp;&nbsp;&nbsp;&nbsp;&nbsp;&nbsp;&nbsp;&nbsp;&nbsp;&nbsp;&nbsp;&nbsp;&nbsp;&nbsp;&nbsp;&nbsp;&nbsp;&nbsp;&nbsp;&nbsp;&nbsp;&nbsp;&nbsp;&nbsp;&nbsp;&nbsp;&nbsp;&nbsp;&nbsp;&nbsp;&nbsp;&nbsp;&nbsp;&nbsp;&nbsp;&nbsp;&nbsp;&nbsp;&nbsp;&nbsp;&nbsp;&nbsp;&nbsp;&nbsp;&nbsp;&nbsp; $!{config.title}杩ュ㈤<br />\r\n<br />\r\n&nbsp;&nbsp;&nbsp;&nbsp;&nbsp;&nbsp;&nbsp;&nbsp;&nbsp;&nbsp;&nbsp;&nbsp;&nbsp;&nbsp;&nbsp;&nbsp;&nbsp;&nbsp;&nbsp;&nbsp;&nbsp;&nbsp;&nbsp;&nbsp;&nbsp;&nbsp;&nbsp;&nbsp;&nbsp;&nbsp;&nbsp;&nbsp;&nbsp;&nbsp;&nbsp;&nbsp;&nbsp;&nbsp;&nbsp;&nbsp;&nbsp;&nbsp;&nbsp;&nbsp;&nbsp;&nbsp;&nbsp;&nbsp;&nbsp;&nbsp;&nbsp;&nbsp;&nbsp;&nbsp;&nbsp;&nbsp;&nbsp;&nbsp;&nbsp; $!{send_time}', '[缁瀹]涔板跺娑浜璁㈠浠堕', 'email_toseller_order_cancel_notify', '', '涔板跺娑浜璁㈠', 'email');
INSERT INTO `wemall_template` VALUES ('229396', '2013-12-21 16:13:34', '\0', '$!{seller.userName},ㄥソ锛<br />\r\n&nbsp;&nbsp;&nbsp; $!{buyer.userName}瀵硅㈠蜂负:$!{order.order_id}璁㈠瀹浜绾夸浠娆撅璇峰跺℃革<br />\r\n<br />\r\n&nbsp;&nbsp;&nbsp;&nbsp;&nbsp;&nbsp;&nbsp;&nbsp;&nbsp;&nbsp;&nbsp;&nbsp;&nbsp;&nbsp;&nbsp;&nbsp;&nbsp;&nbsp;&nbsp;&nbsp;&nbsp;&nbsp;&nbsp;&nbsp;&nbsp;&nbsp;&nbsp;&nbsp;&nbsp;&nbsp;&nbsp;&nbsp;&nbsp;&nbsp;&nbsp;&nbsp;&nbsp;&nbsp;&nbsp;&nbsp;&nbsp;&nbsp;&nbsp;&nbsp;&nbsp;&nbsp;&nbsp;&nbsp;&nbsp;&nbsp;&nbsp;&nbsp;&nbsp;&nbsp;&nbsp;&nbsp;&nbsp;&nbsp;&nbsp; $!{config.title}杩ュ㈤<br />\r\n<br />\r\n&nbsp;&nbsp;&nbsp;&nbsp;&nbsp;&nbsp;&nbsp;&nbsp;&nbsp;&nbsp;&nbsp;&nbsp;&nbsp;&nbsp;&nbsp;&nbsp;&nbsp;&nbsp;&nbsp;&nbsp;&nbsp;&nbsp;&nbsp;&nbsp;&nbsp;&nbsp;&nbsp;&nbsp;&nbsp;&nbsp;&nbsp;&nbsp;&nbsp;&nbsp;&nbsp;&nbsp;&nbsp;&nbsp;&nbsp;&nbsp;&nbsp;&nbsp;&nbsp;&nbsp;&nbsp;&nbsp;&nbsp;&nbsp;&nbsp;&nbsp;&nbsp;&nbsp;&nbsp;&nbsp;&nbsp;&nbsp;&nbsp;&nbsp;&nbsp; $!{send_time}', '[缁瀹]涔板跺凡缁瀹绾夸浠娆剧浠堕', 'email_toseller_outline_pay_ok_notify', '', '涔板跺凡缁瀹绾夸浠娆', 'email');
INSERT INTO `wemall_template` VALUES ('229397', '2013-12-21 16:16:51', '\0', '$!{seller.userName},ㄥソ锛<br />\r\n&nbsp;&nbsp;&nbsp; $!{buyer.userName}宸茬纭璁よ㈠蜂负:$!{order.order_id}璁㈠惰揣锛<br />\r\n<br />\r\n&nbsp;&nbsp;&nbsp;&nbsp;&nbsp;&nbsp;&nbsp;&nbsp;&nbsp;&nbsp;&nbsp;&nbsp;&nbsp;&nbsp;&nbsp;&nbsp;&nbsp;&nbsp;&nbsp;&nbsp;&nbsp;&nbsp;&nbsp;&nbsp;&nbsp;&nbsp;&nbsp;&nbsp;&nbsp;&nbsp;&nbsp;&nbsp;&nbsp;&nbsp;&nbsp;&nbsp;&nbsp;&nbsp;&nbsp;&nbsp;&nbsp;&nbsp;&nbsp;&nbsp;&nbsp;&nbsp;&nbsp;&nbsp;&nbsp;&nbsp;&nbsp;&nbsp;&nbsp;&nbsp;&nbsp;&nbsp;&nbsp;&nbsp;&nbsp; $!{config.title}杩ュ㈤<br />\r\n<br />\r\n&nbsp;&nbsp;&nbsp;&nbsp;&nbsp;&nbsp;&nbsp;&nbsp;&nbsp;&nbsp;&nbsp;&nbsp;&nbsp;&nbsp;&nbsp;&nbsp;&nbsp;&nbsp;&nbsp;&nbsp;&nbsp;&nbsp;&nbsp;&nbsp;&nbsp;&nbsp;&nbsp;&nbsp;&nbsp;&nbsp;&nbsp;&nbsp;&nbsp;&nbsp;&nbsp;&nbsp;&nbsp;&nbsp;&nbsp;&nbsp;&nbsp;&nbsp;&nbsp;&nbsp;&nbsp;&nbsp;&nbsp;&nbsp;&nbsp;&nbsp;&nbsp;&nbsp;&nbsp;&nbsp;&nbsp;&nbsp;&nbsp;&nbsp;&nbsp; $!{send_time}', '[缁瀹]涔板剁‘璁ゆ惰揣浠堕', 'email_toseller_order_receive_ok_notify', '', '涔板剁‘璁ゆ惰揣', 'email');
INSERT INTO `wemall_template` VALUES ('229398', '2013-12-21 16:18:42', '\0', '$!{seller.userName},ㄥソ锛<br />\r\n&nbsp;&nbsp;&nbsp; $!{buyer.userName}宸茬瀵硅㈠蜂负:$!{order.order_id}璁㈠瀹璇浠凤<br />\r\n<br />\r\n&nbsp;&nbsp;&nbsp;&nbsp;&nbsp;&nbsp;&nbsp;&nbsp;&nbsp;&nbsp;&nbsp;&nbsp;&nbsp;&nbsp;&nbsp;&nbsp;&nbsp;&nbsp;&nbsp;&nbsp;&nbsp;&nbsp;&nbsp;&nbsp;&nbsp;&nbsp;&nbsp;&nbsp;&nbsp;&nbsp;&nbsp;&nbsp;&nbsp;&nbsp;&nbsp;&nbsp;&nbsp;&nbsp;&nbsp;&nbsp;&nbsp;&nbsp;&nbsp;&nbsp;&nbsp;&nbsp;&nbsp;&nbsp;&nbsp;&nbsp;&nbsp;&nbsp;&nbsp;&nbsp;&nbsp;&nbsp;&nbsp;&nbsp;&nbsp; $!{config.title}杩ュ㈤<br />\r\n<br />\r\n&nbsp;&nbsp;&nbsp;&nbsp;&nbsp;&nbsp;&nbsp;&nbsp;&nbsp;&nbsp;&nbsp;&nbsp;&nbsp;&nbsp;&nbsp;&nbsp;&nbsp;&nbsp;&nbsp;&nbsp;&nbsp;&nbsp;&nbsp;&nbsp;&nbsp;&nbsp;&nbsp;&nbsp;&nbsp;&nbsp;&nbsp;&nbsp;&nbsp;&nbsp;&nbsp;&nbsp;&nbsp;&nbsp;&nbsp;&nbsp;&nbsp;&nbsp;&nbsp;&nbsp;&nbsp;&nbsp;&nbsp;&nbsp;&nbsp;&nbsp;&nbsp;&nbsp;&nbsp;&nbsp;&nbsp;&nbsp;&nbsp;&nbsp;&nbsp; $!{send_time}<br />', '[缁瀹]涔板跺璇浠风浠堕', 'email_toseller_evaluate_ok_notify', '', '涔板跺璇浠风浠堕', 'email');
INSERT INTO `wemall_template` VALUES ('229399', '2013-12-21 16:29:06', '\0', '$!{buyer.userName}锛ㄥソ锛ㄧ璁㈠$!{order.order_id}璐圭ㄨ翠负$!{order.totalPrice}$!{config.title}$!{send_time}', '[缁涔板]搴鸿翠璁㈠璐圭ㄧ淇￠', 'sms_tobuyer_order_fee_notify', '', '搴鸿翠璁㈠璐圭ㄧ淇', 'sms');
INSERT INTO `wemall_template` VALUES ('229400', '2013-12-21 16:30:47', '\0', '$!{buyer.userName}锛ㄥソ锛ㄧ璁㈠$!{order.order_id}宸茬璐э璇璇风诲$!{webPath}涔板跺版ョ$!{config.title}$!{send_time}', '[缁涔板]璁㈠宸插璐х淇￠', 'sms_tobuyer_order_ship_notify', '', '璁㈠宸插璐х淇', 'sms');
INSERT INTO `wemall_template` VALUES ('229401', '2013-12-21 16:33:07', '\0', '$!{buyer.userName}锛ㄥソ锛ㄧ璁㈠$!{order.order_id}宸茬娑锛璇璇风诲$!{webPath}涔板跺版ョ$!{config.title}$!{send_time}', '[缁涔板]璁㈠琚娑淇￠', 'sms_tobuyer_order_cancel_notify', '', '璁㈠琚娑淇', 'sms');
INSERT INTO `wemall_template` VALUES ('229402', '2013-12-21 16:33:59', '\0', '$!{buyer.userName}锛ㄥソ锛ㄧ璁㈠$!{order.order_id}宸茬跺扮嚎涓浠娆撅璇璇风诲$!{webPath}涔板跺版ョ$!{config.title}$!{send_time}', '[缁涔板]瀹剁‘璁ゆ跺扮嚎涓浠淇￠', 'sms_tobuyer_order_outline_pay_ok_notify', '', '瀹剁‘璁ゆ跺扮嚎涓浠淇￠', 'sms');
INSERT INTO `wemall_template` VALUES ('229403', '2013-12-21 16:36:31', '\0', '$!{buyer.userName}锛ㄥソ锛ㄧ璁㈠$!{order.order_id}宸茬浜ゆ锛璇璇风诲$!{config.title}涔板跺版ョ锛$!{config.title}$!{send_time}', '[缁涔板]璁㈠浜ゆ淇￠', 'sms_tobuyer_order_submit_ok_notify', '', '璁㈠浜ゆ淇￠', 'sms');
INSERT INTO `wemall_template` VALUES ('229404', '2013-12-21 16:38:34', '\0', '$!{seller.userName}锛ㄥソ锛$!{buyer.userName}娑浜璁㈠$!{order.order_id}锛璇璇风诲$!{webPath}瀹跺版ョ$!{config.title}$!{send_time}', '[缁瀹]涔板跺娑浜璁㈠淇￠', 'sms_toseller_order_cancel_notify', '', '涔板跺娑浜璁㈠淇￠', 'sms');
INSERT INTO `wemall_template` VALUES ('229405', '2013-12-21 16:40:07', '\0', '$!{seller.userName}锛ㄥソ锛$!{buyer.userName}浜や璁㈠$!{order.order_id}绾夸浠娆撅璇璇风诲$!{webPath}瀹跺版ョ$!{config.title}$!{send_time}', '[缁瀹]涔板跺凡缁瀹绾夸浠娆剧淇￠', 'sms_toseller_outline_pay_ok_notify', '', '涔板跺凡缁瀹绾夸浠娆剧淇￠', 'sms');
INSERT INTO `wemall_template` VALUES ('229406', '2013-12-21 16:41:19', '\0', '$!{seller.userName}锛ㄥソ锛$!{buyer.userName}纭璁や璁㈠$!{order.order_id}绾夸惰揣锛璇璇风诲$!{webPath}瀹跺版ョ$!{config.title}$!{send_time}', '[缁瀹]涔板剁‘璁ゆ惰揣淇￠', 'sms_toseller_order_receive_ok_notify', '', '涔板剁‘璁ゆ惰揣淇￠', 'sms');
INSERT INTO `wemall_template` VALUES ('229407', '2014-03-25 16:35:25', '\0', '$!{user.userName}锛ㄥソ锛ㄥ$!{config.title}ㄦ峰涓$!{user.userName},浜$!{send_time}缁瀹哄$!{user.mobile},濡锛璇峰朵$!{config.title}绯伙', '[缁涔板]ㄦ风瀹哄风淇℃绀', 'sms_tobuyer_mobilebind_notify', '', 'ㄦ风瀹哄风淇℃绀', 'sms');
INSERT INTO `wemall_template` VALUES ('229408', '2014-03-25 16:53:13', '\0', '$!{user.userName}锛ㄥソ锛ㄤ$!{send_time}瀵淇规锛$!{config.title}', '[缁涔板]ㄦ峰淇规淇℃绀', 'sms_tobuyer_pws_modify_notify', '', 'ㄦ峰淇规淇℃绀', 'sms');
INSERT INTO `wemall_template` VALUES ('229409', '2014-03-25 17:02:45', '\0', '$!{seller.userName}锛ㄥソ锛$!{buyer.userName}璁㈠$!{order.order_id}浣跨ㄩ瀛娆句娆炬锛璇峰跺璐с$!{config.title}$!{send_time}', '[缁瀹]涔板跺凡缁瀹棰瀛娆句娆剧淇￠', 'sms_toseller_balance_pay_ok_notify', '', '涔板跺凡缁瀹棰瀛娆句娆剧淇￠', 'sms');
INSERT INTO `wemall_template` VALUES ('229410', '2014-03-25 17:04:43', '\0', '$!{buyer.userName}锛ㄥソ锛ㄧ璁㈠$!{order.order_id}浣跨ㄩ瀛娆惧瀹$!{seller.store.store_name}浠娆炬锛璇风寰瀹跺璐с$!{config.title}$!{send_time}', '[缁涔板]涔板跺棰瀛娆句娆剧淇￠', 'sms_tobuyer_balance_pay_ok_notify', '', '涔板跺棰瀛娆句娆剧淇￠', 'sms');
INSERT INTO `wemall_template` VALUES ('229411', '2014-03-25 17:06:43', '\0', '$!{seller.userName}锛ㄥソ锛$!{buyer.userName}璁㈠$!{order.order_id}浣跨ㄩ瀛娆句娆炬锛璇峰跺璐с<br />\r\n<p>\r\n	<span></span>&nbsp;&nbsp;&nbsp;&nbsp;&nbsp;&nbsp;&nbsp;&nbsp;&nbsp;&nbsp;&nbsp;&nbsp;&nbsp;&nbsp;&nbsp;&nbsp;&nbsp;&nbsp;&nbsp;&nbsp;&nbsp;&nbsp;&nbsp;&nbsp;&nbsp;&nbsp;&nbsp;&nbsp;&nbsp;&nbsp;&nbsp;&nbsp;&nbsp;&nbsp;&nbsp;&nbsp;&nbsp;&nbsp;&nbsp;&nbsp;&nbsp;&nbsp;&nbsp;&nbsp;&nbsp;&nbsp;&nbsp;&nbsp;&nbsp;&nbsp;&nbsp;&nbsp;&nbsp;&nbsp;&nbsp;&nbsp;&nbsp;&nbsp;&nbsp;&nbsp;&nbsp;&nbsp;&nbsp;&nbsp;&nbsp;&nbsp;&nbsp;&nbsp;&nbsp;&nbsp;&nbsp;&nbsp;&nbsp;&nbsp;&nbsp;&nbsp;&nbsp;&nbsp;&nbsp;&nbsp;&nbsp;&nbsp;&nbsp;&nbsp;&nbsp;&nbsp;&nbsp;&nbsp;&nbsp;&nbsp;&nbsp;&nbsp;&nbsp;&nbsp;&nbsp;&nbsp;&nbsp;&nbsp;&nbsp;&nbsp;&nbsp;&nbsp;&nbsp;&nbsp;&nbsp;&nbsp;&nbsp;&nbsp;&nbsp;&nbsp;&nbsp;&nbsp;&nbsp;&nbsp;&nbsp;&nbsp;&nbsp;&nbsp;&nbsp;&nbsp;&nbsp;&nbsp;&nbsp;&nbsp;&nbsp; $!{config.title}\r\n</p>\r\n<p>\r\n	<span></span>&nbsp;&nbsp;&nbsp;&nbsp;&nbsp;&nbsp;&nbsp;&nbsp;&nbsp;&nbsp;&nbsp;&nbsp;&nbsp;&nbsp;&nbsp;&nbsp;&nbsp;&nbsp;&nbsp;&nbsp;&nbsp;&nbsp;&nbsp;&nbsp;&nbsp;&nbsp;&nbsp;&nbsp;&nbsp;&nbsp;&nbsp;&nbsp;&nbsp;&nbsp;&nbsp;&nbsp;&nbsp;&nbsp;&nbsp;&nbsp;&nbsp;&nbsp;&nbsp;&nbsp;&nbsp;&nbsp;&nbsp;&nbsp;&nbsp;&nbsp;&nbsp;&nbsp;&nbsp;&nbsp;&nbsp;&nbsp;&nbsp;&nbsp;&nbsp;&nbsp;&nbsp;&nbsp;&nbsp;&nbsp;&nbsp;&nbsp;&nbsp;&nbsp;&nbsp;&nbsp;&nbsp;&nbsp;&nbsp;&nbsp;&nbsp;&nbsp;&nbsp;&nbsp;&nbsp;&nbsp;&nbsp;&nbsp;&nbsp;&nbsp;&nbsp;&nbsp;&nbsp;&nbsp;&nbsp;&nbsp;&nbsp;&nbsp;&nbsp;&nbsp;&nbsp;&nbsp;&nbsp;&nbsp;&nbsp;&nbsp;&nbsp;&nbsp;&nbsp;&nbsp;&nbsp;&nbsp;&nbsp;&nbsp;&nbsp;&nbsp;&nbsp;&nbsp;&nbsp;&nbsp;&nbsp;&nbsp;&nbsp;&nbsp;&nbsp;&nbsp;&nbsp;&nbsp;&nbsp;&nbsp;&nbsp; $!{send_time}\r\n</p>', '[缁瀹]涔板跺凡缁瀹棰瀛娆句娆剧浠堕', 'email_toseller_balance_pay_ok_notify', '', '涔板跺凡缁瀹棰瀛娆句娆剧浠堕', 'email');
INSERT INTO `wemall_template` VALUES ('229412', '2014-03-25 17:07:36', '\0', '<p>\r\n	$!{buyer.userName}锛ㄥソ锛ㄧ璁㈠$!{order.order_id}浣跨$!{order.payment.name}瀹$!{seller.store.store_name}浠娆炬锛璇风寰瀹跺璐с\r\n</p>\r\n<p align=\"right\">\r\n	$!{config.title}\r\n</p>\r\n<p align=\"right\">\r\n	$!{send_time}\r\n</p>', '[缁涔板]涔板跺ㄧ嚎浠娆剧浠堕', 'email_tobuyer_online_pay_ok_notify', '', '涔板跺ㄧ嚎浠娆剧浠堕', 'email');
INSERT INTO `wemall_template` VALUES ('229413', '2014-03-25 18:02:16', '\0', '$!{seller.userName}锛ㄥソ锛$!{buyer.userName}璁㈠$!{order.order_id}浣跨$!{order.payment.name}浠娆炬锛璇峰跺璐с<br />\r\n<p>\r\n	<span></span>&nbsp;&nbsp;&nbsp;&nbsp;&nbsp;&nbsp;&nbsp;&nbsp;&nbsp;&nbsp;&nbsp;&nbsp;&nbsp;&nbsp;&nbsp;&nbsp;&nbsp;&nbsp;&nbsp;&nbsp;&nbsp;&nbsp;&nbsp;&nbsp;&nbsp;&nbsp;&nbsp;&nbsp;&nbsp;&nbsp;&nbsp;&nbsp;&nbsp;&nbsp;&nbsp;&nbsp;&nbsp;&nbsp;&nbsp;&nbsp;&nbsp;&nbsp;&nbsp;&nbsp;&nbsp;&nbsp;&nbsp;&nbsp;&nbsp;&nbsp;&nbsp;&nbsp;&nbsp;&nbsp;&nbsp;&nbsp;&nbsp;&nbsp;&nbsp;&nbsp;&nbsp;&nbsp;&nbsp;&nbsp;&nbsp;&nbsp;&nbsp;&nbsp;&nbsp;&nbsp;&nbsp;&nbsp;&nbsp;&nbsp;&nbsp;&nbsp;&nbsp;&nbsp;&nbsp;&nbsp;&nbsp;&nbsp;&nbsp;&nbsp;&nbsp;&nbsp;&nbsp;&nbsp;&nbsp;&nbsp;&nbsp;&nbsp;&nbsp;&nbsp;&nbsp;&nbsp;&nbsp;&nbsp;&nbsp;&nbsp;&nbsp;&nbsp;&nbsp;&nbsp;&nbsp;&nbsp;&nbsp;&nbsp;&nbsp;&nbsp;&nbsp;&nbsp;&nbsp;&nbsp;&nbsp;&nbsp;&nbsp;&nbsp;&nbsp;&nbsp;&nbsp;&nbsp;&nbsp;&nbsp;&nbsp; $!{config.title}\r\n</p>\r\n<p>\r\n	<span></span>&nbsp;&nbsp;&nbsp;&nbsp;&nbsp;&nbsp;&nbsp;&nbsp;&nbsp;&nbsp;&nbsp;&nbsp;&nbsp;&nbsp;&nbsp;&nbsp;&nbsp;&nbsp;&nbsp;&nbsp;&nbsp;&nbsp;&nbsp;&nbsp;&nbsp;&nbsp;&nbsp;&nbsp;&nbsp;&nbsp;&nbsp;&nbsp;&nbsp;&nbsp;&nbsp;&nbsp;&nbsp;&nbsp;&nbsp;&nbsp;&nbsp;&nbsp;&nbsp;&nbsp;&nbsp;&nbsp;&nbsp;&nbsp;&nbsp;&nbsp;&nbsp;&nbsp;&nbsp;&nbsp;&nbsp;&nbsp;&nbsp;&nbsp;&nbsp;&nbsp;&nbsp;&nbsp;&nbsp;&nbsp;&nbsp;&nbsp;&nbsp;&nbsp;&nbsp;&nbsp;&nbsp;&nbsp;&nbsp;&nbsp;&nbsp;&nbsp;&nbsp;&nbsp;&nbsp;&nbsp;&nbsp;&nbsp;&nbsp;&nbsp;&nbsp;&nbsp;&nbsp;&nbsp;&nbsp;&nbsp;&nbsp;&nbsp;&nbsp;&nbsp;&nbsp;&nbsp;&nbsp;&nbsp;&nbsp;&nbsp;&nbsp;&nbsp;&nbsp;&nbsp;&nbsp;&nbsp;&nbsp;&nbsp;&nbsp;&nbsp;&nbsp;&nbsp;&nbsp;&nbsp;&nbsp;&nbsp;&nbsp;&nbsp;&nbsp;&nbsp;&nbsp;&nbsp;&nbsp;&nbsp;&nbsp; $!{send_time}\r\n</p>', '[缁瀹]涔板跺凡缁瀹ㄧ嚎浠娆剧浠堕', 'email_toseller_online_pay_ok_notify', '', '涔板跺凡缁瀹ㄧ嚎浠娆剧浠堕', 'email');
INSERT INTO `wemall_template` VALUES ('229414', '2014-03-25 18:03:03', '\0', '$!{buyer.userName}锛ㄥソ锛ㄧ璁㈠$!{order.order_id}浣跨$!{order.payment.name}瀹$!{seller.store.store_name}浠娆炬锛璇风寰瀹跺璐с$!{config.title}$!{send_time}', '[缁涔板]涔板跺ㄧ嚎浠娆剧淇￠', 'sms_tobuyer_online_pay_ok_notify', '', '涔板跺ㄧ嚎浠娆剧淇￠', 'sms');
INSERT INTO `wemall_template` VALUES ('229415', '2014-03-25 18:03:58', '\0', '$!{seller.userName}锛ㄥソ锛$!{buyer.userName}璁㈠$!{order.order_id}浣跨$!{order.payment.name}浠娆炬锛璇峰跺璐с$!{config.title} $!{send_time}', '[缁瀹]涔板跺凡缁瀹ㄧ嚎浠娆剧淇￠', 'sms_toseller_online_pay_ok_notify', '', '涔板跺凡缁瀹ㄧ嚎浠娆剧淇￠', 'sms');

-- ----------------------------
-- Table structure for wemall_transport
-- ----------------------------
DROP TABLE IF EXISTS `wemall_transport`;
CREATE TABLE `wemall_transport` (
  `id` bigint(20) NOT NULL AUTO_INCREMENT,
  `addTime` datetime DEFAULT NULL,
  `deleteStatus` bit(1) NOT NULL,
  `trans_ems` bit(1) NOT NULL,
  `trans_ems_info` longtext,
  `trans_express` bit(1) NOT NULL,
  `trans_express_info` longtext,
  `trans_mail` bit(1) NOT NULL,
  `trans_mail_info` longtext,
  `trans_name` varchar(255) DEFAULT NULL,
  `store_id` bigint(20) DEFAULT NULL,
  `trans_time` int(11) DEFAULT '0',
  `trans_type` int(11) DEFAULT '0',
  PRIMARY KEY (`id`),
  UNIQUE KEY `id` (`id`),
  KEY `FK58C67F38920D7683` (`store_id`),
  CONSTRAINT `FK58C67F38920D7683` FOREIGN KEY (`store_id`) REFERENCES `wemall_store` (`id`)
) ENGINE=InnoDB AUTO_INCREMENT=5 DEFAULT CHARSET=utf8;

-- ----------------------------
-- Records of wemall_transport
-- ----------------------------
INSERT INTO `wemall_transport` VALUES ('1', '2014-09-16 12:02:24', '\0', '', '[{\"city_id\":\"-1\",\"city_name\":\"ㄥ\",\"trans_add_fee\":20.0,\"trans_fee\":20.0,\"trans_add_weight\":1,\"trans_weight\":1}, {\"city_id\":\"347,346,345,344,343,342,341,340,\",\"city_name\":\"娴峰娴峰娴蜂娲娴疯タ瑗垮榛\",\"trans_add_fee\":22.0,\"trans_fee\":22.0,\"trans_add_weight\":1,\"trans_weight\":1}]', '', '[{\"city_id\":\"-1\",\"city_name\":\"ㄥ\",\"trans_add_fee\":15.0,\"trans_fee\":15.0,\"trans_add_weight\":1,\"trans_weight\":1}, {\"city_id\":\"74,16,\",\"city_name\":\"浜涓娴枫\",\"trans_add_fee\":3.0,\"trans_fee\":14.0,\"trans_add_weight\":1,\"trans_weight\":1}, {\"city_id\":\"29,28,27,26,25,24,23,22,21,20,19,18,17,\",\"city_name\":\"宸宸甯稿娉板姹瀹胯杩浜娓°寰宸娣瀹浜\",\"trans_add_fee\":2.0,\"trans_fee\":13.0,\"trans_add_weight\":1,\"trans_weight\":1}]', '', '[{\"city_id\":\"-1\",\"city_name\":\"ㄥ\",\"trans_add_fee\":10.0,\"trans_fee\":10.0,\"trans_add_weight\":1,\"trans_weight\":1}, {\"city_id\":\"29,28,27,26,25,24,23,22,21,20,19,18,17,\",\"city_name\":\"宸宸甯稿娉板姹瀹胯杩浜娓°寰宸娣瀹浜\",\"trans_add_fee\":11.0,\"trans_fee\":11.0,\"trans_add_weight\":1,\"trans_weight\":1}, {\"city_id\":\"40,39,38,37,36,35,34,33,32,31,30,\",\"city_name\":\"板涓芥按淬婀宸娓╁瀹娉缁淬宸琛㈠灞便\",\"trans_add_fee\":12.0,\"trans_fee\":12.0,\"trans_add_weight\":1,\"trans_weight\":1}, {\"city_id\":\"56,55,54,53,52,51,50,49,48,47,46,45,44,43,42,41,\",\"city_name\":\"炽瀹瀹垮瀹搴姹宸浜冲瀹ｅャ榛灞便娣椹灞便点娣婀婊宸\",\"trans_add_fee\":10.0,\"trans_fee\":10.0,\"trans_add_weight\":1,\"trans_weight\":1}]', '椤轰赴妯℃', '32768', '12', '0');
INSERT INTO `wemall_transport` VALUES ('2', '2014-09-24 16:44:08', '\0', '', '[{\"city_id\":\"-1\",\"city_name\":\"ㄥ\",\"trans_add_fee\":5.0,\"trans_fee\":20.0,\"trans_add_weight\":1,\"trans_weight\":1}, {\"city_id\":\"67,66,65,64,63,62,61,60,59,58,57,56,55,54,53,52,51,50,49,48,47,46,45,44,43,42,41,40,39,38,37,36,35,34,33,32,31,30,29,28,27,26,25,24,23,22,21,20,19,18,17,16,\",\"city_name\":\"寰烽涔°宸璧ｅ瀹瀹ャ颁涓楗躲涔姹楣版江炽瀹瀹垮瀹搴姹宸浜冲瀹ｅャ榛灞便娣椹灞便点娣婀婊宸板涓芥按淬婀宸娓╁瀹娉缁淬宸琛㈠灞便宸宸甯稿娉板姹瀹胯杩浜娓°寰宸娣瀹浜涓娴枫\",\"trans_add_fee\":4.0,\"trans_fee\":20.0,\"trans_add_weight\":1,\"trans_weight\":1}, {\"city_id\":\"287,286,285,284,283,282,281,280,279,278,277,276,275,274,273,272,271,270,269,268,267,266,265,264,263,262,261,260,259,258,257,256,255,254,253,252,\",\"city_name\":\"涓版渤楦灞便楣ゅ灏婊ㄣ′腹姹浣虫ㄦ榻榻灏楦¤タ缁ュ浼ャ澶у榛娌炽澶у村宀挎ャ藉北惧杈芥藉骞炽寤惰竟椴涓逛宸宀宀杈介炽炽婧椤恒ュｃ般娌炽澶ц灞便\",\"trans_add_fee\":3.0,\"trans_fee\":20.0,\"trans_add_weight\":1,\"trans_weight\":1}]', '', '[{\"city_id\":\"-1\",\"city_name\":\"ㄥ\",\"trans_add_fee\":2.0,\"trans_fee\":12.0,\"trans_add_weight\":1,\"trans_weight\":1}, {\"city_id\":\"353,74,16,\",\"city_name\":\"搴浜涓娴枫\",\"trans_add_fee\":3.0,\"trans_fee\":13.0,\"trans_add_weight\":1,\"trans_weight\":1}, {\"city_id\":\"274,273,272,271,270,269,268,267,266,265,264,263,262,261,260,259,258,257,256,255,254,253,252,\",\"city_name\":\"挎ャ藉北惧杈芥藉骞炽寤惰竟椴涓逛宸宀宀杈介炽炽婧椤恒ュｃ般娌炽澶ц灞便\",\"trans_add_fee\":4.0,\"trans_fee\":14.0,\"trans_add_weight\":1,\"trans_weight\":1}]', '', '[{\"city_id\":\"-1\",\"city_name\":\"ㄥ\",\"trans_add_fee\":2.0,\"trans_fee\":10.0,\"trans_add_weight\":1,\"trans_weight\":1}, {\"city_id\":\"74,16,\",\"city_name\":\"浜涓娴枫\",\"trans_add_fee\":3.0,\"trans_fee\":10.0,\"trans_add_weight\":1,\"trans_weight\":1}, {\"city_id\":\"265,264,263,262,261,260,259,258,257,256,255,254,253,252,\",\"city_name\":\"涓逛宸宀宀杈介炽炽婧椤恒ュｃ般娌炽澶ц灞便\",\"trans_add_fee\":3.0,\"trans_fee\":10.0,\"trans_add_weight\":1,\"trans_weight\":1}]', '椤轰赴╂', '1', '24', '0');
INSERT INTO `wemall_transport` VALUES ('3', '2014-09-18 13:50:46', '\0', '', '[{\"city_id\":\"-1\",\"city_name\":\"ㄥ\",\"trans_add_fee\":20.0,\"trans_fee\":20.0,\"trans_add_weight\":1,\"trans_weight\":1}, {\"city_id\":\"347,346,345,344,343,342,341,340,\",\"city_name\":\"娴峰娴峰娴蜂娲娴疯タ瑗垮榛\",\"trans_add_fee\":22.0,\"trans_fee\":22.0,\"trans_add_weight\":1,\"trans_weight\":1}]', '', '[{\"city_id\":\"-1\",\"city_name\":\"ㄥ\",\"trans_add_fee\":15.0,\"trans_fee\":15.0,\"trans_add_weight\":1,\"trans_weight\":1}, {\"city_id\":\"74,16,\",\"city_name\":\"浜涓娴枫\",\"trans_add_fee\":3.0,\"trans_fee\":14.0,\"trans_add_weight\":1,\"trans_weight\":1}, {\"city_id\":\"29,28,27,26,25,24,23,22,21,20,19,18,17,\",\"city_name\":\"宸宸甯稿娉板姹瀹胯杩浜娓°寰宸娣瀹浜\",\"trans_add_fee\":2.0,\"trans_fee\":13.0,\"trans_add_weight\":1,\"trans_weight\":1}]', '', '[{\"city_id\":\"-1\",\"city_name\":\"ㄥ\",\"trans_add_fee\":10.0,\"trans_fee\":10.0,\"trans_add_weight\":1,\"trans_weight\":1}, {\"city_id\":\"29,28,27,26,25,24,23,22,21,20,19,18,17,\",\"city_name\":\"宸宸甯稿娉板姹瀹胯杩浜娓°寰宸娣瀹浜\",\"trans_add_fee\":11.0,\"trans_fee\":11.0,\"trans_add_weight\":1,\"trans_weight\":1}, {\"city_id\":\"40,39,38,37,36,35,34,33,32,31,30,\",\"city_name\":\"板涓芥按淬婀宸娓╁瀹娉缁淬宸琛㈠灞便\",\"trans_add_fee\":12.0,\"trans_fee\":12.0,\"trans_add_weight\":1,\"trans_weight\":1}, {\"city_id\":\"56,55,54,53,52,51,50,49,48,47,46,45,44,43,42,41,\",\"city_name\":\"炽瀹瀹垮瀹搴姹宸浜冲瀹ｅャ榛灞便娣椹灞便点娣婀婊宸\",\"trans_add_fee\":10.0,\"trans_fee\":10.0,\"trans_add_weight\":1,\"trans_weight\":1}]', '椤轰赴妯℃1', '32768', '24', '0');
INSERT INTO `wemall_transport` VALUES ('4', '2014-09-25 13:49:37', '\0', '', '[{\"city_id\":\"-1\",\"city_name\":\"ㄥ\",\"trans_add_fee\":5.0,\"trans_fee\":20.0,\"trans_add_weight\":1,\"trans_weight\":1}]', '', '[{\"city_id\":\"-1\",\"city_name\":\"ㄥ\",\"trans_add_fee\":2.0,\"trans_fee\":15.0,\"trans_add_weight\":1,\"trans_weight\":1}, {\"city_id\":\"127,126,125,124,123,122,121,120,119,118,117,116,115,114,113,112,111,110,109,108,107,106,105,104,103,102,101,100,99,98,97,96,95,94,93,92,91,90,89,88,86,85,84,83,82,81,80,79,78,77,76,75,74,67,66,65,64,63,62,61,60,59,58,57,56,55,54,53,52,51,50,49,48,47,46,45,44,43,42,41,40,39,38,37,36,35,34,33,32,31,30,29,28,27,26,25,24,23,22,21,20,19,18,17,16,\",\"city_name\":\"涔板甯挎村℃灏澶杈姐间鸡璐灏宸村溅娣灏璧ゅ嘲涔娴枫煎娴╃广澶淬绉宀冲跺娌у淇瀹㈠般灞便垮痉寮瀹跺ｃ搞琛℃按寤ョс寰峰婊ㄥ娉姐辫娴濞娴枫娉板涓ャ般娴瀹ｅ宀娼娣涓存宸挎不虫姊涓杩蹇诲澶澶у涓存本澶╂触浜寰烽涔°宸璧ｅ瀹瀹ャ颁涓楗躲涔姹楣版江炽瀹瀹垮瀹搴姹宸浜冲瀹ｅャ榛灞便娣椹灞便点娣婀婊宸板涓芥按淬婀宸娓╁瀹娉缁淬宸琛㈠灞便宸宸甯稿娉板姹瀹胯杩浜娓°寰宸娣瀹浜涓娴枫\",\"trans_add_fee\":3.0,\"trans_fee\":15.0,\"trans_add_weight\":1,\"trans_weight\":1}, {\"city_id\":\"287,286,285,284,283,282,281,280,279,278,277,276,275,274,273,272,271,270,269,268,267,266,265,264,263,262,261,260,259,258,257,256,255,254,253,252,179,178,177,176,175,174,173,172,171,170,169,168,167,166,165,164,163,162,161,160,159,158,157,156,155,154,153,152,151,150,149,148,147,146,145,144,143,142,141,140,139,138,137,136,135,134,133,132,131,\",\"city_name\":\"涓版渤楦灞便楣ゅ灏婊ㄣ′腹姹浣虫ㄦ榻榻灏楦¤タ缁ュ浼ャ澶у榛娌炽澶у村宀挎ャ藉北惧杈芥藉骞炽寤惰竟椴涓逛宸宀宀杈介炽炽婧椤恒ュｃ般娌炽澶ц灞便浣楣ゅ娴婧颁埂璁告婕娌炽涓ㄥ场ㄥｃ涓骞抽《灞便椹婚┈搴炽娲炽寮灏淇￠炽瀹炽宸婵炽瑗炽榛炽瀛浠妗娼姹澶╅ㄣ瀹姝姹ㄣ绁躲宸般宸稿榛╂姐宸婀娼琛￠炽娲层村甯稿痉濞搴宀抽炽寮瀹剁甸炽炽挎姘稿婀瑗裤\",\"trans_add_fee\":4.0,\"trans_fee\":16.0,\"trans_add_weight\":1,\"trans_weight\":1}]', '', '[{\"city_id\":\"-1\",\"city_name\":\"ㄥ\",\"trans_add_fee\":2.0,\"trans_fee\":10.0,\"trans_add_weight\":1,\"trans_weight\":1}, {\"city_id\":\"74,56,55,54,53,52,51,50,49,48,47,46,45,44,43,42,41,40,39,38,37,36,35,34,33,32,31,30,29,28,27,26,25,24,23,22,21,20,19,18,17,16,\",\"city_name\":\"浜炽瀹瀹垮瀹搴姹宸浜冲瀹ｅャ榛灞便娣椹灞便点娣婀婊宸板涓芥按淬婀宸娓╁瀹娉缁淬宸琛㈠灞便宸宸甯稿娉板姹瀹胯杩浜娓°寰宸娣瀹浜涓娴枫\",\"trans_add_fee\":2.0,\"trans_fee\":10.0,\"trans_add_weight\":1,\"trans_weight\":1}, {\"city_id\":\"265,264,263,262,261,260,259,258,257,256,255,254,253,252,104,103,102,101,100,99,98,97,96,95,94,93,92,91,90,89,88,86,85,84,83,82,81,80,79,78,77,76,75,\",\"city_name\":\"涓逛宸宀宀杈介炽炽婧椤恒ュｃ般娌炽澶ц灞便ョс寰峰婊ㄥ娉姐辫娴濞娴枫娉板涓ャ般娴瀹ｅ宀娼娣涓存宸挎不虫姊涓杩蹇诲澶澶у涓存本澶╂触\",\"trans_add_fee\":3.0,\"trans_fee\":12.0,\"trans_add_weight\":1,\"trans_weight\":1}]', '椤轰赴╂', '32769', '0', '1');

-- ----------------------------
-- Table structure for wemall_trans_area
-- ----------------------------
DROP TABLE IF EXISTS `wemall_trans_area`;
CREATE TABLE `wemall_trans_area` (
  `id` bigint(20) NOT NULL AUTO_INCREMENT,
  `addTime` datetime DEFAULT NULL,
  `deleteStatus` bit(1) NOT NULL,
  `areaName` varchar(255) DEFAULT NULL,
  `level` int(11) NOT NULL,
  `sequence` int(11) NOT NULL,
  `parent_id` bigint(20) DEFAULT NULL,
  PRIMARY KEY (`id`),
  UNIQUE KEY `id` (`id`),
  KEY `FK4A86F2FBB19097FD` (`parent_id`),
  CONSTRAINT `FK4A86F2FBB19097FD` FOREIGN KEY (`parent_id`) REFERENCES `wemall_trans_area` (`id`)
) ENGINE=InnoDB AUTO_INCREMENT=466 DEFAULT CHARSET=utf8;

-- ----------------------------
-- Records of wemall_trans_area
-- ----------------------------
INSERT INTO `wemall_trans_area` VALUES ('1', '2014-09-02 12:03:41', '\0', '涓', '0', '1', null);
INSERT INTO `wemall_trans_area` VALUES ('2', '2014-09-02 12:03:41', '\0', '', '0', '2', null);
INSERT INTO `wemall_trans_area` VALUES ('3', '2014-09-02 12:03:41', '\0', '涓', '0', '3', null);
INSERT INTO `wemall_trans_area` VALUES ('4', '2014-09-02 12:03:42', '\0', '', '0', '4', null);
INSERT INTO `wemall_trans_area` VALUES ('5', '2014-09-02 12:03:42', '\0', '涓', '0', '5', null);
INSERT INTO `wemall_trans_area` VALUES ('6', '2014-09-02 12:03:42', '\0', '瑗垮', '0', '6', null);
INSERT INTO `wemall_trans_area` VALUES ('7', '2014-09-02 12:03:42', '\0', '瑗垮', '0', '7', null);
INSERT INTO `wemall_trans_area` VALUES ('8', '2014-09-02 12:03:42', '\0', '娓婢冲', '0', '8', null);
INSERT INTO `wemall_trans_area` VALUES ('9', '2014-09-02 12:03:42', '\0', '娴峰', '0', '9', null);
INSERT INTO `wemall_trans_area` VALUES ('11', '2014-09-02 12:04:28', '\0', '涓娴', '1', '1', '1');
INSERT INTO `wemall_trans_area` VALUES ('12', '2014-09-02 12:04:28', '\0', '姹', '1', '2', '1');
INSERT INTO `wemall_trans_area` VALUES ('13', '2014-09-02 12:04:28', '\0', '娴姹', '1', '3', '1');
INSERT INTO `wemall_trans_area` VALUES ('14', '2014-09-02 12:04:28', '\0', '瀹寰', '1', '4', '1');
INSERT INTO `wemall_trans_area` VALUES ('15', '2014-09-02 12:04:28', '\0', '姹瑗', '1', '5', '1');
INSERT INTO `wemall_trans_area` VALUES ('16', '2014-09-02 12:04:50', '\0', '涓娴峰', '2', '1', '11');
INSERT INTO `wemall_trans_area` VALUES ('17', '2014-09-02 12:06:50', '\0', '浜甯', '2', '1', '12');
INSERT INTO `wemall_trans_area` VALUES ('18', '2014-09-02 12:06:50', '\0', '娣瀹甯', '2', '2', '12');
INSERT INTO `wemall_trans_area` VALUES ('19', '2014-09-02 12:06:50', '\0', '甯', '2', '3', '12');
INSERT INTO `wemall_trans_area` VALUES ('20', '2014-09-02 12:06:50', '\0', '寰宸甯', '2', '4', '12');
INSERT INTO `wemall_trans_area` VALUES ('21', '2014-09-02 12:06:50', '\0', '″', '2', '5', '12');
INSERT INTO `wemall_trans_area` VALUES ('22', '2014-09-02 12:06:50', '\0', '杩浜娓甯', '2', '6', '12');
INSERT INTO `wemall_trans_area` VALUES ('23', '2014-09-02 12:06:50', '\0', '瀹胯甯', '2', '7', '12');
INSERT INTO `wemall_trans_area` VALUES ('24', '2014-09-02 12:06:50', '\0', '甯', '2', '8', '12');
INSERT INTO `wemall_trans_area` VALUES ('25', '2014-09-02 12:06:50', '\0', '姹甯', '2', '9', '12');
INSERT INTO `wemall_trans_area` VALUES ('26', '2014-09-02 12:06:50', '\0', '娉板甯', '2', '10', '12');
INSERT INTO `wemall_trans_area` VALUES ('27', '2014-09-02 12:06:50', '\0', '甯稿甯', '2', '11', '12');
INSERT INTO `wemall_trans_area` VALUES ('28', '2014-09-02 12:06:50', '\0', '宸甯', '2', '12', '12');
INSERT INTO `wemall_trans_area` VALUES ('29', '2014-09-02 12:06:50', '\0', '宸', '2', '13', '12');
INSERT INTO `wemall_trans_area` VALUES ('30', '2014-09-02 12:22:28', '\0', '灞卞', '2', '1', '13');
INSERT INTO `wemall_trans_area` VALUES ('31', '2014-09-02 12:22:29', '\0', '琛㈠甯', '2', '2', '13');
INSERT INTO `wemall_trans_area` VALUES ('32', '2014-09-02 12:22:29', '\0', '宸甯', '2', '3', '13');
INSERT INTO `wemall_trans_area` VALUES ('33', '2014-09-02 12:22:29', '\0', '缁村', '2', '4', '13');
INSERT INTO `wemall_trans_area` VALUES ('34', '2014-09-02 12:22:29', '\0', '甯', '2', '5', '13');
INSERT INTO `wemall_trans_area` VALUES ('35', '2014-09-02 12:22:29', '\0', '瀹娉㈠', '2', '6', '13');
INSERT INTO `wemall_trans_area` VALUES ('36', '2014-09-02 12:22:29', '\0', '娓╁甯', '2', '7', '13');
INSERT INTO `wemall_trans_area` VALUES ('37', '2014-09-02 12:22:29', '\0', '婀宸甯', '2', '8', '13');
INSERT INTO `wemall_trans_area` VALUES ('38', '2014-09-02 12:22:29', '\0', '村', '2', '9', '13');
INSERT INTO `wemall_trans_area` VALUES ('39', '2014-09-02 12:22:29', '\0', '涓芥按甯', '2', '10', '13');
INSERT INTO `wemall_trans_area` VALUES ('40', '2014-09-02 12:22:29', '\0', '板甯', '2', '11', '13');
INSERT INTO `wemall_trans_area` VALUES ('41', '2014-09-02 12:25:37', '\0', '婊宸', '2', '1', '14');
INSERT INTO `wemall_trans_area` VALUES ('42', '2014-09-02 12:25:37', '\0', '婀', '2', '2', '14');
INSERT INTO `wemall_trans_area` VALUES ('43', '2014-09-02 12:25:37', '\0', '甯', '2', '3', '14');
INSERT INTO `wemall_trans_area` VALUES ('44', '2014-09-02 12:25:37', '\0', '娣甯', '2', '4', '14');
INSERT INTO `wemall_trans_area` VALUES ('45', '2014-09-02 12:25:37', '\0', '靛', '2', '5', '14');
INSERT INTO `wemall_trans_area` VALUES ('46', '2014-09-02 12:25:37', '\0', '椹灞卞', '2', '6', '14');
INSERT INTO `wemall_trans_area` VALUES ('47', '2014-09-02 12:25:37', '\0', '娣甯', '2', '7', '14');
INSERT INTO `wemall_trans_area` VALUES ('48', '2014-09-02 12:25:37', '\0', '榛灞卞', '2', '8', '14');
INSERT INTO `wemall_trans_area` VALUES ('49', '2014-09-02 12:25:37', '\0', 'ュ', '2', '9', '14');
INSERT INTO `wemall_trans_area` VALUES ('50', '2014-09-02 12:25:37', '\0', '瀹ｅ甯', '2', '10', '14');
INSERT INTO `wemall_trans_area` VALUES ('51', '2014-09-02 12:25:37', '\0', '浜冲甯', '2', '11', '14');
INSERT INTO `wemall_trans_area` VALUES ('52', '2014-09-02 12:25:37', '\0', '姹宸甯', '2', '12', '14');
INSERT INTO `wemall_trans_area` VALUES ('53', '2014-09-02 12:25:37', '\0', '瀹搴', '2', '13', '14');
INSERT INTO `wemall_trans_area` VALUES ('54', '2014-09-02 12:25:37', '\0', '瀹垮', '2', '14', '14');
INSERT INTO `wemall_trans_area` VALUES ('55', '2014-09-02 12:25:38', '\0', '瀹甯', '2', '15', '14');
INSERT INTO `wemall_trans_area` VALUES ('56', '2014-09-02 12:25:38', '\0', '冲', '2', '16', '14');
INSERT INTO `wemall_trans_area` VALUES ('57', '2014-09-05 13:42:05', '\0', '楣版江甯', '2', '0', '15');
INSERT INTO `wemall_trans_area` VALUES ('58', '2014-09-05 13:42:05', '\0', '涔姹甯', '2', '0', '15');
INSERT INTO `wemall_trans_area` VALUES ('59', '2014-09-05 13:42:05', '\0', '涓楗跺', '2', '0', '15');
INSERT INTO `wemall_trans_area` VALUES ('60', '2014-09-05 13:42:05', '\0', '颁甯', '2', '0', '15');
INSERT INTO `wemall_trans_area` VALUES ('61', '2014-09-05 13:42:05', '\0', '瀹ュ', '2', '0', '15');
INSERT INTO `wemall_trans_area` VALUES ('62', '2014-09-05 13:42:05', '\0', '瀹甯', '2', '0', '15');
INSERT INTO `wemall_trans_area` VALUES ('63', '2014-09-05 13:42:05', '\0', '甯', '2', '0', '15');
INSERT INTO `wemall_trans_area` VALUES ('64', '2014-09-05 13:42:05', '\0', '璧ｅ甯', '2', '0', '15');
INSERT INTO `wemall_trans_area` VALUES ('65', '2014-09-05 13:42:05', '\0', '宸甯', '2', '0', '15');
INSERT INTO `wemall_trans_area` VALUES ('66', '2014-09-05 13:42:05', '\0', '涔″', '2', '0', '15');
INSERT INTO `wemall_trans_area` VALUES ('67', '2014-09-05 13:42:05', '\0', '寰烽甯', '2', '0', '15');
INSERT INTO `wemall_trans_area` VALUES ('68', '2014-09-05 13:59:29', '\0', '浜', '1', '1', '2');
INSERT INTO `wemall_trans_area` VALUES ('69', '2014-09-05 13:59:29', '\0', '澶╂触', '1', '2', '2');
INSERT INTO `wemall_trans_area` VALUES ('70', '2014-09-05 13:59:29', '\0', '灞辫タ', '1', '3', '2');
INSERT INTO `wemall_trans_area` VALUES ('71', '2014-09-05 13:59:29', '\0', '灞变', '1', '4', '2');
INSERT INTO `wemall_trans_area` VALUES ('72', '2014-09-05 13:59:29', '\0', '娌冲', '1', '5', '2');
INSERT INTO `wemall_trans_area` VALUES ('73', '2014-09-05 13:59:29', '\0', '', '1', '6', '2');
INSERT INTO `wemall_trans_area` VALUES ('74', '2014-09-05 13:59:54', '\0', '浜', '2', '1', '68');
INSERT INTO `wemall_trans_area` VALUES ('75', '2014-09-05 14:00:08', '\0', '澶╂触甯', '2', '1', '69');
INSERT INTO `wemall_trans_area` VALUES ('76', '2014-09-05 16:44:45', '\0', '涓存本甯', '2', '1', '70');
INSERT INTO `wemall_trans_area` VALUES ('77', '2014-09-05 16:44:45', '\0', '澶у甯', '2', '2', '70');
INSERT INTO `wemall_trans_area` VALUES ('78', '2014-09-05 16:44:45', '\0', '澶甯', '2', '3', '70');
INSERT INTO `wemall_trans_area` VALUES ('79', '2014-09-05 16:44:45', '\0', '蹇诲甯', '2', '4', '70');
INSERT INTO `wemall_trans_area` VALUES ('80', '2014-09-05 16:44:45', '\0', '杩甯', '2', '5', '70');
INSERT INTO `wemall_trans_area` VALUES ('81', '2014-09-05 16:44:45', '\0', '涓甯', '2', '6', '70');
INSERT INTO `wemall_trans_area` VALUES ('82', '2014-09-05 16:44:45', '\0', '姊甯', '2', '7', '70');
INSERT INTO `wemall_trans_area` VALUES ('83', '2014-09-05 16:44:45', '\0', '虫甯', '2', '8', '70');
INSERT INTO `wemall_trans_area` VALUES ('84', '2014-09-05 16:44:45', '\0', '挎不甯', '2', '9', '70');
INSERT INTO `wemall_trans_area` VALUES ('85', '2014-09-05 16:44:45', '\0', '甯', '2', '10', '70');
INSERT INTO `wemall_trans_area` VALUES ('86', '2014-09-05 16:44:45', '\0', '宸甯', '2', '11', '70');
INSERT INTO `wemall_trans_area` VALUES ('88', '2014-09-05 16:47:34', '\0', '涓存', '2', '1', '71');
INSERT INTO `wemall_trans_area` VALUES ('89', '2014-09-05 16:47:34', '\0', '娣', '2', '2', '71');
INSERT INTO `wemall_trans_area` VALUES ('90', '2014-09-05 16:47:34', '\0', '娼甯', '2', '3', '71');
INSERT INTO `wemall_trans_area` VALUES ('91', '2014-09-05 16:47:34', '\0', '宀', '2', '4', '71');
INSERT INTO `wemall_trans_area` VALUES ('92', '2014-09-05 16:47:34', '\0', 'ｅ甯', '2', '5', '71');
INSERT INTO `wemall_trans_area` VALUES ('93', '2014-09-05 16:47:34', '\0', '娴瀹甯', '2', '6', '71');
INSERT INTO `wemall_trans_area` VALUES ('94', '2014-09-05 16:47:34', '\0', '', '2', '7', '71');
INSERT INTO `wemall_trans_area` VALUES ('95', '2014-09-05 16:47:34', '\0', '涓', '2', '8', '71');
INSERT INTO `wemall_trans_area` VALUES ('96', '2014-09-05 16:47:34', '\0', '娉板甯', '2', '9', '71');
INSERT INTO `wemall_trans_area` VALUES ('97', '2014-09-05 16:47:34', '\0', '濞娴峰', '2', '10', '71');
INSERT INTO `wemall_trans_area` VALUES ('98', '2014-09-05 16:47:34', '\0', '娴甯', '2', '11', '71');
INSERT INTO `wemall_trans_area` VALUES ('99', '2014-09-05 16:47:34', '\0', '辫甯', '2', '12', '71');
INSERT INTO `wemall_trans_area` VALUES ('100', '2014-09-05 16:47:35', '\0', '娉藉', '2', '13', '71');
INSERT INTO `wemall_trans_area` VALUES ('101', '2014-09-05 16:47:35', '\0', '婊ㄥ甯', '2', '14', '71');
INSERT INTO `wemall_trans_area` VALUES ('102', '2014-09-05 16:47:35', '\0', '甯', '2', '15', '71');
INSERT INTO `wemall_trans_area` VALUES ('103', '2014-09-05 16:47:35', '\0', '寰峰甯', '2', '16', '71');
INSERT INTO `wemall_trans_area` VALUES ('104', '2014-09-05 16:47:35', '\0', 'ョу', '2', '17', '71');
INSERT INTO `wemall_trans_area` VALUES ('105', '2014-09-05 16:50:58', '\0', '寤甯', '2', '1', '72');
INSERT INTO `wemall_trans_area` VALUES ('106', '2014-09-05 16:50:58', '\0', '琛℃按甯', '2', '2', '72');
INSERT INTO `wemall_trans_area` VALUES ('107', '2014-09-05 16:50:58', '\0', '稿', '2', '3', '72');
INSERT INTO `wemall_trans_area` VALUES ('108', '2014-09-05 16:50:58', '\0', '寮瀹跺ｅ', '2', '4', '72');
INSERT INTO `wemall_trans_area` VALUES ('109', '2014-09-05 16:50:58', '\0', '垮痉甯', '2', '5', '72');
INSERT INTO `wemall_trans_area` VALUES ('110', '2014-09-05 16:50:58', '\0', '灞卞', '2', '6', '72');
INSERT INTO `wemall_trans_area` VALUES ('111', '2014-09-05 16:50:58', '\0', '㈠板', '2', '7', '72');
INSERT INTO `wemall_trans_area` VALUES ('112', '2014-09-05 16:50:58', '\0', '淇瀹甯', '2', '8', '72');
INSERT INTO `wemall_trans_area` VALUES ('113', '2014-09-05 16:50:58', '\0', '娌у甯', '2', '9', '72');
INSERT INTO `wemall_trans_area` VALUES ('114', '2014-09-05 16:50:58', '\0', '冲跺甯', '2', '10', '72');
INSERT INTO `wemall_trans_area` VALUES ('115', '2014-09-05 16:50:58', '\0', '绉宀甯', '2', '11', '72');
INSERT INTO `wemall_trans_area` VALUES ('116', '2014-09-05 16:55:35', '\0', '澶村', '2', '1', '73');
INSERT INTO `wemall_trans_area` VALUES ('117', '2014-09-05 16:55:35', '\0', '煎娴╃瑰', '2', '2', '73');
INSERT INTO `wemall_trans_area` VALUES ('118', '2014-09-05 16:55:35', '\0', '涔娴峰', '2', '3', '73');
INSERT INTO `wemall_trans_area` VALUES ('119', '2014-09-05 16:55:35', '\0', '璧ゅ嘲甯', '2', '4', '73');
INSERT INTO `wemall_trans_area` VALUES ('120', '2014-09-05 16:55:35', '\0', '宸村溅娣灏甯', '2', '5', '73');
INSERT INTO `wemall_trans_area` VALUES ('121', '2014-09-05 16:55:35', '\0', '间鸡璐灏甯', '2', '6', '73');
INSERT INTO `wemall_trans_area` VALUES ('122', '2014-09-05 16:55:35', '\0', '杈藉', '2', '7', '73');
INSERT INTO `wemall_trans_area` VALUES ('123', '2014-09-05 16:55:35', '\0', '灏澶甯', '2', '8', '73');
INSERT INTO `wemall_trans_area` VALUES ('124', '2014-09-05 16:55:35', '\0', '℃', '2', '9', '73');
INSERT INTO `wemall_trans_area` VALUES ('125', '2014-09-05 16:55:35', '\0', '村', '2', '10', '73');
INSERT INTO `wemall_trans_area` VALUES ('126', '2014-09-05 16:55:36', '\0', '挎', '2', '11', '73');
INSERT INTO `wemall_trans_area` VALUES ('127', '2014-09-05 16:55:36', '\0', '涔板甯', '2', '12', '73');
INSERT INTO `wemall_trans_area` VALUES ('128', '2014-09-05 16:59:58', '\0', '婀', '1', '1', '3');
INSERT INTO `wemall_trans_area` VALUES ('129', '2014-09-05 16:59:58', '\0', '婀', '1', '2', '3');
INSERT INTO `wemall_trans_area` VALUES ('130', '2014-09-05 16:59:58', '\0', '娌冲', '1', '3', '3');
INSERT INTO `wemall_trans_area` VALUES ('131', '2014-09-05 17:09:11', '\0', '婀瑗', '2', '1', '128');
INSERT INTO `wemall_trans_area` VALUES ('132', '2014-09-05 17:09:12', '\0', '姘稿甯', '2', '2', '128');
INSERT INTO `wemall_trans_area` VALUES ('133', '2014-09-05 17:09:12', '\0', '挎甯', '2', '3', '128');
INSERT INTO `wemall_trans_area` VALUES ('134', '2014-09-05 17:09:12', '\0', '冲', '2', '4', '128');
INSERT INTO `wemall_trans_area` VALUES ('135', '2014-09-05 17:09:12', '\0', '甸冲', '2', '5', '128');
INSERT INTO `wemall_trans_area` VALUES ('136', '2014-09-05 17:09:12', '\0', '寮瀹剁甯', '2', '6', '128');
INSERT INTO `wemall_trans_area` VALUES ('137', '2014-09-05 17:09:12', '\0', '宀抽冲', '2', '7', '128');
INSERT INTO `wemall_trans_area` VALUES ('138', '2014-09-05 17:09:12', '\0', '濞搴甯', '2', '8', '128');
INSERT INTO `wemall_trans_area` VALUES ('139', '2014-09-05 17:09:12', '\0', '甯稿痉甯', '2', '9', '128');
INSERT INTO `wemall_trans_area` VALUES ('140', '2014-09-05 17:09:12', '\0', '甯', '2', '10', '128');
INSERT INTO `wemall_trans_area` VALUES ('141', '2014-09-05 17:09:12', '\0', '村甯', '2', '11', '128');
INSERT INTO `wemall_trans_area` VALUES ('142', '2014-09-05 17:09:12', '\0', '娲插', '2', '12', '128');
INSERT INTO `wemall_trans_area` VALUES ('143', '2014-09-05 17:09:12', '\0', '琛￠', '2', '13', '128');
INSERT INTO `wemall_trans_area` VALUES ('144', '2014-09-05 17:09:12', '\0', '婀娼甯', '2', '14', '128');
INSERT INTO `wemall_trans_area` VALUES ('145', '2014-09-05 17:19:27', '\0', '宸', '2', '1', '129');
INSERT INTO `wemall_trans_area` VALUES ('146', '2014-09-05 17:19:27', '\0', '╂藉', '2', '2', '129');
INSERT INTO `wemall_trans_area` VALUES ('147', '2014-09-05 17:19:27', '\0', '榛甯', '2', '3', '129');
INSERT INTO `wemall_trans_area` VALUES ('148', '2014-09-05 17:19:27', '\0', '稿甯', '2', '4', '129');
INSERT INTO `wemall_trans_area` VALUES ('149', '2014-09-05 17:19:27', '\0', '宸甯', '2', '5', '129');
INSERT INTO `wemall_trans_area` VALUES ('150', '2014-09-05 17:19:27', '\0', '板', '2', '6', '129');
INSERT INTO `wemall_trans_area` VALUES ('151', '2014-09-05 17:19:27', '\0', '宸甯', '2', '7', '129');
INSERT INTO `wemall_trans_area` VALUES ('152', '2014-09-05 17:19:27', '\0', '绁舵', '2', '8', '129');
INSERT INTO `wemall_trans_area` VALUES ('153', '2014-09-05 17:19:27', '\0', 'ㄥ', '2', '9', '129');
INSERT INTO `wemall_trans_area` VALUES ('154', '2014-09-05 17:19:27', '\0', '姝姹甯', '2', '10', '129');
INSERT INTO `wemall_trans_area` VALUES ('155', '2014-09-05 17:19:27', '\0', '瀹甯', '2', '11', '129');
INSERT INTO `wemall_trans_area` VALUES ('156', '2014-09-05 17:19:27', '\0', '澶╅ㄥ', '2', '12', '129');
INSERT INTO `wemall_trans_area` VALUES ('157', '2014-09-05 17:19:27', '\0', '娼姹', '2', '13', '129');
INSERT INTO `wemall_trans_area` VALUES ('158', '2014-09-05 17:19:27', '\0', '浠妗', '2', '14', '129');
INSERT INTO `wemall_trans_area` VALUES ('159', '2014-09-05 17:19:27', '\0', '瀛', '2', '15', '129');
INSERT INTO `wemall_trans_area` VALUES ('160', '2014-09-05 17:19:27', '\0', '榛', '2', '16', '129');
INSERT INTO `wemall_trans_area` VALUES ('161', '2014-09-05 17:19:27', '\0', '瑗冲', '2', '17', '129');
INSERT INTO `wemall_trans_area` VALUES ('162', '2014-09-05 17:59:20', '\0', '婵', '2', '1', '130');
INSERT INTO `wemall_trans_area` VALUES ('163', '2014-09-05 17:59:20', '\0', '宸甯', '2', '2', '130');
INSERT INTO `wemall_trans_area` VALUES ('164', '2014-09-05 17:59:20', '\0', '瀹冲', '2', '3', '130');
INSERT INTO `wemall_trans_area` VALUES ('165', '2014-09-05 17:59:20', '\0', '淇￠冲', '2', '4', '130');
INSERT INTO `wemall_trans_area` VALUES ('166', '2014-09-05 17:59:20', '\0', '寮灏甯', '2', '5', '130');
INSERT INTO `wemall_trans_area` VALUES ('167', '2014-09-05 17:59:20', '\0', '娲冲', '2', '6', '130');
INSERT INTO `wemall_trans_area` VALUES ('168', '2014-09-05 17:59:20', '\0', '冲', '2', '7', '130');
INSERT INTO `wemall_trans_area` VALUES ('169', '2014-09-05 17:59:20', '\0', '椹婚┈搴甯', '2', '8', '130');
INSERT INTO `wemall_trans_area` VALUES ('170', '2014-09-05 17:59:20', '\0', '骞抽《灞卞', '2', '9', '130');
INSERT INTO `wemall_trans_area` VALUES ('171', '2014-09-05 17:59:20', '\0', '涓甯', '2', '10', '130');
INSERT INTO `wemall_trans_area` VALUES ('172', '2014-09-05 17:59:20', '\0', 'ㄥｅ', '2', '11', '130');
INSERT INTO `wemall_trans_area` VALUES ('173', '2014-09-05 17:59:20', '\0', '涓ㄥ场甯', '2', '12', '130');
INSERT INTO `wemall_trans_area` VALUES ('174', '2014-09-05 17:59:20', '\0', '婕娌', '2', '13', '130');
INSERT INTO `wemall_trans_area` VALUES ('175', '2014-09-05 17:59:20', '\0', '璁告', '2', '14', '130');
INSERT INTO `wemall_trans_area` VALUES ('176', '2014-09-05 17:59:20', '\0', '颁埂', '2', '15', '130');
INSERT INTO `wemall_trans_area` VALUES ('177', '2014-09-05 17:59:20', '\0', '娴婧', '2', '16', '130');
INSERT INTO `wemall_trans_area` VALUES ('178', '2014-09-05 17:59:20', '\0', '楣ゅ', '2', '17', '130');
INSERT INTO `wemall_trans_area` VALUES ('179', '2014-09-05 17:59:20', '\0', '浣甯', '2', '18', '130');
INSERT INTO `wemall_trans_area` VALUES ('180', '2014-09-05 18:00:21', '\0', '骞夸', '1', '1', '4');
INSERT INTO `wemall_trans_area` VALUES ('181', '2014-09-05 18:00:21', '\0', '骞胯タ', '1', '2', '4');
INSERT INTO `wemall_trans_area` VALUES ('182', '2014-09-05 18:00:21', '\0', '绂寤', '1', '3', '4');
INSERT INTO `wemall_trans_area` VALUES ('183', '2014-09-05 18:00:21', '\0', '娴峰', '1', '4', '4');
INSERT INTO `wemall_trans_area` VALUES ('184', '2014-09-05 18:04:53', '\0', '姹灏', '2', '1', '180');
INSERT INTO `wemall_trans_area` VALUES ('185', '2014-09-05 18:04:53', '\0', '娌虫甯', '2', '2', '180');
INSERT INTO `wemall_trans_area` VALUES ('186', '2014-09-05 18:04:53', '\0', '娼宸甯', '2', '3', '180');
INSERT INTO `wemall_trans_area` VALUES ('187', '2014-09-05 18:04:53', '\0', '浜娴甯', '2', '4', '180');
INSERT INTO `wemall_trans_area` VALUES ('188', '2014-09-05 18:04:53', '\0', '姊宸甯', '2', '5', '180');
INSERT INTO `wemall_trans_area` VALUES ('189', '2014-09-05 18:04:53', '\0', '娣卞冲', '2', '6', '180');
INSERT INTO `wemall_trans_area` VALUES ('190', '2014-09-05 18:04:53', '\0', '姹澶村', '2', '7', '180');
INSERT INTO `wemall_trans_area` VALUES ('191', '2014-09-05 18:04:53', '\0', '甯', '2', '8', '180');
INSERT INTO `wemall_trans_area` VALUES ('192', '2014-09-05 18:04:53', '\0', '涓甯', '2', '9', '180');
INSERT INTO `wemall_trans_area` VALUES ('193', '2014-09-05 18:04:53', '\0', '骞垮甯', '2', '10', '180');
INSERT INTO `wemall_trans_area` VALUES ('194', '2014-09-05 18:04:53', '\0', '浣灞卞', '2', '11', '180');
INSERT INTO `wemall_trans_area` VALUES ('195', '2014-09-05 18:04:53', '\0', '娴峰', '2', '12', '180');
INSERT INTO `wemall_trans_area` VALUES ('196', '2014-09-05 18:04:53', '\0', '婀姹', '2', '13', '180');
INSERT INTO `wemall_trans_area` VALUES ('197', '2014-09-05 18:04:53', '\0', '娓杩', '2', '14', '180');
INSERT INTO `wemall_trans_area` VALUES ('198', '2014-09-05 18:04:53', '\0', '跺', '2', '15', '180');
INSERT INTO `wemall_trans_area` VALUES ('199', '2014-09-05 18:04:53', '\0', '涓灞', '2', '16', '180');
INSERT INTO `wemall_trans_area` VALUES ('200', '2014-09-05 18:04:53', '\0', '搴', '2', '17', '180');
INSERT INTO `wemall_trans_area` VALUES ('201', '2014-09-05 18:04:53', '\0', '姹', '2', '18', '180');
INSERT INTO `wemall_trans_area` VALUES ('202', '2014-09-05 18:04:53', '\0', '', '2', '19', '180');
INSERT INTO `wemall_trans_area` VALUES ('203', '2014-09-05 18:04:53', '\0', '虫', '2', '20', '180');
INSERT INTO `wemall_trans_area` VALUES ('204', '2014-09-05 18:04:53', '\0', '宸甯', '2', '21', '180');
INSERT INTO `wemall_trans_area` VALUES ('205', '2014-09-05 18:06:37', '\0', '璐哄', '2', '1', '181');
INSERT INTO `wemall_trans_area` VALUES ('206', '2014-09-05 18:06:37', '\0', '璐垫腐甯', '2', '2', '181');
INSERT INTO `wemall_trans_area` VALUES ('207', '2014-09-05 18:06:37', '\0', '插娓甯', '2', '3', '181');
INSERT INTO `wemall_trans_area` VALUES ('208', '2014-09-05 18:06:37', '\0', '宸甯', '2', '4', '181');
INSERT INTO `wemall_trans_area` VALUES ('209', '2014-09-05 18:06:37', '\0', '妗甯', '2', '5', '181');
INSERT INTO `wemall_trans_area` VALUES ('210', '2014-09-05 18:06:37', '\0', 'ュ惧', '2', '6', '181');
INSERT INTO `wemall_trans_area` VALUES ('211', '2014-09-05 18:06:37', '\0', '娌虫甯', '2', '7', '181');
INSERT INTO `wemall_trans_area` VALUES ('212', '2014-09-05 18:06:37', '\0', '冲甯', '2', '8', '181');
INSERT INTO `wemall_trans_area` VALUES ('213', '2014-09-05 18:06:37', '\0', '姊у甯', '2', '9', '181');
INSERT INTO `wemall_trans_area` VALUES ('214', '2014-09-05 18:06:37', '\0', '宕宸甯', '2', '10', '181');
INSERT INTO `wemall_trans_area` VALUES ('215', '2014-09-05 18:06:37', '\0', '甯', '2', '11', '181');
INSERT INTO `wemall_trans_area` VALUES ('216', '2014-09-05 18:06:37', '\0', '捐插', '2', '12', '181');
INSERT INTO `wemall_trans_area` VALUES ('217', '2014-09-05 18:06:37', '\0', '娴', '2', '13', '181');
INSERT INTO `wemall_trans_area` VALUES ('218', '2014-09-05 18:06:37', '\0', '瀹甯', '2', '14', '181');
INSERT INTO `wemall_trans_area` VALUES ('219', '2014-09-05 18:07:50', '\0', '板', '2', '1', '182');
INSERT INTO `wemall_trans_area` VALUES ('220', '2014-09-05 18:07:50', '\0', 'ㄥ', '2', '2', '182');
INSERT INTO `wemall_trans_area` VALUES ('221', '2014-09-05 18:07:50', '\0', '骞冲', '2', '3', '182');
INSERT INTO `wemall_trans_area` VALUES ('222', '2014-09-05 18:07:50', '\0', '婕冲甯', '2', '4', '182');
INSERT INTO `wemall_trans_area` VALUES ('223', '2014-09-05 18:07:50', '\0', '榫宀╁', '2', '5', '182');
INSERT INTO `wemall_trans_area` VALUES ('224', '2014-09-05 18:07:50', '\0', '瀹寰峰', '2', '6', '182');
INSERT INTO `wemall_trans_area` VALUES ('225', '2014-09-05 18:07:50', '\0', '绂宸甯', '2', '7', '182');
INSERT INTO `wemall_trans_area` VALUES ('226', '2014-09-05 18:07:50', '\0', '涓甯', '2', '8', '182');
INSERT INTO `wemall_trans_area` VALUES ('227', '2014-09-05 18:07:50', '\0', '娉宸甯', '2', '9', '182');
INSERT INTO `wemall_trans_area` VALUES ('241', '2014-09-05 18:10:33', '\0', '涓浜甯', '2', '1', '183');
INSERT INTO `wemall_trans_area` VALUES ('247', '2014-09-05 18:10:33', '\0', '娴峰ｅ', '2', '2', '183');
INSERT INTO `wemall_trans_area` VALUES ('249', '2014-09-05 18:11:02', '\0', '杈藉', '1', '1', '5');
INSERT INTO `wemall_trans_area` VALUES ('250', '2014-09-05 18:11:02', '\0', '', '1', '2', '5');
INSERT INTO `wemall_trans_area` VALUES ('251', '2014-09-05 18:11:02', '\0', '榛榫姹', '1', '3', '5');
INSERT INTO `wemall_trans_area` VALUES ('252', '2014-09-05 18:12:30', '\0', '灞', '2', '1', '249');
INSERT INTO `wemall_trans_area` VALUES ('253', '2014-09-05 18:12:30', '\0', '澶ц甯', '2', '2', '249');
INSERT INTO `wemall_trans_area` VALUES ('254', '2014-09-05 18:12:30', '\0', '娌冲', '2', '3', '249');
INSERT INTO `wemall_trans_area` VALUES ('255', '2014-09-05 18:12:30', '\0', '板', '2', '4', '249');
INSERT INTO `wemall_trans_area` VALUES ('256', '2014-09-05 18:12:30', '\0', 'ュｅ', '2', '5', '249');
INSERT INTO `wemall_trans_area` VALUES ('257', '2014-09-05 18:12:30', '\0', '椤哄', '2', '6', '249');
INSERT INTO `wemall_trans_area` VALUES ('258', '2014-09-05 18:12:30', '\0', '婧甯', '2', '7', '249');
INSERT INTO `wemall_trans_area` VALUES ('259', '2014-09-05 18:12:30', '\0', '冲', '2', '8', '249');
INSERT INTO `wemall_trans_area` VALUES ('260', '2014-09-05 18:12:30', '\0', '杈介冲', '2', '9', '249');
INSERT INTO `wemall_trans_area` VALUES ('261', '2014-09-05 18:12:30', '\0', '宀甯', '2', '10', '249');
INSERT INTO `wemall_trans_area` VALUES ('262', '2014-09-05 18:12:30', '\0', '宀甯', '2', '11', '249');
INSERT INTO `wemall_trans_area` VALUES ('263', '2014-09-05 18:12:30', '\0', '甯', '2', '12', '249');
INSERT INTO `wemall_trans_area` VALUES ('264', '2014-09-05 18:12:30', '\0', '宸', '2', '13', '249');
INSERT INTO `wemall_trans_area` VALUES ('265', '2014-09-05 18:12:30', '\0', '涓逛甯', '2', '14', '249');
INSERT INTO `wemall_trans_area` VALUES ('266', '2014-09-05 18:13:39', '\0', '寤惰竟椴娌诲', '2', '1', '250');
INSERT INTO `wemall_trans_area` VALUES ('267', '2014-09-05 18:13:39', '\0', '甯', '2', '2', '250');
INSERT INTO `wemall_trans_area` VALUES ('268', '2014-09-05 18:13:39', '\0', '骞冲', '2', '3', '250');
INSERT INTO `wemall_trans_area` VALUES ('269', '2014-09-05 18:13:39', '\0', '藉甯', '2', '4', '250');
INSERT INTO `wemall_trans_area` VALUES ('270', '2014-09-05 18:13:39', '\0', '杈芥甯', '2', '5', '250');
INSERT INTO `wemall_trans_area` VALUES ('271', '2014-09-05 18:13:39', '\0', '甯', '2', '6', '250');
INSERT INTO `wemall_trans_area` VALUES ('272', '2014-09-05 18:13:39', '\0', '惧甯', '2', '7', '250');
INSERT INTO `wemall_trans_area` VALUES ('273', '2014-09-05 18:13:39', '\0', '藉北甯', '2', '8', '250');
INSERT INTO `wemall_trans_area` VALUES ('274', '2014-09-05 18:13:40', '\0', '挎ュ', '2', '9', '250');
INSERT INTO `wemall_trans_area` VALUES ('275', '2014-09-05 18:14:56', '\0', '澶у村宀板', '2', '1', '251');
INSERT INTO `wemall_trans_area` VALUES ('276', '2014-09-05 18:14:57', '\0', '榛娌冲', '2', '2', '251');
INSERT INTO `wemall_trans_area` VALUES ('277', '2014-09-05 18:14:57', '\0', '澶у甯', '2', '3', '251');
INSERT INTO `wemall_trans_area` VALUES ('278', '2014-09-05 18:14:57', '\0', '浼ュ', '2', '4', '251');
INSERT INTO `wemall_trans_area` VALUES ('279', '2014-09-05 18:14:57', '\0', '缁ュ甯', '2', '5', '251');
INSERT INTO `wemall_trans_area` VALUES ('280', '2014-09-05 18:14:57', '\0', '楦¤タ甯', '2', '6', '251');
INSERT INTO `wemall_trans_area` VALUES ('281', '2014-09-05 18:14:57', '\0', '榻榻灏甯', '2', '7', '251');
INSERT INTO `wemall_trans_area` VALUES ('282', '2014-09-05 18:14:57', '\0', '浣虫ㄦ甯', '2', '8', '251');
INSERT INTO `wemall_trans_area` VALUES ('283', '2014-09-05 18:14:57', '\0', '′腹姹甯', '2', '9', '251');
INSERT INTO `wemall_trans_area` VALUES ('284', '2014-09-05 18:14:57', '\0', '灏婊ㄥ', '2', '10', '251');
INSERT INTO `wemall_trans_area` VALUES ('285', '2014-09-05 18:14:57', '\0', '楣ゅ甯', '2', '11', '251');
INSERT INTO `wemall_trans_area` VALUES ('286', '2014-09-05 18:14:57', '\0', '楦灞卞', '2', '12', '251');
INSERT INTO `wemall_trans_area` VALUES ('287', '2014-09-05 18:14:57', '\0', '涓版渤甯', '2', '13', '251');
INSERT INTO `wemall_trans_area` VALUES ('288', '2014-09-05 18:20:07', '\0', '瑗', '1', '1', '6');
INSERT INTO `wemall_trans_area` VALUES ('289', '2014-09-05 18:20:07', '\0', '扮', '1', '2', '6');
INSERT INTO `wemall_trans_area` VALUES ('290', '2014-09-05 18:20:07', '\0', '', '1', '3', '6');
INSERT INTO `wemall_trans_area` VALUES ('291', '2014-09-05 18:20:07', '\0', '瀹澶', '1', '4', '6');
INSERT INTO `wemall_trans_area` VALUES ('292', '2014-09-05 18:20:07', '\0', '娴', '1', '5', '6');
INSERT INTO `wemall_trans_area` VALUES ('293', '2014-09-05 18:21:21', '\0', '姒甯', '2', '1', '288');
INSERT INTO `wemall_trans_area` VALUES ('294', '2014-09-05 18:21:21', '\0', '瀹搴峰', '2', '2', '288');
INSERT INTO `wemall_trans_area` VALUES ('295', '2014-09-05 18:21:21', '\0', '姹涓甯', '2', '3', '288');
INSERT INTO `wemall_trans_area` VALUES ('296', '2014-09-05 18:21:21', '\0', '寤跺甯', '2', '4', '288');
INSERT INTO `wemall_trans_area` VALUES ('297', '2014-09-05 18:21:21', '\0', '娲甯', '2', '5', '288');
INSERT INTO `wemall_trans_area` VALUES ('298', '2014-09-05 18:21:21', '\0', '娓甯', '2', '6', '288');
INSERT INTO `wemall_trans_area` VALUES ('299', '2014-09-05 18:21:21', '\0', '搁冲', '2', '7', '288');
INSERT INTO `wemall_trans_area` VALUES ('300', '2014-09-05 18:21:21', '\0', '瀹楦″', '2', '8', '288');
INSERT INTO `wemall_trans_area` VALUES ('301', '2014-09-05 18:21:21', '\0', '瑗垮甯', '2', '9', '288');
INSERT INTO `wemall_trans_area` VALUES ('302', '2014-09-05 18:21:21', '\0', '宸甯', '2', '10', '288');
INSERT INTO `wemall_trans_area` VALUES ('310', '2014-09-05 18:23:39', '\0', '娌诲', '2', '8', '289');
INSERT INTO `wemall_trans_area` VALUES ('311', '2014-09-05 18:23:39', '\0', '浼ㄥ娌诲', '2', '9', '289');
INSERT INTO `wemall_trans_area` VALUES ('312', '2014-09-05 18:23:39', '\0', '灏濉よ娌诲', '2', '10', '289');
INSERT INTO `wemall_trans_area` VALUES ('313', '2014-09-05 18:23:39', '\0', '瀛灏瀛娌诲', '2', '11', '289');
INSERT INTO `wemall_trans_area` VALUES ('314', '2014-09-05 18:23:39', '\0', '浠板', '2', '12', '289');
INSERT INTO `wemall_trans_area` VALUES ('315', '2014-09-05 18:23:39', '\0', '濉板', '2', '13', '289');
INSERT INTO `wemall_trans_area` VALUES ('316', '2014-09-05 18:23:39', '\0', '渚甯', '2', '14', '289');
INSERT INTO `wemall_trans_area` VALUES ('317', '2014-09-05 18:23:39', '\0', '垮娉板板', '2', '15', '289');
INSERT INTO `wemall_trans_area` VALUES ('318', '2014-09-05 18:23:39', '\0', '板板', '2', '16', '289');
INSERT INTO `wemall_trans_area` VALUES ('319', '2014-09-05 18:23:39', '\0', '宸撮抽妤よ娌诲', '2', '17', '289');
INSERT INTO `wemall_trans_area` VALUES ('320', '2014-09-05 18:23:39', '\0', '涔椴ㄩ甯', '2', '18', '289');
INSERT INTO `wemall_trans_area` VALUES ('321', '2014-09-05 18:25:54', '\0', '搴冲', '2', '1', '290');
INSERT INTO `wemall_trans_area` VALUES ('322', '2014-09-05 18:25:54', '\0', '甯', '2', '2', '290');
INSERT INTO `wemall_trans_area` VALUES ('323', '2014-09-05 18:25:54', '\0', '甯', '2', '3', '290');
INSERT INTO `wemall_trans_area` VALUES ('324', '2014-09-05 18:25:54', '\0', '瀹瑗垮', '2', '4', '290');
INSERT INTO `wemall_trans_area` VALUES ('325', '2014-09-05 18:25:54', '\0', '娌诲', '2', '5', '290');
INSERT INTO `wemall_trans_area` VALUES ('326', '2014-09-05 18:25:54', '\0', '涓村娌诲', '2', '6', '290');
INSERT INTO `wemall_trans_area` VALUES ('327', '2014-09-05 18:25:54', '\0', '宄冲', '2', '7', '290');
INSERT INTO `wemall_trans_area` VALUES ('329', '2014-09-05 18:25:54', '\0', '娉甯', '2', '9', '290');
INSERT INTO `wemall_trans_area` VALUES ('330', '2014-09-05 18:25:54', '\0', '骞冲甯', '2', '10', '290');
INSERT INTO `wemall_trans_area` VALUES ('331', '2014-09-05 18:25:54', '\0', '澶╂按甯', '2', '11', '290');
INSERT INTO `wemall_trans_area` VALUES ('332', '2014-09-05 18:25:54', '\0', '介跺', '2', '12', '290');
INSERT INTO `wemall_trans_area` VALUES ('333', '2014-09-05 18:25:54', '\0', '姝濞甯', '2', '13', '290');
INSERT INTO `wemall_trans_area` VALUES ('334', '2014-09-05 18:25:54', '\0', '寮甯', '2', '14', '290');
INSERT INTO `wemall_trans_area` VALUES ('335', '2014-09-05 18:26:29', '\0', '哄甯', '2', '1', '291');
INSERT INTO `wemall_trans_area` VALUES ('336', '2014-09-05 18:26:29', '\0', '涓甯', '2', '2', '291');
INSERT INTO `wemall_trans_area` VALUES ('337', '2014-09-05 18:26:29', '\0', '村甯', '2', '3', '291');
INSERT INTO `wemall_trans_area` VALUES ('338', '2014-09-05 18:26:29', '\0', '冲村北甯', '2', '4', '291');
INSERT INTO `wemall_trans_area` VALUES ('339', '2014-09-05 18:26:29', '\0', '跺甯', '2', '5', '291');
INSERT INTO `wemall_trans_area` VALUES ('340', '2014-09-05 18:27:27', '\0', '榛娌诲', '2', '1', '292');
INSERT INTO `wemall_trans_area` VALUES ('341', '2014-09-05 18:27:27', '\0', '瑗垮甯', '2', '2', '292');
INSERT INTO `wemall_trans_area` VALUES ('342', '2014-09-05 18:27:27', '\0', '娴疯タゆ娌诲', '2', '3', '292');
INSERT INTO `wemall_trans_area` VALUES ('343', '2014-09-05 18:27:27', '\0', '娲娌诲', '2', '4', '292');
INSERT INTO `wemall_trans_area` VALUES ('344', '2014-09-05 18:27:27', '\0', '娴蜂板', '2', '5', '292');
INSERT INTO `wemall_trans_area` VALUES ('345', '2014-09-05 18:27:27', '\0', '娴峰娌诲', '2', '6', '292');
INSERT INTO `wemall_trans_area` VALUES ('346', '2014-09-05 18:27:27', '\0', '娌诲', '2', '7', '292');
INSERT INTO `wemall_trans_area` VALUES ('347', '2014-09-05 18:27:27', '\0', '娴峰娌诲', '2', '8', '292');
INSERT INTO `wemall_trans_area` VALUES ('348', '2014-09-05 18:28:10', '\0', '搴', '1', '1', '7');
INSERT INTO `wemall_trans_area` VALUES ('349', '2014-09-05 18:28:10', '\0', '浜', '1', '2', '7');
INSERT INTO `wemall_trans_area` VALUES ('350', '2014-09-05 18:28:10', '\0', '璐靛', '1', '3', '7');
INSERT INTO `wemall_trans_area` VALUES ('351', '2014-09-05 18:28:10', '\0', '瑗胯', '1', '4', '7');
INSERT INTO `wemall_trans_area` VALUES ('352', '2014-09-05 18:28:10', '\0', '宸', '1', '5', '7');
INSERT INTO `wemall_trans_area` VALUES ('353', '2014-09-05 18:28:26', '\0', '搴甯', '2', '1', '348');
INSERT INTO `wemall_trans_area` VALUES ('354', '2014-09-05 18:30:22', '\0', '甯', '2', '1', '349');
INSERT INTO `wemall_trans_area` VALUES ('355', '2014-09-05 18:30:22', '\0', '查甯', '2', '2', '349');
INSERT INTO `wemall_trans_area` VALUES ('356', '2014-09-05 18:30:22', '\0', '婧甯', '2', '3', '349');
INSERT INTO `wemall_trans_area` VALUES ('357', '2014-09-05 18:30:22', '\0', '淇灞卞', '2', '4', '349');
INSERT INTO `wemall_trans_area` VALUES ('358', '2014-09-05 18:30:22', '\0', '甯', '2', '5', '349');
INSERT INTO `wemall_trans_area` VALUES ('359', '2014-09-05 18:30:23', '\0', '妤褰娌诲', '2', '6', '349');
INSERT INTO `wemall_trans_area` VALUES ('360', '2014-09-05 18:30:23', '\0', '绾㈡渤灏兼褰娌诲', '2', '7', '349');
INSERT INTO `wemall_trans_area` VALUES ('361', '2014-09-05 18:30:23', '\0', '灞卞．娌诲', '2', '8', '349');
INSERT INTO `wemall_trans_area` VALUES ('362', '2014-09-05 18:30:23', '\0', '瑗垮绾冲ｆ娌诲', '2', '9', '349');
INSERT INTO `wemall_trans_area` VALUES ('363', '2014-09-05 18:30:23', '\0', '澶х芥娌诲', '2', '10', '349');
INSERT INTO `wemall_trans_area` VALUES ('364', '2014-09-05 18:30:23', '\0', '姹虫娌诲', '2', '11', '349');
INSERT INTO `wemall_trans_area` VALUES ('365', '2014-09-05 18:30:23', '\0', '寰峰ｆ棰娌诲', '2', '12', '349');
INSERT INTO `wemall_trans_area` VALUES ('366', '2014-09-05 18:30:23', '\0', '涓芥甯', '2', '13', '349');
INSERT INTO `wemall_trans_area` VALUES ('367', '2014-09-05 18:30:23', '\0', '杩搴娌诲', '2', '14', '349');
INSERT INTO `wemall_trans_area` VALUES ('368', '2014-09-05 18:30:23', '\0', '娲卞', '2', '15', '349');
INSERT INTO `wemall_trans_area` VALUES ('369', '2014-09-05 18:30:23', '\0', '涓存钵甯', '2', '16', '349');
INSERT INTO `wemall_trans_area` VALUES ('370', '2014-09-05 18:31:16', '\0', '榛甯渚娌诲', '2', '1', '350');
INSERT INTO `wemall_trans_area` VALUES ('371', '2014-09-05 18:31:16', '\0', '榛涓渚娌诲', '2', '2', '350');
INSERT INTO `wemall_trans_area` VALUES ('372', '2014-09-05 18:31:16', '\0', '姣板', '2', '3', '350');
INSERT INTO `wemall_trans_area` VALUES ('373', '2014-09-05 18:31:16', '\0', '榛瑗垮甯渚娌诲', '2', '4', '350');
INSERT INTO `wemall_trans_area` VALUES ('374', '2014-09-05 18:31:16', '\0', '浠板', '2', '5', '350');
INSERT INTO `wemall_trans_area` VALUES ('375', '2014-09-05 18:31:16', '\0', '瀹椤哄', '2', '6', '350');
INSERT INTO `wemall_trans_area` VALUES ('376', '2014-09-05 18:31:16', '\0', '姘村', '2', '7', '350');
INSERT INTO `wemall_trans_area` VALUES ('377', '2014-09-05 18:31:16', '\0', '典甯', '2', '8', '350');
INSERT INTO `wemall_trans_area` VALUES ('378', '2014-09-05 18:31:16', '\0', '璐甸冲', '2', '9', '350');
INSERT INTO `wemall_trans_area` VALUES ('379', '2014-09-05 18:32:22', '\0', 'ㄥ', '2', '1', '351');
INSERT INTO `wemall_trans_area` VALUES ('380', '2014-09-05 18:32:22', '\0', '灞卞板', '2', '2', '351');
INSERT INTO `wemall_trans_area` VALUES ('381', '2014-09-05 18:32:22', '\0', '藉板', '2', '3', '351');
INSERT INTO `wemall_trans_area` VALUES ('382', '2014-09-05 18:32:22', '\0', 'ュ板', '2', '4', '351');
INSERT INTO `wemall_trans_area` VALUES ('383', '2014-09-05 18:32:22', '\0', '板', '2', '5', '351');
INSERT INTO `wemall_trans_area` VALUES ('384', '2014-09-05 18:32:22', '\0', 'ｆ插板', '2', '6', '351');
INSERT INTO `wemall_trans_area` VALUES ('385', '2014-09-05 18:32:22', '\0', '块板', '2', '7', '351');
INSERT INTO `wemall_trans_area` VALUES ('386', '2014-09-05 18:35:14', '\0', '藉', '2', '1', '352');
INSERT INTO `wemall_trans_area` VALUES ('387', '2014-09-05 18:35:14', '\0', '璐″', '2', '2', '352');
INSERT INTO `wemall_trans_area` VALUES ('388', '2014-09-05 18:35:14', '\0', '卞', '2', '3', '352');
INSERT INTO `wemall_trans_area` VALUES ('389', '2014-09-05 18:35:15', '\0', '姹甯', '2', '4', '352');
INSERT INTO `wemall_trans_area` VALUES ('390', '2014-09-05 18:35:15', '\0', '瀹甯', '2', '5', '352');
INSERT INTO `wemall_trans_area` VALUES ('391', '2014-09-05 18:35:15', '\0', '骞垮甯', '2', '6', '352');
INSERT INTO `wemall_trans_area` VALUES ('392', '2014-09-05 18:35:15', '\0', '寰烽冲', '2', '7', '352');
INSERT INTO `wemall_trans_area` VALUES ('393', '2014-09-05 18:35:15', '\0', '缁甸冲', '2', '8', '352');
INSERT INTO `wemall_trans_area` VALUES ('394', '2014-09-05 18:35:15', '\0', '娉稿甯', '2', '9', '352');
INSERT INTO `wemall_trans_area` VALUES ('395', '2014-09-05 18:35:15', '\0', '垮缇娌诲', '2', '10', '352');
INSERT INTO `wemall_trans_area` VALUES ('396', '2014-09-05 18:35:15', '\0', '璧冲', '2', '11', '352');
INSERT INTO `wemall_trans_area` VALUES ('397', '2014-09-05 18:35:15', '\0', '瀛娌诲', '2', '12', '352');
INSERT INTO `wemall_trans_area` VALUES ('398', '2014-09-05 18:35:15', '\0', '骞垮', '2', '13', '352');
INSERT INTO `wemall_trans_area` VALUES ('399', '2014-09-05 18:35:15', '\0', '灞卞娌诲', '2', '14', '352');
INSERT INTO `wemall_trans_area` VALUES ('400', '2014-09-05 18:35:15', '\0', '姹甯', '2', '15', '352');
INSERT INTO `wemall_trans_area` VALUES ('401', '2014-09-05 18:35:15', '\0', '瀹', '2', '16', '352');
INSERT INTO `wemall_trans_area` VALUES ('402', '2014-09-05 18:35:15', '\0', '娉稿', '2', '17', '352');
INSERT INTO `wemall_trans_area` VALUES ('403', '2014-09-05 18:35:15', '\0', '垮', '2', '18', '352');
INSERT INTO `wemall_trans_area` VALUES ('404', '2014-09-05 18:35:15', '\0', '灞', '2', '19', '352');
INSERT INTO `wemall_trans_area` VALUES ('405', '2014-09-05 18:35:15', '\0', '寰烽', '2', '20', '352');
INSERT INTO `wemall_trans_area` VALUES ('406', '2014-09-05 18:35:15', '\0', '甯', '2', '21', '352');
INSERT INTO `wemall_trans_area` VALUES ('435', '2014-09-05 18:40:05', '\0', '娴峰', '1', '1', '9');
INSERT INTO `wemall_trans_area` VALUES ('436', '2014-09-06 09:52:06', '\0', '娴峰', '2', '1', '435');
INSERT INTO `wemall_trans_area` VALUES ('437', '2016-03-31 15:48:45', '\0', '磋跨骇琛垮哄', '2', '3', '183');
INSERT INTO `wemall_trans_area` VALUES ('438', '2016-03-31 15:50:04', '\0', '甯杈', '3', '0', '247');
INSERT INTO `wemall_trans_area` VALUES ('439', '2016-03-31 15:50:04', '\0', '绉卞', '3', '0', '247');
INSERT INTO `wemall_trans_area` VALUES ('440', '2016-03-31 15:50:04', '\0', '榫', '3', '0', '247');
INSERT INTO `wemall_trans_area` VALUES ('441', '2016-03-31 15:50:04', '\0', '煎北', '3', '0', '247');
INSERT INTO `wemall_trans_area` VALUES ('442', '2016-03-31 15:50:04', '\0', '缇板', '3', '0', '247');
INSERT INTO `wemall_trans_area` VALUES ('443', '2016-03-31 15:55:06', '\0', '涓娌缇ゅ宀绀舵捣', '3', '0', '437');
INSERT INTO `wemall_trans_area` VALUES ('444', '2016-03-31 16:24:33', '\0', '垫按榛娌诲', '3', '0', '437');
INSERT INTO `wemall_trans_area` VALUES ('445', '2016-03-31 16:24:33', '\0', '姹榛娌诲', '3', '0', '437');
INSERT INTO `wemall_trans_area` VALUES ('446', '2016-03-31 16:24:33', '\0', '芥榛娌诲', '3', '0', '437');
INSERT INTO `wemall_trans_area` VALUES ('447', '2016-03-31 16:24:33', '\0', '涓撮', '3', '0', '437');
INSERT INTO `wemall_trans_area` VALUES ('448', '2016-03-31 16:24:33', '\0', '婢杩', '3', '0', '437');
INSERT INTO `wemall_trans_area` VALUES ('449', '2016-03-31 16:24:33', '\0', '灞', '3', '0', '437');
INSERT INTO `wemall_trans_area` VALUES ('450', '2016-03-31 16:24:33', '\0', '瀹瀹', '3', '0', '437');
INSERT INTO `wemall_trans_area` VALUES ('451', '2016-03-31 16:24:33', '\0', '涓瑰', '3', '0', '437');
INSERT INTO `wemall_trans_area` VALUES ('452', '2016-03-31 16:24:33', '\0', '瑗挎缇ゅ', '3', '0', '437');
INSERT INTO `wemall_trans_area` VALUES ('453', '2016-03-31 16:24:33', '\0', '间腑榛娌诲', '3', '0', '437');
INSERT INTO `wemall_trans_area` VALUES ('454', '2016-03-31 16:24:33', '\0', '淇浜榛娌诲', '3', '0', '437');
INSERT INTO `wemall_trans_area` VALUES ('455', '2016-03-31 16:24:33', '\0', '瀹瀹', '3', '0', '437');
INSERT INTO `wemall_trans_area` VALUES ('456', '2016-03-31 16:24:33', '\0', '涓瑰', '3', '0', '437');
INSERT INTO `wemall_trans_area` VALUES ('457', '2016-03-31 16:24:33', '\0', '涓瀹甯', '3', '0', '437');
INSERT INTO `wemall_trans_area` VALUES ('458', '2016-03-31 16:24:33', '\0', '甯', '3', '0', '437');
INSERT INTO `wemall_trans_area` VALUES ('459', '2016-03-31 16:24:33', '\0', '宸甯', '3', '0', '437');
INSERT INTO `wemall_trans_area` VALUES ('460', '2016-03-31 16:24:33', '\0', '兼捣甯', '3', '0', '437');
INSERT INTO `wemall_trans_area` VALUES ('461', '2016-03-31 16:24:33', '\0', '浜灞卞', '3', '0', '437');
INSERT INTO `wemall_trans_area` VALUES ('462', '2016-03-31 16:42:35', '\0', '娌诲虹磋跨骇琛垮哄', '2', '0', '289');
INSERT INTO `wemall_trans_area` VALUES ('463', '2016-03-31 16:44:25', '\0', '椴板', '2', '0', '289');
INSERT INTO `wemall_trans_area` VALUES ('464', '2016-03-31 16:45:46', '\0', '垮板', '2', '9', '289');
INSERT INTO `wemall_trans_area` VALUES ('465', '2016-03-31 16:52:30', '\0', '板甯', '2', '0', '290');

-- ----------------------------
-- Table structure for wemall_user
-- ----------------------------
DROP TABLE IF EXISTS `wemall_user`;
CREATE TABLE `wemall_user` (
  `id` bigint(20) NOT NULL AUTO_INCREMENT,
  `addTime` datetime DEFAULT NULL,
  `deleteStatus` bit(1) NOT NULL,
  `MSN` varchar(255) DEFAULT NULL,
  `QQ` varchar(255) DEFAULT NULL,
  `WW` varchar(255) DEFAULT NULL,
  `address` varchar(255) DEFAULT NULL,
  `availableBalance` decimal(12,2) DEFAULT NULL,
  `birthday` datetime DEFAULT NULL,
  `email` varchar(255) DEFAULT NULL,
  `freezeBlance` decimal(12,2) DEFAULT NULL,
  `gold` int(11) NOT NULL,
  `integral` int(11) NOT NULL,
  `lastLoginDate` datetime DEFAULT NULL,
  `lastLoginIp` varchar(255) DEFAULT NULL,
  `loginCount` int(11) NOT NULL,
  `loginDate` datetime DEFAULT NULL,
  `loginIp` varchar(255) DEFAULT NULL,
  `mobile` varchar(255) DEFAULT NULL,
  `password` varchar(255) DEFAULT NULL,
  `report` int(11) NOT NULL,
  `sex` int(11) NOT NULL,
  `status` int(11) NOT NULL,
  `telephone` varchar(255) DEFAULT NULL,
  `trueName` varchar(255) DEFAULT NULL,
  `userName` varchar(255) DEFAULT NULL,
  `userRole` varchar(255) DEFAULT NULL,
  `user_credit` int(11) NOT NULL,
  `photo_id` bigint(20) DEFAULT NULL,
  `store_id` bigint(20) DEFAULT NULL,
  `qq_openid` varchar(255) DEFAULT NULL,
  `sina_openid` varchar(255) DEFAULT NULL,
  `store_quick_menu` longtext,
  `parent_id` bigint(20) DEFAULT NULL,
  `years` int(11) DEFAULT '0',
  `area_id` bigint(20) DEFAULT NULL,
  PRIMARY KEY (`id`),
  KEY `FK9DC05442FA5E3FC2` (`area_id`),
  KEY `FK9DC05442A24C51C3` (`parent_id`),
  KEY `FK9DC054421C0CA9F2` (`store_id`),
  KEY `FK9DC054422D77C132` (`photo_id`),
  CONSTRAINT `FK9DC054421C0CA9F2` FOREIGN KEY (`store_id`) REFERENCES `wemall_store` (`id`),
  CONSTRAINT `FK9DC054422D77C132` FOREIGN KEY (`photo_id`) REFERENCES `wemall_accessory` (`id`),
  CONSTRAINT `FK9DC05442A24C51C3` FOREIGN KEY (`parent_id`) REFERENCES `wemall_user` (`id`),
  CONSTRAINT `FK9DC05442FA5E3FC2` FOREIGN KEY (`area_id`) REFERENCES `wemall_area` (`id`)
) ENGINE=InnoDB AUTO_INCREMENT=32792 DEFAULT CHARSET=utf8;

-- ----------------------------
-- Records of wemall_user
-- ----------------------------
INSERT INTO `wemall_user` VALUES ('1', null, '\0', '', '', '', null, '9620.00', null, null, '-12540.00', '10000', '0', '2016-04-07 20:27:19', '127.0.0.1', '855', '2016-04-07 20:42:17', '127.0.0.1', null, 'e10adc3949ba59abbe56e057f20f883e', '0', '1', '0', null, '', 'admin', 'ADMIN', '0', null, '32768', '', '1651674012', '[{\"menu_url\":\"http://localhost/seller/add_goods_first.htm\",\"menu_name\":\"甯\"}, {\"menu_url\":\"http://localhost/seller/order.htm\",\"menu_name\":\"璁㈠绠＄\"}]', null, '0', '4522489');
INSERT INTO `wemall_user` VALUES ('32768', '2013-12-24 12:52:13', '\0', null, null, null, null, '12920.00', null, 'admin@shopping.com', null, '2580', '0', '2016-04-06 15:32:59', '127.0.0.1', '492', '2016-04-07 20:41:56', '127.0.0.1', null, 'e10adc3949ba59abbe56e057f20f883e', '0', '0', '0', null, null, 'shopping', 'BUYER_SELLER', '0', null, '1', '9A6383AD4B58E8B1ACF65DC68E0B3B68', null, '[{\"menu_url\":\"http://demo.shopping.com/seller/store_set.htm\",\"menu_name\":\"搴鸿剧疆\"}, {\"menu_url\":\"http://demo.shopping.com/seller/refund.htm\",\"menu_name\":\"娆捐板\"}, {\"menu_url\":\"http://demo.shopping.com/seller/gold_record.htm\",\"menu_name\":\"甯绠＄\"}, {\"menu_url\":\"http://demo.shopping.com/seller/advert_list.htm\",\"menu_name\":\"骞垮绠＄\"}]', null, '0', null);
INSERT INTO `wemall_user` VALUES ('32769', '2014-09-25 11:20:35', '\0', null, null, null, null, null, null, 'hdtx@shopping.com', null, '0', '0', '2016-04-07 19:27:12', '127.0.0.1', '19', '2016-04-07 19:27:12', '127.0.0.1', null, 'e10adc3949ba59abbe56e057f20f883e', '0', '0', '0', null, null, 'hdtx', 'BUYER_SELLER', '0', null, '32769', null, null, '[{\"menu_url\":\"http://localhost/seller/order.htm\",\"menu_name\":\"璁㈠绠＄\"}, {\"menu_url\":\"http://localhost/seller/payment.htm\",\"menu_name\":\"浠瑰\"}]', null, '0', null);
INSERT INTO `wemall_user` VALUES ('32770', '2014-10-29 14:13:42', '\0', null, null, null, null, null, null, '8888888@163.com', null, '0', '0', null, null, '2', '2014-10-29 14:53:01', '0:0:0:0:0:0:0:1', null, 'e10adc3949ba59abbe56e057f20f883e', '0', '0', '0', null, null, 'erikchang', 'BUYER', '0', null, null, null, null, null, null, '0', null);
INSERT INTO `wemall_user` VALUES ('32771', '2014-12-02 13:51:41', '\0', null, null, null, null, null, null, '123@qq.com', null, '0', '0', null, null, '1', '2014-12-02 13:51:42', '119.119.88.212', null, '4297f44b13955235245b2497399d7a93', '0', '0', '0', null, null, 'test3', 'BUYER', '0', null, null, null, null, null, null, '0', null);
INSERT INTO `wemall_user` VALUES ('32772', '2014-12-02 15:06:16', '\0', null, null, null, null, null, null, '123456@qq.com', null, '0', '0', null, null, '2', '2014-12-02 18:05:20', '119.119.88.212', null, 'e10adc3949ba59abbe56e057f20f883e', '0', '0', '0', null, null, '123456', 'BUYER', '0', null, null, null, null, null, null, '0', null);
INSERT INTO `wemall_user` VALUES ('32773', '2014-12-05 09:41:05', '\0', null, null, null, null, null, null, 'test1234@163.com', null, '0', '0', '2014-12-05 10:07:11', '0:0:0:0:0:0:0:1', '2', '2014-12-05 10:07:11', '0:0:0:0:0:0:0:1', null, 'e10adc3949ba59abbe56e057f20f883e', '0', '0', '0', null, null, 'test1234', 'BUYER', '0', null, null, null, null, null, null, '0', null);
INSERT INTO `wemall_user` VALUES ('32774', '2014-12-05 10:07:59', '\0', null, null, null, null, null, null, 'admin111@shopping.com', null, '0', '0', '2014-12-05 10:07:59', '0:0:0:0:0:0:0:1', '1', '2014-12-05 10:07:59', '0:0:0:0:0:0:0:1', null, 'e10adc3949ba59abbe56e057f20f883e', '0', '0', '0', null, null, 'admin111', 'BUYER', '0', null, null, null, null, null, null, '0', null);
INSERT INTO `wemall_user` VALUES ('32775', '2014-12-05 10:48:21', '\0', null, null, null, null, null, null, null, null, '0', '0', '2015-03-02 10:15:36', '27.191.147.242', '47', '2016-03-31 15:52:40', '192.168.2.107', null, 'e10adc3949ba59abbe56e057f20f883e', '0', '0', '0', null, null, 'wemall_admin', 'ADMIN', '0', null, null, null, null, null, null, '0', null);
INSERT INTO `wemall_user` VALUES ('32776', '2015-02-28 13:38:42', '\0', null, null, null, null, null, null, '13581621114@139.com', null, '0', '0', null, null, '1', '2015-02-28 13:38:43', '61.148.243.110', null, 'd2f358bf22dc09b9e754db4d2fe0ad7c', '0', '0', '0', null, null, 'huhui0025', 'BUYER', '0', null, null, null, null, null, null, '0', null);
INSERT INTO `wemall_user` VALUES ('32777', '2015-02-28 13:54:01', '\0', null, null, null, null, null, null, '111111111@qq.com', null, '0', '0', '2016-03-16 23:23:33', '0:0:0:0:0:0:0:1', '34', '2016-03-18 13:14:15', '0:0:0:0:0:0:0:1', null, 'e10adc3949ba59abbe56e057f20f883e', '0', '0', '0', null, null, 'test', 'BUYER', '0', null, null, null, null, null, null, '0', null);
INSERT INTO `wemall_user` VALUES ('32778', '2015-02-28 15:56:33', '\0', null, null, null, null, null, null, '222222@139.com', null, '0', '0', null, null, '2', '2015-03-03 09:37:07', '114.254.35.76', null, '5f54364302d802473715da3e60f2d206', '0', '0', '0', null, null, 'liying', 'BUYER_SELLER', '0', '426106', '32771', null, null, null, null, '0', null);
INSERT INTO `wemall_user` VALUES ('32779', '2015-02-28 16:35:51', '\0', null, null, null, null, null, null, 'testabc@qq.com', null, '0', '0', null, null, '1', '2015-02-28 16:35:51', '117.81.146.111', null, '96e79218965eb72c92a549dd5a330112', '0', '0', '0', null, null, 'testabc', 'BUYER', '0', null, null, null, null, null, null, '0', null);
INSERT INTO `wemall_user` VALUES ('32780', '2015-02-28 21:21:44', '\0', null, null, null, null, null, null, 'test@qq.com', null, '0', '0', null, null, '1', '2015-02-28 21:21:44', '223.73.85.5', null, 'e10adc3949ba59abbe56e057f20f883e', '0', '0', '0', null, null, 'marco', 'BUYER', '0', null, null, null, null, null, null, '0', null);
INSERT INTO `wemall_user` VALUES ('32781', '2015-03-01 00:04:28', '\0', null, null, null, null, null, null, '3333333@qq.com', null, '0', '0', '2015-03-02 19:16:16', '125.69.192.219', '6', '2015-03-02 19:16:16', '125.69.192.219', null, '895f69f67e3d4cc615e0697b2988a435', '0', '0', '0', null, null, 'qq4464421', 'BUYER_SELLER', '0', null, '32772', null, null, null, null, '0', null);
INSERT INTO `wemall_user` VALUES ('32782', '2015-03-01 15:51:36', '\0', null, null, null, null, null, null, '444444@qq.com', null, '0', '0', null, null, '1', '2015-03-01 15:51:37', '61.133.7.135', null, '98c9df11d119e4d11d32af405f42c78e', '0', '0', '0', null, null, 'qq2608977731', 'BUYER_SELLER', '0', null, '32773', null, null, null, null, '0', null);
INSERT INTO `wemall_user` VALUES ('32783', '2015-03-01 16:13:53', '\0', null, null, null, null, null, null, '55555@qq.com', null, '0', '0', null, null, '2', '2015-03-02 15:05:45', '49.220.82.239', null, 'e10adc3949ba59abbe56e057f20f883e', '0', '0', '0', null, null, 'zhangsan', 'BUYER', '0', null, null, null, null, null, null, '0', null);
INSERT INTO `wemall_user` VALUES ('32784', '2016-03-14 13:23:30', '\0', null, null, null, null, null, null, null, null, '0', '0', null, null, '1', '2016-03-14 13:23:30', '0:0:0:0:0:0:0:1', null, 'e10adc3949ba59abbe56e057f20f883e', '0', '0', '0', null, null, 'shop', 'BUYER', '0', null, null, null, null, null, null, '0', null);
INSERT INTO `wemall_user` VALUES ('32785', '2016-03-15 14:49:47', '\0', null, null, null, null, null, null, null, null, '0', '0', '2016-04-04 13:14:00', '127.0.0.1', '2', '2016-04-04 13:14:00', '127.0.0.1', null, 'e10adc3949ba59abbe56e057f20f883e', '0', '0', '0', null, null, 'abcabc', 'BUYER', '0', null, null, null, null, null, null, '0', null);
INSERT INTO `wemall_user` VALUES ('32786', '2016-03-15 17:39:59', '\0', null, null, null, null, null, null, '132@123.com', null, '0', '0', null, null, '1', '2016-03-15 17:39:59', '127.0.0.1', null, 'e10adc3949ba59abbe56e057f20f883e', '0', '0', '0', null, null, 'haiyan', 'BUYER_SELLER', '0', null, '32774', null, null, null, null, '0', null);
INSERT INTO `wemall_user` VALUES ('32787', '2016-04-01 17:59:47', '\0', null, null, null, null, null, null, '123@testseller.com', null, '0', '0', null, null, '1', '2016-04-01 17:59:47', '127.0.0.1', null, 'e10adc3949ba59abbe56e057f20f883e', '0', '0', '0', null, null, 'yuke', 'BUYER_SELLER', '0', null, '32775', null, null, null, null, '0', null);
INSERT INTO `wemall_user` VALUES ('32788', '2016-04-05 11:51:50', '\0', null, null, null, null, null, null, null, null, '0', '0', null, null, '1', '2016-04-05 11:52:10', '127.0.0.1', null, 'e10adc3949ba59abbe56e057f20f883e', '0', '0', '0', null, null, 'newuser', 'BUYER', '0', null, null, null, null, null, null, '0', null);
INSERT INTO `wemall_user` VALUES ('32789', '2016-04-05 11:57:32', '\0', null, null, null, null, null, null, null, null, '0', '0', null, null, '1', '2016-04-05 11:58:00', '127.0.0.1', null, 'e10adc3949ba59abbe56e057f20f883e', '0', '0', '0', null, null, 'shopuser', 'BUYER', '0', null, null, null, null, null, null, '0', null);
INSERT INTO `wemall_user` VALUES ('32790', '2016-04-05 12:21:19', '\0', null, null, null, null, null, null, null, null, '0', '0', null, null, '0', null, null, null, 'e10adc3949ba59abbe56e057f20f883e', '0', '0', '0', null, null, 'myuser', 'BUYER', '0', null, null, null, null, null, null, '0', null);
INSERT INTO `wemall_user` VALUES ('32791', '2016-04-05 12:21:57', '\0', null, null, null, null, null, null, null, null, '0', '0', null, null, '1', '2016-04-05 12:21:57', '127.0.0.1', null, 'e10adc3949ba59abbe56e057f20f883e', '0', '0', '0', null, null, 'myshop', 'BUYER', '0', null, null, null, null, null, null, '0', null);

-- ----------------------------
-- Table structure for wemall_userconfig
-- ----------------------------
DROP TABLE IF EXISTS `wemall_userconfig`;
CREATE TABLE `wemall_userconfig` (
  `id` bigint(20) NOT NULL AUTO_INCREMENT,
  `addTime` datetime DEFAULT NULL,
  `deleteStatus` bit(1) NOT NULL,
  `user_id` bigint(20) DEFAULT NULL,
  PRIMARY KEY (`id`),
  UNIQUE KEY `id` (`id`),
  KEY `FKA058A49E537B6C51` (`user_id`),
  CONSTRAINT `FKA058A49E537B6C51` FOREIGN KEY (`user_id`) REFERENCES `wemall_user` (`id`)
) ENGINE=InnoDB DEFAULT CHARSET=utf8;

-- ----------------------------
-- Records of wemall_userconfig
-- ----------------------------

-- ----------------------------
-- Table structure for wemall_usergoodsclass
-- ----------------------------
DROP TABLE IF EXISTS `wemall_usergoodsclass`;
CREATE TABLE `wemall_usergoodsclass` (
  `id` bigint(20) NOT NULL AUTO_INCREMENT,
  `addTime` datetime DEFAULT NULL,
  `deleteStatus` bit(1) NOT NULL,
  `className` varchar(255) DEFAULT NULL,
  `display` bit(1) NOT NULL,
  `level` int(11) NOT NULL,
  `sequence` int(11) NOT NULL,
  `parent_id` bigint(20) DEFAULT NULL,
  `user_id` bigint(20) DEFAULT NULL,
  PRIMARY KEY (`id`),
  KEY `FKA45E4B3E537B6C51` (`user_id`),
  KEY `FKA45E4B3E153E874` (`parent_id`),
  CONSTRAINT `FKA45E4B3E153E874` FOREIGN KEY (`parent_id`) REFERENCES `wemall_usergoodsclass` (`id`),
  CONSTRAINT `FKA45E4B3E537B6C51` FOREIGN KEY (`user_id`) REFERENCES `wemall_user` (`id`)
) ENGINE=InnoDB AUTO_INCREMENT=32777 DEFAULT CHARSET=utf8;

-- ----------------------------
-- Records of wemall_usergoodsclass
-- ----------------------------
INSERT INTO `wemall_usergoodsclass` VALUES ('1', '2013-12-24 12:58:33', '\0', '峰コ瑁', '', '0', '0', null, '32768');
INSERT INTO `wemall_usergoodsclass` VALUES ('2', '2013-12-24 13:00:17', '\0', '疯', '', '0', '1', '1', '32768');
INSERT INTO `wemall_usergoodsclass` VALUES ('3', '2013-12-24 13:00:28', '\0', '濂宠', '', '0', '1', '1', '32768');
INSERT INTO `wemall_usergoodsclass` VALUES ('4', '2013-12-24 13:00:53', '\0', '琛', '', '0', '2', '1', '32768');
INSERT INTO `wemall_usergoodsclass` VALUES ('5', '2013-12-24 13:00:59', '\0', '绔ヨ', '', '0', '0', '1', '32768');
INSERT INTO `wemall_usergoodsclass` VALUES ('6', '2013-12-24 13:01:48', '\0', '楗', '', '0', '1', null, '32768');
INSERT INTO `wemall_usergoodsclass` VALUES ('7', '2013-12-24 13:02:13', '\0', '烽', '', '0', '0', '6', '32768');
INSERT INTO `wemall_usergoodsclass` VALUES ('8', '2013-12-24 13:02:18', '\0', '濂抽', '', '0', '0', '6', '32768');
INSERT INTO `wemall_usergoodsclass` VALUES ('9', '2013-12-24 13:02:49', '\0', '扮瀹剁', '', '0', '2', null, '32768');
INSERT INTO `wemall_usergoodsclass` VALUES ('10', '2013-12-24 13:03:00', '\0', '绗璁版', '', '0', '0', '9', '32768');
INSERT INTO `wemall_usergoodsclass` VALUES ('11', '2013-12-24 13:03:12', '\0', '', '', '0', '0', '9', '32768');
INSERT INTO `wemall_usergoodsclass` VALUES ('12', '2013-12-24 13:05:30', '\0', '涓浜烘ょ', '', '0', '0', '9', '32768');
INSERT INTO `wemall_usergoodsclass` VALUES ('13', '2013-12-24 13:05:49', '\0', '峰杩', '', '0', '3', null, '32768');
INSERT INTO `wemall_usergoodsclass` VALUES ('14', '2013-12-24 13:05:59', '\0', '峰楗', '', '0', '0', '13', '32768');
INSERT INTO `wemall_usergoodsclass` VALUES ('15', '2013-12-24 13:06:09', '\0', '峰瑁澶', '', '0', '0', '13', '32768');
INSERT INTO `wemall_usergoodsclass` VALUES ('16', '2013-12-24 13:06:25', '\0', '浣插ヨ韩', '', '0', '0', '13', '32768');
INSERT INTO `wemall_usergoodsclass` VALUES ('32768', '2013-12-24 16:01:45', '\0', '楗板', '', '0', '0', '6', '32768');
INSERT INTO `wemall_usergoodsclass` VALUES ('32769', '2013-12-24 16:15:29', '\0', '绠卞', '', '0', '0', '6', '32768');
INSERT INTO `wemall_usergoodsclass` VALUES ('32770', '2014-09-25 11:27:30', '\0', '哄煎', '', '0', '0', null, '32769');
INSERT INTO `wemall_usergoodsclass` VALUES ('32771', '2014-09-25 11:27:45', '\0', '绉诲ㄥ煎', '', '0', '0', '32770', '32769');
INSERT INTO `wemall_usergoodsclass` VALUES ('32772', '2014-09-25 11:27:58', '\0', '煎', '', '0', '0', '32770', '32769');
INSERT INTO `wemall_usergoodsclass` VALUES ('32773', '2014-09-25 11:28:09', '\0', '典俊煎', '', '0', '0', '32770', '32769');
INSERT INTO `wemall_usergoodsclass` VALUES ('32774', '2014-09-25 11:28:25', '\0', '虹垫', '', '0', '1', null, '32769');
INSERT INTO `wemall_usergoodsclass` VALUES ('32775', '2014-09-25 11:28:55', '\0', '绉诲ㄥ靛', '', '0', '0', '32774', '32769');
INSERT INTO `wemall_usergoodsclass` VALUES ('32776', '2014-09-25 11:29:12', '\0', '洪垫', '\0', '0', '0', '32774', '32769');

-- ----------------------------
-- Table structure for wemall_user_attention
-- ----------------------------
DROP TABLE IF EXISTS `wemall_user_attention`;
CREATE TABLE `wemall_user_attention` (
  `id` bigint(20) NOT NULL AUTO_INCREMENT,
  `addTime` datetime DEFAULT NULL,
  `deleteStatus` bit(1) NOT NULL,
  `fromUser_id` bigint(20) DEFAULT NULL,
  `toUser_id` bigint(20) DEFAULT NULL,
  PRIMARY KEY (`id`),
  UNIQUE KEY `id` (`id`),
  KEY `FK6D85856157C55027` (`toUser_id`),
  KEY `FK6D858561BE806418` (`fromUser_id`),
  CONSTRAINT `FK6D85856157C55027` FOREIGN KEY (`toUser_id`) REFERENCES `wemall_user` (`id`),
  CONSTRAINT `FK6D858561BE806418` FOREIGN KEY (`fromUser_id`) REFERENCES `wemall_user` (`id`)
) ENGINE=InnoDB AUTO_INCREMENT=4 DEFAULT CHARSET=utf8;

-- ----------------------------
-- Records of wemall_user_attention
-- ----------------------------
INSERT INTO `wemall_user_attention` VALUES ('2', '2014-09-09 17:48:23', '\0', '1', '32768');
INSERT INTO `wemall_user_attention` VALUES ('3', '2014-09-23 19:45:56', '\0', '32768', '1');

-- ----------------------------
-- Table structure for wemall_user_friend
-- ----------------------------
DROP TABLE IF EXISTS `wemall_user_friend`;
CREATE TABLE `wemall_user_friend` (
  `id` bigint(20) NOT NULL AUTO_INCREMENT,
  `addTime` datetime DEFAULT NULL,
  `deleteStatus` bit(1) NOT NULL,
  `fromUser_id` bigint(20) DEFAULT NULL,
  `toUser_id` bigint(20) DEFAULT NULL,
  PRIMARY KEY (`id`),
  UNIQUE KEY `id` (`id`),
  KEY `FK880111E18D202D76` (`toUser_id`),
  KEY `FK880111E1F3DB4167` (`fromUser_id`),
  CONSTRAINT `FK880111E18D202D76` FOREIGN KEY (`toUser_id`) REFERENCES `wemall_user` (`id`),
  CONSTRAINT `FK880111E1F3DB4167` FOREIGN KEY (`fromUser_id`) REFERENCES `wemall_user` (`id`)
) ENGINE=InnoDB AUTO_INCREMENT=2 DEFAULT CHARSET=utf8;

-- ----------------------------
-- Records of wemall_user_friend
-- ----------------------------
INSERT INTO `wemall_user_friend` VALUES ('1', '2014-09-03 16:33:50', '\0', '1', '32768');

-- ----------------------------
-- Table structure for wemall_user_role
-- ----------------------------
DROP TABLE IF EXISTS `wemall_user_role`;
CREATE TABLE `wemall_user_role` (
  `user_id` bigint(20) NOT NULL,
  `role_id` bigint(20) NOT NULL,
  PRIMARY KEY (`user_id`,`role_id`),
  KEY `FKC7643E5378F5CB22` (`role_id`),
  KEY `FKC7643E531E208F02` (`user_id`),
  CONSTRAINT `FKC7643E531E208F02` FOREIGN KEY (`user_id`) REFERENCES `wemall_user` (`id`),
  CONSTRAINT `FKC7643E5378F5CB22` FOREIGN KEY (`role_id`) REFERENCES `wemall_role` (`id`)
) ENGINE=InnoDB DEFAULT CHARSET=utf8;

-- ----------------------------
-- Records of wemall_user_role
-- ----------------------------
INSERT INTO `wemall_user_role` VALUES ('1', '1');
INSERT INTO `wemall_user_role` VALUES ('32775', '1');
INSERT INTO `wemall_user_role` VALUES ('1', '2');
INSERT INTO `wemall_user_role` VALUES ('32775', '2');
INSERT INTO `wemall_user_role` VALUES ('1', '3');
INSERT INTO `wemall_user_role` VALUES ('32775', '3');
INSERT INTO `wemall_user_role` VALUES ('1', '4');
INSERT INTO `wemall_user_role` VALUES ('32775', '4');
INSERT INTO `wemall_user_role` VALUES ('1', '5');
INSERT INTO `wemall_user_role` VALUES ('32775', '5');
INSERT INTO `wemall_user_role` VALUES ('1', '6');
INSERT INTO `wemall_user_role` VALUES ('32775', '6');
INSERT INTO `wemall_user_role` VALUES ('1', '7');
INSERT INTO `wemall_user_role` VALUES ('32775', '7');
INSERT INTO `wemall_user_role` VALUES ('1', '8');
INSERT INTO `wemall_user_role` VALUES ('32775', '8');
INSERT INTO `wemall_user_role` VALUES ('1', '9');
INSERT INTO `wemall_user_role` VALUES ('32775', '9');
INSERT INTO `wemall_user_role` VALUES ('1', '10');
INSERT INTO `wemall_user_role` VALUES ('32775', '10');
INSERT INTO `wemall_user_role` VALUES ('1', '11');
INSERT INTO `wemall_user_role` VALUES ('32775', '11');
INSERT INTO `wemall_user_role` VALUES ('1', '12');
INSERT INTO `wemall_user_role` VALUES ('32775', '12');
INSERT INTO `wemall_user_role` VALUES ('1', '13');
INSERT INTO `wemall_user_role` VALUES ('32775', '13');
INSERT INTO `wemall_user_role` VALUES ('1', '14');
INSERT INTO `wemall_user_role` VALUES ('32775', '14');
INSERT INTO `wemall_user_role` VALUES ('1', '15');
INSERT INTO `wemall_user_role` VALUES ('32775', '15');
INSERT INTO `wemall_user_role` VALUES ('1', '16');
INSERT INTO `wemall_user_role` VALUES ('32775', '16');
INSERT INTO `wemall_user_role` VALUES ('1', '17');
INSERT INTO `wemall_user_role` VALUES ('32775', '17');
INSERT INTO `wemall_user_role` VALUES ('1', '18');
INSERT INTO `wemall_user_role` VALUES ('32775', '18');
INSERT INTO `wemall_user_role` VALUES ('1', '19');
INSERT INTO `wemall_user_role` VALUES ('32775', '19');
INSERT INTO `wemall_user_role` VALUES ('1', '20');
INSERT INTO `wemall_user_role` VALUES ('32775', '20');
INSERT INTO `wemall_user_role` VALUES ('1', '21');
INSERT INTO `wemall_user_role` VALUES ('32775', '21');
INSERT INTO `wemall_user_role` VALUES ('1', '22');
INSERT INTO `wemall_user_role` VALUES ('32775', '22');
INSERT INTO `wemall_user_role` VALUES ('1', '23');
INSERT INTO `wemall_user_role` VALUES ('32775', '23');
INSERT INTO `wemall_user_role` VALUES ('1', '24');
INSERT INTO `wemall_user_role` VALUES ('32775', '24');
INSERT INTO `wemall_user_role` VALUES ('1', '25');
INSERT INTO `wemall_user_role` VALUES ('32775', '25');
INSERT INTO `wemall_user_role` VALUES ('1', '26');
INSERT INTO `wemall_user_role` VALUES ('32775', '26');
INSERT INTO `wemall_user_role` VALUES ('1', '27');
INSERT INTO `wemall_user_role` VALUES ('32775', '27');
INSERT INTO `wemall_user_role` VALUES ('1', '28');
INSERT INTO `wemall_user_role` VALUES ('32775', '28');
INSERT INTO `wemall_user_role` VALUES ('1', '29');
INSERT INTO `wemall_user_role` VALUES ('32775', '29');
INSERT INTO `wemall_user_role` VALUES ('1', '30');
INSERT INTO `wemall_user_role` VALUES ('32775', '30');
INSERT INTO `wemall_user_role` VALUES ('1', '31');
INSERT INTO `wemall_user_role` VALUES ('1', '32');
INSERT INTO `wemall_user_role` VALUES ('32775', '32');
INSERT INTO `wemall_user_role` VALUES ('1', '33');
INSERT INTO `wemall_user_role` VALUES ('32775', '33');
INSERT INTO `wemall_user_role` VALUES ('1', '34');
INSERT INTO `wemall_user_role` VALUES ('32775', '34');
INSERT INTO `wemall_user_role` VALUES ('1', '35');
INSERT INTO `wemall_user_role` VALUES ('32775', '35');
INSERT INTO `wemall_user_role` VALUES ('1', '36');
INSERT INTO `wemall_user_role` VALUES ('32775', '36');
INSERT INTO `wemall_user_role` VALUES ('1', '37');
INSERT INTO `wemall_user_role` VALUES ('32775', '37');
INSERT INTO `wemall_user_role` VALUES ('1', '38');
INSERT INTO `wemall_user_role` VALUES ('32775', '38');
INSERT INTO `wemall_user_role` VALUES ('1', '39');
INSERT INTO `wemall_user_role` VALUES ('32775', '39');
INSERT INTO `wemall_user_role` VALUES ('1', '40');
INSERT INTO `wemall_user_role` VALUES ('32775', '40');
INSERT INTO `wemall_user_role` VALUES ('1', '41');
INSERT INTO `wemall_user_role` VALUES ('32775', '41');
INSERT INTO `wemall_user_role` VALUES ('1', '42');
INSERT INTO `wemall_user_role` VALUES ('32775', '42');
INSERT INTO `wemall_user_role` VALUES ('1', '43');
INSERT INTO `wemall_user_role` VALUES ('32775', '43');
INSERT INTO `wemall_user_role` VALUES ('1', '44');
INSERT INTO `wemall_user_role` VALUES ('32775', '44');
INSERT INTO `wemall_user_role` VALUES ('1', '45');
INSERT INTO `wemall_user_role` VALUES ('32775', '45');
INSERT INTO `wemall_user_role` VALUES ('1', '46');
INSERT INTO `wemall_user_role` VALUES ('32775', '46');
INSERT INTO `wemall_user_role` VALUES ('1', '47');
INSERT INTO `wemall_user_role` VALUES ('32775', '47');
INSERT INTO `wemall_user_role` VALUES ('1', '48');
INSERT INTO `wemall_user_role` VALUES ('32775', '48');
INSERT INTO `wemall_user_role` VALUES ('1', '49');
INSERT INTO `wemall_user_role` VALUES ('32775', '49');
INSERT INTO `wemall_user_role` VALUES ('1', '50');
INSERT INTO `wemall_user_role` VALUES ('32775', '50');
INSERT INTO `wemall_user_role` VALUES ('1', '51');
INSERT INTO `wemall_user_role` VALUES ('32775', '51');
INSERT INTO `wemall_user_role` VALUES ('1', '52');
INSERT INTO `wemall_user_role` VALUES ('32775', '52');
INSERT INTO `wemall_user_role` VALUES ('1', '53');
INSERT INTO `wemall_user_role` VALUES ('1', '54');
INSERT INTO `wemall_user_role` VALUES ('32775', '54');
INSERT INTO `wemall_user_role` VALUES ('1', '55');
INSERT INTO `wemall_user_role` VALUES ('32775', '55');
INSERT INTO `wemall_user_role` VALUES ('1', '56');
INSERT INTO `wemall_user_role` VALUES ('32775', '56');
INSERT INTO `wemall_user_role` VALUES ('1', '57');
INSERT INTO `wemall_user_role` VALUES ('32775', '57');
INSERT INTO `wemall_user_role` VALUES ('1', '58');
INSERT INTO `wemall_user_role` VALUES ('32775', '58');
INSERT INTO `wemall_user_role` VALUES ('1', '59');
INSERT INTO `wemall_user_role` VALUES ('32775', '59');
INSERT INTO `wemall_user_role` VALUES ('1', '60');
INSERT INTO `wemall_user_role` VALUES ('32775', '60');
INSERT INTO `wemall_user_role` VALUES ('1', '61');
INSERT INTO `wemall_user_role` VALUES ('32775', '61');
INSERT INTO `wemall_user_role` VALUES ('1', '62');
INSERT INTO `wemall_user_role` VALUES ('32775', '62');
INSERT INTO `wemall_user_role` VALUES ('1', '63');
INSERT INTO `wemall_user_role` VALUES ('32775', '63');
INSERT INTO `wemall_user_role` VALUES ('1', '64');
INSERT INTO `wemall_user_role` VALUES ('32775', '64');
INSERT INTO `wemall_user_role` VALUES ('1', '65');
INSERT INTO `wemall_user_role` VALUES ('32775', '65');
INSERT INTO `wemall_user_role` VALUES ('1', '66');
INSERT INTO `wemall_user_role` VALUES ('32775', '66');
INSERT INTO `wemall_user_role` VALUES ('1', '67');
INSERT INTO `wemall_user_role` VALUES ('32775', '67');
INSERT INTO `wemall_user_role` VALUES ('32768', '68');
INSERT INTO `wemall_user_role` VALUES ('32769', '68');
INSERT INTO `wemall_user_role` VALUES ('32778', '68');
INSERT INTO `wemall_user_role` VALUES ('32781', '68');
INSERT INTO `wemall_user_role` VALUES ('32782', '68');
INSERT INTO `wemall_user_role` VALUES ('32786', '68');
INSERT INTO `wemall_user_role` VALUES ('32787', '68');
INSERT INTO `wemall_user_role` VALUES ('32768', '69');
INSERT INTO `wemall_user_role` VALUES ('32769', '69');
INSERT INTO `wemall_user_role` VALUES ('32778', '69');
INSERT INTO `wemall_user_role` VALUES ('32781', '69');
INSERT INTO `wemall_user_role` VALUES ('32782', '69');
INSERT INTO `wemall_user_role` VALUES ('32786', '69');
INSERT INTO `wemall_user_role` VALUES ('32787', '69');
INSERT INTO `wemall_user_role` VALUES ('32768', '70');
INSERT INTO `wemall_user_role` VALUES ('32769', '70');
INSERT INTO `wemall_user_role` VALUES ('32778', '70');
INSERT INTO `wemall_user_role` VALUES ('32781', '70');
INSERT INTO `wemall_user_role` VALUES ('32782', '70');
INSERT INTO `wemall_user_role` VALUES ('32786', '70');
INSERT INTO `wemall_user_role` VALUES ('32787', '70');
INSERT INTO `wemall_user_role` VALUES ('32768', '71');
INSERT INTO `wemall_user_role` VALUES ('32769', '71');
INSERT INTO `wemall_user_role` VALUES ('32778', '71');
INSERT INTO `wemall_user_role` VALUES ('32781', '71');
INSERT INTO `wemall_user_role` VALUES ('32782', '71');
INSERT INTO `wemall_user_role` VALUES ('32786', '71');
INSERT INTO `wemall_user_role` VALUES ('32787', '71');
INSERT INTO `wemall_user_role` VALUES ('32768', '72');
INSERT INTO `wemall_user_role` VALUES ('32769', '72');
INSERT INTO `wemall_user_role` VALUES ('32778', '72');
INSERT INTO `wemall_user_role` VALUES ('32781', '72');
INSERT INTO `wemall_user_role` VALUES ('32782', '72');
INSERT INTO `wemall_user_role` VALUES ('32786', '72');
INSERT INTO `wemall_user_role` VALUES ('32787', '72');
INSERT INTO `wemall_user_role` VALUES ('32768', '73');
INSERT INTO `wemall_user_role` VALUES ('32769', '73');
INSERT INTO `wemall_user_role` VALUES ('32778', '73');
INSERT INTO `wemall_user_role` VALUES ('32781', '73');
INSERT INTO `wemall_user_role` VALUES ('32782', '73');
INSERT INTO `wemall_user_role` VALUES ('32786', '73');
INSERT INTO `wemall_user_role` VALUES ('32787', '73');
INSERT INTO `wemall_user_role` VALUES ('32768', '74');
INSERT INTO `wemall_user_role` VALUES ('32769', '74');
INSERT INTO `wemall_user_role` VALUES ('32778', '74');
INSERT INTO `wemall_user_role` VALUES ('32781', '74');
INSERT INTO `wemall_user_role` VALUES ('32782', '74');
INSERT INTO `wemall_user_role` VALUES ('32786', '74');
INSERT INTO `wemall_user_role` VALUES ('32787', '74');
INSERT INTO `wemall_user_role` VALUES ('32768', '75');
INSERT INTO `wemall_user_role` VALUES ('32769', '75');
INSERT INTO `wemall_user_role` VALUES ('32778', '75');
INSERT INTO `wemall_user_role` VALUES ('32781', '75');
INSERT INTO `wemall_user_role` VALUES ('32782', '75');
INSERT INTO `wemall_user_role` VALUES ('32786', '75');
INSERT INTO `wemall_user_role` VALUES ('32787', '75');
INSERT INTO `wemall_user_role` VALUES ('32768', '76');
INSERT INTO `wemall_user_role` VALUES ('32769', '76');
INSERT INTO `wemall_user_role` VALUES ('32778', '76');
INSERT INTO `wemall_user_role` VALUES ('32781', '76');
INSERT INTO `wemall_user_role` VALUES ('32782', '76');
INSERT INTO `wemall_user_role` VALUES ('32786', '76');
INSERT INTO `wemall_user_role` VALUES ('32787', '76');
INSERT INTO `wemall_user_role` VALUES ('32768', '77');
INSERT INTO `wemall_user_role` VALUES ('32769', '77');
INSERT INTO `wemall_user_role` VALUES ('32778', '77');
INSERT INTO `wemall_user_role` VALUES ('32781', '77');
INSERT INTO `wemall_user_role` VALUES ('32782', '77');
INSERT INTO `wemall_user_role` VALUES ('32786', '77');
INSERT INTO `wemall_user_role` VALUES ('32787', '77');
INSERT INTO `wemall_user_role` VALUES ('32768', '78');
INSERT INTO `wemall_user_role` VALUES ('32769', '78');
INSERT INTO `wemall_user_role` VALUES ('32778', '78');
INSERT INTO `wemall_user_role` VALUES ('32781', '78');
INSERT INTO `wemall_user_role` VALUES ('32782', '78');
INSERT INTO `wemall_user_role` VALUES ('32786', '78');
INSERT INTO `wemall_user_role` VALUES ('32787', '78');
INSERT INTO `wemall_user_role` VALUES ('32768', '79');
INSERT INTO `wemall_user_role` VALUES ('32769', '79');
INSERT INTO `wemall_user_role` VALUES ('32778', '79');
INSERT INTO `wemall_user_role` VALUES ('32781', '79');
INSERT INTO `wemall_user_role` VALUES ('32782', '79');
INSERT INTO `wemall_user_role` VALUES ('32786', '79');
INSERT INTO `wemall_user_role` VALUES ('32787', '79');
INSERT INTO `wemall_user_role` VALUES ('32768', '80');
INSERT INTO `wemall_user_role` VALUES ('32769', '80');
INSERT INTO `wemall_user_role` VALUES ('32778', '80');
INSERT INTO `wemall_user_role` VALUES ('32781', '80');
INSERT INTO `wemall_user_role` VALUES ('32782', '80');
INSERT INTO `wemall_user_role` VALUES ('32786', '80');
INSERT INTO `wemall_user_role` VALUES ('32787', '80');
INSERT INTO `wemall_user_role` VALUES ('32768', '81');
INSERT INTO `wemall_user_role` VALUES ('32769', '81');
INSERT INTO `wemall_user_role` VALUES ('32778', '81');
INSERT INTO `wemall_user_role` VALUES ('32781', '81');
INSERT INTO `wemall_user_role` VALUES ('32782', '81');
INSERT INTO `wemall_user_role` VALUES ('32786', '81');
INSERT INTO `wemall_user_role` VALUES ('32787', '81');
INSERT INTO `wemall_user_role` VALUES ('1', '82');
INSERT INTO `wemall_user_role` VALUES ('32768', '82');
INSERT INTO `wemall_user_role` VALUES ('32769', '82');
INSERT INTO `wemall_user_role` VALUES ('32770', '82');
INSERT INTO `wemall_user_role` VALUES ('32771', '82');
INSERT INTO `wemall_user_role` VALUES ('32772', '82');
INSERT INTO `wemall_user_role` VALUES ('32773', '82');
INSERT INTO `wemall_user_role` VALUES ('32774', '82');
INSERT INTO `wemall_user_role` VALUES ('32775', '82');
INSERT INTO `wemall_user_role` VALUES ('32776', '82');
INSERT INTO `wemall_user_role` VALUES ('32777', '82');
INSERT INTO `wemall_user_role` VALUES ('32778', '82');
INSERT INTO `wemall_user_role` VALUES ('32779', '82');
INSERT INTO `wemall_user_role` VALUES ('32780', '82');
INSERT INTO `wemall_user_role` VALUES ('32781', '82');
INSERT INTO `wemall_user_role` VALUES ('32782', '82');
INSERT INTO `wemall_user_role` VALUES ('32783', '82');
INSERT INTO `wemall_user_role` VALUES ('32784', '82');
INSERT INTO `wemall_user_role` VALUES ('32785', '82');
INSERT INTO `wemall_user_role` VALUES ('32786', '82');
INSERT INTO `wemall_user_role` VALUES ('32787', '82');
INSERT INTO `wemall_user_role` VALUES ('32788', '82');
INSERT INTO `wemall_user_role` VALUES ('32789', '82');
INSERT INTO `wemall_user_role` VALUES ('32790', '82');
INSERT INTO `wemall_user_role` VALUES ('32791', '82');
INSERT INTO `wemall_user_role` VALUES ('32768', '83');
INSERT INTO `wemall_user_role` VALUES ('32769', '83');
INSERT INTO `wemall_user_role` VALUES ('32778', '83');
INSERT INTO `wemall_user_role` VALUES ('32781', '83');
INSERT INTO `wemall_user_role` VALUES ('32782', '83');
INSERT INTO `wemall_user_role` VALUES ('32786', '83');
INSERT INTO `wemall_user_role` VALUES ('32787', '83');
INSERT INTO `wemall_user_role` VALUES ('32768', '84');
INSERT INTO `wemall_user_role` VALUES ('32769', '84');
INSERT INTO `wemall_user_role` VALUES ('32778', '84');
INSERT INTO `wemall_user_role` VALUES ('32781', '84');
INSERT INTO `wemall_user_role` VALUES ('32782', '84');
INSERT INTO `wemall_user_role` VALUES ('32786', '84');
INSERT INTO `wemall_user_role` VALUES ('32787', '84');
INSERT INTO `wemall_user_role` VALUES ('32768', '85');
INSERT INTO `wemall_user_role` VALUES ('32769', '85');
INSERT INTO `wemall_user_role` VALUES ('32778', '85');
INSERT INTO `wemall_user_role` VALUES ('32781', '85');
INSERT INTO `wemall_user_role` VALUES ('32782', '85');
INSERT INTO `wemall_user_role` VALUES ('32786', '85');
INSERT INTO `wemall_user_role` VALUES ('32787', '85');
INSERT INTO `wemall_user_role` VALUES ('32768', '86');
INSERT INTO `wemall_user_role` VALUES ('32769', '86');
INSERT INTO `wemall_user_role` VALUES ('32778', '86');
INSERT INTO `wemall_user_role` VALUES ('32781', '86');
INSERT INTO `wemall_user_role` VALUES ('32782', '86');
INSERT INTO `wemall_user_role` VALUES ('32786', '86');
INSERT INTO `wemall_user_role` VALUES ('32787', '86');
INSERT INTO `wemall_user_role` VALUES ('32768', '87');
INSERT INTO `wemall_user_role` VALUES ('32769', '87');
INSERT INTO `wemall_user_role` VALUES ('32778', '87');
INSERT INTO `wemall_user_role` VALUES ('32781', '87');
INSERT INTO `wemall_user_role` VALUES ('32782', '87');
INSERT INTO `wemall_user_role` VALUES ('32786', '87');
INSERT INTO `wemall_user_role` VALUES ('32787', '87');
INSERT INTO `wemall_user_role` VALUES ('32768', '88');
INSERT INTO `wemall_user_role` VALUES ('32769', '88');
INSERT INTO `wemall_user_role` VALUES ('32778', '88');
INSERT INTO `wemall_user_role` VALUES ('32781', '88');
INSERT INTO `wemall_user_role` VALUES ('32782', '88');
INSERT INTO `wemall_user_role` VALUES ('32786', '88');
INSERT INTO `wemall_user_role` VALUES ('32787', '88');
INSERT INTO `wemall_user_role` VALUES ('32768', '89');
INSERT INTO `wemall_user_role` VALUES ('32769', '89');
INSERT INTO `wemall_user_role` VALUES ('32778', '89');
INSERT INTO `wemall_user_role` VALUES ('32781', '89');
INSERT INTO `wemall_user_role` VALUES ('32782', '89');
INSERT INTO `wemall_user_role` VALUES ('32786', '89');
INSERT INTO `wemall_user_role` VALUES ('32787', '89');
INSERT INTO `wemall_user_role` VALUES ('32768', '90');
INSERT INTO `wemall_user_role` VALUES ('32769', '90');
INSERT INTO `wemall_user_role` VALUES ('32778', '90');
INSERT INTO `wemall_user_role` VALUES ('32781', '90');
INSERT INTO `wemall_user_role` VALUES ('32782', '90');
INSERT INTO `wemall_user_role` VALUES ('32786', '90');
INSERT INTO `wemall_user_role` VALUES ('32787', '90');
INSERT INTO `wemall_user_role` VALUES ('32768', '91');
INSERT INTO `wemall_user_role` VALUES ('32769', '91');
INSERT INTO `wemall_user_role` VALUES ('32778', '91');
INSERT INTO `wemall_user_role` VALUES ('32781', '91');
INSERT INTO `wemall_user_role` VALUES ('32782', '91');
INSERT INTO `wemall_user_role` VALUES ('32786', '91');
INSERT INTO `wemall_user_role` VALUES ('32787', '91');
INSERT INTO `wemall_user_role` VALUES ('32768', '92');
INSERT INTO `wemall_user_role` VALUES ('32769', '92');
INSERT INTO `wemall_user_role` VALUES ('32778', '92');
INSERT INTO `wemall_user_role` VALUES ('32781', '92');
INSERT INTO `wemall_user_role` VALUES ('32782', '92');
INSERT INTO `wemall_user_role` VALUES ('32786', '92');
INSERT INTO `wemall_user_role` VALUES ('32787', '92');
INSERT INTO `wemall_user_role` VALUES ('32768', '93');
INSERT INTO `wemall_user_role` VALUES ('32769', '93');
INSERT INTO `wemall_user_role` VALUES ('32778', '93');
INSERT INTO `wemall_user_role` VALUES ('32781', '93');
INSERT INTO `wemall_user_role` VALUES ('32782', '93');
INSERT INTO `wemall_user_role` VALUES ('32786', '93');
INSERT INTO `wemall_user_role` VALUES ('32787', '93');
INSERT INTO `wemall_user_role` VALUES ('32768', '94');
INSERT INTO `wemall_user_role` VALUES ('32769', '94');
INSERT INTO `wemall_user_role` VALUES ('32778', '94');
INSERT INTO `wemall_user_role` VALUES ('32781', '94');
INSERT INTO `wemall_user_role` VALUES ('32782', '94');
INSERT INTO `wemall_user_role` VALUES ('32786', '94');
INSERT INTO `wemall_user_role` VALUES ('32787', '94');
INSERT INTO `wemall_user_role` VALUES ('32768', '95');
INSERT INTO `wemall_user_role` VALUES ('32769', '95');
INSERT INTO `wemall_user_role` VALUES ('32778', '95');
INSERT INTO `wemall_user_role` VALUES ('32781', '95');
INSERT INTO `wemall_user_role` VALUES ('32782', '95');
INSERT INTO `wemall_user_role` VALUES ('32786', '95');
INSERT INTO `wemall_user_role` VALUES ('32787', '95');
INSERT INTO `wemall_user_role` VALUES ('32768', '96');
INSERT INTO `wemall_user_role` VALUES ('32769', '96');
INSERT INTO `wemall_user_role` VALUES ('32778', '96');
INSERT INTO `wemall_user_role` VALUES ('32781', '96');
INSERT INTO `wemall_user_role` VALUES ('32782', '96');
INSERT INTO `wemall_user_role` VALUES ('32786', '96');
INSERT INTO `wemall_user_role` VALUES ('32787', '96');
INSERT INTO `wemall_user_role` VALUES ('32768', '97');
INSERT INTO `wemall_user_role` VALUES ('32769', '97');
INSERT INTO `wemall_user_role` VALUES ('32778', '97');
INSERT INTO `wemall_user_role` VALUES ('32781', '97');
INSERT INTO `wemall_user_role` VALUES ('32782', '97');
INSERT INTO `wemall_user_role` VALUES ('32786', '97');
INSERT INTO `wemall_user_role` VALUES ('32787', '97');
INSERT INTO `wemall_user_role` VALUES ('32768', '98');
INSERT INTO `wemall_user_role` VALUES ('32769', '98');
INSERT INTO `wemall_user_role` VALUES ('32778', '98');
INSERT INTO `wemall_user_role` VALUES ('32781', '98');
INSERT INTO `wemall_user_role` VALUES ('32782', '98');
INSERT INTO `wemall_user_role` VALUES ('32786', '98');
INSERT INTO `wemall_user_role` VALUES ('32787', '98');
INSERT INTO `wemall_user_role` VALUES ('32768', '99');
INSERT INTO `wemall_user_role` VALUES ('32769', '99');
INSERT INTO `wemall_user_role` VALUES ('32778', '99');
INSERT INTO `wemall_user_role` VALUES ('32781', '99');
INSERT INTO `wemall_user_role` VALUES ('32782', '99');
INSERT INTO `wemall_user_role` VALUES ('32786', '99');
INSERT INTO `wemall_user_role` VALUES ('32787', '99');
INSERT INTO `wemall_user_role` VALUES ('1', '100');
INSERT INTO `wemall_user_role` VALUES ('32768', '100');
INSERT INTO `wemall_user_role` VALUES ('32769', '100');
INSERT INTO `wemall_user_role` VALUES ('32770', '100');
INSERT INTO `wemall_user_role` VALUES ('32771', '100');
INSERT INTO `wemall_user_role` VALUES ('32772', '100');
INSERT INTO `wemall_user_role` VALUES ('32773', '100');
INSERT INTO `wemall_user_role` VALUES ('32774', '100');
INSERT INTO `wemall_user_role` VALUES ('32775', '100');
INSERT INTO `wemall_user_role` VALUES ('32776', '100');
INSERT INTO `wemall_user_role` VALUES ('32777', '100');
INSERT INTO `wemall_user_role` VALUES ('32778', '100');
INSERT INTO `wemall_user_role` VALUES ('32779', '100');
INSERT INTO `wemall_user_role` VALUES ('32780', '100');
INSERT INTO `wemall_user_role` VALUES ('32781', '100');
INSERT INTO `wemall_user_role` VALUES ('32782', '100');
INSERT INTO `wemall_user_role` VALUES ('32783', '100');
INSERT INTO `wemall_user_role` VALUES ('32784', '100');
INSERT INTO `wemall_user_role` VALUES ('32785', '100');
INSERT INTO `wemall_user_role` VALUES ('32786', '100');
INSERT INTO `wemall_user_role` VALUES ('32787', '100');
INSERT INTO `wemall_user_role` VALUES ('32788', '100');
INSERT INTO `wemall_user_role` VALUES ('32789', '100');
INSERT INTO `wemall_user_role` VALUES ('32790', '100');
INSERT INTO `wemall_user_role` VALUES ('32791', '100');
INSERT INTO `wemall_user_role` VALUES ('32768', '101');
INSERT INTO `wemall_user_role` VALUES ('32769', '101');
INSERT INTO `wemall_user_role` VALUES ('32778', '101');
INSERT INTO `wemall_user_role` VALUES ('32781', '101');
INSERT INTO `wemall_user_role` VALUES ('32782', '101');
INSERT INTO `wemall_user_role` VALUES ('32786', '101');
INSERT INTO `wemall_user_role` VALUES ('32787', '101');
INSERT INTO `wemall_user_role` VALUES ('32768', '102');
INSERT INTO `wemall_user_role` VALUES ('32769', '102');
INSERT INTO `wemall_user_role` VALUES ('32778', '102');
INSERT INTO `wemall_user_role` VALUES ('32781', '102');
INSERT INTO `wemall_user_role` VALUES ('32782', '102');
INSERT INTO `wemall_user_role` VALUES ('32786', '102');
INSERT INTO `wemall_user_role` VALUES ('32787', '102');
INSERT INTO `wemall_user_role` VALUES ('32768', '103');
INSERT INTO `wemall_user_role` VALUES ('32769', '103');
INSERT INTO `wemall_user_role` VALUES ('32778', '103');
INSERT INTO `wemall_user_role` VALUES ('32781', '103');
INSERT INTO `wemall_user_role` VALUES ('32782', '103');
INSERT INTO `wemall_user_role` VALUES ('32786', '103');
INSERT INTO `wemall_user_role` VALUES ('32787', '103');
INSERT INTO `wemall_user_role` VALUES ('32768', '104');
INSERT INTO `wemall_user_role` VALUES ('32769', '104');
INSERT INTO `wemall_user_role` VALUES ('32778', '104');
INSERT INTO `wemall_user_role` VALUES ('32781', '104');
INSERT INTO `wemall_user_role` VALUES ('32782', '104');
INSERT INTO `wemall_user_role` VALUES ('32786', '104');
INSERT INTO `wemall_user_role` VALUES ('32787', '104');
INSERT INTO `wemall_user_role` VALUES ('1', '105');
INSERT INTO `wemall_user_role` VALUES ('32768', '105');
INSERT INTO `wemall_user_role` VALUES ('32769', '105');
INSERT INTO `wemall_user_role` VALUES ('32770', '105');
INSERT INTO `wemall_user_role` VALUES ('32771', '105');
INSERT INTO `wemall_user_role` VALUES ('32772', '105');
INSERT INTO `wemall_user_role` VALUES ('32773', '105');
INSERT INTO `wemall_user_role` VALUES ('32774', '105');
INSERT INTO `wemall_user_role` VALUES ('32775', '105');
INSERT INTO `wemall_user_role` VALUES ('32776', '105');
INSERT INTO `wemall_user_role` VALUES ('32777', '105');
INSERT INTO `wemall_user_role` VALUES ('32778', '105');
INSERT INTO `wemall_user_role` VALUES ('32779', '105');
INSERT INTO `wemall_user_role` VALUES ('32780', '105');
INSERT INTO `wemall_user_role` VALUES ('32781', '105');
INSERT INTO `wemall_user_role` VALUES ('32782', '105');
INSERT INTO `wemall_user_role` VALUES ('32783', '105');
INSERT INTO `wemall_user_role` VALUES ('32784', '105');
INSERT INTO `wemall_user_role` VALUES ('32785', '105');
INSERT INTO `wemall_user_role` VALUES ('32786', '105');
INSERT INTO `wemall_user_role` VALUES ('32787', '105');
INSERT INTO `wemall_user_role` VALUES ('32788', '105');
INSERT INTO `wemall_user_role` VALUES ('32789', '105');
INSERT INTO `wemall_user_role` VALUES ('32790', '105');
INSERT INTO `wemall_user_role` VALUES ('32791', '105');
INSERT INTO `wemall_user_role` VALUES ('1', '106');
INSERT INTO `wemall_user_role` VALUES ('32768', '106');
INSERT INTO `wemall_user_role` VALUES ('32769', '106');
INSERT INTO `wemall_user_role` VALUES ('32770', '106');
INSERT INTO `wemall_user_role` VALUES ('32771', '106');
INSERT INTO `wemall_user_role` VALUES ('32772', '106');
INSERT INTO `wemall_user_role` VALUES ('32773', '106');
INSERT INTO `wemall_user_role` VALUES ('32774', '106');
INSERT INTO `wemall_user_role` VALUES ('32775', '106');
INSERT INTO `wemall_user_role` VALUES ('32776', '106');
INSERT INTO `wemall_user_role` VALUES ('32777', '106');
INSERT INTO `wemall_user_role` VALUES ('32778', '106');
INSERT INTO `wemall_user_role` VALUES ('32779', '106');
INSERT INTO `wemall_user_role` VALUES ('32780', '106');
INSERT INTO `wemall_user_role` VALUES ('32781', '106');
INSERT INTO `wemall_user_role` VALUES ('32782', '106');
INSERT INTO `wemall_user_role` VALUES ('32783', '106');
INSERT INTO `wemall_user_role` VALUES ('32784', '106');
INSERT INTO `wemall_user_role` VALUES ('32785', '106');
INSERT INTO `wemall_user_role` VALUES ('32786', '106');
INSERT INTO `wemall_user_role` VALUES ('32787', '106');
INSERT INTO `wemall_user_role` VALUES ('32788', '106');
INSERT INTO `wemall_user_role` VALUES ('32789', '106');
INSERT INTO `wemall_user_role` VALUES ('32790', '106');
INSERT INTO `wemall_user_role` VALUES ('32791', '106');
INSERT INTO `wemall_user_role` VALUES ('1', '107');
INSERT INTO `wemall_user_role` VALUES ('32768', '107');
INSERT INTO `wemall_user_role` VALUES ('32769', '107');
INSERT INTO `wemall_user_role` VALUES ('32770', '107');
INSERT INTO `wemall_user_role` VALUES ('32771', '107');
INSERT INTO `wemall_user_role` VALUES ('32772', '107');
INSERT INTO `wemall_user_role` VALUES ('32773', '107');
INSERT INTO `wemall_user_role` VALUES ('32774', '107');
INSERT INTO `wemall_user_role` VALUES ('32775', '107');
INSERT INTO `wemall_user_role` VALUES ('32776', '107');
INSERT INTO `wemall_user_role` VALUES ('32777', '107');
INSERT INTO `wemall_user_role` VALUES ('32778', '107');
INSERT INTO `wemall_user_role` VALUES ('32779', '107');
INSERT INTO `wemall_user_role` VALUES ('32780', '107');
INSERT INTO `wemall_user_role` VALUES ('32781', '107');
INSERT INTO `wemall_user_role` VALUES ('32782', '107');
INSERT INTO `wemall_user_role` VALUES ('32783', '107');
INSERT INTO `wemall_user_role` VALUES ('32784', '107');
INSERT INTO `wemall_user_role` VALUES ('32785', '107');
INSERT INTO `wemall_user_role` VALUES ('32786', '107');
INSERT INTO `wemall_user_role` VALUES ('32787', '107');
INSERT INTO `wemall_user_role` VALUES ('32788', '107');
INSERT INTO `wemall_user_role` VALUES ('32789', '107');
INSERT INTO `wemall_user_role` VALUES ('32790', '107');
INSERT INTO `wemall_user_role` VALUES ('32791', '107');
INSERT INTO `wemall_user_role` VALUES ('1', '108');
INSERT INTO `wemall_user_role` VALUES ('32768', '108');
INSERT INTO `wemall_user_role` VALUES ('32769', '108');
INSERT INTO `wemall_user_role` VALUES ('32770', '108');
INSERT INTO `wemall_user_role` VALUES ('32771', '108');
INSERT INTO `wemall_user_role` VALUES ('32772', '108');
INSERT INTO `wemall_user_role` VALUES ('32773', '108');
INSERT INTO `wemall_user_role` VALUES ('32774', '108');
INSERT INTO `wemall_user_role` VALUES ('32775', '108');
INSERT INTO `wemall_user_role` VALUES ('32776', '108');
INSERT INTO `wemall_user_role` VALUES ('32777', '108');
INSERT INTO `wemall_user_role` VALUES ('32778', '108');
INSERT INTO `wemall_user_role` VALUES ('32779', '108');
INSERT INTO `wemall_user_role` VALUES ('32780', '108');
INSERT INTO `wemall_user_role` VALUES ('32781', '108');
INSERT INTO `wemall_user_role` VALUES ('32782', '108');
INSERT INTO `wemall_user_role` VALUES ('32783', '108');
INSERT INTO `wemall_user_role` VALUES ('32784', '108');
INSERT INTO `wemall_user_role` VALUES ('32785', '108');
INSERT INTO `wemall_user_role` VALUES ('32786', '108');
INSERT INTO `wemall_user_role` VALUES ('32787', '108');
INSERT INTO `wemall_user_role` VALUES ('32788', '108');
INSERT INTO `wemall_user_role` VALUES ('32789', '108');
INSERT INTO `wemall_user_role` VALUES ('32790', '108');
INSERT INTO `wemall_user_role` VALUES ('32791', '108');
INSERT INTO `wemall_user_role` VALUES ('1', '109');
INSERT INTO `wemall_user_role` VALUES ('32768', '109');
INSERT INTO `wemall_user_role` VALUES ('32769', '109');
INSERT INTO `wemall_user_role` VALUES ('32770', '109');
INSERT INTO `wemall_user_role` VALUES ('32771', '109');
INSERT INTO `wemall_user_role` VALUES ('32772', '109');
INSERT INTO `wemall_user_role` VALUES ('32773', '109');
INSERT INTO `wemall_user_role` VALUES ('32774', '109');
INSERT INTO `wemall_user_role` VALUES ('32775', '109');
INSERT INTO `wemall_user_role` VALUES ('32776', '109');
INSERT INTO `wemall_user_role` VALUES ('32777', '109');
INSERT INTO `wemall_user_role` VALUES ('32778', '109');
INSERT INTO `wemall_user_role` VALUES ('32779', '109');
INSERT INTO `wemall_user_role` VALUES ('32780', '109');
INSERT INTO `wemall_user_role` VALUES ('32781', '109');
INSERT INTO `wemall_user_role` VALUES ('32782', '109');
INSERT INTO `wemall_user_role` VALUES ('32783', '109');
INSERT INTO `wemall_user_role` VALUES ('32784', '109');
INSERT INTO `wemall_user_role` VALUES ('32785', '109');
INSERT INTO `wemall_user_role` VALUES ('32786', '109');
INSERT INTO `wemall_user_role` VALUES ('32787', '109');
INSERT INTO `wemall_user_role` VALUES ('32788', '109');
INSERT INTO `wemall_user_role` VALUES ('32789', '109');
INSERT INTO `wemall_user_role` VALUES ('32790', '109');
INSERT INTO `wemall_user_role` VALUES ('32791', '109');

-- ----------------------------
-- Table structure for wemall_visit
-- ----------------------------
DROP TABLE IF EXISTS `wemall_visit`;
CREATE TABLE `wemall_visit` (
  `id` bigint(20) NOT NULL AUTO_INCREMENT,
  `addTime` datetime DEFAULT NULL,
  `deleteStatus` bit(1) NOT NULL,
  `visitTime` datetime DEFAULT NULL,
  `homepage_id` bigint(20) DEFAULT NULL,
  `user_id` bigint(20) DEFAULT NULL,
  PRIMARY KEY (`id`),
  UNIQUE KEY `id` (`id`),
  KEY `FK1891039451589842` (`homepage_id`),
  KEY `FK189103941E208F02` (`user_id`),
  CONSTRAINT `FK189103941E208F02` FOREIGN KEY (`user_id`) REFERENCES `wemall_user` (`id`),
  CONSTRAINT `FK1891039451589842` FOREIGN KEY (`homepage_id`) REFERENCES `wemall_homepage` (`id`)
) ENGINE=InnoDB AUTO_INCREMENT=9 DEFAULT CHARSET=utf8;

-- ----------------------------
-- Records of wemall_visit
-- ----------------------------
INSERT INTO `wemall_visit` VALUES ('2', '2014-08-27 09:56:34', '\0', null, '4', '1');
INSERT INTO `wemall_visit` VALUES ('3', '2014-08-27 09:58:15', '\0', null, '5', '1');
INSERT INTO `wemall_visit` VALUES ('5', '2014-08-27 09:59:12', '\0', null, '6', '1');
INSERT INTO `wemall_visit` VALUES ('6', '2014-09-07 10:23:48', '\0', null, '7', '32768');
INSERT INTO `wemall_visit` VALUES ('7', '2014-10-28 18:02:38', '\0', null, '7', '1');
INSERT INTO `wemall_visit` VALUES ('8', '2014-10-29 14:54:16', '\0', null, '1', '32768');

-- ----------------------------
-- Table structure for wemall_vlog
-- ----------------------------
DROP TABLE IF EXISTS `wemall_vlog`;
CREATE TABLE `wemall_vlog` (
  `id` bigint(20) NOT NULL AUTO_INCREMENT,
  `addTime` datetime DEFAULT NULL,
  `deleteStatus` bit(1) NOT NULL,
  `begin_time` datetime DEFAULT NULL,
  `end_time` datetime DEFAULT NULL,
  `gold` int(11) NOT NULL,
  `store_id` bigint(20) DEFAULT NULL,
  PRIMARY KEY (`id`),
  UNIQUE KEY `id` (`id`),
  KEY `FK7D74B19F920D7683` (`store_id`),
  CONSTRAINT `FK7D74B19F920D7683` FOREIGN KEY (`store_id`) REFERENCES `wemall_store` (`id`)
) ENGINE=InnoDB AUTO_INCREMENT=5 DEFAULT CHARSET=utf8;

-- ----------------------------
-- Records of wemall_vlog
-- ----------------------------
INSERT INTO `wemall_vlog` VALUES ('1', '2014-11-12 15:51:53', '\0', '2014-11-12 15:51:53', '2014-12-12 10:51:35', '50', '1');
INSERT INTO `wemall_vlog` VALUES ('2', '2014-11-12 16:19:45', '\0', '2014-11-12 16:19:45', '2015-01-12 00:00:00', '50', '1');
INSERT INTO `wemall_vlog` VALUES ('3', '2015-02-28 19:28:15', '\0', '2015-02-28 19:28:15', '2015-02-12 00:00:00', '50', '1');
INSERT INTO `wemall_vlog` VALUES ('4', '2015-03-01 12:36:02', '\0', '2015-03-01 12:36:02', '2015-07-12 00:00:00', '250', '1');

-- ----------------------------
-- Table structure for wemall_vmenu
-- ----------------------------
DROP TABLE IF EXISTS `wemall_vmenu`;
CREATE TABLE `wemall_vmenu` (
  `id` bigint(20) NOT NULL AUTO_INCREMENT,
  `addTime` datetime DEFAULT NULL,
  `deleteStatus` bit(1) NOT NULL,
  `menu_key` varchar(255) DEFAULT NULL,
  `menu_name` varchar(255) DEFAULT NULL,
  `menu_type` varchar(255) DEFAULT NULL,
  `menu_url` varchar(255) DEFAULT NULL,
  `parent_id` bigint(20) DEFAULT NULL,
  `store_id` bigint(20) DEFAULT NULL,
  `menu_sequence` int(11) DEFAULT '0',
  `menu_key_content` longtext,
  `menu_cat` varchar(255) DEFAULT 'user',
  PRIMARY KEY (`id`),
  UNIQUE KEY `id` (`id`),
  KEY `FK3121D264AA91F874` (`parent_id`),
  KEY `FK3121D264920D7683` (`store_id`),
  CONSTRAINT `FK3121D264920D7683` FOREIGN KEY (`store_id`) REFERENCES `wemall_store` (`id`),
  CONSTRAINT `FK3121D264AA91F874` FOREIGN KEY (`parent_id`) REFERENCES `wemall_vmenu` (`id`)
) ENGINE=InnoDB AUTO_INCREMENT=15 DEFAULT CHARSET=utf8;

-- ----------------------------
-- Records of wemall_vmenu
-- ----------------------------
INSERT INTO `wemall_vmenu` VALUES ('2', null, '\0', '', 'ㄨ绮惧', 'view', '#', null, '1', '1', null, 'user');
INSERT INTO `wemall_vmenu` VALUES ('7', null, '\0', '', '涓ㄨ', 'view', '#', '2', '1', '0', null, 'user');
INSERT INTO `wemall_vmenu` VALUES ('8', null, '\0', '', '缇界绯诲', 'view', '#', '2', '1', '0', null, 'user');
INSERT INTO `wemall_vmenu` VALUES ('10', null, '\0', '', '棣椤', 'view', 'http://demo.shopping.com/weixin/index.htm?store_id=1', null, '1', '0', '', 'user');
INSERT INTO `wemall_vmenu` VALUES ('11', null, '\0', '', '棣椤', 'view', 'http://localhost/weixin/platform/index.htm', null, null, '0', '', 'admin');
INSERT INTO `wemall_vmenu` VALUES ('12', null, '\0', '', 'ㄨ板', 'view', 'http://localhost/weixin/platform/index.htm', null, null, '1', '', 'admin');
INSERT INTO `wemall_vmenu` VALUES ('13', null, '\0', '', '', 'view', 'http://localhost/weixin/platform/index.htm', null, null, '3', '', 'admin');
INSERT INTO `wemall_vmenu` VALUES ('14', null, '\0', 'ABOUT', '充浠', 'click', '', null, '1', '3', '娆㈣ュshopping寰淇″锛shopping澶ㄦ峰绯荤shopping告涓涓娆Java 澶峰绯荤锛缃澶ㄦ峰井淇″', null);

-- ----------------------------
-- Table structure for wemall_vmessage
-- ----------------------------
DROP TABLE IF EXISTS `wemall_vmessage`;
CREATE TABLE `wemall_vmessage` (
  `id` bigint(20) NOT NULL AUTO_INCREMENT,
  `addTime` datetime DEFAULT NULL,
  `deleteStatus` bit(1) NOT NULL,
  `content` longtext,
  `store_id` bigint(20) DEFAULT NULL,
  `FromUserName` varchar(255) DEFAULT NULL,
  `MsgType` varchar(255) DEFAULT NULL,
  `json_map` varchar(255) DEFAULT NULL,
  `reply` longtext,
  `status` int(11) DEFAULT '0',
  PRIMARY KEY (`id`),
  UNIQUE KEY `id` (`id`),
  KEY `FK8F2968E2920D7683` (`store_id`),
  CONSTRAINT `FK8F2968E2920D7683` FOREIGN KEY (`store_id`) REFERENCES `wemall_store` (`id`)
) ENGINE=InnoDB AUTO_INCREMENT=6 DEFAULT CHARSET=utf8;

-- ----------------------------
-- Records of wemall_vmessage
-- ----------------------------
INSERT INTO `wemall_vmessage` VALUES ('1', '2015-02-28 15:28:32', '\0', '', '1', 'oUpcuuAujM9urqOwXtq-bfllu8TM', null, '{\"MsgId\":\"5985348363844656969\",\"FromUserName\":\"oUpcuuAujM9urqOwXtq-bfllu8TM\",\"EventKey\":\"\",\"Event\":\"\",\"CreateTime\":\"1393572512\",\"Content\":\"\",\"ToUserName\":\"gh_bdc2187cfd3d\",\"MsgType\":\"text\"}', null, '0');
INSERT INTO `wemall_vmessage` VALUES ('2', '2015-03-01 12:35:38', '\0', '', '1', null, null, '{}', null, '0');
INSERT INTO `wemall_vmessage` VALUES ('3', '2015-03-01 18:34:37', '\0', '0', '1', 'oUpcuuHHm9bd4IXXPypzCKcAVKOg', null, '{\"MsgId\":\"5985767398033927371\",\"FromUserName\":\"oUpcuuHHm9bd4IXXPypzCKcAVKOg\",\"EventKey\":\"\",\"Event\":\"\",\"CreateTime\":\"1393670076\",\"Content\":\"0\",\"ToUserName\":\"gh_bdc2187cfd3d\",\"MsgType\":\"text\"}', null, '0');
INSERT INTO `wemall_vmessage` VALUES ('4', '2015-03-01 18:34:51', '\0', '1', '1', 'oUpcuuHHm9bd4IXXPypzCKcAVKOg', null, '{\"MsgId\":\"5985767458163469517\",\"FromUserName\":\"oUpcuuHHm9bd4IXXPypzCKcAVKOg\",\"EventKey\":\"\",\"Event\":\"\",\"CreateTime\":\"1393670090\",\"Content\":\"1\",\"ToUserName\":\"gh_bdc2187cfd3d\",\"MsgType\":\"text\"}', null, '0');
INSERT INTO `wemall_vmessage` VALUES ('5', '2015-03-02 21:36:13', '\0', '', '1', null, null, '{}', null, '0');

-- ----------------------------
-- Table structure for wemall_watermark
-- ----------------------------
DROP TABLE IF EXISTS `wemall_watermark`;
CREATE TABLE `wemall_watermark` (
  `id` bigint(20) NOT NULL AUTO_INCREMENT,
  `addTime` datetime DEFAULT NULL,
  `deleteStatus` bit(1) NOT NULL,
  `wm_image_alpha` float NOT NULL,
  `wm_image_open` bit(1) NOT NULL,
  `wm_image_pos` int(11) NOT NULL,
  `wm_text` varchar(255) DEFAULT NULL,
  `wm_text_color` varchar(255) DEFAULT NULL,
  `wm_text_font` varchar(255) DEFAULT NULL,
  `wm_text_font_size` int(11) NOT NULL,
  `wm_text_open` bit(1) NOT NULL,
  `wm_text_pos` int(11) NOT NULL,
  `store_id` bigint(20) DEFAULT NULL,
  `wm_image_id` bigint(20) DEFAULT NULL,
  PRIMARY KEY (`id`),
  KEY `FKA66FB24D85288CB2` (`wm_image_id`),
  KEY `FKA66FB24D1C0CA9F2` (`store_id`),
  CONSTRAINT `FKA66FB24D1C0CA9F2` FOREIGN KEY (`store_id`) REFERENCES `wemall_store` (`id`),
  CONSTRAINT `FKA66FB24D85288CB2` FOREIGN KEY (`wm_image_id`) REFERENCES `wemall_accessory` (`id`)
) ENGINE=InnoDB DEFAULT CHARSET=utf8;

-- ----------------------------
-- Records of wemall_watermark
-- ----------------------------

-- ----------------------------
-- Table structure for wemall_ztc_gold_log
-- ----------------------------
DROP TABLE IF EXISTS `wemall_ztc_gold_log`;
CREATE TABLE `wemall_ztc_gold_log` (
  `id` bigint(20) NOT NULL AUTO_INCREMENT,
  `addTime` datetime DEFAULT NULL,
  `deleteStatus` bit(1) NOT NULL,
  `zgl_content` varchar(255) DEFAULT NULL,
  `zgl_gold` int(11) NOT NULL,
  `zgl_type` int(11) NOT NULL,
  `zgl_goods_id` bigint(20) DEFAULT NULL,
  PRIMARY KEY (`id`),
  KEY `FK5A722B8C50A38BC3` (`zgl_goods_id`),
  CONSTRAINT `FK5A722B8C50A38BC3` FOREIGN KEY (`zgl_goods_id`) REFERENCES `wemall_goods` (`id`)
) ENGINE=InnoDB AUTO_INCREMENT=21 DEFAULT CHARSET=utf8;

-- ----------------------------
-- Records of wemall_ztc_gold_log
-- ----------------------------
INSERT INTO `wemall_ztc_gold_log` VALUES ('1', '2014-10-28 12:18:38', '\0', '寮撮杞锛娑甯', '3000', '1', '98442');
INSERT INTO `wemall_ztc_gold_log` VALUES ('2', '2014-10-28 12:18:43', '\0', '寮撮杞锛娑甯', '3000', '1', '98450');
INSERT INTO `wemall_ztc_gold_log` VALUES ('3', '2014-10-29 12:38:50', '\0', '撮杞娑甯', '300', '1', '98442');
INSERT INTO `wemall_ztc_gold_log` VALUES ('4', '2014-10-29 12:38:51', '\0', '撮杞娑甯', '300', '1', '98450');
INSERT INTO `wemall_ztc_gold_log` VALUES ('5', '2015-03-01 00:00:01', '\0', '撮杞娑甯', '300', '1', '98442');
INSERT INTO `wemall_ztc_gold_log` VALUES ('6', '2015-03-01 00:00:01', '\0', '撮杞娑甯', '300', '1', '98450');
INSERT INTO `wemall_ztc_gold_log` VALUES ('7', '2015-03-02 00:00:01', '\0', '撮杞娑甯', '300', '1', '98442');
INSERT INTO `wemall_ztc_gold_log` VALUES ('8', '2015-03-02 00:00:01', '\0', '撮杞娑甯', '300', '1', '98450');
INSERT INTO `wemall_ztc_gold_log` VALUES ('9', '2015-03-03 00:00:01', '\0', '撮杞娑甯', '300', '1', '98442');
INSERT INTO `wemall_ztc_gold_log` VALUES ('10', '2015-03-03 00:00:01', '\0', '撮杞娑甯', '300', '1', '98450');
INSERT INTO `wemall_ztc_gold_log` VALUES ('11', '2016-03-09 00:00:01', '\0', '撮杞娑甯', '300', '1', '98442');
INSERT INTO `wemall_ztc_gold_log` VALUES ('12', '2016-03-09 00:00:01', '\0', '撮杞娑甯', '300', '1', '98442');
INSERT INTO `wemall_ztc_gold_log` VALUES ('13', '2016-03-09 00:00:01', '\0', '撮杞娑甯', '300', '1', '98450');
INSERT INTO `wemall_ztc_gold_log` VALUES ('14', '2016-03-09 00:00:01', '\0', '撮杞娑甯', '300', '1', '98450');
INSERT INTO `wemall_ztc_gold_log` VALUES ('15', '2016-03-11 00:00:01', '\0', '撮杞娑甯', '300', '1', '98442');
INSERT INTO `wemall_ztc_gold_log` VALUES ('16', '2016-03-11 00:00:01', '\0', '撮杞娑甯', '300', '1', '98450');
INSERT INTO `wemall_ztc_gold_log` VALUES ('17', '2016-04-02 00:00:01', '\0', '撮杞娑甯', '300', '1', '98442');
INSERT INTO `wemall_ztc_gold_log` VALUES ('18', '2016-04-02 00:00:01', '\0', '撮杞娑甯', '300', '1', '98450');
INSERT INTO `wemall_ztc_gold_log` VALUES ('19', '2016-04-05 00:00:01', '\0', '撮杞娑甯', '300', '1', '98442');
INSERT INTO `wemall_ztc_gold_log` VALUES ('20', '2016-04-05 00:00:01', '\0', '撮杞娑甯', '300', '1', '98450');
